sample,n_nets,perfil,t_p1,t_p2,t_p3,total_t,n_attractors,n_pairs,n_fields
1,8,seq,0.240307,0.000320,0.016006,0.256633,30,52,256
1,8,par,0.111316,0.038060,0.259676,0.409051,30,52,256
1,8,weights,0.104933,0.043434,0.301887,0.450253,30,52,256
2,8,seq,0.227102,0.000214,0.000062,0.227378,15,1,0
2,8,par,0.122918,0.040860,0.043228,0.207006,15,1,0
2,8,weights,0.129130,0.040767,0.000431,0.170328,15,1,0
3,8,seq,0.298163,0.000211,0.000213,0.298587,15,13,1
3,8,par,0.125845,0.044740,0.221372,0.391957,15,13,1
3,8,weights,0.135135,0.041599,0.195538,0.372272,15,13,1
4,8,seq,0.196164,0.000243,0.000345,0.196752,23,21,2
4,8,par,0.114399,0.040911,0.223831,0.379141,23,21,2
4,8,weights,0.101922,0.036746,0.202510,0.341178,23,21,2
5,8,seq,0.353466,0.000203,0.061539,0.415208,30,52,256
5,8,par,0.149883,0.039950,0.259760,0.449593,30,52,256
5,8,weights,0.147020,0.048969,0.268370,0.464358,30,52,256
6,8,seq,0.197998,0.000153,0.000056,0.198207,15,6,0
6,8,par,0.078292,0.028405,0.026591,0.133288,15,6,0
6,8,weights,0.109608,0.043153,0.000379,0.153140,15,6,0
7,8,seq,0.238602,0.000419,0.000301,0.239321,15,12,0
7,8,par,0.118969,0.049418,0.166053,0.334440,15,12,0
7,8,weights,0.111796,0.042711,0.172797,0.327304,15,12,0
8,8,seq,0.295150,0.000208,0.013765,0.309123,30,52,256
8,8,par,0.081339,0.031729,0.293081,0.406149,30,52,256
8,8,weights,0.122325,0.043421,0.257185,0.422931,30,52,256
9,8,seq,0.190981,0.000203,0.003189,0.194374,23,30,36
9,8,par,0.123521,0.041735,0.256517,0.421773,23,30,36
9,8,weights,0.121450,0.045048,0.204654,0.371152,23,30,36
10,8,seq,0.284031,0.000416,0.014948,0.299396,30,52,256
10,8,par,0.138575,0.045058,0.262111,0.445745,30,52,256
10,8,weights,0.133770,0.042933,0.266372,0.443074,30,52,256
11,8,seq,0.195785,0.000246,0.000329,0.196360,22,27,1
11,8,par,0.094546,0.032683,0.209027,0.336255,22,27,1
11,8,weights,0.090403,0.048088,0.246578,0.385069,22,27,1
12,8,seq,0.221798,0.000299,0.009933,0.232030,30,48,144
12,8,par,0.109065,0.042555,0.244901,0.396521,30,48,144
12,8,weights,0.102265,0.041426,0.243982,0.387673,30,48,144
13,8,seq,0.183690,0.000401,0.000949,0.185040,31,34,10
13,8,par,0.078794,0.027089,0.246092,0.351974,31,34,10
13,8,weights,0.118545,0.042318,0.242925,0.403788,31,34,10
14,8,seq,0.171258,0.000290,0.000308,0.171857,22,27,1
14,8,par,0.176948,0.055873,0.252012,0.484833,22,27,1
14,8,weights,0.079735,0.031069,0.172424,0.283228,22,27,1
15,8,seq,0.207113,0.000273,0.000112,0.207499,15,2,0
15,8,par,0.108812,0.041250,0.039903,0.189966,15,2,0
15,8,weights,0.118838,0.039242,0.000760,0.158840,15,2,0
16,8,seq,0.225090,0.000271,0.000128,0.225489,15,8,0
16,8,par,0.103896,0.035591,0.038999,0.178486,15,8,0
16,8,weights,0.102274,0.044506,0.000257,0.147036,15,8,0
17,8,seq,0.258691,0.000246,0.005226,0.264164,30,48,96
17,8,par,0.089693,0.032574,0.177224,0.299491,30,48,96
17,8,weights,0.085779,0.041308,0.245337,0.372424,30,48,96
18,8,seq,0.315746,0.000216,0.000236,0.316199,15,13,1
18,8,par,0.128715,0.043856,0.247330,0.419901,15,13,1
18,8,weights,0.126129,0.044186,0.198178,0.368494,15,13,1
19,8,seq,0.260941,0.000425,0.000148,0.261514,15,3,0
19,8,par,0.132021,0.040528,0.043412,0.215961,15,3,0
19,8,weights,0.123666,0.047351,0.000218,0.171235,15,3,0
20,8,seq,0.243255,0.000357,0.001722,0.245333,31,34,10
20,8,par,0.105592,0.042421,0.261329,0.409342,31,34,10
20,8,weights,0.104847,0.041329,0.205407,0.351584,31,34,10
21,8,seq,0.288469,0.000206,0.000322,0.288997,23,22,2
21,8,par,0.134238,0.043064,0.232638,0.409941,23,22,2
21,8,weights,0.141300,0.034417,0.231481,0.407198,23,22,2
22,8,seq,0.415084,0.000214,0.009982,0.425280,30,48,144
22,8,par,0.193183,0.041088,0.240658,0.474930,30,48,144
22,8,weights,0.178818,0.043597,0.233371,0.455787,30,48,144
23,8,seq,0.281051,0.000229,0.012510,0.293790,30,52,256
23,8,par,0.123769,0.040698,0.250588,0.415055,30,52,256
23,8,weights,0.099437,0.032123,0.289347,0.420907,30,52,256
24,8,seq,0.207320,0.000322,0.013176,0.220818,30,52,256
24,8,par,0.098511,0.040836,0.261459,0.400806,30,52,256
24,8,weights,0.093489,0.040984,0.268636,0.403109,30,52,256
25,8,seq,0.213146,0.000202,0.117674,0.331022,38,80,1584
25,8,par,0.103416,0.043680,0.297917,0.445014,38,80,1584
25,8,weights,0.101867,0.043738,0.318001,0.463606,38,80,1584
26,8,seq,0.343942,0.000191,0.063115,0.407249,38,77,1143
26,8,par,0.134334,0.035434,0.210219,0.379987,38,77,1143
26,8,weights,0.111216,0.044657,0.283050,0.438923,38,77,1143
27,8,seq,0.280405,0.000303,0.000080,0.280788,23,8,0
27,8,par,0.091060,0.042492,0.039651,0.173203,23,8,0
27,8,weights,0.117313,0.046587,0.000522,0.164421,23,8,0
28,8,seq,0.316087,0.000311,0.000325,0.316723,15,13,1
28,8,par,0.094143,0.028241,0.173822,0.296206,15,13,1
28,8,weights,0.100202,0.048469,0.253582,0.402252,15,13,1
29,8,seq,0.344700,0.000190,0.000070,0.344960,23,2,0
29,8,par,0.145016,0.053929,0.045512,0.244457,23,2,0
29,8,weights,0.146044,0.041403,0.000277,0.187725,23,2,0
30,8,seq,0.228498,0.000319,0.000292,0.229110,15,13,1
30,8,par,0.121219,0.031209,0.198831,0.351259,15,13,1
30,8,weights,0.110552,0.053712,0.238499,0.402763,15,13,1
31,8,seq,0.309823,0.000464,0.015095,0.325381,30,52,256
31,8,par,0.132213,0.045645,0.265456,0.443313,30,52,256
31,8,weights,0.123104,0.036993,0.202994,0.363091,30,52,256
32,8,seq,0.210094,0.000213,0.000089,0.210397,15,2,0
32,8,par,0.108446,0.038763,0.044560,0.191769,15,2,0
32,8,weights,0.114583,0.050627,0.000241,0.165451,15,2,0
33,8,seq,0.355659,0.000224,0.014164,0.370047,30,52,256
33,8,par,0.147631,0.043011,0.247425,0.438067,30,52,256
33,8,weights,0.120465,0.032229,0.234691,0.387384,30,52,256
34,8,seq,0.245461,0.000235,0.000831,0.246528,23,27,9
34,8,par,0.103223,0.049290,0.238747,0.391260,23,27,9
34,8,weights,0.123494,0.065159,0.243865,0.432517,23,27,9
35,8,seq,0.255829,0.000470,0.000512,0.256810,15,7,0
35,8,par,0.112668,0.031473,0.150891,0.295032,15,7,0
35,8,weights,0.122714,0.043512,0.150350,0.316576,15,7,0
36,8,seq,0.213257,0.000260,0.015596,0.229113,30,52,256
36,8,par,0.102321,0.038321,0.237315,0.377957,30,52,256
36,8,weights,0.100804,0.040794,0.308540,0.450138,30,52,256
37,8,seq,0.193969,0.000187,0.000066,0.194222,15,3,0
37,8,par,0.097883,0.045203,0.036331,0.179417,15,3,0
37,8,weights,0.125442,0.038406,0.000161,0.164010,15,3,0
38,8,seq,0.347887,0.000368,0.014191,0.362445,30,52,256
38,8,par,0.145828,0.036609,0.237280,0.419717,30,52,256
38,8,weights,0.139426,0.041239,0.200194,0.380859,30,52,256
39,8,seq,0.222586,0.000228,0.000067,0.222881,15,6,0
39,8,par,0.117796,0.037825,0.037822,0.193442,15,6,0
39,8,weights,0.109822,0.039012,0.000633,0.149467,15,6,0
40,8,seq,0.232861,0.000231,0.000137,0.233229,15,7,0
40,8,par,0.100542,0.038282,0.044102,0.182926,15,7,0
40,8,weights,0.118072,0.040344,0.043403,0.201818,15,7,0
41,8,seq,0.236970,0.000205,0.000200,0.237375,15,13,1
41,8,par,0.088952,0.032266,0.183662,0.304880,15,13,1
41,8,weights,0.112548,0.039451,0.240497,0.392495,15,13,1
42,8,seq,0.248150,0.000289,0.000189,0.248628,15,8,0
42,8,par,0.123806,0.045784,0.040577,0.210167,15,8,0
42,8,weights,0.111522,0.044904,0.043831,0.200258,15,8,0
43,8,seq,0.236485,0.000243,0.000238,0.236967,15,13,1
43,8,par,0.088708,0.034294,0.169852,0.292854,15,13,1
43,8,weights,0.091736,0.042993,0.297096,0.431825,15,13,1
44,8,seq,0.329101,0.000300,0.005881,0.335282,23,35,108
44,8,par,0.123307,0.042929,0.273176,0.439412,23,35,108
44,8,weights,0.121152,0.041807,0.191459,0.354418,23,35,108
45,8,seq,0.179440,0.000565,0.000526,0.180531,22,27,1
45,8,par,0.106930,0.050603,0.254761,0.412294,22,27,1
45,8,weights,0.111546,0.041000,0.241150,0.393696,22,27,1
46,8,seq,0.422583,0.000243,0.000068,0.422894,23,1,0
46,8,par,0.139055,0.027851,0.027752,0.194658,23,1,0
46,8,weights,0.116899,0.031805,0.000169,0.148873,23,1,0
47,8,seq,0.206311,0.000282,0.000565,0.207158,15,13,1
47,8,par,0.115164,0.042948,0.252005,0.410118,15,13,1
47,8,weights,0.106213,0.043580,0.255953,0.405746,15,13,1
48,8,seq,0.282393,0.000237,0.015005,0.297634,30,52,256
48,8,par,0.104262,0.035673,0.184550,0.324485,30,52,256
48,8,weights,0.095505,0.040344,0.261448,0.397297,30,52,256
49,8,seq,0.209317,0.000309,0.013326,0.222952,30,52,256
49,8,par,0.172016,0.042408,0.261421,0.475845,30,52,256
49,8,weights,0.106679,0.044450,0.226619,0.377747,30,52,256
50,8,seq,0.195445,0.000155,0.000056,0.195657,15,6,0
50,8,par,0.107088,0.040393,0.042008,0.189490,15,6,0
50,8,weights,0.108444,0.043557,0.000939,0.152940,15,6,0
51,8,seq,0.278720,0.000177,0.000070,0.278966,15,6,0
51,8,par,0.144167,0.041348,0.044872,0.230386,15,6,0
51,8,weights,0.127666,0.040398,0.000183,0.168247,15,6,0
52,8,seq,0.197613,0.000212,0.012616,0.210441,30,52,256
52,8,par,0.104601,0.032805,0.194433,0.331839,30,52,256
52,8,weights,0.078286,0.037419,0.249667,0.365372,30,52,256
53,8,seq,0.207030,0.000373,0.000123,0.207526,15,2,0
53,8,par,0.108817,0.047934,0.037685,0.194435,15,2,0
53,8,weights,0.108454,0.046269,0.000207,0.154931,15,2,0
54,8,seq,0.324341,0.000216,0.000072,0.324628,15,2,0
54,8,par,0.140969,0.038413,0.033077,0.212459,15,2,0
54,8,weights,0.105796,0.031992,0.000159,0.137947,15,2,0
55,8,seq,0.154114,0.000362,0.000124,0.154600,15,2,0
55,8,par,0.103732,0.035464,0.035380,0.174576,15,2,0
55,8,weights,0.115313,0.045864,0.000212,0.161389,15,2,0
56,8,seq,0.445146,0.000184,0.000191,0.445521,15,13,1
56,8,par,0.196487,0.037484,0.228638,0.462609,15,13,1
56,8,weights,0.147064,0.034474,0.186332,0.367871,15,13,1
57,8,seq,0.191922,0.000210,0.000073,0.192205,15,4,0
57,8,par,0.103161,0.040954,0.041803,0.185918,15,4,0
57,8,weights,0.110046,0.069336,0.000240,0.179622,15,4,0
58,8,seq,0.228479,0.000270,0.000833,0.229583,23,27,9
58,8,par,0.098680,0.047166,0.221869,0.367715,23,27,9
58,8,weights,0.108873,0.046598,0.187404,0.342876,23,27,9
59,8,seq,0.209968,0.000210,0.000135,0.210313,15,11,0
59,8,par,0.104939,0.045949,0.119197,0.270085,15,11,0
59,8,weights,0.108140,0.039289,0.180104,0.327533,15,11,0
60,8,seq,0.229802,0.000235,0.000210,0.230246,15,12,0
60,8,par,0.096535,0.042120,0.229734,0.368389,15,12,0
60,8,weights,0.087818,0.032193,0.171813,0.291825,15,12,0
61,8,seq,0.414841,0.000220,0.000217,0.415278,15,11,0
61,8,par,0.157845,0.039314,0.235491,0.432649,15,11,0
61,8,weights,0.165060,0.039635,0.224746,0.429441,15,11,0
62,8,seq,0.187472,0.000265,0.000076,0.187814,15,2,0
62,8,par,0.088599,0.030439,0.034063,0.153101,15,2,0
62,8,weights,0.082181,0.028886,0.000247,0.111313,15,2,0
63,8,seq,0.218670,0.000165,0.002078,0.220913,23,31,41
63,8,par,0.100495,0.043812,0.248248,0.392555,23,31,41
63,8,weights,0.109207,0.047116,0.257485,0.413808,23,31,41
64,8,seq,0.200344,0.000345,0.000604,0.201294,23,23,4
64,8,par,0.101972,0.037695,0.171341,0.311008,23,23,4
64,8,weights,0.080099,0.034880,0.351200,0.466179,23,23,4
65,8,seq,0.202893,0.000161,0.000166,0.203221,15,13,1
65,8,par,0.101182,0.045669,0.241740,0.388591,15,13,1
65,8,weights,0.112731,0.043398,0.208179,0.364308,15,13,1
66,8,seq,0.188295,0.000196,0.000159,0.188650,15,8,1
66,8,par,0.076800,0.026888,0.207583,0.311271,15,8,1
66,8,weights,0.074371,0.028318,0.188805,0.291494,15,8,1
67,8,seq,0.169744,0.000173,0.013105,0.183022,30,52,256
67,8,par,0.082427,0.029568,0.236206,0.348201,30,52,256
67,8,weights,0.115602,0.046331,0.234728,0.396662,30,52,256
68,8,seq,0.334178,0.000193,0.000238,0.334609,15,9,1
68,8,par,0.110499,0.037348,0.178801,0.326648,15,9,1
68,8,weights,0.115672,0.032280,0.175151,0.323103,15,9,1
69,8,seq,0.261894,0.000198,0.014514,0.276606,30,52,256
69,8,par,0.105947,0.033663,0.215561,0.355171,30,52,256
69,8,weights,0.119831,0.031672,0.186343,0.337847,30,52,256
70,8,seq,0.397793,0.000239,0.000189,0.398221,15,11,0
70,8,par,0.229089,0.065016,0.185677,0.479781,15,11,0
70,8,weights,0.196517,0.049696,0.148774,0.394987,15,11,0
71,8,seq,0.286926,0.000165,0.000172,0.287263,15,13,1
71,8,par,0.096050,0.034806,0.227266,0.358123,15,13,1
71,8,weights,0.120850,0.050842,0.286413,0.458106,15,13,1
72,8,seq,0.310205,0.000227,0.000063,0.310494,15,4,0
72,8,par,0.112043,0.047258,0.038507,0.197808,15,4,0
72,8,weights,0.109946,0.044711,0.000488,0.155145,15,4,0
73,8,seq,0.172679,0.000230,0.000202,0.173111,15,13,1
73,8,par,0.087587,0.038011,0.239926,0.365524,15,13,1
73,8,weights,0.100071,0.037806,0.228484,0.366360,15,13,1
74,8,seq,0.352437,0.000286,0.000115,0.352837,15,6,0
74,8,par,0.143756,0.039138,0.040609,0.223503,15,6,0
74,8,weights,0.138227,0.039371,0.000196,0.177794,15,6,0
75,8,seq,0.135053,0.000330,0.002412,0.137795,23,29,29
75,8,par,0.059763,0.029546,0.196114,0.285423,23,29,29
75,8,weights,0.085563,0.039827,0.236123,0.361514,23,29,29
76,8,seq,0.239054,0.000402,0.008125,0.247581,23,37,144
76,8,par,0.117333,0.045128,0.326736,0.489198,23,37,144
76,8,weights,0.147601,0.038433,0.195530,0.381564,23,37,144
77,8,seq,0.259662,0.000570,0.119304,0.379537,38,83,2096
77,8,par,0.128605,0.042781,0.293988,0.465373,38,83,2096
77,8,weights,0.145907,0.065939,0.333350,0.545195,38,83,2096
78,8,seq,0.192526,0.000491,0.084879,0.277896,38,81,1664
78,8,par,0.109481,0.049399,0.281198,0.440078,38,81,1664
78,8,weights,0.110225,0.040559,0.276884,0.427668,38,81,1664
79,8,seq,0.232567,0.000204,0.014541,0.247311,30,52,256
79,8,par,0.116191,0.044487,0.210720,0.371398,30,52,256
79,8,weights,0.085893,0.038562,0.232002,0.356458,30,52,256
80,8,seq,0.220006,0.000247,0.000224,0.220477,15,13,1
80,8,par,0.113347,0.038617,0.229449,0.381413,15,13,1
80,8,weights,0.075930,0.031504,0.168260,0.275695,15,13,1
81,8,seq,0.204849,0.000182,0.000238,0.205270,23,16,2
81,8,par,0.094083,0.026190,0.191577,0.311850,23,16,2
81,8,weights,0.099942,0.040038,0.206067,0.346047,23,16,2
82,8,seq,0.210473,0.000326,0.013461,0.224261,30,52,256
82,8,par,0.084191,0.032273,0.222388,0.338853,30,52,256
82,8,weights,0.087834,0.034242,0.198314,0.320390,30,52,256
83,8,seq,0.185520,0.000209,0.012524,0.198253,30,52,256
83,8,par,0.078024,0.033050,0.196001,0.307076,30,52,256
83,8,weights,0.092237,0.034558,0.315558,0.442353,30,52,256
84,8,seq,0.254177,0.000238,0.002478,0.256893,23,32,50
84,8,par,0.084067,0.027666,0.182011,0.293745,23,32,50
84,8,weights,0.095172,0.032647,0.182573,0.310392,23,32,50
85,8,seq,0.151843,0.000258,0.006404,0.158505,23,36,144
85,8,par,0.088669,0.031450,0.196027,0.316145,23,36,144
85,8,weights,0.107713,0.032843,0.176860,0.317416,23,36,144
86,8,seq,0.162192,0.000158,0.000162,0.162511,15,13,1
86,8,par,0.077467,0.034410,0.176760,0.288637,15,13,1
86,8,weights,0.090358,0.031275,0.206471,0.328105,15,13,1
87,8,seq,0.157754,0.000222,0.000186,0.158162,15,13,1
87,8,par,0.141227,0.065760,0.249787,0.456774,15,13,1
87,8,weights,0.090928,0.035764,0.198909,0.325601,15,13,1
88,8,seq,0.376637,0.000218,0.003875,0.380730,23,34,72
88,8,par,0.131164,0.041302,0.195964,0.368430,23,34,72
88,8,weights,0.131296,0.044417,0.183195,0.358909,23,34,72
89,8,seq,0.197752,0.000234,0.000295,0.198281,15,13,1
89,8,par,0.088911,0.027367,0.171748,0.288026,15,13,1
89,8,weights,0.090507,0.040108,0.201085,0.331700,15,13,1
90,8,seq,0.225085,0.000171,0.013571,0.238826,30,52,256
90,8,par,0.086398,0.033457,0.207410,0.327265,30,52,256
90,8,weights,0.103188,0.037046,0.213964,0.354198,30,52,256
91,8,seq,0.262739,0.000253,0.003196,0.266188,23,33,72
91,8,par,0.103192,0.044612,0.193075,0.340880,23,33,72
91,8,weights,0.104874,0.032424,0.206451,0.343749,23,33,72
92,8,seq,0.251972,0.000290,0.000091,0.252353,15,1,0
92,8,par,0.092498,0.031367,0.034507,0.158373,15,1,0
92,8,weights,0.107962,0.037029,0.000148,0.145139,15,1,0
93,8,seq,0.313020,0.000291,0.003099,0.316411,23,30,36
93,8,par,0.134197,0.037164,0.192037,0.363398,23,30,36
93,8,weights,0.100075,0.038701,0.198587,0.337363,23,30,36
94,8,seq,0.218854,0.000192,0.121907,0.340953,38,84,2152
94,8,par,0.090310,0.027847,0.225596,0.343753,38,84,2152
94,8,weights,0.094349,0.029157,0.244397,0.367903,38,84,2152
95,8,seq,0.201859,0.000218,0.104019,0.306096,38,84,2251
95,8,par,0.085567,0.044092,0.246601,0.376259,38,84,2251
95,8,weights,0.081920,0.029620,0.275469,0.387009,38,84,2251
96,8,seq,0.172191,0.000222,0.003418,0.175831,23,33,60
96,8,par,0.076887,0.029797,0.197582,0.304267,23,33,60
96,8,weights,0.080483,0.037831,0.182880,0.301194,23,33,60
97,8,seq,0.167011,0.000366,0.058769,0.226147,31,65,1273
97,8,par,0.090356,0.060191,0.246996,0.397543,31,65,1273
97,8,weights,0.077433,0.030977,0.227393,0.335803,31,65,1273
98,8,seq,0.160386,0.000196,0.000074,0.160656,15,2,0
98,8,par,0.072554,0.030012,0.026272,0.128837,15,2,0
98,8,weights,0.070305,0.030100,0.000169,0.100574,15,2,0
99,8,seq,0.184679,0.000170,0.006548,0.191397,23,38,192
99,8,par,0.082418,0.033368,0.204239,0.320025,23,38,192
99,8,weights,0.069834,0.033014,0.198139,0.300986,23,38,192
100,8,seq,0.208472,0.000209,0.000223,0.208904,23,13,1
100,8,par,0.091625,0.035196,0.201130,0.327951,23,13,1
100,8,weights,0.079939,0.035397,0.205797,0.321133,23,13,1
101,8,seq,0.120588,0.000250,0.000093,0.120930,15,6,0
101,8,par,0.116695,0.036317,0.033738,0.186750,15,6,0
101,8,weights,0.079256,0.037439,0.000167,0.116862,15,6,0
102,8,seq,0.371131,0.000209,0.002149,0.373490,23,29,24
102,8,par,0.122630,0.032452,0.198348,0.353430,23,29,24
102,8,weights,0.115862,0.029625,0.189635,0.335122,23,29,24
103,8,seq,0.113012,0.000156,0.000163,0.113331,15,13,1
103,8,par,0.068340,0.030268,0.179783,0.278391,15,13,1
103,8,weights,0.071403,0.036684,0.181639,0.289726,15,13,1
104,8,seq,0.183321,0.000187,0.011888,0.195396,30,52,256
104,8,par,0.090129,0.029549,0.207419,0.327096,30,52,256
104,8,weights,0.130115,0.052970,0.200951,0.384037,30,52,256
105,8,seq,0.164964,0.000270,0.000293,0.165527,15,13,1
105,8,par,0.100632,0.042896,0.256969,0.400496,15,13,1
105,8,weights,0.098976,0.044990,0.254844,0.398810,15,13,1
106,8,seq,0.463343,0.000188,0.042881,0.506411,38,75,725
106,8,par,0.134002,0.028656,0.258229,0.420888,38,75,725
106,8,weights,0.177807,0.046375,0.278041,0.502223,38,75,725
107,8,seq,0.244335,0.000182,0.013743,0.258260,30,52,256
107,8,par,0.110808,0.046625,0.274419,0.431852,30,52,256
107,8,weights,0.097171,0.039824,0.255927,0.392923,30,52,256
108,8,seq,0.220502,0.000292,0.015065,0.235860,30,52,256
108,8,par,0.108764,0.041074,0.273494,0.423332,30,52,256
108,8,weights,0.110274,0.042679,0.261198,0.414151,30,52,256
109,8,seq,0.460016,0.000172,0.062258,0.522447,31,65,1273
109,8,par,0.174187,0.061191,0.291767,0.527145,31,65,1273
109,8,weights,0.185242,0.048403,0.296993,0.530638,31,65,1273
110,8,seq,0.336098,0.000156,0.000056,0.336311,15,6,0
110,8,par,0.113662,0.035001,0.029581,0.178245,15,6,0
110,8,weights,0.160216,0.071533,0.000241,0.231990,15,6,0
111,8,seq,0.395945,0.000170,0.000915,0.397030,31,34,10
111,8,par,0.150714,0.042657,0.256898,0.450269,31,34,10
111,8,weights,0.154157,0.045712,0.213816,0.413685,31,34,10
112,8,seq,0.136334,0.000430,0.000357,0.137121,15,13,1
112,8,par,0.091609,0.042999,0.245800,0.380407,15,13,1
112,8,weights,0.102053,0.043800,0.238743,0.384596,15,13,1
113,8,seq,0.485493,0.000185,0.000236,0.485914,23,19,2
113,8,par,0.163775,0.032801,0.201805,0.398381,23,19,2
113,8,weights,0.179074,0.039394,0.238362,0.456831,23,19,2
114,8,seq,0.369201,0.000328,0.000119,0.369648,23,3,0
114,8,par,0.166893,0.042014,0.039540,0.248447,23,3,0
114,8,weights,0.162075,0.045507,0.000199,0.207780,23,3,0
115,8,seq,0.158135,0.000236,0.000199,0.158570,15,13,1
115,8,par,0.065041,0.029157,0.209220,0.303418,15,13,1
115,8,weights,0.093567,0.041387,0.222316,0.357270,15,13,1
116,8,seq,0.214420,0.000191,0.052721,0.267332,30,52,256
116,8,par,0.098380,0.043286,0.252594,0.394260,30,52,256
116,8,weights,0.107080,0.044971,0.215928,0.367979,30,52,256
117,8,seq,0.209228,0.000216,0.000082,0.209526,15,9,0
117,8,par,0.105839,0.080686,0.068192,0.254717,15,9,0
117,8,weights,0.154148,0.046337,0.000320,0.200806,15,9,0
118,8,seq,0.210238,0.000184,0.000201,0.210624,15,13,1
118,8,par,0.130939,0.040502,0.264423,0.435864,15,13,1
118,8,weights,0.107374,0.040672,0.213953,0.361999,15,13,1
119,8,seq,0.176354,0.000161,0.000191,0.176706,15,13,1
119,8,par,0.106689,0.041523,0.247947,0.396159,15,13,1
119,8,weights,0.116478,0.039347,0.251799,0.407623,15,13,1
120,8,seq,0.318744,0.000529,0.017394,0.336667,30,52,256
120,8,par,0.145450,0.054188,0.272878,0.472515,30,52,256
120,8,weights,0.156449,0.054050,0.310710,0.521209,30,52,256
121,8,seq,0.366016,0.000212,0.000075,0.366303,15,6,0
121,8,par,0.185541,0.059836,0.043200,0.288576,15,6,0
121,8,weights,0.298531,0.072010,0.000409,0.370949,15,6,0
122,8,seq,0.213944,0.000285,0.000320,0.214549,15,13,1
122,8,par,0.108748,0.049011,0.280886,0.438645,15,13,1
122,8,weights,0.125388,0.045102,0.243663,0.414154,15,13,1
123,8,seq,0.169436,0.000252,0.000257,0.169945,15,13,1
123,8,par,0.083631,0.033367,0.184767,0.301765,15,13,1
123,8,weights,0.069284,0.034886,0.177844,0.282013,15,13,1
124,8,seq,0.174483,0.000214,0.000188,0.174885,15,13,1
124,8,par,0.070713,0.033461,0.283364,0.387537,15,13,1
124,8,weights,0.097934,0.046248,0.285969,0.430150,15,13,1
125,8,seq,0.244143,0.000186,0.015596,0.259924,30,52,256
125,8,par,0.120364,0.043581,0.262056,0.426002,30,52,256
125,8,weights,0.123577,0.053068,0.207865,0.384510,30,52,256
126,8,seq,0.202599,0.000293,0.000082,0.202974,15,3,0
126,8,par,0.132984,0.043652,0.040037,0.216673,15,3,0
126,8,weights,0.114993,0.055516,0.000250,0.170758,15,3,0
127,8,seq,0.491817,0.000197,0.000122,0.492136,22,25,0
127,8,par,0.143647,0.042993,0.050510,0.237150,22,25,0
127,8,weights,0.162149,0.034852,0.032183,0.229184,22,25,0
128,8,seq,0.243208,0.000178,0.015392,0.258777,30,52,256
128,8,par,0.123423,0.042560,0.256537,0.422520,30,52,256
128,8,weights,0.143954,0.042125,0.255221,0.441301,30,52,256
129,8,seq,0.374618,0.000379,0.000216,0.375212,23,13,0
129,8,par,0.131687,0.038358,0.027762,0.197807,23,13,0
129,8,weights,0.108122,0.029100,0.027620,0.164842,23,13,0
130,8,seq,0.226368,0.000393,0.003207,0.229968,31,43,25
130,8,par,0.106268,0.039755,0.227726,0.373750,31,43,25
130,8,weights,0.111498,0.045139,0.241505,0.398142,31,43,25
131,8,seq,0.328208,0.000281,0.000261,0.328750,15,13,1
131,8,par,0.121349,0.038028,0.225043,0.384420,15,13,1
131,8,weights,0.089320,0.037918,0.169642,0.296880,15,13,1
132,8,seq,0.163919,0.000229,0.004087,0.168234,23,34,96
132,8,par,0.081665,0.030010,0.178542,0.290218,23,34,96
132,8,weights,0.104432,0.038407,0.238117,0.380956,23,34,96
133,8,seq,0.146795,0.000175,0.000198,0.147169,15,13,1
133,8,par,0.091432,0.042585,0.227046,0.361063,15,13,1
133,8,weights,0.074446,0.041577,0.218502,0.334524,15,13,1
134,8,seq,0.216083,0.000312,0.000094,0.216489,23,8,0
134,8,par,0.083825,0.028280,0.029367,0.141473,23,8,0
134,8,weights,0.079601,0.031921,0.000356,0.111878,23,8,0
135,8,seq,0.181228,0.000163,0.000164,0.181555,15,13,1
135,8,par,0.100441,0.046879,0.231212,0.378532,15,13,1
135,8,weights,0.099115,0.036269,0.226581,0.361966,15,13,1
136,8,seq,0.200784,0.000278,0.000259,0.201321,15,13,1
136,8,par,0.104810,0.041715,0.204176,0.350700,15,13,1
136,8,weights,0.088445,0.031910,0.237475,0.357830,15,13,1
137,8,seq,0.152867,0.000261,0.002151,0.155279,23,31,43
137,8,par,0.085392,0.049643,0.239069,0.374104,23,31,43
137,8,weights,0.094440,0.046709,0.260756,0.401906,23,31,43
138,8,seq,0.228072,0.000238,0.000073,0.228384,15,2,0
138,8,par,0.103127,0.039024,0.037467,0.179618,15,2,0
138,8,weights,0.072344,0.029513,0.000160,0.102017,15,2,0
139,8,seq,0.224889,0.000179,0.016000,0.241068,30,52,256
139,8,par,0.124204,0.041722,0.272945,0.438872,30,52,256
139,8,weights,0.116768,0.045127,0.257639,0.419534,30,52,256
140,8,seq,0.203061,0.000178,0.000732,0.203972,23,27,9
140,8,par,0.110546,0.038361,0.175778,0.324685,23,27,9
140,8,weights,0.073246,0.042235,0.245259,0.360740,23,27,9
141,8,seq,0.223789,0.000212,0.000386,0.224387,23,19,1
141,8,par,0.095134,0.038319,0.260052,0.393506,23,19,1
141,8,weights,0.107626,0.046429,0.257130,0.411185,23,19,1
142,8,seq,0.252354,0.000212,0.012739,0.265305,30,52,256
142,8,par,0.143299,0.053012,0.278343,0.474653,30,52,256
142,8,weights,0.189484,0.039402,0.266303,0.495189,30,52,256
143,8,seq,0.182404,0.000171,0.001046,0.183620,31,34,10
143,8,par,0.077610,0.027932,0.218455,0.323997,31,34,10
143,8,weights,0.078505,0.027214,0.167997,0.273717,31,34,10
144,8,seq,0.282769,0.000278,0.003404,0.286451,30,46,72
144,8,par,0.104645,0.030228,0.189033,0.323907,30,46,72
144,8,weights,0.102165,0.030931,0.205254,0.338350,30,46,72
145,8,seq,0.325967,0.000276,0.000114,0.326358,15,0,0
145,8,par,0.127012,0.033628,0.033699,0.194339,15,0,0
145,8,weights,0.091922,0.031413,0.000196,0.123532,15,0,0
146,8,seq,0.205460,0.000267,0.000073,0.205800,15,3,0
146,8,par,0.095598,0.047861,0.038601,0.182060,15,3,0
146,8,weights,0.087363,0.030570,0.000171,0.118104,15,3,0
147,8,seq,0.310660,0.000255,0.000122,0.311037,15,1,0
147,8,par,0.139270,0.025766,0.033803,0.198839,15,1,0
147,8,weights,0.126100,0.031301,0.000268,0.157668,15,1,0
148,8,seq,0.181493,0.000222,0.106166,0.287882,38,83,2116
148,8,par,0.085646,0.037150,0.245078,0.367875,38,83,2116
148,8,weights,0.071351,0.028654,0.257048,0.357053,38,83,2116
149,8,seq,0.154807,0.000186,0.000057,0.155050,15,7,0
149,8,par,0.070901,0.031993,0.032496,0.135390,15,7,0
149,8,weights,0.071213,0.027605,0.000162,0.098980,15,7,0
150,8,seq,0.153758,0.000194,0.000696,0.154648,23,27,9
150,8,par,0.111083,0.050142,0.200553,0.361778,23,27,9
150,8,weights,0.066851,0.030976,0.200399,0.298226,23,27,9
151,8,seq,0.275567,0.000207,0.005450,0.281223,30,46,108
151,8,par,0.091620,0.033446,0.198666,0.323732,30,46,108
151,8,weights,0.106593,0.031250,0.180752,0.318595,30,46,108
152,8,seq,0.216332,0.000311,0.013031,0.229673,30,52,256
152,8,par,0.080508,0.028507,0.192196,0.301210,30,52,256
152,8,weights,0.085890,0.033635,0.190797,0.310322,30,52,256
153,8,seq,0.226369,0.000268,0.000165,0.226802,15,8,0
153,8,par,0.083276,0.031020,0.029242,0.143538,15,8,0
153,8,weights,0.095056,0.034813,0.033327,0.163196,15,8,0
154,8,seq,0.187480,0.000261,0.005048,0.192790,30,44,108
154,8,par,0.070111,0.029755,0.189367,0.289233,30,44,108
154,8,weights,0.080746,0.035170,0.192047,0.307963,30,44,108
155,8,seq,0.217255,0.000180,0.000057,0.217492,23,1,0
155,8,par,0.072143,0.027655,0.035414,0.135212,23,1,0
155,8,weights,0.094753,0.038523,0.000348,0.133624,23,1,0
156,8,seq,0.160642,0.000176,0.000187,0.161005,15,13,1
156,8,par,0.073290,0.034804,0.181996,0.290090,15,13,1
156,8,weights,0.080638,0.032269,0.188339,0.301246,15,13,1
157,8,seq,0.399366,0.000543,0.140478,0.540386,38,86,2584
157,8,par,0.190860,0.039394,0.367790,0.598043,38,86,2584
157,8,weights,0.128943,0.029893,0.246187,0.405023,38,86,2584
158,8,seq,0.140157,0.000159,0.000056,0.140372,15,2,0
158,8,par,0.068479,0.031135,0.030125,0.129740,15,2,0
158,8,weights,0.071593,0.038274,0.000222,0.110089,15,2,0
159,8,seq,0.189071,0.000228,0.118409,0.307707,38,84,2144
159,8,par,0.086666,0.028949,0.231093,0.346708,38,84,2144
159,8,weights,0.086890,0.034863,0.235181,0.356934,38,84,2144
160,8,seq,0.235418,0.000147,0.000158,0.235723,15,13,1
160,8,par,0.094635,0.030896,0.185378,0.310909,15,13,1
160,8,weights,0.092434,0.030347,0.195679,0.318460,15,13,1
161,8,seq,0.150736,0.000163,0.000067,0.150966,15,4,0
161,8,par,0.069967,0.029976,0.030680,0.130623,15,4,0
161,8,weights,0.067453,0.028258,0.000323,0.096035,15,4,0
162,8,seq,0.214494,0.000158,0.000073,0.214726,15,6,0
162,8,par,0.077534,0.030490,0.027501,0.135526,15,6,0
162,8,weights,0.087240,0.032930,0.000170,0.120341,15,6,0
163,8,seq,0.312492,0.000170,0.002077,0.314740,30,38,30
163,8,par,0.115928,0.027437,0.187094,0.330459,30,38,30
163,8,weights,0.100735,0.038073,0.202255,0.341063,30,38,30
164,8,seq,0.145410,0.000251,0.000115,0.145776,15,2,0
164,8,par,0.132030,0.046918,0.032224,0.211171,15,2,0
164,8,weights,0.150235,0.042608,0.000152,0.192995,15,2,0
165,8,seq,0.195207,0.000177,0.002875,0.198260,23,33,60
165,8,par,0.085664,0.030429,0.210337,0.326430,23,33,60
165,8,weights,0.083824,0.028271,0.181193,0.293287,23,33,60
166,8,seq,0.256157,0.000167,0.000187,0.256511,23,15,1
166,8,par,0.100005,0.032830,0.176814,0.309649,23,15,1
166,8,weights,0.096375,0.026920,0.182623,0.305917,23,15,1
167,8,seq,0.135153,0.000214,0.000241,0.135609,15,13,1
167,8,par,0.063493,0.030728,0.194827,0.289048,15,13,1
167,8,weights,0.064309,0.028197,0.185649,0.278155,15,13,1
168,8,seq,0.111546,0.000187,0.000162,0.111896,15,13,1
168,8,par,0.057083,0.045916,0.180088,0.283087,15,13,1
168,8,weights,0.065641,0.033889,0.167116,0.266646,15,13,1
169,8,seq,0.390948,0.000175,0.003783,0.394906,23,35,96
169,8,par,0.137541,0.033083,0.201504,0.372128,23,35,96
169,8,weights,0.137471,0.028027,0.207635,0.373134,23,35,96
170,8,seq,0.336959,0.000768,0.000086,0.337812,23,4,0
170,8,par,0.121145,0.035489,0.031735,0.188369,23,4,0
170,8,weights,0.111056,0.030750,0.000260,0.142065,23,4,0
171,8,seq,0.183908,0.000220,0.000316,0.184444,23,22,1
171,8,par,0.092187,0.049865,0.239586,0.381638,23,22,1
171,8,weights,0.078835,0.031082,0.172536,0.282454,23,22,1
172,8,seq,0.257163,0.000147,0.000064,0.257375,15,6,0
172,8,par,0.098949,0.030169,0.034309,0.163427,15,6,0
172,8,weights,0.102608,0.029600,0.000187,0.132395,15,6,0
173,8,seq,0.167478,0.000162,0.000059,0.167699,15,6,0
173,8,par,0.081083,0.034817,0.033605,0.149505,15,6,0
173,8,weights,0.072809,0.035623,0.000173,0.108605,15,6,0
174,8,seq,0.162810,0.000256,0.000226,0.163292,15,13,1
174,8,par,0.069679,0.033649,0.186211,0.289539,15,13,1
174,8,weights,0.077428,0.029693,0.187410,0.294530,15,13,1
175,8,seq,0.155203,0.000169,0.000059,0.155431,15,6,0
175,8,par,0.072563,0.030243,0.030243,0.133050,15,6,0
175,8,weights,0.074648,0.031454,0.000192,0.106294,15,6,0
176,8,seq,0.173944,0.000227,0.014784,0.188955,30,52,256
176,8,par,0.078650,0.025473,0.209172,0.313295,30,52,256
176,8,weights,0.077524,0.030525,0.202587,0.310636,30,52,256
177,8,seq,0.198127,0.000231,0.000161,0.198519,15,13,1
177,8,par,0.080631,0.040522,0.180535,0.301687,15,13,1
177,8,weights,0.079267,0.028517,0.199114,0.306898,15,13,1
178,8,seq,0.178330,0.000263,0.012517,0.191111,30,52,256
178,8,par,0.079544,0.034586,0.201300,0.315430,30,52,256
178,8,weights,0.081290,0.031253,0.268845,0.381388,30,52,256
179,8,seq,0.181931,0.000270,0.050722,0.232924,31,63,1169
179,8,par,0.075512,0.030923,0.231622,0.338058,31,63,1169
179,8,weights,0.082511,0.035240,0.221830,0.339582,31,63,1169
180,8,seq,0.180391,0.000214,0.105524,0.286129,38,84,2272
180,8,par,0.065183,0.031966,0.254585,0.351733,38,84,2272
180,8,weights,0.068507,0.028592,0.249580,0.346679,38,84,2272
181,8,seq,0.408215,0.000357,0.000524,0.409096,23,21,2
181,8,par,0.145291,0.035607,0.193140,0.374037,23,21,2
181,8,weights,0.119997,0.031081,0.181285,0.332363,23,21,2
182,8,seq,0.167742,0.000281,0.000092,0.168115,15,0,0
182,8,par,0.064161,0.029595,0.029779,0.123536,15,0,0
182,8,weights,0.070488,0.032218,0.000767,0.103473,15,0,0
183,8,seq,0.137646,0.000156,0.000059,0.137861,15,6,0
183,8,par,0.071339,0.034750,0.028920,0.135008,15,6,0
183,8,weights,0.077001,0.034309,0.000382,0.111692,15,6,0
184,8,seq,0.194113,0.000204,0.000084,0.194401,15,9,0
184,8,par,0.072404,0.031900,0.027594,0.131898,15,9,0
184,8,weights,0.076810,0.042926,0.000161,0.119896,15,9,0
185,8,seq,0.268933,0.000180,0.005182,0.274295,30,40,128
185,8,par,0.109850,0.033536,0.206542,0.349927,30,40,128
185,8,weights,0.098196,0.036216,0.228628,0.363040,30,40,128
186,8,seq,0.186862,0.000168,0.000191,0.187221,15,13,1
186,8,par,0.079297,0.026986,0.177454,0.283737,15,13,1
186,8,weights,0.069688,0.029490,0.265167,0.364344,15,13,1
187,8,seq,0.129238,0.000180,0.000260,0.129679,15,13,1
187,8,par,0.079569,0.030167,0.175369,0.285106,15,13,1
187,8,weights,0.064205,0.037908,0.184915,0.287028,15,13,1
188,8,seq,0.142450,0.000225,0.002468,0.145142,23,33,60
188,8,par,0.071672,0.032316,0.181849,0.285837,23,33,60
188,8,weights,0.079495,0.029933,0.180663,0.290091,23,33,60
189,8,seq,0.181139,0.000186,0.013929,0.195254,30,52,256
189,8,par,0.076893,0.031817,0.195568,0.304279,30,52,256
189,8,weights,0.093313,0.030014,0.198501,0.321828,30,52,256
190,8,seq,0.176099,0.000261,0.000089,0.176449,15,6,0
190,8,par,0.070853,0.028308,0.029001,0.128162,15,6,0
190,8,weights,0.078344,0.029443,0.000253,0.108040,15,6,0
191,8,seq,0.162969,0.000222,0.000228,0.163418,15,12,0
191,8,par,0.086120,0.032319,0.178617,0.297056,15,12,0
191,8,weights,0.084485,0.037261,0.171243,0.292989,15,12,0
192,8,seq,0.212241,0.000167,0.001352,0.213760,23,27,9
192,8,par,0.076290,0.029046,0.186578,0.291914,23,27,9
192,8,weights,0.094208,0.041472,0.184996,0.320677,23,27,9
193,8,seq,0.270244,0.000205,0.000077,0.270526,15,1,0
193,8,par,0.083335,0.030486,0.034801,0.148622,15,1,0
193,8,weights,0.100438,0.038408,0.000304,0.139151,15,1,0
194,8,seq,0.215314,0.000214,0.004535,0.220062,23,36,128
194,8,par,0.096576,0.031270,0.199710,0.327557,23,36,128
194,8,weights,0.099899,0.032379,0.190394,0.322672,23,36,128
195,8,seq,0.139166,0.000275,0.000265,0.139706,15,13,1
195,8,par,0.082916,0.030977,0.190996,0.304889,15,13,1
195,8,weights,0.069753,0.030379,0.158933,0.259064,15,13,1
196,8,seq,0.234600,0.000153,0.000054,0.234808,23,2,0
196,8,par,0.089576,0.031924,0.032317,0.153817,23,2,0
196,8,weights,0.122960,0.033658,0.000241,0.156858,23,2,0
197,8,seq,0.197893,0.000293,0.000205,0.198391,15,5,0
197,8,par,0.085134,0.034160,0.032150,0.151443,15,5,0
197,8,weights,0.080543,0.031639,0.031438,0.143620,15,5,0
198,8,seq,0.166332,0.000262,0.000087,0.166681,15,1,0
198,8,par,0.083044,0.033170,0.031706,0.147920,15,1,0
198,8,weights,0.068526,0.029737,0.000174,0.098438,15,1,0
199,8,seq,0.158883,0.000152,0.000067,0.159101,15,6,0
199,8,par,0.074897,0.032887,0.032154,0.139938,15,6,0
199,8,weights,0.080403,0.031116,0.000201,0.111720,15,6,0
200,8,seq,0.216247,0.000277,0.013104,0.229628,30,52,256
200,8,par,0.101514,0.034817,0.193548,0.329878,30,52,256
200,8,weights,0.147871,0.053378,0.195904,0.397153,30,52,256
201,8,seq,0.219630,0.000210,0.000183,0.220022,15,9,0
201,8,par,0.095517,0.030718,0.061471,0.187706,15,9,0
201,8,weights,0.100487,0.035981,0.058068,0.194536,15,9,0
202,8,seq,0.282194,0.000258,0.000175,0.282628,23,11,0
202,8,par,0.115590,0.028897,0.026929,0.171416,23,11,0
202,8,weights,0.097621,0.031616,0.031662,0.160899,23,11,0
203,8,seq,0.152292,0.000239,0.012594,0.165126,30,52,256
203,8,par,0.077167,0.027377,0.192297,0.296842,30,52,256
203,8,weights,0.073963,0.028324,0.195961,0.298248,30,52,256
204,8,seq,0.194901,0.000188,0.000194,0.195283,15,13,1
204,8,par,0.081287,0.029784,0.187941,0.299012,15,13,1
204,8,weights,0.092160,0.031936,0.173874,0.297971,15,13,1
205,8,seq,0.176200,0.000151,0.000256,0.176607,15,13,1
205,8,par,0.085593,0.033250,0.186048,0.304891,15,13,1
205,8,weights,0.083219,0.034231,0.179774,0.297224,15,13,1
206,8,seq,0.319215,0.000169,0.000166,0.319550,15,13,1
206,8,par,0.115250,0.039992,0.187385,0.342627,15,13,1
206,8,weights,0.110871,0.033422,0.199922,0.344215,15,13,1
207,8,seq,0.382247,0.000365,0.002349,0.384961,23,28,48
207,8,par,0.134183,0.033017,0.191211,0.358411,23,28,48
207,8,weights,0.260887,0.036743,0.190578,0.488209,23,28,48
208,8,seq,0.204070,0.000211,0.000081,0.204362,15,6,0
208,8,par,0.079546,0.029997,0.038770,0.148313,15,6,0
208,8,weights,0.092583,0.027471,0.000205,0.120259,15,6,0
209,8,seq,0.237120,0.000172,0.000069,0.237362,15,2,0
209,8,par,0.103449,0.033467,0.027423,0.164338,15,2,0
209,8,weights,0.098708,0.029414,0.000211,0.128332,15,2,0
210,8,seq,0.178495,0.000187,0.000185,0.178866,15,13,1
210,8,par,0.079191,0.031049,0.184368,0.294609,15,13,1
210,8,weights,0.088717,0.032631,0.172682,0.294030,15,13,1
211,8,seq,0.131939,0.000205,0.000090,0.132234,15,9,0
211,8,par,0.078454,0.031665,0.027673,0.137792,15,9,0
211,8,weights,0.073870,0.034890,0.000284,0.109043,15,9,0
212,8,seq,0.352449,0.000164,0.000138,0.352750,15,11,0
212,8,par,0.118047,0.029590,0.175700,0.323338,15,11,0
212,8,weights,0.134809,0.036553,0.155466,0.326828,15,11,0
213,8,seq,0.141923,0.000612,0.000201,0.142736,15,13,1
213,8,par,0.067057,0.029464,0.175771,0.272292,15,13,1
213,8,weights,0.070648,0.031308,0.187494,0.289450,15,13,1
214,8,seq,0.329405,0.000170,0.003145,0.332719,23,33,65
214,8,par,0.126967,0.043052,0.206943,0.376962,23,33,65
214,8,weights,0.111258,0.031116,0.193710,0.336083,23,33,65
215,8,seq,0.287412,0.000207,0.000283,0.287902,23,20,1
215,8,par,0.128618,0.037785,0.231221,0.397624,23,20,1
215,8,weights,0.127760,0.031112,0.185477,0.344349,23,20,1
216,8,seq,0.183523,0.000242,0.013050,0.196816,30,52,256
216,8,par,0.086182,0.030455,0.222759,0.339396,30,52,256
216,8,weights,0.119999,0.069845,0.236865,0.426708,30,52,256
217,8,seq,0.146479,0.000146,0.000053,0.146679,15,6,0
217,8,par,0.068476,0.030084,0.031464,0.130025,15,6,0
217,8,weights,0.094702,0.036105,0.000203,0.131011,15,6,0
218,8,seq,0.152057,0.000258,0.013175,0.165490,30,52,256
218,8,par,0.067668,0.037233,0.223493,0.328394,30,52,256
218,8,weights,0.083224,0.032565,0.197648,0.313436,30,52,256
219,8,seq,0.209495,0.000182,0.000125,0.209803,15,5,0
219,8,par,0.091701,0.038761,0.028372,0.158835,15,5,0
219,8,weights,0.097019,0.041221,0.035682,0.173922,15,5,0
220,8,seq,0.217907,0.000242,0.000172,0.218321,23,9,0
220,8,par,0.097065,0.032905,0.031593,0.161563,23,9,0
220,8,weights,0.087041,0.055489,0.044732,0.187262,23,9,0
221,8,seq,0.247387,0.000187,0.000180,0.247755,15,13,1
221,8,par,0.079701,0.037596,0.202413,0.319710,15,13,1
221,8,weights,0.100618,0.027129,0.190489,0.318236,15,13,1
222,8,seq,0.385156,0.000422,0.012158,0.397736,30,52,256
222,8,par,0.133451,0.032767,0.202302,0.368520,30,52,256
222,8,weights,0.142391,0.035707,0.201465,0.379563,30,52,256
223,8,seq,0.429609,0.000198,0.051754,0.481560,31,63,1177
223,8,par,0.147037,0.032723,0.231890,0.411651,31,63,1177
223,8,weights,0.154154,0.041028,0.237257,0.432439,31,63,1177
224,8,seq,0.168394,0.000234,0.000237,0.168866,15,13,1
224,8,par,0.084048,0.032059,0.196416,0.312524,15,13,1
224,8,weights,0.087160,0.032601,0.193625,0.313386,15,13,1
225,8,seq,0.220139,0.000212,0.128331,0.348682,38,84,2188
225,8,par,0.102634,0.031124,0.247582,0.381339,38,84,2188
225,8,weights,0.089735,0.030676,0.244576,0.364988,38,84,2188
226,8,seq,0.278656,0.000179,0.000074,0.278909,23,3,0
226,8,par,0.124129,0.033667,0.035054,0.192851,23,3,0
226,8,weights,0.119311,0.036262,0.000311,0.155884,23,3,0
227,8,seq,0.254047,0.000162,0.000915,0.255123,31,34,10
227,8,par,0.081779,0.041998,0.196903,0.320681,31,34,10
227,8,weights,0.086796,0.036897,0.196074,0.319767,31,34,10
228,8,seq,0.148442,0.000198,0.000214,0.148854,15,13,1
228,8,par,0.079938,0.032463,0.196377,0.308779,15,13,1
228,8,weights,0.092698,0.036691,0.182056,0.311445,15,13,1
229,8,seq,0.261295,0.000435,0.012060,0.273789,30,52,256
229,8,par,0.093424,0.033927,0.228167,0.355518,30,52,256
229,8,weights,0.149054,0.032745,0.191971,0.373770,30,52,256
230,8,seq,0.254483,0.000234,0.054195,0.308912,38,76,908
230,8,par,0.099779,0.033944,0.206901,0.340623,38,76,908
230,8,weights,0.088534,0.036170,0.221936,0.346639,38,76,908
231,8,seq,0.159677,0.000262,0.000322,0.160260,15,13,1
231,8,par,0.085709,0.034377,0.201888,0.321975,15,13,1
231,8,weights,0.068923,0.037572,0.182413,0.288907,15,13,1
232,8,seq,0.149094,0.000192,0.000071,0.149357,15,6,0
232,8,par,0.082738,0.038706,0.029271,0.150715,15,6,0
232,8,weights,0.080843,0.035727,0.000165,0.116735,15,6,0
233,8,seq,0.146109,0.000192,0.000217,0.146518,15,13,1
233,8,par,0.080156,0.035232,0.189729,0.305117,15,13,1
233,8,weights,0.094921,0.069465,0.210711,0.375097,15,13,1
234,8,seq,0.200179,0.000186,0.139431,0.339796,38,86,2584
234,8,par,0.088224,0.032955,0.302268,0.423447,38,86,2584
234,8,weights,0.097295,0.027141,0.258771,0.383207,38,86,2584
235,8,seq,0.170919,0.000172,0.003457,0.174548,31,42,45
235,8,par,0.080904,0.029118,0.185189,0.295211,31,42,45
235,8,weights,0.076463,0.035701,0.189725,0.301889,31,42,45
236,8,seq,0.213169,0.000233,0.000286,0.213687,23,13,1
236,8,par,0.091939,0.029899,0.179927,0.301765,23,13,1
236,8,weights,0.084602,0.036011,0.180014,0.300628,23,13,1
237,8,seq,0.223600,0.000214,0.000067,0.223881,15,6,0
237,8,par,0.082851,0.034860,0.027150,0.144860,15,6,0
237,8,weights,0.089286,0.028761,0.000278,0.118326,15,6,0
238,8,seq,0.313973,0.000159,0.000514,0.314646,23,24,6
238,8,par,0.100779,0.029900,0.187474,0.318153,23,24,6
238,8,weights,0.111075,0.035993,0.188725,0.335794,23,24,6
239,8,seq,0.148100,0.000169,0.000225,0.148495,15,13,1
239,8,par,0.066749,0.028437,0.192259,0.287445,15,13,1
239,8,weights,0.067765,0.031209,0.173870,0.272844,15,13,1
240,8,seq,0.150097,0.000276,0.000075,0.150447,15,6,0
240,8,par,0.073457,0.041352,0.033748,0.148557,15,6,0
240,8,weights,0.090055,0.071294,0.000343,0.161692,15,6,0
241,8,seq,0.193890,0.000167,0.012129,0.206186,30,52,256
241,8,par,0.068844,0.031580,0.198202,0.298626,30,52,256
241,8,weights,0.070487,0.030000,0.203350,0.303837,30,52,256
242,8,seq,0.155573,0.000208,0.000231,0.156012,15,13,1
242,8,par,0.080240,0.030362,0.178158,0.288761,15,13,1
242,8,weights,0.067367,0.030804,0.178127,0.276298,15,13,1
243,8,seq,0.412654,0.000187,0.000247,0.413088,23,17,2
243,8,par,0.160133,0.029971,0.197157,0.387262,23,17,2
243,8,weights,0.139750,0.036236,0.181728,0.357714,23,17,2
244,8,seq,0.170797,0.000227,0.000193,0.171217,15,13,1
244,8,par,0.068866,0.028604,0.169217,0.266687,15,13,1
244,8,weights,0.072773,0.036879,0.179034,0.288686,15,13,1
245,8,seq,0.173105,0.000253,0.000255,0.173613,15,8,1
245,8,par,0.074490,0.026083,0.177378,0.277951,15,8,1
245,8,weights,0.078204,0.040864,0.190694,0.309761,15,8,1
246,8,seq,0.254939,0.000152,0.000163,0.255254,15,13,1
246,8,par,0.102820,0.033133,0.182744,0.318696,15,13,1
246,8,weights,0.115545,0.037187,0.180284,0.333016,15,13,1
247,8,seq,0.197317,0.000155,0.000166,0.197638,15,13,1
247,8,par,0.089162,0.027305,0.178753,0.295220,15,13,1
247,8,weights,0.152604,0.050248,0.196981,0.399833,15,13,1
248,8,seq,0.194452,0.000172,0.000174,0.194798,23,13,1
248,8,par,0.081920,0.029444,0.189391,0.300756,23,13,1
248,8,weights,0.080044,0.029669,0.180195,0.289909,23,13,1
249,8,seq,0.293982,0.000235,0.092263,0.386481,38,82,1703
249,8,par,0.093572,0.030947,0.224248,0.348766,38,82,1703
249,8,weights,0.107705,0.032064,0.222530,0.362299,38,82,1703
250,8,seq,0.143726,0.000241,0.000238,0.144204,15,13,1
250,8,par,0.076676,0.034889,0.181814,0.293380,15,13,1
250,8,weights,0.071319,0.026211,0.181981,0.279511,15,13,1
251,8,seq,0.232220,0.000158,0.000055,0.232433,15,4,0
251,8,par,0.087965,0.034798,0.028416,0.151180,15,4,0
251,8,weights,0.089878,0.034596,0.000163,0.124637,15,4,0
252,8,seq,0.203561,0.000165,0.000058,0.203784,23,20,0
252,8,par,0.078966,0.027196,0.027550,0.133712,23,20,0
252,8,weights,0.087591,0.033920,0.000238,0.121749,23,20,0
253,8,seq,0.257201,0.000262,0.012506,0.269969,30,52,256
253,8,par,0.123891,0.028735,0.194360,0.346987,30,52,256
253,8,weights,0.109171,0.034903,0.218480,0.362554,30,52,256
254,8,seq,0.144730,0.000229,0.000212,0.145172,15,13,1
254,8,par,0.069949,0.027880,0.168774,0.266602,15,13,1
254,8,weights,0.072655,0.039190,0.231456,0.343301,15,13,1
255,8,seq,0.167720,0.000232,0.012466,0.180418,30,52,256
255,8,par,0.077402,0.030088,0.208701,0.316191,30,52,256
255,8,weights,0.087210,0.033893,0.192109,0.313213,30,52,256
256,8,seq,0.163432,0.000174,0.000179,0.163785,15,8,1
256,8,par,0.086595,0.029672,0.202305,0.318571,15,8,1
256,8,weights,0.075872,0.034204,0.209871,0.319947,15,8,1
257,8,seq,0.346430,0.000353,0.002962,0.349745,30,42,72
257,8,par,0.127255,0.039376,0.200192,0.366823,30,42,72
257,8,weights,0.226540,0.030886,0.195690,0.453115,30,42,72
258,8,seq,0.259533,0.000193,0.011793,0.271519,30,52,256
258,8,par,0.096782,0.031101,0.205409,0.333292,30,52,256
258,8,weights,0.121710,0.031505,0.216367,0.369582,30,52,256
259,8,seq,0.283606,0.000224,0.000226,0.284056,23,15,0
259,8,par,0.095727,0.033125,0.061800,0.190652,23,15,0
259,8,weights,0.104568,0.031441,0.064789,0.200798,23,15,0
260,8,seq,0.256104,0.000161,0.000692,0.256957,23,27,9
260,8,par,0.086704,0.033043,0.209127,0.328873,23,27,9
260,8,weights,0.099381,0.035865,0.197907,0.333153,23,27,9
261,8,seq,0.168339,0.000262,0.000083,0.168684,15,4,0
261,8,par,0.068604,0.030082,0.025356,0.124042,15,4,0
261,8,weights,0.143652,0.039225,0.000285,0.183162,15,4,0
262,8,seq,0.189840,0.000706,0.012403,0.202949,30,52,256
262,8,par,0.087455,0.032574,0.202501,0.322530,30,52,256
262,8,weights,0.072361,0.031848,0.211594,0.315802,30,52,256
263,8,seq,0.213653,0.000165,0.000850,0.214668,23,27,16
263,8,par,0.095068,0.029286,0.205483,0.329837,23,27,16
263,8,weights,0.088944,0.028431,0.202250,0.319624,23,27,16
264,8,seq,0.303789,0.000170,0.057987,0.361947,31,63,1157
264,8,par,0.138032,0.034268,0.211791,0.384092,31,63,1157
264,8,weights,0.126340,0.029910,0.222770,0.379020,31,63,1157
265,8,seq,0.359588,0.000168,0.002765,0.362521,23,33,72
265,8,par,0.138381,0.028498,0.188449,0.355327,23,33,72
265,8,weights,0.162271,0.038698,0.201076,0.402045,23,33,72
266,8,seq,0.195940,0.000185,0.042298,0.238423,30,50,192
266,8,par,0.083881,0.035210,0.207976,0.327068,30,50,192
266,8,weights,0.090491,0.035790,0.209913,0.336194,30,50,192
267,8,seq,0.201192,0.000232,0.000306,0.201730,23,22,2
267,8,par,0.084500,0.030780,0.197606,0.312886,23,22,2
267,8,weights,0.081804,0.063203,0.241911,0.386919,23,22,2
268,8,seq,0.198250,0.000255,0.012752,0.211257,30,52,256
268,8,par,0.090213,0.031274,0.197900,0.319387,30,52,256
268,8,weights,0.092063,0.033235,0.202755,0.328053,30,52,256
269,8,seq,0.231482,0.000180,0.001711,0.233373,22,32,44
269,8,par,0.093807,0.036242,0.201279,0.331327,22,32,44
269,8,weights,0.098357,0.037904,0.217018,0.353278,22,32,44
270,8,seq,0.174753,0.000287,0.000203,0.175243,15,10,0
270,8,par,0.088840,0.030032,0.028912,0.147783,15,10,0
270,8,weights,0.082072,0.027162,0.030041,0.139275,15,10,0
271,8,seq,0.187112,0.000165,0.000062,0.187340,15,2,0
271,8,par,0.079440,0.031827,0.032363,0.143629,15,2,0
271,8,weights,0.078606,0.028412,0.000224,0.107242,15,2,0
272,8,seq,0.168288,0.000159,0.000081,0.168527,15,3,0
272,8,par,0.070893,0.029708,0.034732,0.135333,15,3,0
272,8,weights,0.077056,0.027791,0.000192,0.105039,15,3,0
273,8,seq,0.168675,0.000191,0.000193,0.169060,15,13,1
273,8,par,0.068429,0.031896,0.166847,0.267173,15,13,1
273,8,weights,0.085038,0.035545,0.181520,0.302103,15,13,1
274,8,seq,0.150716,0.000231,0.000090,0.151036,15,3,0
274,8,par,0.084347,0.034196,0.029478,0.148021,15,3,0
274,8,weights,0.081215,0.036578,0.000193,0.117986,15,3,0
275,8,seq,0.152744,0.000232,0.000228,0.153204,15,13,1
275,8,par,0.081130,0.032263,0.210391,0.323784,15,13,1
275,8,weights,0.155652,0.039591,0.195527,0.390771,15,13,1
276,8,seq,0.187680,0.000172,0.000233,0.188085,23,17,2
276,8,par,0.092047,0.030859,0.194007,0.316913,23,17,2
276,8,weights,0.085716,0.044486,0.186949,0.317151,23,17,2
277,8,seq,0.140622,0.000228,0.012230,0.153079,30,52,256
277,8,par,0.065500,0.029588,0.208437,0.303525,30,52,256
277,8,weights,0.063037,0.030518,0.188921,0.282476,30,52,256
278,8,seq,0.284349,0.000199,0.000188,0.284736,15,13,1
278,8,par,0.105343,0.034144,0.178547,0.318034,15,13,1
278,8,weights,0.107799,0.034210,0.187302,0.329311,15,13,1
279,8,seq,0.229615,0.000189,0.060576,0.290380,38,78,1192
279,8,par,0.082471,0.026300,0.221092,0.329863,38,78,1192
279,8,weights,0.091102,0.031103,0.213031,0.335236,38,78,1192
280,8,seq,0.216474,0.000165,0.000074,0.216713,15,3,0
280,8,par,0.083725,0.037649,0.035495,0.156869,15,3,0
280,8,weights,0.100141,0.039875,0.000299,0.140315,15,3,0
281,8,seq,0.225823,0.000184,0.060990,0.286997,38,79,1216
281,8,par,0.100217,0.030928,0.215980,0.347124,38,79,1216
281,8,weights,0.102332,0.036474,0.219571,0.358377,38,79,1216
282,8,seq,0.230828,0.000263,0.007606,0.238697,23,34,108
282,8,par,0.148436,0.041954,0.193730,0.384120,23,34,108
282,8,weights,0.083434,0.026719,0.184723,0.294876,23,34,108
283,8,seq,0.173315,0.000216,0.000231,0.173762,15,13,1
283,8,par,0.070109,0.029934,0.213632,0.313675,15,13,1
283,8,weights,0.186091,0.073843,0.258412,0.518346,15,13,1
284,8,seq,0.220834,0.000404,0.000544,0.221782,22,29,1
284,8,par,0.124170,0.047260,0.244418,0.415847,22,29,1
284,8,weights,0.094489,0.035420,0.185798,0.315707,22,29,1
285,8,seq,0.176008,0.000262,0.000185,0.176455,15,13,1
285,8,par,0.077925,0.031793,0.182428,0.292146,15,13,1
285,8,weights,0.087495,0.029573,0.183895,0.300963,15,13,1
286,8,seq,0.226948,0.000229,0.079434,0.306611,38,80,1502
286,8,par,0.098774,0.031524,0.256949,0.387247,38,80,1502
286,8,weights,0.138986,0.038302,0.286517,0.463804,38,80,1502
287,8,seq,0.317452,0.000261,0.000216,0.317929,15,9,1
287,8,par,0.110943,0.031675,0.180581,0.323199,15,9,1
287,8,weights,0.114756,0.028737,0.199646,0.343139,15,9,1
288,8,seq,0.182524,0.000152,0.000054,0.182729,23,8,0
288,8,par,0.084510,0.033316,0.030595,0.148422,23,8,0
288,8,weights,0.084020,0.053571,0.000220,0.137811,23,8,0
289,8,seq,0.271661,0.000197,0.000242,0.272099,23,13,1
289,8,par,0.091005,0.030079,0.193491,0.314575,23,13,1
289,8,weights,0.112059,0.038540,0.200025,0.350623,23,13,1
290,8,seq,0.172252,0.000185,0.000069,0.172506,15,5,0
290,8,par,0.074760,0.036784,0.032089,0.143633,15,5,0
290,8,weights,0.089314,0.045506,0.000404,0.135223,15,5,0
291,8,seq,0.259021,0.000218,0.000202,0.259440,15,13,1
291,8,par,0.109398,0.034280,0.199867,0.343546,15,13,1
291,8,weights,0.099537,0.045651,0.206063,0.351251,15,13,1
292,8,seq,0.203685,0.000192,0.012018,0.215895,30,52,256
292,8,par,0.080112,0.037457,0.191206,0.308775,30,52,256
292,8,weights,0.089650,0.038770,0.202008,0.330428,30,52,256
293,8,seq,0.187422,0.000292,0.012209,0.199923,30,52,256
293,8,par,0.086239,0.038043,0.189975,0.314257,30,52,256
293,8,weights,0.074120,0.039659,0.218167,0.331945,30,52,256
294,8,seq,0.183434,0.000195,0.004152,0.187781,23,35,108
294,8,par,0.089950,0.034914,0.210634,0.335499,23,35,108
294,8,weights,0.082974,0.028166,0.210266,0.321406,23,35,108
295,8,seq,0.134366,0.000222,0.000242,0.134830,15,13,1
295,8,par,0.076507,0.038980,0.245252,0.360739,15,13,1
295,8,weights,0.067551,0.029779,0.191250,0.288580,15,13,1
296,8,seq,0.191584,0.000169,0.001201,0.192953,23,29,21
296,8,par,0.094887,0.029742,0.191246,0.315875,23,29,21
296,8,weights,0.089795,0.028132,0.194160,0.312087,23,29,21
297,8,seq,0.163967,0.000159,0.004105,0.168230,23,34,84
297,8,par,0.079526,0.033546,0.189229,0.302301,23,34,84
297,8,weights,0.074256,0.027217,0.195435,0.296909,23,34,84
298,8,seq,0.262365,0.000280,0.014313,0.276959,30,52,256
298,8,par,0.111715,0.029762,0.189515,0.330992,30,52,256
298,8,weights,0.108246,0.036390,0.186513,0.331150,30,52,256
299,8,seq,0.268383,0.000166,0.000220,0.268768,15,13,1
299,8,par,0.111205,0.030784,0.187459,0.329449,15,13,1
299,8,weights,0.098812,0.029206,0.189803,0.317821,15,13,1
300,8,seq,0.162680,0.000154,0.000114,0.162948,15,3,0
300,8,par,0.071081,0.028056,0.031799,0.130935,15,3,0
300,8,weights,0.073770,0.032969,0.040450,0.147190,15,3,0
301,8,seq,0.154969,0.000178,0.000164,0.155311,15,12,0
301,8,par,0.065747,0.029722,0.146577,0.242046,15,12,0
301,8,weights,0.075588,0.030952,0.150698,0.257238,15,12,0
302,8,seq,0.226218,0.000188,0.052699,0.279105,38,79,1075
302,8,par,0.087815,0.034328,0.359845,0.481988,38,79,1075
302,8,weights,0.087380,0.029173,0.251982,0.368535,38,79,1075
303,8,seq,0.187245,0.000270,0.003491,0.191007,30,44,72
303,8,par,0.081918,0.030017,0.193239,0.305174,30,44,72
303,8,weights,0.073524,0.030200,0.246721,0.350445,30,44,72
304,8,seq,0.191819,0.000188,0.000194,0.192200,15,13,1
304,8,par,0.074851,0.026233,0.170692,0.271776,15,13,1
304,8,weights,0.071599,0.033357,0.190241,0.295197,15,13,1
305,8,seq,0.237244,0.000154,0.000055,0.237453,15,3,0
305,8,par,0.092800,0.026306,0.032898,0.152004,15,3,0
305,8,weights,0.100487,0.040171,0.000389,0.141048,15,3,0
306,8,seq,0.307569,0.000215,0.002270,0.310054,23,31,37
306,8,par,0.126751,0.031217,0.186736,0.344704,23,31,37
306,8,weights,0.096498,0.026219,0.192691,0.315408,23,31,37
307,8,seq,0.339218,0.000265,0.012890,0.352373,30,52,256
307,8,par,0.133521,0.032307,0.188977,0.354804,30,52,256
307,8,weights,0.137667,0.038024,0.211473,0.387165,30,52,256
308,8,seq,0.223638,0.000161,0.000677,0.224477,23,27,9
308,8,par,0.086546,0.032345,0.192682,0.311573,23,27,9
308,8,weights,0.087754,0.032215,0.190941,0.310909,23,27,9
309,8,seq,0.370720,0.000213,0.012697,0.383630,30,52,256
309,8,par,0.137474,0.032652,0.195039,0.365165,30,52,256
309,8,weights,0.115688,0.029505,0.188226,0.333420,30,52,256
310,8,seq,0.249971,0.000158,0.000064,0.250194,15,0,0
310,8,par,0.090041,0.030246,0.028424,0.148711,15,0,0
310,8,weights,0.090382,0.028102,0.000268,0.118751,15,0,0
311,8,seq,0.193133,0.000319,0.000103,0.193555,23,4,0
311,8,par,0.074905,0.030108,0.027807,0.132820,23,4,0
311,8,weights,0.087455,0.027867,0.000403,0.115726,23,4,0
312,8,seq,0.171226,0.000185,0.000053,0.171463,23,1,0
312,8,par,0.084705,0.033363,0.031389,0.149457,23,1,0
312,8,weights,0.073256,0.035191,0.000183,0.108630,23,1,0
313,8,seq,0.193088,0.000221,0.009007,0.202317,30,50,192
313,8,par,0.074439,0.028156,0.194860,0.297456,30,50,192
313,8,weights,0.080983,0.032787,0.181368,0.295139,30,50,192
314,8,seq,0.200147,0.000195,0.069049,0.269392,38,79,1264
314,8,par,0.117462,0.032492,0.204112,0.354066,38,79,1264
314,8,weights,0.077575,0.028612,0.232028,0.338216,38,79,1264
315,8,seq,0.157224,0.000200,0.000088,0.157512,15,4,0
315,8,par,0.080523,0.035095,0.027450,0.143068,15,4,0
315,8,weights,0.074960,0.034967,0.000164,0.110091,15,4,0
316,8,seq,0.186840,0.000330,0.006045,0.193215,30,46,108
316,8,par,0.078235,0.032245,0.187482,0.297962,30,46,108
316,8,weights,0.081105,0.033612,0.189797,0.304514,30,46,108
317,8,seq,0.135760,0.000154,0.000158,0.136072,15,13,1
317,8,par,0.066357,0.035924,0.208490,0.310771,15,13,1
317,8,weights,0.070880,0.035405,0.190677,0.296962,15,13,1
318,8,seq,0.172584,0.000339,0.000474,0.173397,23,22,1
318,8,par,0.092236,0.046139,0.196455,0.334830,23,22,1
318,8,weights,0.073928,0.030035,0.181383,0.285345,23,22,1
319,8,seq,0.129026,0.000315,0.000215,0.129555,15,13,1
319,8,par,0.078121,0.030453,0.192438,0.301011,15,13,1
319,8,weights,0.069798,0.031659,0.196640,0.298097,15,13,1
320,8,seq,0.187337,0.000208,0.000230,0.187775,23,13,1
320,8,par,0.099205,0.050805,0.235796,0.385806,23,13,1
320,8,weights,0.078265,0.030426,0.190112,0.298804,23,13,1
321,8,seq,0.195986,0.000236,0.000132,0.196355,15,3,0
321,8,par,0.098822,0.041283,0.034963,0.175069,15,3,0
321,8,weights,0.084200,0.030040,0.000227,0.114467,15,3,0
322,8,seq,0.150438,0.000155,0.000055,0.150648,15,4,0
322,8,par,0.078290,0.036026,0.029924,0.144240,15,4,0
322,8,weights,0.067628,0.032135,0.000154,0.099917,15,4,0
323,8,seq,0.253143,0.000359,0.000103,0.253606,15,10,0
323,8,par,0.102392,0.040236,0.028291,0.170920,15,10,0
323,8,weights,0.100208,0.030862,0.000201,0.131272,15,10,0
324,8,seq,0.145118,0.000166,0.000163,0.145447,15,9,1
324,8,par,0.070338,0.031362,0.201262,0.302962,15,9,1
324,8,weights,0.070272,0.027392,0.185192,0.282856,15,9,1
325,8,seq,0.152224,0.000158,0.000216,0.152598,15,13,1
325,8,par,0.069208,0.034040,0.207599,0.310847,15,13,1
325,8,weights,0.081318,0.031989,0.173794,0.287101,15,13,1
326,8,seq,0.242838,0.000248,0.011424,0.254509,30,52,256
326,8,par,0.086175,0.028105,0.210992,0.325272,30,52,256
326,8,weights,0.093592,0.034009,0.202163,0.329765,30,52,256
327,8,seq,0.287956,0.000244,0.000083,0.288283,15,4,0
327,8,par,0.121790,0.032977,0.031505,0.186272,15,4,0
327,8,weights,0.109899,0.030377,0.000172,0.140448,15,4,0
328,8,seq,0.217984,0.000182,0.000202,0.218367,15,13,1
328,8,par,0.073953,0.040935,0.187945,0.302833,15,13,1
328,8,weights,0.071973,0.029575,0.174165,0.275714,15,13,1
329,8,seq,0.284714,0.000158,0.000204,0.285075,23,18,1
329,8,par,0.102557,0.032201,0.198962,0.333720,23,18,1
329,8,weights,0.104884,0.035818,0.182715,0.323417,23,18,1
330,8,seq,0.160376,0.000242,0.000203,0.160821,15,13,1
330,8,par,0.078471,0.030096,0.190835,0.299401,15,13,1
330,8,weights,0.074803,0.035071,0.173294,0.283168,15,13,1
331,8,seq,0.170635,0.000158,0.000165,0.170958,15,13,1
331,8,par,0.086657,0.043314,0.218691,0.348662,15,13,1
331,8,weights,0.108886,0.038480,0.265370,0.412736,15,13,1
332,8,seq,0.279479,0.000289,0.000095,0.279863,15,8,0
332,8,par,0.153233,0.048226,0.046350,0.247809,15,8,0
332,8,weights,0.148496,0.051795,0.000262,0.200553,15,8,0
333,8,seq,0.204026,0.000211,0.000217,0.204454,15,13,1
333,8,par,0.122746,0.041961,0.219473,0.384180,15,13,1
333,8,weights,0.074738,0.036454,0.208235,0.319426,15,13,1
334,8,seq,0.265397,0.000301,0.000202,0.265899,15,13,1
334,8,par,0.132608,0.044131,0.235386,0.412125,15,13,1
334,8,weights,0.174669,0.098710,0.362884,0.636262,15,13,1
335,8,seq,0.194133,0.000166,0.000170,0.194469,15,10,1
335,8,par,0.099087,0.037583,0.244231,0.380901,15,10,1
335,8,weights,0.128720,0.049480,0.294059,0.472260,15,10,1
336,8,seq,0.205277,0.000594,0.000298,0.206169,15,13,1
336,8,par,0.123548,0.049123,0.282712,0.455383,15,13,1
336,8,weights,0.095479,0.039316,0.374061,0.508856,15,13,1
337,8,seq,0.305341,0.000248,0.015156,0.320745,30,52,256
337,8,par,0.153372,0.051614,0.302251,0.507237,30,52,256
337,8,weights,0.144165,0.049175,0.271752,0.465092,30,52,256
338,8,seq,0.246772,0.000337,0.000287,0.247395,15,13,1
338,8,par,0.121253,0.060557,0.291343,0.473154,15,13,1
338,8,weights,0.177649,0.056151,0.293974,0.527774,15,13,1
339,8,seq,0.342906,0.000184,0.000072,0.343162,15,1,0
339,8,par,0.093363,0.038495,0.038070,0.169928,15,1,0
339,8,weights,0.154179,0.046201,0.000175,0.200556,15,1,0
340,8,seq,0.171417,0.000159,0.000101,0.171677,15,6,0
340,8,par,0.083857,0.033102,0.033921,0.150880,15,6,0
340,8,weights,0.074624,0.033220,0.000211,0.108054,15,6,0
341,8,seq,0.196282,0.000237,0.000411,0.196930,15,13,1
341,8,par,0.093435,0.032692,0.197452,0.323579,15,13,1
341,8,weights,0.075881,0.030641,0.140422,0.246944,15,13,1
342,8,seq,0.251391,0.000161,0.000056,0.251608,23,2,0
342,8,par,0.135686,0.047324,0.039592,0.222602,23,2,0
342,8,weights,0.169910,0.044457,0.000419,0.214786,23,2,0
343,8,seq,0.217000,0.000178,0.000159,0.217337,15,8,1
343,8,par,0.157621,0.045619,0.255643,0.458882,15,8,1
343,8,weights,0.090658,0.029924,0.150171,0.270753,15,8,1
344,8,seq,0.188320,0.000149,0.000156,0.188625,15,13,1
344,8,par,0.090000,0.031017,0.195037,0.316054,15,13,1
344,8,weights,0.097005,0.035456,0.192590,0.325051,15,13,1
345,8,seq,0.178981,0.000233,0.000211,0.179425,23,13,1
345,8,par,0.077875,0.030872,0.201326,0.310073,23,13,1
345,8,weights,0.113415,0.038989,0.153625,0.306030,23,13,1
346,8,seq,0.132499,0.000238,0.011279,0.144016,30,52,256
346,8,par,0.057566,0.026079,0.196869,0.280514,30,52,256
346,8,weights,0.096598,0.042804,0.266056,0.405459,30,52,256
347,8,seq,0.288957,0.000168,0.000054,0.289179,23,3,0
347,8,par,0.108792,0.035167,0.036431,0.180391,23,3,0
347,8,weights,0.106711,0.035615,0.000193,0.142519,23,3,0
348,8,seq,0.165764,0.000236,0.000302,0.166302,15,13,1
348,8,par,0.084058,0.025820,0.151871,0.261748,15,13,1
348,8,weights,0.073561,0.037279,0.207727,0.318568,15,13,1
349,8,seq,0.290091,0.000208,0.000169,0.290468,15,10,0
349,8,par,0.116752,0.034378,0.130862,0.281992,15,10,0
349,8,weights,0.116921,0.035937,0.128592,0.281451,15,10,0
350,8,seq,0.199507,0.000149,0.000157,0.199813,15,8,1
350,8,par,0.080145,0.022338,0.177349,0.279831,15,8,1
350,8,weights,0.113075,0.036759,0.191903,0.341736,15,8,1
351,8,seq,0.201171,0.000169,0.012343,0.213682,30,52,256
351,8,par,0.100012,0.044502,0.209145,0.353659,30,52,256
351,8,weights,0.092054,0.034729,0.201968,0.328751,30,52,256
352,8,seq,0.123712,0.000189,0.000067,0.123968,15,4,0
352,8,par,0.053650,0.024123,0.020890,0.098662,15,4,0
352,8,weights,0.060997,0.027241,0.000164,0.088402,15,4,0
353,8,seq,0.293624,0.000175,0.004291,0.298090,31,44,65
353,8,par,0.111347,0.034258,0.201356,0.346961,31,44,65
353,8,weights,0.107215,0.032334,0.205562,0.345112,31,44,65
354,8,seq,0.159705,0.000263,0.000219,0.160188,15,8,1
354,8,par,0.071758,0.032315,0.171562,0.275635,15,8,1
354,8,weights,0.060991,0.025904,0.146910,0.233805,15,8,1
355,8,seq,0.149316,0.000353,0.002882,0.152552,30,44,24
355,8,par,0.143244,0.034546,0.185106,0.362896,30,44,24
355,8,weights,0.075569,0.030397,0.194470,0.300436,30,44,24
356,8,seq,0.204027,0.000209,0.002773,0.207009,22,36,80
356,8,par,0.084770,0.029757,0.198622,0.313149,22,36,80
356,8,weights,0.081530,0.023464,0.142559,0.247553,22,36,80
357,8,seq,0.202309,0.000466,0.000132,0.202907,15,1,0
357,8,par,0.109807,0.032243,0.032877,0.174927,15,1,0
357,8,weights,0.076572,0.034105,0.000264,0.110942,15,1,0
358,8,seq,0.259153,0.000178,0.108426,0.367756,38,84,2144
358,8,par,0.093232,0.030290,0.263645,0.387167,38,84,2144
358,8,weights,0.096044,0.031218,0.238546,0.365808,38,84,2144
359,8,seq,0.187530,0.000161,0.000674,0.188366,23,27,9
359,8,par,0.071512,0.031061,0.145875,0.248448,23,27,9
359,8,weights,0.070448,0.023680,0.144234,0.238361,23,27,9
360,8,seq,0.222662,0.000188,0.063272,0.286122,38,79,1359
360,8,par,0.083239,0.026207,0.180542,0.289988,38,79,1359
360,8,weights,0.094855,0.022789,0.186556,0.304200,38,79,1359
361,8,seq,0.171779,0.000254,0.071674,0.243707,31,65,1277
361,8,par,0.059656,0.023677,0.174567,0.257900,31,65,1277
361,8,weights,0.063624,0.023243,0.184040,0.270907,31,65,1277
362,8,seq,0.123976,0.000175,0.000269,0.124420,23,17,2
362,8,par,0.053971,0.024422,0.155125,0.233518,23,17,2
362,8,weights,0.054410,0.023927,0.154858,0.233195,23,17,2
363,8,seq,0.225083,0.000343,0.016056,0.241482,30,52,256
363,8,par,0.113221,0.038744,0.154133,0.306098,30,52,256
363,8,weights,0.063111,0.024310,0.156966,0.244388,30,52,256
364,8,seq,0.171859,0.000170,0.000063,0.172092,15,4,0
364,8,par,0.067950,0.022582,0.022232,0.112764,15,4,0
364,8,weights,0.069109,0.025954,0.000185,0.095249,15,4,0
365,8,seq,0.136745,0.000232,0.011953,0.148929,30,52,256
365,8,par,0.060891,0.026069,0.161394,0.248355,30,52,256
365,8,weights,0.059133,0.023147,0.152941,0.235221,30,52,256
366,8,seq,0.309900,0.000182,0.000186,0.310268,15,13,1
366,8,par,0.101333,0.023068,0.137618,0.262019,15,13,1
366,8,weights,0.106287,0.026865,0.139064,0.272216,15,13,1
367,8,seq,0.225153,0.000251,0.001209,0.226613,23,27,9
367,8,par,0.101275,0.023685,0.168843,0.293803,23,27,9
367,8,weights,0.084442,0.024672,0.141164,0.250278,23,27,9
368,8,seq,0.145001,0.000169,0.000272,0.145441,15,13,1
368,8,par,0.056818,0.022082,0.140445,0.219345,15,13,1
368,8,weights,0.056976,0.022803,0.137492,0.217271,15,13,1
369,8,seq,0.132266,0.000148,0.000054,0.132467,15,5,0
369,8,par,0.061029,0.023095,0.024355,0.108479,15,5,0
369,8,weights,0.062268,0.024265,0.000279,0.086813,15,5,0
370,8,seq,0.276927,0.000198,0.000067,0.277192,15,3,0
370,8,par,0.096359,0.023716,0.061388,0.181463,15,3,0
370,8,weights,0.127350,0.025949,0.000195,0.153495,15,3,0
371,8,seq,0.132774,0.000175,0.002074,0.135023,22,33,42
371,8,par,0.057784,0.024297,0.146123,0.228204,22,33,42
371,8,weights,0.057838,0.022384,0.143618,0.223840,22,33,42
372,8,seq,0.147800,0.000204,0.001713,0.149717,22,32,36
372,8,par,0.063060,0.030391,0.144298,0.237749,22,32,36
372,8,weights,0.059851,0.021607,0.145480,0.226938,22,32,36
373,8,seq,0.250368,0.000165,0.000105,0.250639,23,11,0
373,8,par,0.080876,0.024736,0.024804,0.130416,23,11,0
373,8,weights,0.111367,0.024161,0.023183,0.158710,23,11,0
374,8,seq,0.265058,0.000243,0.056534,0.321835,38,79,1076
374,8,par,0.097673,0.025753,0.225942,0.349367,38,79,1076
374,8,weights,0.127023,0.025422,0.188733,0.341177,38,79,1076
375,8,seq,0.214503,0.000225,0.012915,0.227642,30,52,256
375,8,par,0.069764,0.022626,0.157250,0.249640,30,52,256
375,8,weights,0.065464,0.023517,0.157215,0.246197,30,52,256
376,8,seq,0.176966,0.000194,0.000151,0.177310,15,2,0
376,8,par,0.065256,0.023422,0.021115,0.109793,15,2,0
376,8,weights,0.070845,0.024865,0.000244,0.095953,15,2,0
377,8,seq,0.156916,0.000192,0.003647,0.160756,30,46,80
377,8,par,0.062049,0.027671,0.148152,0.237872,30,46,80
377,8,weights,0.058778,0.026351,0.190716,0.275845,30,46,80
378,8,seq,0.144889,0.000193,0.000079,0.145161,15,6,0
378,8,par,0.066766,0.022715,0.021263,0.110743,15,6,0
378,8,weights,0.060088,0.022942,0.000187,0.083216,15,6,0
379,8,seq,0.294162,0.000205,0.113805,0.408171,38,86,2584
379,8,par,0.112557,0.024945,0.224634,0.362136,38,86,2584
379,8,weights,0.124036,0.024169,0.219697,0.367902,38,86,2584
380,8,seq,0.259670,0.000221,0.000093,0.259984,15,6,0
380,8,par,0.104173,0.041658,0.037040,0.182872,15,6,0
380,8,weights,0.106808,0.028809,0.000208,0.135826,15,6,0
381,8,seq,0.161561,0.000215,0.001802,0.163578,22,32,37
381,8,par,0.079739,0.032601,0.235358,0.347698,22,32,37
381,8,weights,0.071408,0.032308,0.188600,0.292316,22,32,37
382,8,seq,0.151926,0.000256,0.000087,0.152269,15,4,0
382,8,par,0.077383,0.028283,0.025014,0.130680,15,4,0
382,8,weights,0.067182,0.032737,0.000161,0.100080,15,4,0
383,8,seq,0.213841,0.000158,0.000193,0.214192,15,13,1
383,8,par,0.090846,0.039276,0.185931,0.316053,15,13,1
383,8,weights,0.072606,0.033724,0.219613,0.325943,15,13,1
384,8,seq,0.126267,0.000227,0.000094,0.126589,15,9,0
384,8,par,0.060312,0.024071,0.022148,0.106531,15,9,0
384,8,weights,0.060718,0.029155,0.000154,0.090027,15,9,0
385,8,seq,0.145664,0.000152,0.000160,0.145976,15,13,1
385,8,par,0.057424,0.025749,0.173430,0.256603,15,13,1
385,8,weights,0.095943,0.023719,0.145122,0.264784,15,13,1
386,8,seq,0.292355,0.000308,0.172930,0.465593,38,83,2096
386,8,par,0.129084,0.037619,0.222582,0.389286,38,83,2096
386,8,weights,0.083145,0.026288,0.193726,0.303160,38,83,2096
387,8,seq,0.229757,0.000278,0.000172,0.230207,15,3,0
387,8,par,0.082825,0.033739,0.027220,0.143784,15,3,0
387,8,weights,0.060776,0.027209,0.026458,0.114443,15,3,0
388,8,seq,0.253646,0.000235,0.000076,0.253957,15,10,0
388,8,par,0.107887,0.029669,0.031457,0.169014,15,10,0
388,8,weights,0.105074,0.034537,0.000224,0.139835,15,10,0
389,8,seq,0.177116,0.000192,0.000162,0.177469,15,13,1
389,8,par,0.081010,0.033063,0.197544,0.311616,15,13,1
389,8,weights,0.075474,0.030603,0.145680,0.251757,15,13,1
390,8,seq,0.115028,0.000159,0.000064,0.115251,15,6,0
390,8,par,0.061467,0.027621,0.025281,0.114369,15,6,0
390,8,weights,0.064815,0.023883,0.000190,0.088888,15,6,0
391,8,seq,0.146285,0.000254,0.011660,0.158199,30,52,256
391,8,par,0.058970,0.027761,0.150981,0.237712,30,52,256
391,8,weights,0.066609,0.025230,0.152714,0.244554,30,52,256
392,8,seq,0.233024,0.000152,0.000095,0.233271,15,5,0
392,8,par,0.081789,0.023247,0.023171,0.128208,15,5,0
392,8,weights,0.084850,0.023049,0.024589,0.132487,15,5,0
393,8,seq,0.140994,0.000166,0.000176,0.141337,15,13,1
393,8,par,0.141382,0.027836,0.141211,0.310428,15,13,1
393,8,weights,0.063789,0.023047,0.140430,0.227266,15,13,1
394,8,seq,0.222547,0.000160,0.000072,0.222780,15,2,0
394,8,par,0.093211,0.027402,0.026175,0.146788,15,2,0
394,8,weights,0.181409,0.026688,0.000197,0.208294,15,2,0
395,8,seq,0.128202,0.000198,0.000188,0.128588,15,13,1
395,8,par,0.054203,0.023224,0.140501,0.217928,15,13,1
395,8,weights,0.059077,0.031092,0.169499,0.259669,15,13,1
396,8,seq,0.142450,0.000179,0.000141,0.142771,15,12,0
396,8,par,0.059497,0.025040,0.051201,0.135738,15,12,0
396,8,weights,0.060145,0.023341,0.047130,0.130616,15,12,0
397,8,seq,0.246285,0.000196,0.000702,0.247183,23,27,9
397,8,par,0.087106,0.023249,0.142371,0.252727,23,27,9
397,8,weights,0.092646,0.022299,0.145377,0.260322,23,27,9
398,8,seq,0.137751,0.000180,0.011294,0.149226,30,52,256
398,8,par,0.055450,0.023244,0.149609,0.228303,30,52,256
398,8,weights,0.067131,0.026305,0.149446,0.242883,30,52,256
399,8,seq,0.134720,0.000174,0.002948,0.137841,23,34,80
399,8,par,0.056647,0.024630,0.145745,0.227023,23,34,80
399,8,weights,0.058361,0.024974,0.139194,0.222530,23,34,80
400,8,seq,0.283472,0.000181,0.011334,0.294987,30,52,256
400,8,par,0.090171,0.041938,0.189353,0.321462,30,52,256
400,8,weights,0.104819,0.025273,0.159665,0.289757,30,52,256
401,8,seq,0.117476,0.000277,0.011458,0.129211,30,52,256
401,8,par,0.056015,0.021689,0.144170,0.221875,30,52,256
401,8,weights,0.054580,0.023210,0.149399,0.227190,30,52,256
402,8,seq,0.245586,0.000190,0.075020,0.320796,38,81,1516
402,8,par,0.084685,0.023167,0.177467,0.285320,38,81,1516
402,8,weights,0.102083,0.030930,0.280010,0.413023,38,81,1516
403,8,seq,0.211591,0.000194,0.064324,0.276109,38,78,1156
403,8,par,0.071956,0.023248,0.234886,0.330091,38,78,1156
403,8,weights,0.066283,0.023112,0.165648,0.255043,38,78,1156
404,8,seq,0.341296,0.000159,0.000224,0.341679,23,16,2
404,8,par,0.117084,0.024711,0.137414,0.279209,23,16,2
404,8,weights,0.127708,0.025115,0.150655,0.303478,23,16,2
405,8,seq,0.372277,0.000345,0.000401,0.373023,23,16,2
405,8,par,0.115033,0.025074,0.209706,0.349812,23,16,2
405,8,weights,0.191098,0.039277,0.232571,0.462946,23,16,2
406,8,seq,0.156618,0.000197,0.007208,0.164023,30,48,144
406,8,par,0.066536,0.038297,0.178711,0.283544,30,48,144
406,8,weights,0.063615,0.040426,0.225367,0.329409,30,48,144
407,8,seq,0.125044,0.000264,0.001009,0.126317,23,27,9
407,8,par,0.055237,0.023639,0.146489,0.225365,23,27,9
407,8,weights,0.055229,0.023557,0.179407,0.258194,23,27,9
408,8,seq,0.170163,0.000215,0.000230,0.170608,15,13,1
408,8,par,0.062500,0.028047,0.146227,0.236774,15,13,1
408,8,weights,0.077274,0.024443,0.152690,0.254407,15,13,1
409,8,seq,0.161111,0.000222,0.000067,0.161399,15,2,0
409,8,par,0.072173,0.025344,0.022756,0.120274,15,2,0
409,8,weights,0.062715,0.025358,0.000151,0.088224,15,2,0
410,8,seq,0.227596,0.000176,0.000194,0.227966,15,13,1
410,8,par,0.076752,0.023097,0.149065,0.248915,15,13,1
410,8,weights,0.084752,0.024411,0.141744,0.250907,15,13,1
411,8,seq,0.135508,0.000185,0.000271,0.135963,22,29,1
411,8,par,0.062900,0.028311,0.138597,0.229809,22,29,1
411,8,weights,0.057823,0.026252,0.140924,0.224999,22,29,1
412,8,seq,0.228474,0.000151,0.000159,0.228783,15,13,1
412,8,par,0.095632,0.029139,0.137023,0.261794,15,13,1
412,8,weights,0.081803,0.025209,0.155220,0.262232,15,13,1
413,8,seq,0.161620,0.000205,0.000058,0.161882,15,2,0
413,8,par,0.063977,0.027474,0.022847,0.114299,15,2,0
413,8,weights,0.060519,0.024659,0.000169,0.085347,15,2,0
414,8,seq,0.226931,0.000239,0.000084,0.227254,15,6,0
414,8,par,0.135022,0.021997,0.022496,0.179515,15,6,0
414,8,weights,0.112659,0.025707,0.000152,0.138518,15,6,0
415,8,seq,0.146929,0.000206,0.000094,0.147229,22,24,0
415,8,par,0.060694,0.028147,0.024443,0.113284,22,24,0
415,8,weights,0.065324,0.025813,0.000156,0.091293,22,24,0
416,8,seq,0.140014,0.000204,0.004836,0.145055,23,36,128
416,8,par,0.061809,0.026939,0.152256,0.241004,23,36,128
416,8,weights,0.064682,0.028172,0.151482,0.244335,23,36,128
417,8,seq,0.176036,0.000159,0.002772,0.178967,23,33,66
417,8,par,0.066342,0.024576,0.155165,0.246083,23,33,66
417,8,weights,0.069063,0.027803,0.146010,0.242876,23,33,66
418,8,seq,0.318022,0.000157,0.002263,0.320442,23,32,49
418,8,par,0.119373,0.027777,0.151189,0.298339,23,32,49
418,8,weights,0.113857,0.025892,0.147979,0.287728,23,32,49
419,8,seq,0.166457,0.000168,0.011808,0.178432,30,52,256
419,8,par,0.072576,0.022642,0.145159,0.240377,30,52,256
419,8,weights,0.064672,0.021786,0.153711,0.240169,30,52,256
420,8,seq,0.161393,0.000147,0.000055,0.161595,15,4,0
420,8,par,0.063936,0.026427,0.029452,0.119814,15,4,0
420,8,weights,0.062219,0.023027,0.000202,0.085449,15,4,0
421,8,seq,0.163700,0.000164,0.000061,0.163925,15,6,0
421,8,par,0.061270,0.026323,0.025556,0.113149,15,6,0
421,8,weights,0.067616,0.027613,0.000191,0.095420,15,6,0
422,8,seq,0.236194,0.000181,0.000072,0.236447,15,2,0
422,8,par,0.085622,0.024187,0.027685,0.137494,15,2,0
422,8,weights,0.156790,0.038987,0.000163,0.195941,15,2,0
423,8,seq,0.148137,0.000147,0.000050,0.148333,23,2,0
423,8,par,0.059631,0.023856,0.023859,0.107346,23,2,0
423,8,weights,0.059111,0.027612,0.000191,0.086913,23,2,0
424,8,seq,0.124188,0.000156,0.000053,0.124397,15,2,0
424,8,par,0.058523,0.025138,0.022497,0.106158,15,2,0
424,8,weights,0.069018,0.025072,0.000153,0.094242,15,2,0
425,8,seq,0.227062,0.000205,0.005964,0.233232,30,46,120
425,8,par,0.083245,0.023707,0.151552,0.258505,30,46,120
425,8,weights,0.091344,0.027545,0.154216,0.273106,30,46,120
426,8,seq,0.130365,0.000231,0.000092,0.130688,15,1,0
426,8,par,0.056548,0.026249,0.024580,0.107377,15,1,0
426,8,weights,0.058404,0.026071,0.000173,0.084648,15,1,0
427,8,seq,0.182482,0.000153,0.000053,0.182688,15,6,0
427,8,par,0.075649,0.025380,0.022915,0.123944,15,6,0
427,8,weights,0.070598,0.030286,0.000366,0.101250,15,6,0
428,8,seq,0.124596,0.000199,0.000225,0.125021,15,13,1
428,8,par,0.060850,0.025619,0.145104,0.231573,15,13,1
428,8,weights,0.054576,0.023787,0.154471,0.232835,15,13,1
429,8,seq,0.105947,0.000149,0.000158,0.106254,15,13,1
429,8,par,0.058752,0.026792,0.140993,0.226536,15,13,1
429,8,weights,0.051002,0.024142,0.149881,0.225025,15,13,1
430,8,seq,0.113789,0.000166,0.000175,0.114130,15,13,1
430,8,par,0.054373,0.024892,0.150079,0.229345,15,13,1
430,8,weights,0.060795,0.023387,0.141746,0.225927,15,13,1
431,8,seq,0.250192,0.000203,0.005963,0.256359,23,36,144
431,8,par,0.075148,0.024091,0.145574,0.244814,23,36,144
431,8,weights,0.075320,0.022442,0.149295,0.247056,23,36,144
432,8,seq,0.132290,0.000178,0.000080,0.132548,15,2,0
432,8,par,0.057655,0.023376,0.023604,0.104635,15,2,0
432,8,weights,0.055998,0.023601,0.000162,0.079761,15,2,0
433,8,seq,0.111549,0.000163,0.000160,0.111872,15,13,1
433,8,par,0.056081,0.029025,0.148286,0.233392,15,13,1
433,8,weights,0.051952,0.025285,0.145396,0.222632,15,13,1
434,8,seq,0.206256,0.000339,0.013294,0.219889,30,52,256
434,8,par,0.102576,0.034880,0.173424,0.310880,30,52,256
434,8,weights,0.081048,0.026907,0.148258,0.256213,30,52,256
435,8,seq,0.234687,0.000170,0.000116,0.234973,23,9,0
435,8,par,0.092070,0.046440,0.060499,0.199010,23,9,0
435,8,weights,0.159680,0.039701,0.041617,0.240998,23,9,0
436,8,seq,0.265231,0.000252,0.000080,0.265564,15,4,0
436,8,par,0.103316,0.039855,0.046087,0.189258,15,4,0
436,8,weights,0.184503,0.042848,0.000202,0.227553,15,4,0
437,8,seq,0.317851,0.000146,0.000053,0.318051,15,1,0
437,8,par,0.130118,0.043289,0.037119,0.210525,15,1,0
437,8,weights,0.143267,0.030929,0.000272,0.174467,15,1,0
438,8,seq,0.339338,0.000255,0.000081,0.339674,15,2,0
438,8,par,0.222923,0.046084,0.039983,0.308990,15,2,0
438,8,weights,0.122480,0.041975,0.000218,0.164673,15,2,0
439,8,seq,0.325336,0.000170,0.000223,0.325729,22,26,1
439,8,par,0.093840,0.029524,0.189039,0.312403,22,26,1
439,8,weights,0.108070,0.030550,0.199949,0.338570,22,26,1
440,8,seq,0.239987,0.000198,0.000104,0.240290,15,6,0
440,8,par,0.103523,0.033895,0.030379,0.167796,15,6,0
440,8,weights,0.095043,0.030132,0.000217,0.125393,15,6,0
441,8,seq,0.170243,0.000216,0.000248,0.170706,23,17,2
441,8,par,0.086030,0.029380,0.179937,0.295347,23,17,2
441,8,weights,0.075015,0.033012,0.200589,0.308617,23,17,2
442,8,seq,0.133750,0.000170,0.000193,0.134113,15,13,1
442,8,par,0.076449,0.041680,0.176076,0.294205,15,13,1
442,8,weights,0.064427,0.030834,0.188621,0.283882,15,13,1
443,8,seq,0.178359,0.000216,0.001008,0.179584,31,34,10
443,8,par,0.074129,0.034950,0.183555,0.292635,31,34,10
443,8,weights,0.076146,0.031407,0.192707,0.300259,31,34,10
444,8,seq,0.204760,0.000232,0.119962,0.324953,38,85,2419
444,8,par,0.095467,0.040841,0.290861,0.427169,38,85,2419
444,8,weights,0.078497,0.032334,0.245204,0.356035,38,85,2419
445,8,seq,0.276759,0.000278,0.020155,0.297192,30,52,256
445,8,par,0.206341,0.038863,0.191034,0.436238,30,52,256
445,8,weights,0.110882,0.033947,0.198108,0.342937,30,52,256
446,8,seq,0.244031,0.000337,0.087611,0.331979,38,79,1296
446,8,par,0.089280,0.041919,0.350546,0.481745,38,79,1296
446,8,weights,0.088136,0.032946,0.346735,0.467817,38,79,1296
447,8,seq,0.181728,0.000924,0.000340,0.182992,15,13,1
447,8,par,0.114170,0.038496,0.181627,0.334293,15,13,1
447,8,weights,0.082748,0.033901,0.181310,0.297960,15,13,1
448,8,seq,0.308076,0.000172,0.000166,0.308414,15,9,1
448,8,par,0.106004,0.029151,0.192652,0.327807,15,9,1
448,8,weights,0.135928,0.030157,0.219239,0.385324,15,9,1
449,8,seq,0.366402,0.000185,0.000257,0.366844,23,16,2
449,8,par,0.137416,0.036033,0.196571,0.370020,23,16,2
449,8,weights,0.135054,0.032999,0.191757,0.359810,23,16,2
450,8,seq,0.180795,0.000224,0.000096,0.181116,15,6,0
450,8,par,0.075641,0.029503,0.030766,0.135910,15,6,0
450,8,weights,0.087516,0.035934,0.000249,0.123699,15,6,0
451,8,seq,0.284871,0.000176,0.000908,0.285956,31,34,10
451,8,par,0.189903,0.038029,0.215395,0.443327,31,34,10
451,8,weights,0.208008,0.049430,0.182315,0.439753,31,34,10
452,8,seq,0.193640,0.000323,0.193513,0.387476,46,110,3584
452,8,par,0.093488,0.035095,0.301173,0.429756,46,110,3584
452,8,weights,0.094414,0.036625,0.301226,0.432265,46,110,3584
453,8,seq,0.179924,0.000235,0.000088,0.180247,15,2,0
453,8,par,0.074854,0.037389,0.037488,0.149731,15,2,0
453,8,weights,0.077145,0.036026,0.000176,0.113347,15,2,0
454,8,seq,0.231651,0.000233,0.000089,0.231972,15,6,0
454,8,par,0.086960,0.032933,0.033027,0.152919,15,6,0
454,8,weights,0.090151,0.026817,0.000155,0.117122,15,6,0
455,8,seq,0.322920,0.000289,0.009141,0.332351,30,50,192
455,8,par,0.115286,0.029235,0.195165,0.339686,30,50,192
455,8,weights,0.128792,0.041003,0.228975,0.398770,30,50,192
456,8,seq,0.365757,0.000227,0.008582,0.374565,30,46,120
456,8,par,0.126928,0.032838,0.196096,0.355862,30,46,120
456,8,weights,0.137201,0.031479,0.194058,0.362738,30,46,120
457,8,seq,0.198089,0.000234,0.013183,0.211505,30,52,256
457,8,par,0.091242,0.043187,0.217538,0.351967,30,52,256
457,8,weights,0.101426,0.039104,0.203554,0.344085,30,52,256
458,8,seq,0.325887,0.000251,0.000103,0.326241,15,6,0
458,8,par,0.265265,0.063721,0.084509,0.413495,15,6,0
458,8,weights,0.203954,0.053880,0.000202,0.258035,15,6,0
459,8,seq,0.342576,0.000576,0.003713,0.346866,23,33,60
459,8,par,0.141105,0.036477,0.258591,0.436173,23,33,60
459,8,weights,0.205322,0.044487,0.246733,0.496543,23,33,60
460,8,seq,0.297821,0.000425,0.049985,0.348231,30,44,128
460,8,par,0.109920,0.036570,0.231669,0.378159,30,44,128
460,8,weights,0.112950,0.039375,0.229109,0.381434,30,44,128
461,8,seq,0.217596,0.000202,0.000085,0.217883,23,4,0
461,8,par,0.103264,0.035836,0.037925,0.177025,23,4,0
461,8,weights,0.084470,0.028651,0.000487,0.113608,23,4,0
462,8,seq,0.313593,0.000162,0.000098,0.313852,15,5,0
462,8,par,0.105231,0.030007,0.029732,0.164969,15,5,0
462,8,weights,0.106862,0.039831,0.031778,0.178472,15,5,0
463,8,seq,0.148894,0.000179,0.012734,0.161807,30,52,256
463,8,par,0.075218,0.028398,0.205476,0.309093,30,52,256
463,8,weights,0.070790,0.035742,0.207015,0.313547,30,52,256
464,8,seq,0.180747,0.000152,0.000055,0.180954,15,6,0
464,8,par,0.074731,0.028764,0.030314,0.133808,15,6,0
464,8,weights,0.100875,0.030258,0.000304,0.131437,15,6,0
465,8,seq,0.378048,0.000186,0.000214,0.378448,15,13,1
465,8,par,0.127062,0.028895,0.187748,0.343705,15,13,1
465,8,weights,0.128486,0.029030,0.175729,0.333246,15,13,1
466,8,seq,0.257290,0.000591,0.022374,0.280255,30,52,256
466,8,par,0.148747,0.041824,0.201252,0.391823,30,52,256
466,8,weights,0.091128,0.032689,0.212193,0.336009,30,52,256
467,8,seq,0.181035,0.000262,0.000228,0.181525,15,13,1
467,8,par,0.125474,0.052767,0.252965,0.431206,15,13,1
467,8,weights,0.100473,0.047490,0.219957,0.367920,15,13,1
468,8,seq,0.368649,0.000304,0.000175,0.369129,23,17,1
468,8,par,0.142015,0.043313,0.240976,0.426304,23,17,1
468,8,weights,0.132586,0.040457,0.220172,0.393215,23,17,1
469,8,seq,0.214129,0.000226,0.002317,0.216672,23,30,41
469,8,par,0.089007,0.039954,0.222095,0.351056,23,30,41
469,8,weights,0.204404,0.049482,0.232534,0.486420,23,30,41
470,8,seq,0.229911,0.000199,0.014653,0.244762,30,52,256
470,8,par,0.095949,0.043081,0.235576,0.374606,30,52,256
470,8,weights,0.106250,0.044162,0.229314,0.379726,30,52,256
471,8,seq,0.192938,0.000203,0.004063,0.197204,31,44,68
471,8,par,0.085984,0.044904,0.242219,0.373108,31,44,68
471,8,weights,0.108250,0.039091,0.241011,0.388351,31,44,68
472,8,seq,0.200256,0.000162,0.000177,0.200595,15,13,1
472,8,par,0.092708,0.038229,0.212401,0.343338,15,13,1
472,8,weights,0.105222,0.039743,0.212356,0.357321,15,13,1
473,8,seq,0.182961,0.000160,0.000074,0.183195,15,6,0
473,8,par,0.106876,0.043188,0.034621,0.184686,15,6,0
473,8,weights,0.094812,0.039793,0.000356,0.134960,15,6,0
474,8,seq,0.187243,0.000313,0.000099,0.187654,15,2,0
474,8,par,0.096810,0.045428,0.042028,0.184266,15,2,0
474,8,weights,0.108650,0.041060,0.000223,0.149933,15,2,0
475,8,seq,0.319596,0.000250,0.000089,0.319935,15,4,0
475,8,par,0.139265,0.037657,0.031420,0.208342,15,4,0
475,8,weights,0.101758,0.033022,0.000207,0.134987,15,4,0
476,8,seq,0.307995,0.000180,0.000068,0.308243,15,0,0
476,8,par,0.107306,0.032471,0.033351,0.173128,15,0,0
476,8,weights,0.103910,0.030702,0.000164,0.134776,15,0,0
477,8,seq,0.200881,0.000219,0.000089,0.201190,15,2,0
477,8,par,0.091946,0.036733,0.036562,0.165240,15,2,0
477,8,weights,0.090351,0.030856,0.000154,0.121361,15,2,0
478,8,seq,0.188891,0.000355,0.013109,0.202355,30,52,256
478,8,par,0.076710,0.031378,0.206049,0.314137,30,52,256
478,8,weights,0.101111,0.029492,0.232713,0.363316,30,52,256
479,8,seq,0.270845,0.000275,0.019246,0.290366,30,52,256
479,8,par,0.096911,0.039115,0.244458,0.380485,30,52,256
479,8,weights,0.087675,0.034418,0.202546,0.324639,30,52,256
480,8,seq,0.155963,0.000248,0.000085,0.156296,15,0,0
480,8,par,0.076278,0.033685,0.034880,0.144843,15,0,0
480,8,weights,0.077045,0.031835,0.000159,0.109039,15,0,0
481,8,seq,0.306552,0.000230,0.000205,0.306987,15,13,1
481,8,par,0.121145,0.035815,0.185577,0.342537,15,13,1
481,8,weights,0.117258,0.032330,0.175621,0.325209,15,13,1
482,8,seq,0.156156,0.000200,0.012056,0.168412,30,52,256
482,8,par,0.070123,0.028315,0.191504,0.289942,30,52,256
482,8,weights,0.071241,0.042773,0.202821,0.316835,30,52,256
483,8,seq,0.138996,0.000175,0.000062,0.139233,15,2,0
483,8,par,0.066574,0.030840,0.030378,0.127792,15,2,0
483,8,weights,0.067336,0.034116,0.000162,0.101614,15,2,0
484,8,seq,0.134027,0.000187,0.000057,0.134271,15,6,0
484,8,par,0.069165,0.027846,0.028347,0.125358,15,6,0
484,8,weights,0.059069,0.030851,0.000230,0.090151,15,6,0
485,8,seq,0.247533,0.000218,0.000072,0.247822,15,1,0
485,8,par,0.112008,0.046739,0.039432,0.198179,15,1,0
485,8,weights,0.190579,0.032808,0.000206,0.223593,15,1,0
486,8,seq,0.148376,0.000206,0.000235,0.148817,15,13,1
486,8,par,0.085438,0.040625,0.187986,0.314049,15,13,1
486,8,weights,0.080108,0.033593,0.211096,0.324798,15,13,1
487,8,seq,0.198591,0.000239,0.000230,0.199061,15,9,1
487,8,par,0.092214,0.029806,0.186498,0.308518,15,9,1
487,8,weights,0.076217,0.032063,0.195358,0.303637,15,9,1
488,8,seq,0.233315,0.000191,0.000089,0.233595,23,1,0
488,8,par,0.093739,0.030499,0.029785,0.154022,23,1,0
488,8,weights,0.094367,0.035418,0.000223,0.130008,23,1,0
489,8,seq,0.164562,0.000188,0.000200,0.164951,15,13,1
489,8,par,0.070723,0.030295,0.179196,0.280215,15,13,1
489,8,weights,0.075903,0.042581,0.197059,0.315543,15,13,1
490,8,seq,0.217661,0.000165,0.000254,0.218080,23,18,2
490,8,par,0.080740,0.030844,0.192570,0.304154,23,18,2
490,8,weights,0.097585,0.029926,0.176139,0.303650,23,18,2
491,8,seq,0.279940,0.000199,0.006198,0.286337,30,48,128
491,8,par,0.095736,0.030261,0.202791,0.328787,30,48,128
491,8,weights,0.110852,0.038747,0.196288,0.345888,30,48,128
492,8,seq,0.159989,0.000155,0.000217,0.160361,15,13,1
492,8,par,0.072732,0.031102,0.187774,0.291609,15,13,1
492,8,weights,0.150173,0.041697,0.189825,0.381696,15,13,1
493,8,seq,0.188896,0.000176,0.000216,0.189288,15,7,1
493,8,par,0.072586,0.029661,0.198563,0.300810,15,7,1
493,8,weights,0.072579,0.029471,0.205857,0.307907,15,7,1
494,8,seq,0.175720,0.000166,0.000238,0.176124,22,27,1
494,8,par,0.075287,0.028999,0.183800,0.288086,22,27,1
494,8,weights,0.086935,0.040733,0.183484,0.311153,22,27,1
495,8,seq,0.226804,0.000211,0.000074,0.227089,15,4,0
495,8,par,0.119235,0.028531,0.035059,0.182825,15,4,0
495,8,weights,0.085907,0.028454,0.000325,0.114687,15,4,0
496,8,seq,0.220021,0.000155,0.000095,0.220271,15,9,0
496,8,par,0.090183,0.034336,0.027146,0.151665,15,9,0
496,8,weights,0.088318,0.028705,0.028349,0.145372,15,9,0
497,8,seq,0.127930,0.000183,0.000390,0.128504,23,20,2
497,8,par,0.081988,0.031162,0.170443,0.283593,23,20,2
497,8,weights,0.064514,0.028663,0.196459,0.289636,23,20,2
498,8,seq,0.191073,0.000218,0.000783,0.192074,23,27,9
498,8,par,0.089752,0.031959,0.174965,0.296677,23,27,9
498,8,weights,0.082383,0.029433,0.194496,0.306312,23,27,9
499,8,seq,0.214737,0.000177,0.003501,0.218414,30,46,72
499,8,par,0.091849,0.033054,0.178433,0.303336,30,46,72
499,8,weights,0.090117,0.032056,0.195904,0.318077,30,46,72
500,8,seq,0.201653,0.000192,0.011721,0.213566,30,52,256
500,8,par,0.082093,0.033553,0.187079,0.302726,30,52,256
500,8,weights,0.066004,0.028640,0.197609,0.292254,30,52,256
501,8,seq,0.125126,0.000166,0.000057,0.125349,15,3,0
501,8,par,0.062870,0.032379,0.034429,0.129678,15,3,0
501,8,weights,0.066201,0.030546,0.000175,0.096922,15,3,0
502,8,seq,0.256528,0.000219,0.000581,0.257328,23,20,2
502,8,par,0.145691,0.039614,0.187173,0.372478,23,20,2
502,8,weights,0.119847,0.029789,0.178960,0.328595,23,20,2
503,8,seq,0.173628,0.000204,0.000224,0.174056,15,13,1
503,8,par,0.071705,0.030838,0.180285,0.282828,15,13,1
503,8,weights,0.076060,0.034138,0.179572,0.289770,15,13,1
504,8,seq,0.145850,0.000221,0.000213,0.146284,15,13,1
504,8,par,0.089812,0.034944,0.175904,0.300659,15,13,1
504,8,weights,0.062671,0.030482,0.184275,0.277429,15,13,1
505,8,seq,0.134373,0.000265,0.000279,0.134917,15,13,1
505,8,par,0.062701,0.029483,0.188978,0.281162,15,13,1
505,8,weights,0.066343,0.028210,0.179659,0.274212,15,13,1
506,8,seq,0.139665,0.000249,0.000120,0.140034,15,4,0
506,8,par,0.062874,0.032784,0.028802,0.124460,15,4,0
506,8,weights,0.070033,0.032185,0.000159,0.102377,15,4,0
507,8,seq,0.180631,0.000180,0.000275,0.181086,23,18,2
507,8,par,0.076153,0.030424,0.184605,0.291182,23,18,2
507,8,weights,0.085165,0.063667,0.213010,0.361841,23,18,2
508,8,seq,0.234191,0.000197,0.000129,0.234518,23,16,0
508,8,par,0.087041,0.029881,0.029372,0.146293,23,16,0
508,8,weights,0.098244,0.031550,0.029009,0.158804,23,16,0
509,8,seq,0.109438,0.000276,0.002307,0.112021,23,32,47
509,8,par,0.063750,0.029843,0.174604,0.268198,23,32,47
509,8,weights,0.059541,0.030894,0.185353,0.275787,23,32,47
510,8,seq,0.171771,0.000174,0.000178,0.172123,15,13,1
510,8,par,0.089217,0.028886,0.182555,0.300659,15,13,1
510,8,weights,0.075004,0.028090,0.174046,0.277140,15,13,1
511,8,seq,0.170447,0.000162,0.000175,0.170785,15,13,1
511,8,par,0.079688,0.029550,0.183240,0.292478,15,13,1
511,8,weights,0.086906,0.032567,0.176677,0.296150,15,13,1
512,8,seq,0.272070,0.000184,0.000254,0.272507,23,18,1
512,8,par,0.094500,0.032445,0.196030,0.322975,23,18,1
512,8,weights,0.104244,0.033672,0.188518,0.326434,23,18,1
513,8,seq,0.138977,0.000210,0.000069,0.139256,15,6,0
513,8,par,0.070572,0.032299,0.032445,0.135316,15,6,0
513,8,weights,0.065327,0.029820,0.000258,0.095405,15,6,0
514,8,seq,0.274411,0.000165,0.000171,0.274748,15,13,1
514,8,par,0.087446,0.029090,0.185922,0.302458,15,13,1
514,8,weights,0.090746,0.027595,0.188846,0.307187,15,13,1
515,8,seq,0.246629,0.000252,0.006349,0.253229,23,37,128
515,8,par,0.103841,0.039592,0.181480,0.324913,23,37,128
515,8,weights,0.085247,0.028833,0.193445,0.307525,23,37,128
516,8,seq,0.190407,0.000163,0.000056,0.190627,15,2,0
516,8,par,0.089229,0.035588,0.028841,0.153658,15,2,0
516,8,weights,0.096397,0.043089,0.000173,0.139659,15,2,0
517,8,seq,0.810111,0.000149,0.000056,0.810317,15,2,0
517,8,par,0.075470,0.030253,0.029307,0.135030,15,2,0
517,8,weights,0.087523,0.036127,0.000157,0.123807,15,2,0
518,8,seq,0.137795,0.000151,0.000165,0.138110,15,13,1
518,8,par,0.062834,0.033089,0.172268,0.268191,15,13,1
518,8,weights,0.063552,0.029516,0.169500,0.262568,15,13,1
519,8,seq,0.134244,0.000216,0.000200,0.134660,15,13,1
519,8,par,0.062291,0.031621,0.178314,0.272226,15,13,1
519,8,weights,0.060371,0.030811,0.180458,0.271640,15,13,1
520,8,seq,0.211405,0.000265,0.000094,0.211764,15,2,0
520,8,par,0.084849,0.030127,0.029279,0.144255,15,2,0
520,8,weights,0.087953,0.032113,0.000207,0.120273,15,2,0
521,8,seq,0.268611,0.000230,0.011745,0.280586,30,52,256
521,8,par,0.093699,0.030760,0.187198,0.311657,30,52,256
521,8,weights,0.100386,0.031576,0.196178,0.328141,30,52,256
522,8,seq,0.145219,0.000190,0.000190,0.145600,15,13,1
522,8,par,0.068513,0.031968,0.227172,0.327653,15,13,1
522,8,weights,0.072431,0.029539,0.173816,0.275786,15,13,1
523,8,seq,0.134998,0.000168,0.000805,0.135971,23,27,9
523,8,par,0.064416,0.029944,0.178017,0.272377,23,27,9
523,8,weights,0.063948,0.032240,0.188819,0.285007,23,27,9
524,8,seq,0.275414,0.000217,0.000182,0.275813,15,12,0
524,8,par,0.097420,0.027222,0.090619,0.215260,15,12,0
524,8,weights,0.103937,0.032597,0.089066,0.225601,15,12,0
525,8,seq,0.185913,0.000200,0.011701,0.197814,30,52,256
525,8,par,0.075799,0.033494,0.179292,0.288585,30,52,256
525,8,weights,0.084898,0.029747,0.190543,0.305187,30,52,256
526,8,seq,0.221398,0.000204,0.080722,0.302325,38,82,1680
526,8,par,0.129425,0.029834,0.221530,0.380789,38,82,1680
526,8,weights,0.083246,0.028155,0.214727,0.326128,38,82,1680
527,8,seq,0.169736,0.000210,0.012605,0.182551,30,52,256
527,8,par,0.080264,0.030841,0.191345,0.302450,30,52,256
527,8,weights,0.073558,0.033239,0.194567,0.301364,30,52,256
528,8,seq,0.119318,0.000190,0.000062,0.119571,15,6,0
528,8,par,0.061969,0.035957,0.032279,0.130205,15,6,0
528,8,weights,0.058689,0.029812,0.000160,0.088661,15,6,0
529,8,seq,0.148927,0.000268,0.000166,0.149360,15,13,1
529,8,par,0.067606,0.031457,0.241849,0.340912,15,13,1
529,8,weights,0.072710,0.033121,0.199200,0.305031,15,13,1
530,8,seq,0.201662,0.000210,0.014125,0.215997,30,52,256
530,8,par,0.090104,0.035245,0.195782,0.321131,30,52,256
530,8,weights,0.087996,0.029150,0.202091,0.319237,30,52,256
531,8,seq,0.190548,0.000176,0.011660,0.202384,30,52,256
531,8,par,0.101334,0.032483,0.183921,0.317738,30,52,256
531,8,weights,0.084482,0.033179,0.201918,0.319578,30,52,256
532,8,seq,0.311003,0.000241,0.000116,0.311360,15,2,0
532,8,par,0.106503,0.029827,0.027202,0.163532,15,2,0
532,8,weights,0.111441,0.040304,0.000161,0.151906,15,2,0
533,8,seq,0.290239,0.000171,0.000180,0.290590,15,13,1
533,8,par,0.193470,0.029647,0.179783,0.402901,15,13,1
533,8,weights,0.235850,0.029430,0.172103,0.437383,15,13,1
534,8,seq,0.191017,0.000203,0.052557,0.243777,38,77,994
534,8,par,0.077726,0.033354,0.219326,0.330407,38,77,994
534,8,weights,0.077138,0.028772,0.215855,0.321765,38,77,994
535,8,seq,0.295816,0.000181,0.004091,0.300089,30,46,80
535,8,par,0.111794,0.030942,0.178791,0.321527,30,46,80
535,8,weights,0.116156,0.046417,0.184910,0.347482,30,46,80
536,8,seq,0.230883,0.000243,0.001963,0.233089,22,32,37
536,8,par,0.075514,0.031893,0.185933,0.293340,22,32,37
536,8,weights,0.084111,0.037422,0.215660,0.337192,22,32,37
537,8,seq,0.313242,0.000186,0.000233,0.313662,15,8,1
537,8,par,0.119967,0.037975,0.205408,0.363350,15,8,1
537,8,weights,0.123485,0.042717,0.181035,0.347237,15,8,1
538,8,seq,0.207030,0.000157,0.000197,0.207384,23,13,1
538,8,par,0.073322,0.026811,0.157801,0.257934,23,13,1
538,8,weights,0.104486,0.042275,0.217995,0.364756,23,13,1
539,8,seq,0.167192,0.000232,0.012811,0.180235,30,52,256
539,8,par,0.088833,0.039381,0.198133,0.326346,30,52,256
539,8,weights,0.076607,0.029659,0.185685,0.291950,30,52,256
540,8,seq,0.160213,0.000163,0.000164,0.160541,15,13,1
540,8,par,0.066318,0.031505,0.186035,0.283858,15,13,1
540,8,weights,0.086629,0.030131,0.174883,0.291643,15,13,1
541,8,seq,0.134810,0.000155,0.000179,0.135144,15,13,1
541,8,par,0.080575,0.033184,0.176600,0.290359,15,13,1
541,8,weights,0.070157,0.030972,0.192421,0.293549,15,13,1
542,8,seq,0.175253,0.000184,0.002398,0.177835,22,33,42
542,8,par,0.068991,0.043269,0.192980,0.305240,22,33,42
542,8,weights,0.069045,0.028463,0.190975,0.288482,22,33,42
543,8,seq,0.131296,0.000186,0.000085,0.131567,15,6,0
543,8,par,0.065265,0.028977,0.030583,0.124826,15,6,0
543,8,weights,0.075581,0.031985,0.000157,0.107724,15,6,0
544,8,seq,0.246338,0.000258,0.004823,0.251419,23,32,112
544,8,par,0.100909,0.033969,0.192066,0.326944,23,32,112
544,8,weights,0.095099,0.032406,0.202795,0.330301,23,32,112
545,8,seq,0.197053,0.000159,0.000054,0.197267,15,9,0
545,8,par,0.094434,0.031546,0.035485,0.161465,15,9,0
545,8,weights,0.084863,0.031789,0.000162,0.116814,15,9,0
546,8,seq,0.316489,0.000166,0.000162,0.316818,15,13,1
546,8,par,0.093557,0.030262,0.207181,0.331000,15,13,1
546,8,weights,0.110988,0.037323,0.215377,0.363689,15,13,1
547,8,seq,0.304085,0.000197,0.014788,0.319070,30,52,256
547,8,par,0.108253,0.041171,0.261774,0.411198,30,52,256
547,8,weights,0.105615,0.029662,0.206336,0.341613,30,52,256
548,8,seq,0.242756,0.000250,0.000828,0.243834,30,42,12
548,8,par,0.084128,0.031696,0.193009,0.308834,30,42,12
548,8,weights,0.077100,0.029499,0.175427,0.282025,30,42,12
549,8,seq,0.215315,0.000216,0.000083,0.215615,15,0,0
549,8,par,0.087688,0.032764,0.030649,0.151101,15,0,0
549,8,weights,0.101185,0.049730,0.000328,0.151242,15,0,0
550,8,seq,0.224281,0.000173,0.000074,0.224528,15,2,0
550,8,par,0.082365,0.042680,0.052357,0.177402,15,2,0
550,8,weights,0.142208,0.035301,0.000453,0.177961,15,2,0
551,8,seq,0.390435,0.000391,0.019678,0.410504,30,52,256
551,8,par,0.142708,0.046488,0.367777,0.556973,30,52,256
551,8,weights,0.185124,0.055286,0.317429,0.557839,30,52,256
552,8,seq,0.234389,0.000235,0.000225,0.234849,15,13,1
552,8,par,0.131176,0.054527,0.257007,0.442710,15,13,1
552,8,weights,0.082623,0.031659,0.189741,0.304023,15,13,1
553,8,seq,0.246838,0.000261,0.001125,0.248225,23,27,9
553,8,par,0.158900,0.033113,0.190012,0.382024,23,27,9
553,8,weights,0.088197,0.028057,0.190852,0.307107,23,27,9
554,8,seq,0.237807,0.000298,0.000125,0.238230,15,3,0
554,8,par,0.095170,0.034697,0.026302,0.156170,15,3,0
554,8,weights,0.083447,0.029889,0.000186,0.113522,15,3,0
555,8,seq,0.228048,0.000298,0.069870,0.298216,38,79,1316
555,8,par,0.087286,0.038103,0.253181,0.378570,38,79,1316
555,8,weights,0.117565,0.050657,0.269051,0.437273,38,79,1316
556,8,seq,0.177231,0.000384,0.039561,0.217176,30,52,256
556,8,par,0.070314,0.029780,0.189109,0.289203,30,52,256
556,8,weights,0.078028,0.032433,0.198949,0.309409,30,52,256
557,8,seq,0.208608,0.000167,0.000339,0.209114,23,17,2
557,8,par,0.088861,0.030275,0.205675,0.324811,23,17,2
557,8,weights,0.079180,0.030183,0.185301,0.294665,23,17,2
558,8,seq,0.229029,0.000308,0.000248,0.229585,15,13,1
558,8,par,0.091489,0.036287,0.195177,0.322954,15,13,1
558,8,weights,0.087111,0.037985,0.217320,0.342416,15,13,1
559,8,seq,0.178419,0.000172,0.000176,0.178768,15,13,1
559,8,par,0.082079,0.030088,0.190670,0.302838,15,13,1
559,8,weights,0.076216,0.030625,0.179048,0.285889,15,13,1
560,8,seq,0.246036,0.000358,0.013481,0.259875,30,52,256
560,8,par,0.085811,0.033258,0.206528,0.325597,30,52,256
560,8,weights,0.088338,0.032166,0.211244,0.331749,30,52,256
561,8,seq,0.175808,0.000204,0.000056,0.176068,15,6,0
561,8,par,0.075136,0.035122,0.036166,0.146424,15,6,0
561,8,weights,0.080556,0.030577,0.000168,0.111301,15,6,0
562,8,seq,0.186401,0.000300,0.012620,0.199320,30,52,256
562,8,par,0.092033,0.039239,0.190370,0.321642,30,52,256
562,8,weights,0.076736,0.033039,0.197272,0.307047,30,52,256
563,8,seq,0.152709,0.000533,0.000683,0.153926,15,13,1
563,8,par,0.070782,0.036176,0.188212,0.295170,15,13,1
563,8,weights,0.071726,0.029389,0.196230,0.297345,15,13,1
564,8,seq,0.177068,0.000202,0.000262,0.177532,23,14,2
564,8,par,0.078488,0.036078,0.193475,0.308041,23,14,2
564,8,weights,0.084763,0.030912,0.202607,0.318281,23,14,2
565,8,seq,0.175506,0.000293,0.014713,0.190513,30,52,256
565,8,par,0.074268,0.032874,0.196756,0.303897,30,52,256
565,8,weights,0.073031,0.027308,0.205668,0.306007,30,52,256
566,8,seq,0.152599,0.000167,0.000162,0.152927,15,13,1
566,8,par,0.068788,0.030491,0.196303,0.295582,15,13,1
566,8,weights,0.072843,0.029591,0.180837,0.283271,15,13,1
567,8,seq,0.108714,0.000266,0.000320,0.109300,15,13,1
567,8,par,0.061119,0.031981,0.178363,0.271463,15,13,1
567,8,weights,0.065295,0.031382,0.180118,0.276795,15,13,1
568,8,seq,0.190821,0.000258,0.000094,0.191173,15,6,0
568,8,par,0.097269,0.037080,0.037183,0.171532,15,6,0
568,8,weights,0.089678,0.034825,0.000186,0.124688,15,6,0
569,8,seq,0.468523,0.000221,0.000272,0.469016,23,20,1
569,8,par,0.158843,0.037615,0.213046,0.409505,23,20,1
569,8,weights,0.171341,0.039712,0.243708,0.454762,23,20,1
570,8,seq,0.200569,0.000246,0.000168,0.200984,15,7,0
570,8,par,0.084438,0.042494,0.100754,0.227686,15,7,0
570,8,weights,0.083109,0.040179,0.109752,0.233039,15,7,0
571,8,seq,0.257057,0.000261,0.013572,0.270889,30,52,256
571,8,par,0.105200,0.040201,0.227063,0.372464,30,52,256
571,8,weights,0.094726,0.041725,0.222141,0.358593,30,52,256
572,8,seq,0.361089,0.000190,0.000058,0.361337,15,3,0
572,8,par,0.112273,0.039489,0.038865,0.190627,15,3,0
572,8,weights,0.116345,0.036284,0.000187,0.152815,15,3,0
573,8,seq,0.181411,0.000265,0.000100,0.181777,15,3,0
573,8,par,0.080614,0.039197,0.035795,0.155606,15,3,0
573,8,weights,0.084680,0.041779,0.000251,0.126711,15,3,0
574,8,seq,0.239039,0.000162,0.000063,0.239264,15,3,0
574,8,par,0.092122,0.038439,0.040532,0.171092,15,3,0
574,8,weights,0.104057,0.039976,0.000357,0.144390,15,3,0
575,8,seq,0.272084,0.000162,0.000258,0.272504,23,20,2
575,8,par,0.129379,0.045438,0.233148,0.407965,23,20,2
575,8,weights,0.121082,0.042016,0.247218,0.410317,23,20,2
576,8,seq,0.160164,0.000184,0.000160,0.160508,15,13,1
576,8,par,0.083130,0.034866,0.225776,0.343771,15,13,1
576,8,weights,0.082175,0.040983,0.257437,0.380595,15,13,1
577,8,seq,0.177579,0.000239,0.000058,0.177876,15,2,0
577,8,par,0.084607,0.043025,0.044842,0.172473,15,2,0
577,8,weights,0.090328,0.038580,0.000156,0.129064,15,2,0
578,8,seq,0.228300,0.000156,0.000167,0.228622,15,7,1
578,8,par,0.084048,0.039502,0.228518,0.352068,15,7,1
578,8,weights,0.085631,0.048086,0.216833,0.350550,15,7,1
579,8,seq,0.333573,0.000202,0.000210,0.333985,22,27,1
579,8,par,0.208243,0.046611,0.217519,0.472373,22,27,1
579,8,weights,0.140949,0.037950,0.220000,0.398900,22,27,1
580,8,seq,0.221684,0.000221,0.086498,0.308403,38,82,1774
580,8,par,0.099894,0.041401,0.254612,0.395907,38,82,1774
580,8,weights,0.092292,0.037920,0.255641,0.385853,38,82,1774
581,8,seq,0.223393,0.000200,0.061784,0.285377,31,65,1253
581,8,par,0.094976,0.037505,0.257790,0.390272,31,65,1253
581,8,weights,0.095438,0.043835,0.252864,0.392137,31,65,1253
582,8,seq,0.172258,0.000678,0.003494,0.176431,23,32,47
582,8,par,0.095971,0.042744,0.242921,0.381637,23,32,47
582,8,weights,0.070990,0.043801,0.262690,0.377481,23,32,47
583,8,seq,0.412394,0.000248,0.000198,0.412840,15,13,1
583,8,par,0.169239,0.044613,0.252042,0.465894,15,13,1
583,8,weights,0.138474,0.033147,0.224929,0.396550,15,13,1
584,8,seq,0.295290,0.000220,0.000057,0.295568,23,2,0
584,8,par,0.115515,0.033406,0.032445,0.181366,23,2,0
584,8,weights,0.106778,0.039767,0.000243,0.146788,23,2,0
585,8,seq,0.253574,0.000164,0.000095,0.253834,15,9,0
585,8,par,0.101282,0.033191,0.037215,0.171688,15,9,0
585,8,weights,0.111499,0.034970,0.038072,0.184541,15,9,0
586,8,seq,0.215844,0.000167,0.000057,0.216068,15,10,0
586,8,par,0.089376,0.039924,0.037511,0.166812,15,10,0
586,8,weights,0.094419,0.033030,0.000190,0.127639,15,10,0
587,8,seq,0.194953,0.000163,0.000184,0.195301,15,13,1
587,8,par,0.114831,0.037953,0.215050,0.367834,15,13,1
587,8,weights,0.091144,0.037420,0.199668,0.328232,15,13,1
588,8,seq,0.290054,0.000148,0.000054,0.290256,15,3,0
588,8,par,0.105730,0.032718,0.033276,0.171725,15,3,0
588,8,weights,0.106493,0.036849,0.000168,0.143510,15,3,0
589,8,seq,0.232331,0.000444,0.000290,0.233066,23,20,1
589,8,par,0.089270,0.035716,0.210701,0.335687,23,20,1
589,8,weights,0.106803,0.035292,0.198893,0.340988,23,20,1
590,8,seq,0.255943,0.000256,0.000231,0.256430,15,11,0
590,8,par,0.102461,0.030916,0.205527,0.338904,15,11,0
590,8,weights,0.100038,0.032550,0.202959,0.335546,15,11,0
591,8,seq,0.131350,0.000234,0.000097,0.131682,15,6,0
591,8,par,0.088237,0.048073,0.041628,0.177938,15,6,0
591,8,weights,0.085510,0.041674,0.000177,0.127361,15,6,0
592,8,seq,0.219004,0.000181,0.000228,0.219412,23,19,1
592,8,par,0.100008,0.038601,0.235772,0.374382,23,19,1
592,8,weights,0.099278,0.036437,0.371337,0.507053,23,19,1
593,8,seq,0.492508,0.000410,0.060971,0.553889,38,70,708
593,8,par,0.245108,0.044543,0.268453,0.558105,38,70,708
593,8,weights,0.304138,0.046500,0.485139,0.835777,38,70,708
594,8,seq,0.237073,0.000317,0.000997,0.238386,31,34,10
594,8,par,0.116257,0.037963,0.231631,0.385852,31,34,10
594,8,weights,0.094131,0.043039,0.197326,0.334496,31,34,10
595,8,seq,0.249884,0.000226,0.000220,0.250331,23,17,1
595,8,par,0.112656,0.038678,0.218245,0.369579,23,17,1
595,8,weights,0.089489,0.032810,0.212963,0.335261,23,17,1
596,8,seq,0.169720,0.000222,0.000173,0.170115,15,10,1
596,8,par,0.088690,0.039082,0.221091,0.348863,15,10,1
596,8,weights,0.070198,0.037145,0.213119,0.320462,15,10,1
597,8,seq,0.249149,0.000309,0.000844,0.250302,23,27,9
597,8,par,0.099849,0.037009,0.222744,0.359602,23,27,9
597,8,weights,0.091891,0.034403,0.230702,0.356996,23,27,9
598,8,seq,0.185225,0.000343,0.004139,0.189707,23,34,96
598,8,par,0.082430,0.030562,0.222164,0.335157,23,34,96
598,8,weights,0.098659,0.038066,0.293856,0.430581,23,34,96
599,8,seq,0.265048,0.000359,0.000114,0.265521,15,1,0
599,8,par,0.109952,0.037454,0.039918,0.187324,15,1,0
599,8,weights,0.105457,0.041072,0.000209,0.146738,15,1,0
600,8,seq,0.365387,0.000164,0.000235,0.365786,15,13,1
600,8,par,0.134924,0.045486,0.209405,0.389815,15,13,1
600,8,weights,0.119435,0.039368,0.203405,0.362209,15,13,1
601,8,seq,0.449416,0.000165,0.000213,0.449794,23,14,2
601,8,par,0.149842,0.038254,0.216465,0.404562,23,14,2
601,8,weights,0.156620,0.047439,0.223486,0.427546,23,14,2
602,8,seq,0.233493,0.000274,0.000861,0.234628,23,27,9
602,8,par,0.085345,0.040683,0.264436,0.390465,23,27,9
602,8,weights,0.115940,0.047709,0.261527,0.425176,23,27,9
603,8,seq,0.187234,0.000217,0.000211,0.187661,15,13,1
603,8,par,0.090117,0.040147,0.223724,0.353988,15,13,1
603,8,weights,0.080249,0.041682,0.204656,0.326588,15,13,1
604,8,seq,0.411866,0.000303,0.109933,0.522103,38,84,2251
604,8,par,0.134089,0.035268,0.293487,0.462845,38,84,2251
604,8,weights,0.134516,0.045409,0.310915,0.490840,38,84,2251
605,8,seq,0.335584,0.000181,0.000055,0.335820,15,2,0
605,8,par,0.133861,0.037038,0.035096,0.205995,15,2,0
605,8,weights,0.137769,0.039547,0.000203,0.177519,15,2,0
606,8,seq,0.259098,0.000240,0.000329,0.259667,15,13,1
606,8,par,0.109613,0.041501,0.212587,0.363701,15,13,1
606,8,weights,0.092667,0.035612,0.194411,0.322690,15,13,1
607,8,seq,0.142511,0.000219,0.000729,0.143460,23,27,9
607,8,par,0.070187,0.034321,0.196194,0.300702,23,27,9
607,8,weights,0.076781,0.038341,0.169634,0.284756,23,27,9
608,8,seq,0.188754,0.000160,0.000070,0.188984,15,6,0
608,8,par,0.082244,0.027786,0.030009,0.140038,15,6,0
608,8,weights,0.074784,0.031534,0.000186,0.106504,15,6,0
609,8,seq,0.189365,0.000276,0.000164,0.189806,15,10,0
609,8,par,0.089719,0.032573,0.080876,0.203168,15,10,0
609,8,weights,0.076368,0.028012,0.100424,0.204804,15,10,0
610,8,seq,0.153689,0.000176,0.000165,0.154029,15,8,1
610,8,par,0.076904,0.041547,0.247163,0.365613,15,8,1
610,8,weights,0.098268,0.033861,0.197759,0.329889,15,8,1
611,8,seq,0.229734,0.000190,0.011838,0.241762,30,52,256
611,8,par,0.087280,0.038997,0.189278,0.315555,30,52,256
611,8,weights,0.095981,0.028346,0.202138,0.326465,30,52,256
612,8,seq,0.309737,0.000245,0.000060,0.310042,15,6,0
612,8,par,0.217212,0.045938,0.029791,0.292941,15,6,0
612,8,weights,0.125422,0.035028,0.000171,0.160622,15,6,0
613,8,seq,0.143924,0.000207,0.000076,0.144206,15,2,0
613,8,par,0.066008,0.028787,0.031906,0.126701,15,2,0
613,8,weights,0.079656,0.029339,0.000230,0.109225,15,2,0
614,8,seq,0.184926,0.000194,0.000196,0.185316,15,13,1
614,8,par,0.089797,0.036820,0.178947,0.305564,15,13,1
614,8,weights,0.086736,0.030475,0.192623,0.309834,15,13,1
615,8,seq,0.216596,0.000191,0.101879,0.318666,38,84,2144
615,8,par,0.084177,0.027874,0.297667,0.409718,38,84,2144
615,8,weights,0.079588,0.032535,0.231103,0.343226,38,84,2144
616,8,seq,0.158845,0.000207,0.000202,0.159254,15,13,1
616,8,par,0.074420,0.032978,0.177067,0.284465,15,13,1
616,8,weights,0.077232,0.033116,0.178348,0.288695,15,13,1
617,8,seq,0.262889,0.000169,0.000064,0.263122,15,4,0
617,8,par,0.092496,0.034055,0.028133,0.154684,15,4,0
617,8,weights,0.105718,0.031995,0.000211,0.137924,15,4,0
618,8,seq,0.170838,0.000162,0.000062,0.171063,15,6,0
618,8,par,0.074239,0.030538,0.033476,0.138254,15,6,0
618,8,weights,0.084288,0.028507,0.000301,0.113095,15,6,0
619,8,seq,0.153506,0.000184,0.000224,0.153914,15,13,1
619,8,par,0.079113,0.037521,0.196852,0.313486,15,13,1
619,8,weights,0.085547,0.032202,0.196665,0.314415,15,13,1
620,8,seq,0.171301,0.000226,0.012003,0.183530,30,52,256
620,8,par,0.135289,0.055542,0.199361,0.390193,30,52,256
620,8,weights,0.084917,0.033262,0.200098,0.318277,30,52,256
621,8,seq,0.191525,0.000299,0.048710,0.240534,31,63,1079
621,8,par,0.093664,0.034290,0.212975,0.340930,31,63,1079
621,8,weights,0.090789,0.030605,0.215824,0.337219,31,63,1079
622,8,seq,0.370776,0.000235,0.000920,0.371932,31,34,10
622,8,par,0.126407,0.035787,0.199980,0.362175,31,34,10
622,8,weights,0.131160,0.033065,0.189617,0.353842,31,34,10
623,8,seq,0.157384,0.000164,0.000196,0.157744,15,13,1
623,8,par,0.084005,0.033195,0.175745,0.292946,15,13,1
623,8,weights,0.073761,0.031491,0.201414,0.306667,15,13,1
624,8,seq,0.239292,0.000165,0.000121,0.239578,23,7,0
624,8,par,0.099688,0.030084,0.027596,0.157369,23,7,0
624,8,weights,0.106559,0.039000,0.035037,0.180596,23,7,0
625,8,seq,0.177392,0.000188,0.000205,0.177786,15,13,1
625,8,par,0.075875,0.030487,0.167738,0.274100,15,13,1
625,8,weights,0.087242,0.031573,0.182109,0.300925,15,13,1
626,8,seq,0.131382,0.000255,0.000560,0.132197,15,11,1
626,8,par,0.072614,0.030158,0.189038,0.291810,15,11,1
626,8,weights,0.061500,0.035399,0.192136,0.289034,15,11,1
627,8,seq,0.250586,0.000296,0.000265,0.251147,22,27,1
627,8,par,0.113189,0.029046,0.186479,0.328714,22,27,1
627,8,weights,0.089703,0.037319,0.196223,0.323244,22,27,1
628,8,seq,0.297741,0.000195,0.002384,0.300320,22,35,60
628,8,par,0.112171,0.038334,0.204153,0.354658,22,35,60
628,8,weights,0.099403,0.031735,0.181858,0.312996,22,35,60
629,8,seq,0.171011,0.000309,0.012583,0.183902,30,52,256
629,8,par,0.077451,0.030508,0.190467,0.298426,30,52,256
629,8,weights,0.075263,0.029255,0.201120,0.305638,30,52,256
630,8,seq,0.239179,0.000218,0.000118,0.239515,23,0,0
630,8,par,0.077506,0.031495,0.032601,0.141602,23,0,0
630,8,weights,0.088903,0.031418,0.000182,0.120503,23,0,0
631,8,seq,0.214706,0.000171,0.000092,0.214969,15,9,0
631,8,par,0.088665,0.028226,0.033018,0.149909,15,9,0
631,8,weights,0.080655,0.033316,0.034990,0.148962,15,9,0
632,8,seq,0.318624,0.000178,0.003224,0.322026,31,42,51
632,8,par,0.114258,0.036527,0.164600,0.315385,31,42,51
632,8,weights,0.125082,0.029228,0.200190,0.354501,31,42,51
633,8,seq,0.141651,0.000196,0.011645,0.153492,30,52,256
633,8,par,0.071149,0.032715,0.195634,0.299498,30,52,256
633,8,weights,0.065903,0.029652,0.197521,0.293076,30,52,256
634,8,seq,0.165224,0.000189,0.012337,0.177750,30,52,256
634,8,par,0.154017,0.056158,0.184923,0.395098,30,52,256
634,8,weights,0.067638,0.035566,0.213729,0.316934,30,52,256
635,8,seq,0.167831,0.000163,0.000225,0.168220,15,13,1
635,8,par,0.083637,0.031561,0.185411,0.300609,15,13,1
635,8,weights,0.073942,0.028203,0.181640,0.283785,15,13,1
636,8,seq,0.111668,0.000235,0.000090,0.111993,15,6,0
636,8,par,0.062441,0.031641,0.031928,0.126010,15,6,0
636,8,weights,0.075365,0.030427,0.000159,0.105951,15,6,0
637,8,seq,0.159936,0.000190,0.000060,0.160186,15,6,0
637,8,par,0.079475,0.029943,0.036311,0.145729,15,6,0
637,8,weights,0.082308,0.031141,0.000163,0.113612,15,6,0
638,8,seq,0.351477,0.000233,0.099742,0.451452,38,84,2152
638,8,par,0.119462,0.030969,0.269976,0.420408,38,84,2152
638,8,weights,0.123214,0.033253,0.253948,0.410415,38,84,2152
639,8,seq,0.311250,0.000211,0.000155,0.311616,23,15,0
639,8,par,0.104621,0.029170,0.030139,0.163930,23,15,0
639,8,weights,0.116719,0.033120,0.028880,0.178719,23,15,0
640,8,seq,0.141074,0.000270,0.000082,0.141427,15,6,0
640,8,par,0.070851,0.031902,0.026838,0.129591,15,6,0
640,8,weights,0.072850,0.035108,0.000164,0.108121,15,6,0
641,8,seq,0.232471,0.000176,0.000221,0.232869,23,12,0
641,8,par,0.106214,0.041333,0.100788,0.248334,23,12,0
641,8,weights,0.095991,0.029350,0.093838,0.219180,23,12,0
642,8,seq,0.216579,0.000257,0.000107,0.216943,15,7,0
642,8,par,0.096195,0.033378,0.034104,0.163677,15,7,0
642,8,weights,0.112586,0.038938,0.037748,0.189272,15,7,0
643,8,seq,0.297701,0.000344,0.000131,0.298177,23,8,0
643,8,par,0.118418,0.037013,0.058620,0.214051,23,8,0
643,8,weights,0.112501,0.038001,0.000227,0.150729,23,8,0
644,8,seq,0.259430,0.000154,0.000054,0.259637,15,6,0
644,8,par,0.095832,0.028811,0.037501,0.162145,15,6,0
644,8,weights,0.137826,0.040499,0.000170,0.178495,15,6,0
645,8,seq,0.313280,0.000240,0.104936,0.418456,38,84,2220
645,8,par,0.210182,0.053820,0.274622,0.538624,38,84,2220
645,8,weights,0.144656,0.033052,0.227302,0.405010,38,84,2220
646,8,seq,0.205267,0.000164,0.000066,0.205497,15,2,0
646,8,par,0.092143,0.036959,0.024826,0.153929,15,2,0
646,8,weights,0.095807,0.033280,0.000168,0.129255,15,2,0
647,8,seq,0.161677,0.000353,0.000200,0.162230,15,13,1
647,8,par,0.075985,0.031376,0.198818,0.306179,15,13,1
647,8,weights,0.071141,0.031765,0.216184,0.319089,15,13,1
648,8,seq,0.333261,0.000169,0.000067,0.333497,15,3,0
648,8,par,0.104911,0.028785,0.024869,0.158565,15,3,0
648,8,weights,0.107681,0.027722,0.000895,0.136298,15,3,0
649,8,seq,0.197043,0.000201,0.013330,0.210574,30,52,256
649,8,par,0.070022,0.031885,0.181995,0.283901,30,52,256
649,8,weights,0.081560,0.029843,0.204001,0.315403,30,52,256
650,8,seq,0.153458,0.000178,0.000233,0.153869,15,13,1
650,8,par,0.067803,0.033640,0.169537,0.270980,15,13,1
650,8,weights,0.071879,0.032665,0.180052,0.284596,15,13,1
651,8,seq,0.166603,0.000240,0.000263,0.167107,15,13,1
651,8,par,0.101308,0.041776,0.231533,0.374617,15,13,1
651,8,weights,0.068713,0.033826,0.181000,0.283538,15,13,1
652,8,seq,0.319338,0.000167,0.011799,0.331303,30,52,256
652,8,par,0.102019,0.028980,0.192273,0.323273,30,52,256
652,8,weights,0.161427,0.031325,0.319255,0.512007,30,52,256
653,8,seq,0.228616,0.000165,0.001919,0.230700,22,32,38
653,8,par,0.118763,0.040738,0.204892,0.364393,22,32,38
653,8,weights,0.096758,0.033469,0.193708,0.323935,22,32,38
654,8,seq,0.278096,0.000272,0.122563,0.400931,38,85,2416
654,8,par,0.094275,0.056775,0.354018,0.505068,38,85,2416
654,8,weights,0.124718,0.039177,0.227507,0.391402,38,85,2416
655,8,seq,0.190085,0.000218,0.016235,0.206539,30,52,256
655,8,par,0.111277,0.036913,0.227095,0.375285,30,52,256
655,8,weights,0.087236,0.036632,0.225043,0.348911,30,52,256
656,8,seq,0.255719,0.000178,0.002675,0.258571,23,32,49
656,8,par,0.137478,0.038121,0.230332,0.405931,23,32,49
656,8,weights,0.104682,0.038113,0.231584,0.374380,23,32,49
657,8,seq,0.276305,0.000184,0.000066,0.276554,15,1,0
657,8,par,0.119613,0.041448,0.036971,0.198032,15,1,0
657,8,weights,0.124434,0.044860,0.000210,0.169504,15,1,0
658,8,seq,0.182101,0.000209,0.000074,0.182384,15,4,0
658,8,par,0.086293,0.044795,0.039196,0.170284,15,4,0
658,8,weights,0.089791,0.041396,0.000270,0.131457,15,4,0
659,8,seq,0.295324,0.000194,0.000056,0.295574,15,0,0
659,8,par,0.110603,0.037403,0.036237,0.184242,15,0,0
659,8,weights,0.119464,0.037793,0.000196,0.157453,15,0,0
660,8,seq,0.160275,0.000222,0.000072,0.160569,15,6,0
660,8,par,0.094830,0.036777,0.032679,0.164286,15,6,0
660,8,weights,0.078956,0.039156,0.000241,0.118353,15,6,0
661,8,seq,0.189019,0.000179,0.000189,0.189387,15,13,1
661,8,par,0.087200,0.037928,0.212042,0.337170,15,13,1
661,8,weights,0.086880,0.034362,0.228045,0.349286,15,13,1
662,8,seq,0.331927,0.000161,0.000069,0.332157,15,6,0
662,8,par,0.103797,0.031376,0.039771,0.174944,15,6,0
662,8,weights,0.100385,0.045203,0.000278,0.145866,15,6,0
663,8,seq,0.189534,0.000165,0.000164,0.189863,15,13,1
663,8,par,0.087717,0.034785,0.216863,0.339365,15,13,1
663,8,weights,0.084225,0.036405,0.219027,0.339657,15,13,1
664,8,seq,0.266634,0.000156,0.000055,0.266844,23,0,0
664,8,par,0.108066,0.030890,0.037966,0.176921,23,0,0
664,8,weights,0.110077,0.035278,0.000878,0.146232,23,0,0
665,8,seq,0.234972,0.000166,0.005760,0.240899,23,36,128
665,8,par,0.108996,0.036616,0.227539,0.373150,23,36,128
665,8,weights,0.087998,0.043666,0.207140,0.338804,23,36,128
666,8,seq,0.202962,0.000238,0.000264,0.203464,15,13,1
666,8,par,0.090484,0.038011,0.209504,0.337999,15,13,1
666,8,weights,0.094299,0.047038,0.215720,0.357056,15,13,1
667,8,seq,0.111267,0.000262,0.000250,0.111778,15,13,1
667,8,par,0.067353,0.034515,0.212616,0.314484,15,13,1
667,8,weights,0.064057,0.043565,0.214283,0.321905,15,13,1
668,8,seq,0.415378,0.000199,0.001313,0.416890,23,26,24
668,8,par,0.150029,0.036125,0.217448,0.403601,23,26,24
668,8,weights,0.147298,0.038353,0.216882,0.402533,23,26,24
669,8,seq,0.358623,0.000214,0.014599,0.373435,30,52,256
669,8,par,0.113328,0.035567,0.220752,0.369647,30,52,256
669,8,weights,0.112757,0.046011,0.226787,0.385555,30,52,256
670,8,seq,0.427849,0.000214,0.000279,0.428342,23,20,2
670,8,par,0.154098,0.033267,0.215719,0.403084,23,20,2
670,8,weights,0.130971,0.033328,0.203344,0.367643,23,20,2
671,8,seq,0.513081,0.000251,0.000093,0.513425,23,4,0
671,8,par,0.143914,0.035234,0.034778,0.213926,23,4,0
671,8,weights,0.149191,0.038324,0.000177,0.187693,23,4,0
672,8,seq,0.152866,0.000223,0.000071,0.153160,15,6,0
672,8,par,0.080851,0.031882,0.035212,0.147946,15,6,0
672,8,weights,0.072973,0.033467,0.000250,0.106690,15,6,0
673,8,seq,0.190559,0.000158,0.000059,0.190776,23,1,0
673,8,par,0.086102,0.033702,0.039723,0.159526,23,1,0
673,8,weights,0.094363,0.034314,0.000204,0.128881,23,1,0
674,8,seq,0.156975,0.000187,0.000057,0.157219,15,8,0
674,8,par,0.079738,0.032825,0.032328,0.144890,15,8,0
674,8,weights,0.074172,0.032941,0.000157,0.107270,15,8,0
675,8,seq,0.170555,0.000388,0.000302,0.171245,15,13,1
675,8,par,0.080480,0.029553,0.203806,0.313839,15,13,1
675,8,weights,0.083981,0.038696,0.206057,0.328733,15,13,1
676,8,seq,0.410476,0.000198,0.065356,0.476029,38,79,1323
676,8,par,0.134373,0.041695,0.248757,0.424826,38,79,1323
676,8,weights,0.147824,0.036213,0.247903,0.431939,38,79,1323
677,8,seq,0.295624,0.000195,0.013561,0.309380,30,52,256
677,8,par,0.117673,0.042242,0.229705,0.389619,30,52,256
677,8,weights,0.108933,0.040696,0.216310,0.365938,30,52,256
678,8,seq,0.161630,0.000201,0.000228,0.162059,15,13,1
678,8,par,0.078564,0.037201,0.223209,0.338975,15,13,1
678,8,weights,0.085368,0.042719,0.228875,0.356962,15,13,1
679,8,seq,0.236571,0.000330,0.012945,0.249846,30,52,256
679,8,par,0.106936,0.037922,0.219255,0.364113,30,52,256
679,8,weights,0.089195,0.038658,0.236631,0.364484,30,52,256
680,8,seq,0.251717,0.000208,0.145924,0.397849,38,84,2263
680,8,par,0.113073,0.036747,0.332313,0.482132,38,84,2263
680,8,weights,0.105525,0.042243,0.280236,0.428004,38,84,2263
681,8,seq,0.189419,0.000160,0.000054,0.189633,15,4,0
681,8,par,0.085311,0.039111,0.039075,0.163497,15,4,0
681,8,weights,0.087062,0.041016,0.000201,0.128278,15,4,0
682,8,seq,0.327176,0.000216,0.000163,0.327555,23,13,0
682,8,par,0.120186,0.036575,0.108570,0.265331,23,13,0
682,8,weights,0.117917,0.044475,0.124267,0.286659,23,13,0
683,8,seq,0.184036,0.000190,0.000282,0.184508,23,20,2
683,8,par,0.085041,0.037070,0.215328,0.337440,23,20,2
683,8,weights,0.081933,0.040014,0.216442,0.338390,23,20,2
684,8,seq,0.246315,0.000153,0.000056,0.246525,15,3,0
684,8,par,0.105635,0.038610,0.039103,0.183348,15,3,0
684,8,weights,0.102283,0.037642,0.000303,0.140228,15,3,0
685,8,seq,0.208270,0.000165,0.000180,0.208615,15,13,1
685,8,par,0.092837,0.036117,0.217846,0.346800,15,13,1
685,8,weights,0.098488,0.041420,0.211071,0.350979,15,13,1
686,8,seq,0.207534,0.000169,0.000145,0.207848,15,5,0
686,8,par,0.091781,0.042085,0.072967,0.206833,15,5,0
686,8,weights,0.090057,0.040263,0.078751,0.209070,15,5,0
687,8,seq,0.299191,0.000202,0.013723,0.313116,30,52,256
687,8,par,0.116367,0.041505,0.213476,0.371347,30,52,256
687,8,weights,0.120678,0.034635,0.226186,0.381499,30,52,256
688,8,seq,0.243693,0.000212,0.013762,0.257667,30,52,256
688,8,par,0.105750,0.042085,0.219419,0.367254,30,52,256
688,8,weights,0.101918,0.043102,0.214107,0.359126,30,52,256
689,8,seq,0.177952,0.000221,0.000227,0.178399,15,13,1
689,8,par,0.091156,0.030017,0.216702,0.337875,15,13,1
689,8,weights,0.081890,0.035247,0.189546,0.306684,15,13,1
690,8,seq,0.176006,0.000181,0.000062,0.176248,15,6,0
690,8,par,0.088095,0.034086,0.032258,0.154439,15,6,0
690,8,weights,0.079348,0.036531,0.000328,0.116207,15,6,0
691,8,seq,0.298057,0.000157,0.000052,0.298265,15,6,0
691,8,par,0.102668,0.036458,0.033417,0.172542,15,6,0
691,8,weights,0.099592,0.034304,0.000191,0.134088,15,6,0
692,8,seq,0.300801,0.000182,0.000197,0.301180,15,13,1
692,8,par,0.117155,0.036828,0.202650,0.356633,15,13,1
692,8,weights,0.115203,0.035094,0.203140,0.353437,15,13,1
693,8,seq,0.175839,0.000286,0.002272,0.178397,22,34,48
693,8,par,0.073763,0.035158,0.208364,0.317285,22,34,48
693,8,weights,0.083909,0.035743,0.207527,0.327178,22,34,48
694,8,seq,0.175451,0.000197,0.002031,0.177678,23,31,41
694,8,par,0.081211,0.034014,0.203611,0.318836,23,31,41
694,8,weights,0.084821,0.043116,0.204443,0.332381,23,31,41
695,8,seq,0.193172,0.000205,0.000184,0.193560,15,13,1
695,8,par,0.089106,0.041187,0.203255,0.333548,15,13,1
695,8,weights,0.082452,0.033192,0.207673,0.323317,15,13,1
696,8,seq,0.166835,0.000155,0.000056,0.167046,15,0,0
696,8,par,0.081828,0.037963,0.033019,0.152810,15,0,0
696,8,weights,0.083245,0.035210,0.000217,0.118672,15,0,0
697,8,seq,0.204509,0.000157,0.000053,0.204719,15,6,0
697,8,par,0.083353,0.037009,0.034855,0.155217,15,6,0
697,8,weights,0.094241,0.039326,0.000158,0.133725,15,6,0
698,8,seq,0.188607,0.000174,0.000054,0.188835,15,1,0
698,8,par,0.093351,0.036505,0.053837,0.183694,15,1,0
698,8,weights,0.132869,0.038505,0.001184,0.172558,15,1,0
699,8,seq,0.217161,0.000261,0.000201,0.217623,15,13,1
699,8,par,0.090364,0.040111,0.233994,0.364469,15,13,1
699,8,weights,0.089724,0.039835,0.205068,0.334626,15,13,1
700,8,seq,0.331597,0.000296,0.000190,0.332083,23,11,0
700,8,par,0.112446,0.040350,0.071888,0.224684,23,11,0
700,8,weights,0.112893,0.039743,0.076648,0.229284,23,11,0
701,8,seq,0.326323,0.000605,0.000371,0.327298,15,13,1
701,8,par,0.121263,0.044341,0.217863,0.383467,15,13,1
701,8,weights,0.127857,0.053103,0.218851,0.399811,15,13,1
702,8,seq,0.278398,0.000174,0.000242,0.278814,15,13,1
702,8,par,0.109805,0.043018,0.199930,0.352753,15,13,1
702,8,weights,0.121121,0.035893,0.215199,0.372213,15,13,1
703,8,seq,0.177594,0.000229,0.000196,0.178019,15,13,1
703,8,par,0.092249,0.040334,0.211762,0.344345,15,13,1
703,8,weights,0.088708,0.038657,0.219521,0.346886,15,13,1
704,8,seq,0.312975,0.000241,0.002449,0.315665,22,35,54
704,8,par,0.108097,0.043159,0.233662,0.384919,22,35,54
704,8,weights,0.113647,0.034707,0.221938,0.370292,22,35,54
705,8,seq,0.403809,0.000239,0.000149,0.404196,15,8,1
705,8,par,0.141416,0.037212,0.206008,0.384636,15,8,1
705,8,weights,0.139319,0.071162,0.260598,0.471078,15,8,1
706,8,seq,0.166448,0.000212,0.013871,0.180531,30,52,256
706,8,par,0.074625,0.038263,0.228060,0.340948,30,52,256
706,8,weights,0.079438,0.041120,0.213466,0.334024,30,52,256
707,8,seq,0.385040,0.000238,0.000076,0.385354,15,2,0
707,8,par,0.134435,0.036025,0.034224,0.204684,15,2,0
707,8,weights,0.136353,0.038301,0.000296,0.174950,15,2,0
708,8,seq,0.249601,0.000207,0.013070,0.262878,30,52,256
708,8,par,0.106227,0.034293,0.229360,0.369880,30,52,256
708,8,weights,0.105877,0.032250,0.220841,0.358968,30,52,256
709,8,seq,0.204701,0.000278,0.000926,0.205905,23,27,13
709,8,par,0.084679,0.037811,0.217610,0.340101,23,27,13
709,8,weights,0.093305,0.032897,0.226373,0.352575,23,27,13
710,8,seq,0.197711,0.000165,0.000192,0.198069,15,13,1
710,8,par,0.094583,0.034247,0.214309,0.343138,15,13,1
710,8,weights,0.078608,0.037644,0.193836,0.310088,15,13,1
711,8,seq,0.270334,0.000172,0.000114,0.270620,23,10,0
711,8,par,0.118392,0.033507,0.068912,0.220811,23,10,0
711,8,weights,0.122334,0.039099,0.066924,0.228357,23,10,0
712,8,seq,0.211708,0.000409,0.000311,0.212427,23,19,1
712,8,par,0.094276,0.031919,0.203111,0.329306,23,19,1
712,8,weights,0.160832,0.047776,0.209835,0.418442,23,19,1
713,8,seq,0.185432,0.000255,0.000194,0.185882,15,13,1
713,8,par,0.077337,0.031582,0.210374,0.319293,15,13,1
713,8,weights,0.083368,0.033364,0.197382,0.314115,15,13,1
714,8,seq,0.321987,0.000179,0.000066,0.322232,23,2,0
714,8,par,0.122702,0.040945,0.033494,0.197141,23,2,0
714,8,weights,0.131049,0.030542,0.000177,0.161768,23,2,0
715,8,seq,0.251168,0.000188,0.013993,0.265348,30,52,256
715,8,par,0.093479,0.037753,0.212631,0.343863,30,52,256
715,8,weights,0.098791,0.034114,0.206915,0.339820,30,52,256
716,8,seq,0.343021,0.000184,0.002876,0.346081,30,36,64
716,8,par,0.122512,0.032331,0.216500,0.371343,30,36,64
716,8,weights,0.133913,0.037722,0.225232,0.396867,30,36,64
717,8,seq,0.192687,0.000220,0.000224,0.193131,15,13,1
717,8,par,0.088012,0.035739,0.225917,0.349668,15,13,1
717,8,weights,0.098059,0.032685,0.211872,0.342616,15,13,1
718,8,seq,0.199401,0.000235,0.000091,0.199727,15,8,0
718,8,par,0.087971,0.038699,0.034732,0.161403,15,8,0
718,8,weights,0.094586,0.039777,0.000175,0.134539,15,8,0
719,8,seq,0.233489,0.000174,0.086921,0.320584,31,63,1157
719,8,par,0.138132,0.039026,0.284254,0.461412,31,63,1157
719,8,weights,0.099529,0.039576,0.255761,0.394866,31,63,1157
720,8,seq,0.344392,0.000218,0.000170,0.344780,23,10,0
720,8,par,0.143054,0.041917,0.075617,0.260587,23,10,0
720,8,weights,0.157132,0.040744,0.076164,0.274040,23,10,0
721,8,seq,0.162698,0.000320,0.000404,0.163421,15,11,0
721,8,par,0.078775,0.040976,0.074843,0.194594,15,11,0
721,8,weights,0.090599,0.044560,0.087737,0.222897,15,11,0
722,8,seq,0.286439,0.000192,0.116767,0.403398,38,84,2188
722,8,par,0.122183,0.053889,0.339042,0.515114,38,84,2188
722,8,weights,0.112674,0.036462,0.276229,0.425365,38,84,2188
723,8,seq,0.207806,0.000189,0.047641,0.255636,31,61,1039
723,8,par,0.089211,0.037426,0.257206,0.383842,31,61,1039
723,8,weights,0.113734,0.038241,0.232093,0.384068,31,61,1039
724,8,seq,0.266379,0.000332,0.000748,0.267459,23,27,9
724,8,par,0.100624,0.039229,0.217256,0.357108,23,27,9
724,8,weights,0.104584,0.034599,0.226907,0.366091,23,27,9
725,8,seq,0.216685,0.000161,0.000179,0.217026,15,13,1
725,8,par,0.107519,0.034172,0.221336,0.363027,15,13,1
725,8,weights,0.083705,0.037046,0.226601,0.347352,15,13,1
726,8,seq,0.205540,0.000238,0.000232,0.206010,15,10,1
726,8,par,0.085177,0.038504,0.213397,0.337077,15,10,1
726,8,weights,0.094195,0.037761,0.234249,0.366205,15,10,1
727,8,seq,0.189619,0.000216,0.000101,0.189936,15,2,0
727,8,par,0.087877,0.041690,0.038101,0.167668,15,2,0
727,8,weights,0.085327,0.041319,0.000210,0.126856,15,2,0
728,8,seq,0.352002,0.000294,0.002840,0.355136,23,32,50
728,8,par,0.126321,0.039058,0.218334,0.383713,23,32,50
728,8,weights,0.123986,0.035195,0.216734,0.375915,23,32,50
729,8,seq,0.207063,0.000260,0.001125,0.208448,23,27,9
729,8,par,0.092277,0.038911,0.215109,0.346297,23,27,9
729,8,weights,0.094540,0.037458,0.205751,0.337749,23,27,9
730,8,seq,0.204728,0.000290,0.000260,0.205278,15,13,1
730,8,par,0.090407,0.035255,0.207046,0.332708,15,13,1
730,8,weights,0.100303,0.035723,0.195142,0.331168,15,13,1
731,8,seq,0.183816,0.000203,0.012741,0.196759,30,52,256
731,8,par,0.084697,0.032089,0.211611,0.328397,30,52,256
731,8,weights,0.088048,0.032941,0.211000,0.331989,30,52,256
732,8,seq,0.303364,0.000357,0.001747,0.305469,31,34,10
732,8,par,0.201275,0.046737,0.194336,0.442347,31,34,10
732,8,weights,0.109767,0.033092,0.203338,0.346197,31,34,10
733,8,seq,0.228494,0.000321,0.012815,0.241630,30,52,256
733,8,par,0.090060,0.031739,0.201001,0.322800,30,52,256
733,8,weights,0.094600,0.036567,0.211502,0.342668,30,52,256
734,8,seq,0.346121,0.000169,0.000114,0.346404,15,6,0
734,8,par,0.116763,0.038118,0.037486,0.192366,15,6,0
734,8,weights,0.122626,0.034448,0.000314,0.157388,15,6,0
735,8,seq,0.209266,0.000188,0.012373,0.221828,30,52,256
735,8,par,0.087021,0.033534,0.208364,0.328920,30,52,256
735,8,weights,0.100681,0.035510,0.230919,0.367110,30,52,256
736,8,seq,0.167266,0.000186,0.000065,0.167517,15,3,0
736,8,par,0.095045,0.027984,0.029549,0.152578,15,3,0
736,8,weights,0.090264,0.038538,0.000176,0.128977,15,3,0
737,8,seq,0.181259,0.000161,0.000165,0.181586,15,13,1
737,8,par,0.090006,0.035407,0.217692,0.343105,15,13,1
737,8,weights,0.085695,0.036718,0.212726,0.335139,15,13,1
738,8,seq,0.200752,0.000159,0.000163,0.201074,15,13,1
738,8,par,0.087692,0.037542,0.222656,0.347890,15,13,1
738,8,weights,0.088957,0.043187,0.220802,0.352946,15,13,1
739,8,seq,0.178923,0.000325,0.000089,0.179336,15,2,0
739,8,par,0.086301,0.035892,0.055646,0.177838,15,2,0
739,8,weights,0.136494,0.049973,0.000602,0.187070,15,2,0
740,8,seq,0.184607,0.000236,0.012700,0.197543,30,52,256
740,8,par,0.082390,0.037742,0.239343,0.359475,30,52,256
740,8,weights,0.075960,0.041781,0.240562,0.358303,30,52,256
741,8,seq,0.190959,0.000210,0.012999,0.204168,30,52,256
741,8,par,0.084780,0.034656,0.228074,0.347510,30,52,256
741,8,weights,0.090980,0.042221,0.225130,0.358331,30,52,256
742,8,seq,0.301080,0.000226,0.013355,0.314661,30,52,256
742,8,par,0.105911,0.037308,0.222276,0.365495,30,52,256
742,8,weights,0.107771,0.042753,0.208511,0.359035,30,52,256
743,8,seq,0.189169,0.000158,0.000094,0.189420,15,3,0
743,8,par,0.085323,0.038757,0.039989,0.164069,15,3,0
743,8,weights,0.080254,0.034736,0.040472,0.155462,15,3,0
744,8,seq,0.301675,0.000316,0.013406,0.315397,30,52,256
744,8,par,0.111090,0.041416,0.274250,0.426757,30,52,256
744,8,weights,0.122975,0.045248,0.261385,0.429608,30,52,256
745,8,seq,0.340013,0.000444,0.000113,0.340570,15,1,0
745,8,par,0.150141,0.044638,0.036372,0.231151,15,1,0
745,8,weights,0.153495,0.087665,0.000257,0.241417,15,1,0
746,8,seq,0.352149,0.000293,0.000074,0.352516,15,1,0
746,8,par,0.120076,0.039152,0.046336,0.205564,15,1,0
746,8,weights,0.115998,0.028107,0.000190,0.144295,15,1,0
747,8,seq,0.302492,0.000159,0.000688,0.303339,23,27,9
747,8,par,0.137794,0.031244,0.168658,0.337696,23,27,9
747,8,weights,0.167282,0.030744,0.209034,0.407060,23,27,9
748,8,seq,0.312022,0.000257,0.001272,0.313551,23,27,9
748,8,par,0.147925,0.033035,0.197170,0.378129,23,27,9
748,8,weights,0.100421,0.028035,0.194569,0.323025,23,27,9
749,8,seq,0.275564,0.000189,0.000064,0.275818,15,2,0
749,8,par,0.118797,0.038420,0.034988,0.192205,15,2,0
749,8,weights,0.103832,0.040167,0.000320,0.144319,15,2,0
750,8,seq,0.440348,0.000253,0.000087,0.440688,15,6,0
750,8,par,0.168632,0.040429,0.045472,0.254533,15,6,0
750,8,weights,0.150294,0.034476,0.000221,0.184991,15,6,0
751,8,seq,0.280817,0.000177,0.000190,0.281184,15,13,1
751,8,par,0.085244,0.025109,0.143923,0.254276,15,13,1
751,8,weights,0.083783,0.027033,0.158225,0.269041,15,13,1
752,8,seq,0.211163,0.000176,0.000065,0.211404,15,0,0
752,8,par,0.076472,0.025767,0.023564,0.125803,15,0,0
752,8,weights,0.088612,0.027872,0.000240,0.116723,15,0,0
753,8,seq,0.166697,0.000227,0.000058,0.166982,15,8,0
753,8,par,0.071698,0.024011,0.024583,0.120292,15,8,0
753,8,weights,0.066850,0.026724,0.000199,0.093773,15,8,0
754,8,seq,0.242232,0.000179,0.012003,0.254414,30,52,256
754,8,par,0.093362,0.027038,0.160976,0.281376,30,52,256
754,8,weights,0.088963,0.027046,0.162569,0.278578,30,52,256
755,8,seq,0.325332,0.000368,0.374984,0.700685,46,116,6912
755,8,par,0.072763,0.022817,0.354752,0.450333,46,116,6912
755,8,weights,0.078580,0.023006,0.313828,0.415414,46,116,6912
756,8,seq,0.194902,0.000163,0.000157,0.195222,15,8,1
756,8,par,0.078474,0.025277,0.159332,0.263083,15,8,1
756,8,weights,0.071717,0.028917,0.153319,0.253953,15,8,1
757,8,seq,0.136665,0.000163,0.000173,0.137002,15,13,1
757,8,par,0.061248,0.030832,0.153682,0.245761,15,13,1
757,8,weights,0.060142,0.030930,0.155669,0.246741,15,13,1
758,8,seq,0.222881,0.000163,0.000121,0.223165,23,11,0
758,8,par,0.095989,0.028787,0.051899,0.176674,23,11,0
758,8,weights,0.084170,0.027469,0.048663,0.160302,23,11,0
759,8,seq,0.150373,0.000149,0.000056,0.150578,15,3,0
759,8,par,0.058864,0.025138,0.023657,0.107659,15,3,0
759,8,weights,0.062521,0.025086,0.000188,0.087795,15,3,0
760,8,seq,0.136290,0.000244,0.000224,0.136757,15,13,1
760,8,par,0.063830,0.025824,0.150059,0.239713,15,13,1
760,8,weights,0.067326,0.027702,0.144816,0.239844,15,13,1
761,8,seq,0.164358,0.000276,0.011495,0.176130,30,52,256
761,8,par,0.065631,0.029012,0.234439,0.329082,30,52,256
761,8,weights,0.111635,0.033116,0.170520,0.315271,30,52,256
762,8,seq,0.263405,0.000303,0.000083,0.263791,15,0,0
762,8,par,0.111860,0.033702,0.026032,0.171593,15,0,0
762,8,weights,0.077123,0.034129,0.000236,0.111487,15,0,0
763,8,seq,0.192876,0.000272,0.003225,0.196373,23,27,9
763,8,par,0.136499,0.037827,0.228799,0.403125,23,27,9
763,8,weights,0.083622,0.036697,0.190800,0.311119,23,27,9
764,8,seq,0.316462,0.000287,0.248117,0.564865,46,112,4032
764,8,par,0.091827,0.026734,0.356702,0.475263,46,112,4032
764,8,weights,0.085633,0.027141,0.275290,0.388064,46,112,4032
765,8,seq,0.281543,0.000156,0.000054,0.281754,15,8,0
765,8,par,0.095223,0.028536,0.027824,0.151583,15,8,0
765,8,weights,0.095711,0.026463,0.000219,0.122393,15,8,0
766,8,seq,0.178185,0.000219,0.000106,0.178510,15,6,0
766,8,par,0.077013,0.028563,0.024997,0.130574,15,6,0
766,8,weights,0.076194,0.026027,0.000173,0.102395,15,6,0
767,8,seq,0.186009,0.000532,0.018227,0.204768,30,52,256
767,8,par,0.102038,0.039491,0.219533,0.361063,30,52,256
767,8,weights,0.074757,0.024565,0.214744,0.314066,30,52,256
768,8,seq,0.137840,0.000232,0.002333,0.140405,31,41,17
768,8,par,0.060727,0.028805,0.186207,0.275738,31,41,17
768,8,weights,0.071025,0.041632,0.253061,0.365718,31,41,17
769,8,seq,0.219938,0.000184,0.007768,0.227890,30,48,144
769,8,par,0.092598,0.035467,0.225253,0.353319,30,48,144
769,8,weights,0.088891,0.045190,0.228508,0.362590,30,48,144
770,8,seq,0.203454,0.000335,0.013031,0.216819,30,52,256
770,8,par,0.195671,0.064733,0.238284,0.498687,30,52,256
770,8,weights,0.096743,0.035760,0.214648,0.347151,30,52,256
771,8,seq,0.206936,0.000165,0.013033,0.220134,30,52,256
771,8,par,0.078755,0.037083,0.221183,0.337021,30,52,256
771,8,weights,0.067572,0.035748,0.209777,0.313097,30,52,256
772,8,seq,0.211592,0.000179,0.004787,0.216558,31,40,49
772,8,par,0.086123,0.036116,0.206615,0.328854,31,40,49
772,8,weights,0.090769,0.039331,0.227052,0.357152,31,40,49
773,8,seq,0.209018,0.000205,0.013642,0.222866,30,52,256
773,8,par,0.084575,0.032981,0.202635,0.320191,30,52,256
773,8,weights,0.091336,0.029086,0.223860,0.344282,30,52,256
774,8,seq,0.188363,0.000214,0.000195,0.188772,15,9,1
774,8,par,0.075954,0.031674,0.190642,0.298270,15,9,1
774,8,weights,0.080739,0.033308,0.191727,0.305774,15,9,1
775,8,seq,0.187111,0.000267,0.012003,0.199381,30,52,256
775,8,par,0.084642,0.034850,0.211412,0.330904,30,52,256
775,8,weights,0.093775,0.042054,0.197123,0.332952,30,52,256
776,8,seq,0.278743,0.000179,0.000168,0.279090,15,13,1
776,8,par,0.115435,0.026340,0.185815,0.327590,15,13,1
776,8,weights,0.109873,0.033502,0.178735,0.322110,15,13,1
777,8,seq,0.192449,0.000186,0.000695,0.193330,23,27,9
777,8,par,0.084374,0.028358,0.201114,0.313846,23,27,9
777,8,weights,0.084103,0.032434,0.201078,0.317615,23,27,9
778,8,seq,0.207611,0.000202,0.000155,0.207968,15,3,0
778,8,par,0.085299,0.033104,0.032474,0.150877,15,3,0
778,8,weights,0.088032,0.033670,0.030738,0.152441,15,3,0
779,8,seq,0.291303,0.000460,0.000474,0.292238,23,19,1
779,8,par,0.118636,0.033108,0.216036,0.367781,23,19,1
779,8,weights,0.104228,0.032870,0.214479,0.351577,23,19,1
780,8,seq,0.251577,0.000200,0.062760,0.314538,38,79,1140
780,8,par,0.119384,0.046908,0.236716,0.403008,38,79,1140
780,8,weights,0.072794,0.025302,0.188630,0.286725,38,79,1140
781,8,seq,0.238574,0.000207,0.000220,0.239000,15,13,1
781,8,par,0.084690,0.026468,0.152527,0.263685,15,13,1
781,8,weights,0.083526,0.028758,0.157041,0.269324,15,13,1
782,8,seq,0.141274,0.000227,0.000103,0.141604,15,6,0
782,8,par,0.064492,0.028427,0.024635,0.117554,15,6,0
782,8,weights,0.065536,0.026923,0.000175,0.092634,15,6,0
783,8,seq,0.295891,0.000196,0.011605,0.307692,30,52,256
783,8,par,0.109798,0.032210,0.222498,0.364506,30,52,256
783,8,weights,0.131247,0.029028,0.224858,0.385133,30,52,256
784,8,seq,0.308540,0.000158,0.000162,0.308861,15,13,1
784,8,par,0.103637,0.029302,0.215218,0.348158,15,13,1
784,8,weights,0.164483,0.040895,0.178063,0.383441,15,13,1
785,8,seq,0.327555,0.000204,0.014672,0.342431,30,52,256
785,8,par,0.137418,0.040959,0.217465,0.395842,30,52,256
785,8,weights,0.083883,0.028848,0.266498,0.379229,30,52,256
786,8,seq,0.179509,0.000210,0.000241,0.179960,15,13,1
786,8,par,0.123290,0.046857,0.241368,0.411515,15,13,1
786,8,weights,0.097721,0.048074,0.245372,0.391166,15,13,1
787,8,seq,0.279339,0.000180,0.000255,0.279774,23,16,2
787,8,par,0.122988,0.044484,0.250522,0.417994,23,16,2
787,8,weights,0.127368,0.044398,0.251144,0.422910,23,16,2
788,8,seq,0.241293,0.000299,0.000095,0.241686,15,1,0
788,8,par,0.108866,0.045002,0.037237,0.191106,15,1,0
788,8,weights,0.111712,0.042769,0.000239,0.154720,15,1,0
789,8,seq,0.277664,0.000218,0.000092,0.277974,15,6,0
789,8,par,0.105210,0.044217,0.038853,0.188280,15,6,0
789,8,weights,0.103273,0.042340,0.000208,0.145821,15,6,0
790,8,seq,0.372448,0.000282,0.000094,0.372824,15,3,0
790,8,par,0.150991,0.042103,0.039809,0.232902,15,3,0
790,8,weights,0.151493,0.042709,0.000158,0.194360,15,3,0
791,8,seq,0.460586,0.000207,0.057201,0.517994,31,63,1127
791,8,par,0.281212,0.058721,0.284108,0.624040,31,63,1127
791,8,weights,0.157967,0.044109,0.265585,0.467662,31,63,1127
792,8,seq,0.420962,0.000189,0.005256,0.426407,31,46,76
792,8,par,0.199185,0.041249,0.251032,0.491466,31,46,76
792,8,weights,0.157310,0.043381,0.254911,0.455601,31,46,76
793,8,seq,0.234507,0.000219,0.012893,0.247619,30,52,256
793,8,par,0.104755,0.037389,0.252047,0.394191,30,52,256
793,8,weights,0.112585,0.039575,0.245029,0.397189,30,52,256
794,8,seq,0.277461,0.000152,0.000055,0.277669,15,2,0
794,8,par,0.133240,0.036547,0.034119,0.203906,15,2,0
794,8,weights,0.135298,0.044944,0.000230,0.180472,15,2,0
795,8,seq,0.411674,0.000263,0.000203,0.412140,23,18,0
795,8,par,0.141001,0.039171,0.119991,0.300162,23,18,0
795,8,weights,0.169016,0.052970,0.125768,0.347754,23,18,0
796,8,seq,0.300630,0.000282,0.000309,0.301221,23,21,1
796,8,par,0.140698,0.044789,0.246109,0.431596,23,21,1
796,8,weights,0.155554,0.038651,0.253120,0.447324,23,21,1
797,8,seq,0.241954,0.000183,0.000186,0.242323,15,13,1
797,8,par,0.104970,0.042903,0.251764,0.399637,15,13,1
797,8,weights,0.102591,0.042755,0.246279,0.391625,15,13,1
798,8,seq,0.216232,0.000605,0.022723,0.239560,30,52,256
798,8,par,0.110337,0.045511,0.364620,0.520468,30,52,256
798,8,weights,0.090252,0.038636,0.225627,0.354515,30,52,256
799,8,seq,0.343713,0.000183,0.002340,0.346237,23,32,49
799,8,par,0.135886,0.036362,0.222145,0.394394,23,32,49
799,8,weights,0.131634,0.035792,0.218667,0.386093,23,32,49
800,8,seq,0.239156,0.000206,0.000204,0.239566,15,13,1
800,8,par,0.113779,0.044888,0.289842,0.448508,15,13,1
800,8,weights,0.142244,0.051758,0.272503,0.466505,15,13,1
801,8,seq,0.321466,0.000292,0.005665,0.327423,23,33,60
801,8,par,0.199157,0.048821,0.265058,0.513036,23,33,60
801,8,weights,0.165539,0.043736,0.282959,0.492234,23,33,60
802,8,seq,0.310415,0.000711,0.001399,0.312525,23,27,9
802,8,par,0.141209,0.061876,0.281243,0.484329,23,27,9
802,8,weights,0.126084,0.050437,0.263266,0.439787,23,27,9
803,8,seq,0.191698,0.000363,0.000198,0.192258,15,6,0
803,8,par,0.101546,0.040843,0.044052,0.186442,15,6,0
803,8,weights,0.101932,0.047023,0.000169,0.149125,15,6,0
804,8,seq,0.197035,0.000363,0.000130,0.197527,15,2,0
804,8,par,0.107140,0.051202,0.045046,0.203388,15,2,0
804,8,weights,0.110789,0.049626,0.000188,0.160603,15,2,0
805,8,seq,0.335854,0.000290,0.019402,0.355546,30,52,256
805,8,par,0.150626,0.043031,0.282394,0.476051,30,52,256
805,8,weights,0.154872,0.043004,0.269125,0.467002,30,52,256
806,8,seq,0.441376,0.000311,0.000376,0.442063,23,15,2
806,8,par,0.170109,0.048153,0.267210,0.485472,23,15,2
806,8,weights,0.174054,0.047948,0.254466,0.476468,23,15,2
807,8,seq,0.205560,0.000216,0.000191,0.205967,15,13,1
807,8,par,0.101956,0.046184,0.240044,0.388184,15,13,1
807,8,weights,0.108432,0.043016,0.232220,0.383668,15,13,1
808,8,seq,0.297059,0.000164,0.014717,0.311940,30,52,256
808,8,par,0.130952,0.047089,0.265200,0.443241,30,52,256
808,8,weights,0.142112,0.042586,0.335690,0.520388,30,52,256
809,8,seq,0.224745,0.000340,0.000106,0.225191,15,6,0
809,8,par,0.115225,0.075773,0.065823,0.256822,15,6,0
809,8,weights,0.160961,0.074571,0.000286,0.235818,15,6,0
810,8,seq,0.218137,0.000315,0.000215,0.218668,15,13,1
810,8,par,0.113550,0.049466,0.248697,0.411713,15,13,1
810,8,weights,0.119071,0.045533,0.251126,0.415729,15,13,1
811,8,seq,0.195617,0.000308,0.000102,0.196026,15,4,0
811,8,par,0.103814,0.034723,0.034563,0.173100,15,4,0
811,8,weights,0.104538,0.038125,0.000201,0.142864,15,4,0
812,8,seq,0.308112,0.000222,0.000350,0.308684,23,19,2
812,8,par,0.131359,0.034976,0.221384,0.387719,23,19,2
812,8,weights,0.131197,0.042955,0.216444,0.390596,23,19,2
813,8,seq,0.192366,0.000193,0.000255,0.192814,23,23,2
813,8,par,0.084427,0.034695,0.165647,0.284769,23,23,2
813,8,weights,0.074833,0.042632,0.236996,0.354461,23,23,2
814,8,seq,0.186553,0.000171,0.000150,0.186874,15,3,0
814,8,par,0.102906,0.035578,0.031257,0.169740,15,3,0
814,8,weights,0.098158,0.029050,0.029874,0.157082,15,3,0
815,8,seq,0.296228,0.000248,0.001720,0.298196,23,29,23
815,8,par,0.186765,0.042988,0.270589,0.500342,23,29,23
815,8,weights,0.195822,0.068006,0.263142,0.526970,23,29,23
816,8,seq,0.225457,0.000281,0.000325,0.226063,15,13,1
816,8,par,0.114100,0.047464,0.238326,0.399890,15,13,1
816,8,weights,0.090069,0.039969,0.158566,0.288604,15,13,1
817,8,seq,0.130601,0.000163,0.000071,0.130836,15,2,0
817,8,par,0.070612,0.032288,0.028125,0.131025,15,2,0
817,8,weights,0.062209,0.028794,0.000227,0.091230,15,2,0
818,8,seq,0.130524,0.000179,0.000192,0.130895,15,13,1
818,8,par,0.066620,0.033500,0.196575,0.296695,15,13,1
818,8,weights,0.075885,0.030642,0.191081,0.297608,15,13,1
819,8,seq,0.140211,0.000200,0.000206,0.140617,15,13,1
819,8,par,0.062953,0.028963,0.167012,0.258928,15,13,1
819,8,weights,0.065781,0.030159,0.183423,0.279363,15,13,1
820,8,seq,0.146949,0.000150,0.000053,0.147152,15,6,0
820,8,par,0.070140,0.029560,0.028734,0.128434,15,6,0
820,8,weights,0.068005,0.032145,0.000256,0.100405,15,6,0
821,8,seq,0.336079,0.000413,0.000155,0.336647,15,6,0
821,8,par,0.149628,0.033203,0.032598,0.215429,15,6,0
821,8,weights,0.143790,0.046796,0.000171,0.190758,15,6,0
822,8,seq,0.191487,0.000164,0.011419,0.203070,30,52,256
822,8,par,0.075051,0.027627,0.188962,0.291640,30,52,256
822,8,weights,0.078090,0.028441,0.182892,0.289423,30,52,256
823,8,seq,0.375418,0.000173,0.002848,0.378439,23,33,60
823,8,par,0.175015,0.061925,0.277147,0.514087,23,33,60
823,8,weights,0.218169,0.056987,0.250281,0.525437,23,33,60
824,8,seq,0.154654,0.000338,0.002858,0.157850,23,30,34
824,8,par,0.089754,0.041090,0.205949,0.336793,23,30,34
824,8,weights,0.065188,0.027009,0.180166,0.272364,23,30,34
825,8,seq,0.139497,0.000194,0.000238,0.139929,15,13,1
825,8,par,0.067108,0.030303,0.211148,0.308559,15,13,1
825,8,weights,0.100451,0.037636,0.202232,0.340319,15,13,1
826,8,seq,0.170608,0.000160,0.000057,0.170825,15,6,0
826,8,par,0.074260,0.034104,0.027795,0.136159,15,6,0
826,8,weights,0.063274,0.030932,0.000223,0.094428,15,6,0
827,8,seq,0.166268,0.000174,0.000171,0.166613,15,13,1
827,8,par,0.072699,0.029709,0.168351,0.270760,15,13,1
827,8,weights,0.066510,0.028798,0.164526,0.259835,15,13,1
828,8,seq,0.177833,0.000243,0.011753,0.189829,30,52,256
828,8,par,0.073693,0.029755,0.171454,0.274902,30,52,256
828,8,weights,0.075120,0.028837,0.242117,0.346074,30,52,256
829,8,seq,0.235141,0.000165,0.011777,0.247082,30,52,256
829,8,par,0.088939,0.028633,0.183312,0.300884,30,52,256
829,8,weights,0.097704,0.032923,0.182271,0.312898,30,52,256
830,8,seq,0.184018,0.000160,0.000057,0.184235,15,6,0
830,8,par,0.079079,0.030261,0.023796,0.133136,15,6,0
830,8,weights,0.076029,0.030933,0.000157,0.107119,15,6,0
831,8,seq,0.199088,0.000191,0.000175,0.199453,15,13,1
831,8,par,0.065470,0.029687,0.167178,0.262335,15,13,1
831,8,weights,0.066757,0.029975,0.165313,0.262045,15,13,1
832,8,seq,0.155991,0.000258,0.000202,0.156450,15,5,0
832,8,par,0.067652,0.027341,0.051881,0.146875,15,5,0
832,8,weights,0.069787,0.029745,0.065020,0.164552,15,5,0
833,8,seq,0.345326,0.000361,0.000756,0.346443,23,26,4
833,8,par,0.128275,0.034935,0.196068,0.359278,23,26,4
833,8,weights,0.127337,0.029967,0.241449,0.398753,23,26,4
834,8,seq,0.234754,0.000273,0.000079,0.235106,15,1,0
834,8,par,0.100115,0.044241,0.041547,0.185903,15,1,0
834,8,weights,0.099403,0.043997,0.000207,0.143607,15,1,0
835,8,seq,0.176315,0.000288,0.001602,0.178205,23,31,28
835,8,par,0.084249,0.040996,0.205929,0.331174,23,31,28
835,8,weights,0.060124,0.028899,0.155743,0.244766,23,31,28
836,8,seq,0.173613,0.000194,0.000056,0.173863,15,6,0
836,8,par,0.072079,0.025120,0.025575,0.122774,15,6,0
836,8,weights,0.082304,0.028174,0.000161,0.110639,15,6,0
837,8,seq,0.170991,0.000170,0.000063,0.171224,15,3,0
837,8,par,0.083027,0.027019,0.025491,0.135537,15,3,0
837,8,weights,0.069618,0.025633,0.000188,0.095440,15,3,0
838,8,seq,0.123297,0.000203,0.000181,0.123681,15,13,1
838,8,par,0.058614,0.024901,0.160157,0.243672,15,13,1
838,8,weights,0.056000,0.026475,0.203343,0.285819,15,13,1
839,8,seq,0.195883,0.000146,0.000091,0.196119,15,3,0
839,8,par,0.112556,0.034842,0.028284,0.175682,15,3,0
839,8,weights,0.076083,0.027099,0.024114,0.127296,15,3,0
840,8,seq,0.174272,0.000263,0.013616,0.188151,30,52,256
840,8,par,0.070083,0.025812,0.164963,0.260859,30,52,256
840,8,weights,0.068978,0.026710,0.161433,0.257121,30,52,256
841,8,seq,0.148410,0.000234,0.000083,0.148728,15,1,0
841,8,par,0.072653,0.030300,0.028682,0.131634,15,1,0
841,8,weights,0.081971,0.024539,0.000187,0.106698,15,1,0
842,8,seq,0.155444,0.000148,0.000164,0.155756,15,13,1
842,8,par,0.064731,0.025945,0.153577,0.244253,15,13,1
842,8,weights,0.063104,0.024795,0.153326,0.241226,15,13,1
843,8,seq,0.182314,0.000152,0.000156,0.182622,15,13,1
843,8,par,0.074277,0.026589,0.149385,0.250251,15,13,1
843,8,weights,0.070717,0.028715,0.150028,0.249459,15,13,1
844,8,seq,0.180095,0.000179,0.005552,0.185826,23,36,144
844,8,par,0.074845,0.026631,0.157787,0.259263,23,36,144
844,8,weights,0.068691,0.026713,0.163148,0.258552,23,36,144
845,8,seq,0.264199,0.000181,0.012248,0.276628,30,52,256
845,8,par,0.089594,0.028164,0.163523,0.281281,30,52,256
845,8,weights,0.093211,0.026714,0.163395,0.283320,30,52,256
846,8,seq,0.187858,0.000257,0.000325,0.188441,22,27,1
846,8,par,0.069747,0.026684,0.152657,0.249088,22,27,1
846,8,weights,0.061808,0.024675,0.151698,0.238181,22,27,1
847,8,seq,0.154235,0.000218,0.000090,0.154543,15,6,0
847,8,par,0.064705,0.024097,0.024875,0.113677,15,6,0
847,8,weights,0.064167,0.028135,0.000192,0.092495,15,6,0
848,8,seq,0.133773,0.000242,0.000239,0.134254,15,13,1
848,8,par,0.060580,0.027817,0.153122,0.241520,15,13,1
848,8,weights,0.063189,0.024290,0.153831,0.241310,15,13,1
849,8,seq,0.154229,0.000155,0.000054,0.154438,15,10,0
849,8,par,0.068422,0.024242,0.025625,0.118290,15,10,0
849,8,weights,0.063548,0.027209,0.000201,0.090958,15,10,0
850,8,seq,0.139229,0.000260,0.000217,0.139707,22,26,1
850,8,par,0.059055,0.027172,0.163984,0.250211,22,26,1
850,8,weights,0.063515,0.026278,0.150519,0.240313,22,26,1
851,8,seq,0.189418,0.000192,0.107159,0.296770,38,85,2419
851,8,par,0.074588,0.025888,0.226208,0.326684,38,85,2419
851,8,weights,0.076390,0.025621,0.212006,0.314018,38,85,2419
852,8,seq,0.185895,0.000194,0.000070,0.186159,15,6,0
852,8,par,0.082334,0.026178,0.026215,0.134728,15,6,0
852,8,weights,0.076897,0.026205,0.000166,0.103268,15,6,0
853,8,seq,0.128548,0.000157,0.000054,0.128759,15,3,0
853,8,par,0.059873,0.025454,0.024493,0.109820,15,3,0
853,8,weights,0.058650,0.025330,0.000156,0.084137,15,3,0
854,8,seq,0.141556,0.000203,0.000170,0.141929,15,13,1
854,8,par,0.109128,0.044673,0.153434,0.307235,15,13,1
854,8,weights,0.061639,0.027783,0.151960,0.241382,15,13,1
855,8,seq,0.120734,0.000284,0.011442,0.132460,30,52,256
855,8,par,0.057220,0.025941,0.171607,0.254768,30,52,256
855,8,weights,0.058783,0.026916,0.163978,0.249678,30,52,256
856,8,seq,0.193646,0.000217,0.011627,0.205490,30,52,256
856,8,par,0.072230,0.026542,0.159002,0.257775,30,52,256
856,8,weights,0.078137,0.024876,0.161162,0.264175,30,52,256
857,8,seq,0.135548,0.000157,0.000134,0.135839,15,5,0
857,8,par,0.062348,0.025590,0.025162,0.113101,15,5,0
857,8,weights,0.058716,0.026628,0.021757,0.107101,15,5,0
858,8,seq,0.149381,0.000254,0.000271,0.149906,15,13,1
858,8,par,0.059576,0.025403,0.149330,0.234309,15,13,1
858,8,weights,0.061328,0.024354,0.147491,0.233172,15,13,1
859,8,seq,0.265099,0.000165,0.011438,0.276703,30,52,256
859,8,par,0.093162,0.026440,0.155157,0.274758,30,52,256
859,8,weights,0.093387,0.024985,0.161976,0.280348,30,52,256
860,8,seq,0.308994,0.000177,0.011087,0.320257,30,52,256
860,8,par,0.110957,0.023647,0.167275,0.301880,30,52,256
860,8,weights,0.105504,0.030238,0.155113,0.290855,30,52,256
861,8,seq,0.148499,0.000179,0.000175,0.148852,15,13,1
861,8,par,0.066560,0.024595,0.148176,0.239330,15,13,1
861,8,weights,0.066514,0.042993,0.192723,0.302230,15,13,1
862,8,seq,0.231432,0.000168,0.000199,0.231799,15,13,1
862,8,par,0.081616,0.025492,0.142962,0.250070,15,13,1
862,8,weights,0.090640,0.026412,0.153167,0.270219,15,13,1
863,8,seq,0.259809,0.000206,0.000090,0.260105,15,6,0
863,8,par,0.094994,0.026713,0.026072,0.147779,15,6,0
863,8,weights,0.095310,0.026241,0.000184,0.121735,15,6,0
864,8,seq,0.132222,0.000166,0.000159,0.132547,15,9,1
864,8,par,0.058959,0.024193,0.158332,0.241483,15,9,1
864,8,weights,0.059407,0.025816,0.152619,0.237842,15,9,1
865,8,seq,0.174670,0.000204,0.011414,0.186289,30,52,256
865,8,par,0.067851,0.025380,0.162960,0.256192,30,52,256
865,8,weights,0.067781,0.027485,0.166485,0.261751,30,52,256
866,8,seq,0.146258,0.000253,0.077537,0.224048,38,82,1712
866,8,par,0.060001,0.026009,0.197843,0.283853,38,82,1712
866,8,weights,0.063379,0.027038,0.200304,0.290721,38,82,1712
867,8,seq,0.135323,0.000166,0.000209,0.135697,15,13,1
867,8,par,0.068451,0.028058,0.171946,0.268455,15,13,1
867,8,weights,0.063413,0.029888,0.154236,0.247537,15,13,1
868,8,seq,0.200406,0.000225,0.000073,0.200705,15,6,0
868,8,par,0.077018,0.027678,0.023332,0.128027,15,6,0
868,8,weights,0.082676,0.028563,0.000261,0.111500,15,6,0
869,8,seq,0.213339,0.000248,0.000079,0.213666,15,6,0
869,8,par,0.132209,0.027769,0.025125,0.185102,15,6,0
869,8,weights,0.078369,0.024636,0.000259,0.103264,15,6,0
870,8,seq,0.194862,0.000149,0.000054,0.195064,15,6,0
870,8,par,0.076863,0.026984,0.024700,0.128547,15,6,0
870,8,weights,0.078877,0.028370,0.000157,0.107404,15,6,0
871,8,seq,0.193109,0.000241,0.087065,0.280415,38,79,1393
871,8,par,0.070786,0.029442,0.192697,0.292924,38,79,1393
871,8,weights,0.086044,0.027858,0.188709,0.302611,38,79,1393
872,8,seq,0.139865,0.000157,0.000143,0.140164,15,7,1
872,8,par,0.064497,0.024530,0.150353,0.239380,15,7,1
872,8,weights,0.063298,0.027675,0.154741,0.245714,15,7,1
873,8,seq,0.127218,0.000159,0.000172,0.127549,15,13,1
873,8,par,0.057641,0.025549,0.154141,0.237331,15,13,1
873,8,weights,0.068611,0.025381,0.152058,0.246050,15,13,1
874,8,seq,0.154993,0.000176,0.000204,0.155372,15,13,1
874,8,par,0.064664,0.024596,0.154871,0.244131,15,13,1
874,8,weights,0.067536,0.024542,0.151593,0.243670,15,13,1
875,8,seq,0.160134,0.000226,0.415935,0.576296,46,118,7776
875,8,par,0.060153,0.027086,0.319658,0.406897,46,118,7776
875,8,weights,0.063972,0.025509,0.413104,0.502586,46,118,7776
876,8,seq,0.245958,0.000232,0.011172,0.257362,30,52,256
876,8,par,0.090919,0.025942,0.163934,0.280795,30,52,256
876,8,weights,0.095607,0.027472,0.176137,0.299216,30,52,256
877,8,seq,0.141687,0.000158,0.000201,0.142046,23,18,1
877,8,par,0.063429,0.025970,0.154756,0.244155,23,18,1
877,8,weights,0.063200,0.026283,0.152825,0.242308,23,18,1
878,8,seq,0.250599,0.000179,0.000187,0.250964,15,13,1
878,8,par,0.091429,0.025628,0.150968,0.268025,15,13,1
878,8,weights,0.091055,0.024982,0.155135,0.271173,15,13,1
879,8,seq,0.185686,0.000160,0.000055,0.185901,15,1,0
879,8,par,0.073189,0.025390,0.025609,0.124188,15,1,0
879,8,weights,0.073853,0.026203,0.000219,0.100275,15,1,0
880,8,seq,0.146547,0.000287,0.000071,0.146904,15,3,0
880,8,par,0.062802,0.025020,0.025174,0.112995,15,3,0
880,8,weights,0.066204,0.025633,0.000187,0.092024,15,3,0
881,8,seq,0.283260,0.000172,0.011508,0.294940,30,52,256
881,8,par,0.196122,0.028072,0.160104,0.384298,30,52,256
881,8,weights,0.099524,0.031919,0.175064,0.306506,30,52,256
882,8,seq,0.219401,0.000194,0.000183,0.219779,15,13,1
882,8,par,0.072729,0.027721,0.145468,0.245918,15,13,1
882,8,weights,0.083206,0.030853,0.150815,0.264874,15,13,1
883,8,seq,0.114362,0.000210,0.000269,0.114841,15,13,1
883,8,par,0.056650,0.026229,0.151068,0.233947,15,13,1
883,8,weights,0.057826,0.028324,0.148464,0.234615,15,13,1
884,8,seq,0.107496,0.000152,0.000166,0.107814,15,13,1
884,8,par,0.053662,0.025676,0.156020,0.235358,15,13,1
884,8,weights,0.051990,0.030670,0.149908,0.232568,15,13,1
885,8,seq,0.143347,0.000156,0.000095,0.143598,23,7,0
885,8,par,0.065493,0.026091,0.025209,0.116792,23,7,0
885,8,weights,0.060125,0.028041,0.026157,0.114323,23,7,0
886,8,seq,0.209899,0.000213,0.315893,0.526004,46,116,6480
886,8,par,0.084745,0.027636,0.293067,0.405448,46,116,6480
886,8,weights,0.077020,0.026548,0.295759,0.399327,46,116,6480
887,8,seq,0.191080,0.000183,0.092052,0.283314,38,80,1494
887,8,par,0.072427,0.024670,0.189908,0.287005,38,80,1494
887,8,weights,0.081511,0.029829,0.195290,0.306630,38,80,1494
888,8,seq,0.178790,0.000284,0.019065,0.198139,30,52,256
888,8,par,0.099146,0.024837,0.156576,0.280559,30,52,256
888,8,weights,0.067069,0.027846,0.163091,0.258006,30,52,256
889,8,seq,0.292853,0.000168,0.000274,0.293294,23,19,2
889,8,par,0.091475,0.027641,0.159004,0.278119,23,19,2
889,8,weights,0.099133,0.026002,0.150887,0.276022,23,19,2
890,8,seq,0.122418,0.000174,0.000084,0.122677,15,6,0
890,8,par,0.053669,0.025141,0.022696,0.101506,15,6,0
890,8,weights,0.059877,0.025976,0.000202,0.086054,15,6,0
891,8,seq,0.127712,0.000161,0.000192,0.128066,15,13,1
891,8,par,0.061226,0.028626,0.153138,0.242991,15,13,1
891,8,weights,0.064269,0.026745,0.146312,0.237326,15,13,1
892,8,seq,0.165059,0.000193,0.000054,0.165307,15,3,0
892,8,par,0.068666,0.025942,0.027844,0.122452,15,3,0
892,8,weights,0.074723,0.026356,0.000187,0.101266,15,3,0
893,8,seq,0.156797,0.000208,0.000225,0.157230,15,13,1
893,8,par,0.067584,0.026066,0.153237,0.246887,15,13,1
893,8,weights,0.067632,0.023939,0.148748,0.240319,15,13,1
894,8,seq,0.155384,0.000150,0.000236,0.155771,23,22,2
894,8,par,0.067847,0.027787,0.150828,0.246461,23,22,2
894,8,weights,0.064023,0.026547,0.156508,0.247078,23,22,2
895,8,seq,0.199721,0.000187,0.000259,0.200167,23,17,2
895,8,par,0.077268,0.025165,0.149167,0.251599,23,17,2
895,8,weights,0.100831,0.055052,0.162174,0.318057,23,17,2
896,8,seq,0.231285,0.000161,0.000056,0.231502,15,6,0
896,8,par,0.081364,0.025437,0.025870,0.132671,15,6,0
896,8,weights,0.083331,0.024122,0.000156,0.107609,15,6,0
897,8,seq,0.101704,0.000181,0.001739,0.103624,23,30,31
897,8,par,0.051747,0.024568,0.156692,0.233007,23,30,31
897,8,weights,0.050213,0.028011,0.157468,0.235692,23,30,31
898,8,seq,0.191049,0.000147,0.000054,0.191250,15,6,0
898,8,par,0.081127,0.023896,0.026727,0.131750,15,6,0
898,8,weights,0.079931,0.024205,0.000223,0.104359,15,6,0
899,8,seq,0.350088,0.000198,0.053477,0.403762,31,65,1277
899,8,par,0.114943,0.024736,0.181665,0.321344,31,65,1277
899,8,weights,0.111115,0.025569,0.187365,0.324050,31,65,1277
900,8,seq,0.206129,0.000150,0.000054,0.206334,15,6,0
900,8,par,0.079721,0.024512,0.027261,0.131494,15,6,0
900,8,weights,0.077083,0.025307,0.000265,0.102655,15,6,0
901,8,seq,0.135169,0.000214,0.000292,0.135675,22,30,1
901,8,par,0.060228,0.026135,0.154041,0.240404,22,30,1
901,8,weights,0.061730,0.024339,0.156398,0.242466,22,30,1
902,8,seq,0.146574,0.000154,0.000181,0.146910,15,13,1
902,8,par,0.061641,0.025998,0.163129,0.250768,15,13,1
902,8,weights,0.062568,0.026790,0.150394,0.239751,15,13,1
903,8,seq,0.164323,0.000152,0.000054,0.164529,15,6,0
903,8,par,0.067411,0.024884,0.046099,0.138394,15,6,0
903,8,weights,0.113784,0.035235,0.000194,0.149213,15,6,0
904,8,seq,0.145458,0.000234,0.000141,0.145833,15,10,0
904,8,par,0.063888,0.023781,0.024932,0.112600,15,10,0
904,8,weights,0.067973,0.028871,0.026254,0.123098,15,10,0
905,8,seq,0.174710,0.000224,0.002692,0.177626,23,33,68
905,8,par,0.070311,0.028534,0.162214,0.261059,23,33,68
905,8,weights,0.068739,0.024949,0.159376,0.253063,23,33,68
906,8,seq,0.147557,0.000209,0.000215,0.147981,15,13,1
906,8,par,0.066765,0.026398,0.145192,0.238355,15,13,1
906,8,weights,0.065984,0.024811,0.147171,0.237966,15,13,1
907,8,seq,0.214575,0.000223,0.008779,0.223577,30,50,192
907,8,par,0.085303,0.026338,0.160088,0.271729,30,50,192
907,8,weights,0.092089,0.028276,0.159398,0.279764,30,50,192
908,8,seq,0.114901,0.000162,0.000203,0.115266,15,13,1
908,8,par,0.056978,0.026264,0.149139,0.232381,15,13,1
908,8,weights,0.055445,0.025555,0.152568,0.233568,15,13,1
909,8,seq,0.138996,0.000275,0.050532,0.189803,31,65,1273
909,8,par,0.060288,0.027951,0.185068,0.273307,31,65,1273
909,8,weights,0.062238,0.025848,0.189576,0.277663,31,65,1273
910,8,seq,0.145258,0.000175,0.000069,0.145502,15,6,0
910,8,par,0.065565,0.024178,0.025673,0.115417,15,6,0
910,8,weights,0.066460,0.025935,0.000208,0.092603,15,6,0
911,8,seq,0.166549,0.000170,0.014481,0.181200,30,52,256
911,8,par,0.066681,0.027286,0.159390,0.253357,30,52,256
911,8,weights,0.058035,0.025768,0.158233,0.242036,30,52,256
912,8,seq,0.151357,0.000156,0.000154,0.151666,15,13,1
912,8,par,0.063896,0.024317,0.150208,0.238421,15,13,1
912,8,weights,0.072791,0.028347,0.156691,0.257828,15,13,1
913,8,seq,0.247884,0.000147,0.000145,0.248176,15,8,1
913,8,par,0.091589,0.025450,0.151580,0.268619,15,8,1
913,8,weights,0.090769,0.026213,0.160315,0.277296,15,8,1
914,8,seq,0.197382,0.000157,0.000670,0.198209,23,27,9
914,8,par,0.076414,0.025332,0.148102,0.249848,23,27,9
914,8,weights,0.080524,0.030819,0.159141,0.270485,23,27,9
915,8,seq,0.164299,0.000165,0.000162,0.164626,23,13,1
915,8,par,0.068756,0.024026,0.146537,0.239318,23,13,1
915,8,weights,0.069490,0.026880,0.144789,0.241159,23,13,1
916,8,seq,0.320565,0.000168,0.003942,0.324675,23,34,96
916,8,par,0.105484,0.024700,0.165485,0.295669,23,34,96
916,8,weights,0.115243,0.030110,0.157679,0.303033,23,34,96
917,8,seq,0.187409,0.000195,0.011516,0.199119,30,52,256
917,8,par,0.071512,0.027767,0.163834,0.263113,30,52,256
917,8,weights,0.076122,0.025273,0.161937,0.263333,30,52,256
918,8,seq,0.259483,0.000187,0.000675,0.260345,23,27,9
918,8,par,0.084572,0.028052,0.154147,0.266770,23,27,9
918,8,weights,0.083949,0.025765,0.159962,0.269677,23,27,9
919,8,seq,0.162025,0.000203,0.003989,0.166217,30,46,72
919,8,par,0.067294,0.024237,0.154369,0.245900,30,46,72
919,8,weights,0.066862,0.025811,0.152530,0.245203,30,46,72
920,8,seq,0.266123,0.000167,0.000174,0.266465,15,13,1
920,8,par,0.095369,0.025928,0.154889,0.276186,15,13,1
920,8,weights,0.095354,0.028534,0.156883,0.280771,15,13,1
921,8,seq,0.179293,0.000241,0.000091,0.179624,15,0,0
921,8,par,0.069285,0.025828,0.025780,0.120893,15,0,0
921,8,weights,0.072135,0.027543,0.000213,0.099891,15,0,0
922,8,seq,0.135099,0.000211,0.000197,0.135507,15,13,1
922,8,par,0.059681,0.024023,0.155521,0.239225,15,13,1
922,8,weights,0.059317,0.025172,0.150536,0.235025,15,13,1
923,8,seq,0.129504,0.000176,0.012102,0.141781,30,52,256
923,8,par,0.057724,0.027619,0.165893,0.251236,30,52,256
923,8,weights,0.061825,0.024953,0.160964,0.247742,30,52,256
924,8,seq,0.161519,0.000200,0.074241,0.235960,38,80,1440
924,8,par,0.060766,0.026067,0.254425,0.341258,38,80,1440
924,8,weights,0.066918,0.025649,0.190173,0.282740,38,80,1440
925,8,seq,0.154436,0.000174,0.000070,0.154680,23,2,0
925,8,par,0.062288,0.023772,0.025032,0.111092,23,2,0
925,8,weights,0.068356,0.027084,0.000183,0.095623,23,2,0
926,8,seq,0.158318,0.000155,0.000147,0.158620,15,8,1
926,8,par,0.062471,0.025915,0.148636,0.237022,15,8,1
926,8,weights,0.065346,0.024786,0.149481,0.239614,15,8,1
927,8,seq,0.182831,0.000157,0.000055,0.183043,15,6,0
927,8,par,0.071396,0.026645,0.025699,0.123740,15,6,0
927,8,weights,0.070962,0.026101,0.000158,0.097220,15,6,0
928,8,seq,0.132178,0.000158,0.000055,0.132390,15,6,0
928,8,par,0.071095,0.031347,0.023995,0.126438,15,6,0
928,8,weights,0.064426,0.025850,0.000152,0.090427,15,6,0
929,8,seq,0.165660,0.000191,0.000194,0.166045,15,13,1
929,8,par,0.068569,0.025973,0.150070,0.244612,15,13,1
929,8,weights,0.063667,0.026497,0.143990,0.234154,15,13,1
930,8,seq,0.135905,0.000151,0.000161,0.136217,15,13,1
930,8,par,0.082027,0.033257,0.156943,0.272228,15,13,1
930,8,weights,0.060673,0.023169,0.153714,0.237556,15,13,1
931,8,seq,0.124976,0.000205,0.000181,0.125362,15,13,1
931,8,par,0.059400,0.024655,0.150115,0.234170,15,13,1
931,8,weights,0.110309,0.045628,0.167600,0.323537,15,13,1
932,8,seq,0.177654,0.000192,0.000192,0.178037,15,13,1
932,8,par,0.071430,0.026379,0.144165,0.241973,15,13,1
932,8,weights,0.068540,0.024886,0.150498,0.243923,15,13,1
933,8,seq,0.289411,0.000236,0.003442,0.293089,23,33,83
933,8,par,0.095577,0.023380,0.157638,0.276594,23,33,83
933,8,weights,0.106011,0.026621,0.159382,0.292015,23,33,83
934,8,seq,0.191054,0.000157,0.000055,0.191265,15,10,0
934,8,par,0.073612,0.024677,0.024000,0.122289,15,10,0
934,8,weights,0.073342,0.025943,0.000165,0.099450,15,10,0
935,8,seq,0.142761,0.000157,0.000054,0.142971,15,0,0
935,8,par,0.063407,0.024722,0.028929,0.117058,15,0,0
935,8,weights,0.061591,0.024334,0.000209,0.086134,15,0,0
936,8,seq,0.133733,0.000208,0.000114,0.134055,15,10,0
936,8,par,0.057909,0.023586,0.023616,0.105110,15,10,0
936,8,weights,0.056206,0.027326,0.000189,0.083722,15,10,0
937,8,seq,0.118771,0.000154,0.000161,0.119086,15,13,1
937,8,par,0.068148,0.026437,0.145940,0.240525,15,13,1
937,8,weights,0.055473,0.026324,0.142435,0.224232,15,13,1
938,8,seq,0.187310,0.000186,0.002496,0.189992,22,35,60
938,8,par,0.073240,0.024842,0.150255,0.248336,22,35,60
938,8,weights,0.071676,0.027383,0.154654,0.253713,22,35,60
939,8,seq,0.150404,0.000186,0.000907,0.151497,31,34,10
939,8,par,0.063341,0.022328,0.161496,0.247165,31,34,10
939,8,weights,0.064075,0.052422,0.170305,0.286802,31,34,10
940,8,seq,0.179831,0.000266,0.000365,0.180462,23,16,2
940,8,par,0.075220,0.024753,0.151891,0.251865,23,16,2
940,8,weights,0.067526,0.023655,0.143092,0.234273,23,16,2
941,8,seq,0.238284,0.000158,0.000160,0.238602,15,13,1
941,8,par,0.085438,0.026409,0.148344,0.260191,15,13,1
941,8,weights,0.110804,0.024330,0.143303,0.278437,15,13,1
942,8,seq,0.144058,0.000186,0.084260,0.228505,38,82,1838
942,8,par,0.058021,0.025259,0.190679,0.273959,38,82,1838
942,8,weights,0.061260,0.026139,0.198787,0.286185,38,82,1838
943,8,seq,0.199967,0.000162,0.000173,0.200302,15,13,1
943,8,par,0.078685,0.023000,0.144804,0.246488,15,13,1
943,8,weights,0.079068,0.025033,0.148949,0.253050,15,13,1
944,8,seq,0.131576,0.000153,0.000054,0.131783,15,6,0
944,8,par,0.059710,0.025916,0.022394,0.108020,15,6,0
944,8,weights,0.061903,0.025019,0.000196,0.087119,15,6,0
945,8,seq,0.149492,0.000196,0.011131,0.160819,30,52,256
945,8,par,0.063582,0.026395,0.157493,0.247470,30,52,256
945,8,weights,0.060663,0.026726,0.152975,0.240364,30,52,256
946,8,seq,0.186620,0.000215,0.011276,0.198111,30,52,256
946,8,par,0.073799,0.026617,0.163189,0.263605,30,52,256
946,8,weights,0.074609,0.030014,0.153808,0.258430,30,52,256
947,8,seq,0.162680,0.000179,0.013907,0.176766,30,52,256
947,8,par,0.065224,0.025217,0.160312,0.250753,30,52,256
947,8,weights,0.060894,0.025029,0.156131,0.242054,30,52,256
948,8,seq,0.138266,0.000210,0.000185,0.138661,15,13,1
948,8,par,0.060941,0.026297,0.153893,0.241130,15,13,1
948,8,weights,0.071663,0.028425,0.152995,0.253083,15,13,1
949,8,seq,0.117569,0.000188,0.000241,0.117998,22,27,1
949,8,par,0.055506,0.024716,0.144056,0.224278,22,27,1
949,8,weights,0.068259,0.027957,0.157270,0.253486,22,27,1
950,8,seq,0.171204,0.000171,0.011619,0.182994,30,52,256
950,8,par,0.063672,0.027951,0.159083,0.250706,30,52,256
950,8,weights,0.065910,0.025931,0.164983,0.256824,30,52,256
951,8,seq,0.155638,0.000238,0.011128,0.167005,30,52,256
951,8,par,0.065450,0.026098,0.162629,0.254177,30,52,256
951,8,weights,0.060820,0.025981,0.158185,0.244986,30,52,256
952,8,seq,0.152914,0.000162,0.000158,0.153234,15,13,1
952,8,par,0.066292,0.027702,0.151131,0.245124,15,13,1
952,8,weights,0.064785,0.027071,0.146465,0.238321,15,13,1
953,8,seq,0.127386,0.000228,0.000253,0.127867,22,28,1
953,8,par,0.059119,0.027114,0.151880,0.238113,22,28,1
953,8,weights,0.056153,0.027316,0.149343,0.232812,22,28,1
954,8,seq,0.238757,0.000212,0.000093,0.239062,15,2,0
954,8,par,0.093530,0.031053,0.023013,0.147596,15,2,0
954,8,weights,0.084488,0.026029,0.000174,0.110691,15,2,0
955,8,seq,0.194609,0.000195,0.000085,0.194890,15,6,0
955,8,par,0.074711,0.029232,0.025860,0.129803,15,6,0
955,8,weights,0.071875,0.026416,0.000188,0.098479,15,6,0
956,8,seq,0.117351,0.000255,0.000228,0.117834,15,13,1
956,8,par,0.056732,0.023363,0.153729,0.233823,15,13,1
956,8,weights,0.058787,0.026372,0.147359,0.232518,15,13,1
957,8,seq,0.156352,0.000242,0.002165,0.158758,23,32,47
957,8,par,0.062759,0.027336,0.150961,0.241056,23,32,47
957,8,weights,0.062706,0.023699,0.149977,0.236381,23,32,47
958,8,seq,0.322390,0.000155,0.000158,0.322704,15,13,1
958,8,par,0.108949,0.025427,0.150959,0.285335,15,13,1
958,8,weights,0.109818,0.026255,0.147712,0.283785,15,13,1
959,8,seq,0.157671,0.000164,0.000896,0.158731,31,34,10
959,8,par,0.066081,0.024174,0.215449,0.305703,31,34,10
959,8,weights,0.066749,0.025549,0.149846,0.242144,31,34,10
960,8,seq,0.168438,0.000188,0.000170,0.168796,15,9,0
960,8,par,0.066342,0.023261,0.024366,0.113969,15,9,0
960,8,weights,0.066151,0.024918,0.023809,0.114878,15,9,0
961,8,seq,0.188271,0.000177,0.011863,0.200311,30,52,256
961,8,par,0.071680,0.025163,0.155927,0.252769,30,52,256
961,8,weights,0.069317,0.026761,0.156717,0.252795,30,52,256
962,8,seq,0.236124,0.000176,0.000057,0.236357,15,3,0
962,8,par,0.081686,0.028782,0.023589,0.134057,15,3,0
962,8,weights,0.079337,0.026389,0.000184,0.105910,15,3,0
963,8,seq,0.264207,0.000232,0.011514,0.275952,30,52,256
963,8,par,0.092153,0.026300,0.166892,0.285346,30,52,256
963,8,weights,0.090806,0.025745,0.156848,0.273399,30,52,256
964,8,seq,0.121134,0.000167,0.011952,0.133253,30,52,256
964,8,par,0.055131,0.024551,0.156734,0.236417,30,52,256
964,8,weights,0.054949,0.029828,0.155576,0.240353,30,52,256
965,8,seq,0.158406,0.000173,0.000064,0.158643,15,1,0
965,8,par,0.066492,0.024714,0.026997,0.118203,15,1,0
965,8,weights,0.068380,0.028112,0.000193,0.096685,15,1,0
966,8,seq,0.248838,0.000207,0.000155,0.249200,23,11,0
966,8,par,0.081381,0.025370,0.026438,0.133189,23,11,0
966,8,weights,0.087937,0.025772,0.025300,0.139009,23,11,0
967,8,seq,0.135222,0.000143,0.000055,0.135419,15,0,0
967,8,par,0.060934,0.025485,0.023756,0.110175,15,0,0
967,8,weights,0.084565,0.046869,0.000686,0.132120,15,0,0
968,8,seq,0.164545,0.000225,0.000110,0.164879,15,11,0
968,8,par,0.067394,0.026349,0.026113,0.119856,15,11,0
968,8,weights,0.066612,0.026566,0.026171,0.119348,15,11,0
969,8,seq,0.212887,0.000157,0.000054,0.213098,15,3,0
969,8,par,0.083844,0.027171,0.031611,0.142626,15,3,0
969,8,weights,0.076674,0.025883,0.000202,0.102760,15,3,0
970,8,seq,0.138492,0.000220,0.000089,0.138802,15,6,0
970,8,par,0.059837,0.028184,0.022441,0.110462,15,6,0
970,8,weights,0.060880,0.025189,0.000196,0.086265,15,6,0
971,8,seq,0.196189,0.000171,0.000057,0.196417,15,6,0
971,8,par,0.072002,0.024860,0.024873,0.121735,15,6,0
971,8,weights,0.075221,0.025771,0.000153,0.101145,15,6,0
972,8,seq,0.145515,0.000254,0.000083,0.145853,15,8,0
972,8,par,0.062791,0.024329,0.024090,0.111210,15,8,0
972,8,weights,0.062858,0.024397,0.000183,0.087438,15,8,0
973,8,seq,0.133046,0.000205,0.011645,0.144896,30,52,256
973,8,par,0.057416,0.024133,0.162474,0.244023,30,52,256
973,8,weights,0.059592,0.024963,0.162159,0.246714,30,52,256
974,8,seq,0.219489,0.000201,0.136602,0.356292,38,86,2584
974,8,par,0.088671,0.026953,0.200360,0.315984,38,86,2584
974,8,weights,0.090723,0.026622,0.204642,0.321988,38,86,2584
975,8,seq,0.252408,0.000214,0.035422,0.288044,30,52,256
975,8,par,0.090292,0.025226,0.152682,0.268200,30,52,256
975,8,weights,0.087097,0.025187,0.198605,0.310889,30,52,256
976,8,seq,0.354979,0.000171,0.000233,0.355383,23,16,2
976,8,par,0.110610,0.027639,0.153100,0.291348,23,16,2
976,8,weights,0.118834,0.025272,0.148735,0.292840,23,16,2
977,8,seq,0.148950,0.000180,0.000062,0.149191,15,4,0
977,8,par,0.060066,0.025350,0.022422,0.107839,15,4,0
977,8,weights,0.063670,0.026853,0.000181,0.090705,15,4,0
978,8,seq,0.128276,0.000175,0.010869,0.139320,30,52,256
978,8,par,0.059033,0.024972,0.168196,0.252201,30,52,256
978,8,weights,0.055708,0.025177,0.163644,0.244528,30,52,256
979,8,seq,0.190700,0.000250,0.056855,0.247805,38,79,1244
979,8,par,0.077839,0.028276,0.187409,0.293524,38,79,1244
979,8,weights,0.074273,0.025681,0.193557,0.293511,38,79,1244
980,8,seq,0.128792,0.000277,0.000326,0.129395,15,13,1
980,8,par,0.055860,0.024639,0.152533,0.233033,15,13,1
980,8,weights,0.062398,0.025404,0.152989,0.240791,15,13,1
981,8,seq,0.381282,0.000231,0.001036,0.382549,31,34,10
981,8,par,0.137857,0.025003,0.156857,0.319717,31,34,10
981,8,weights,0.128470,0.025933,0.151371,0.305774,31,34,10
982,8,seq,0.117680,0.000212,0.003499,0.121390,23,34,82
982,8,par,0.060388,0.027413,0.152480,0.240281,23,34,82
982,8,weights,0.063537,0.027388,0.219335,0.310260,23,34,82
983,8,seq,0.133829,0.000222,0.001506,0.135556,23,30,32
983,8,par,0.055066,0.025751,0.161090,0.241906,23,30,32
983,8,weights,0.062982,0.026868,0.147210,0.237060,23,30,32
984,8,seq,0.121765,0.000170,0.000172,0.122107,15,13,1
984,8,par,0.059245,0.025480,0.148869,0.233594,15,13,1
984,8,weights,0.057557,0.027195,0.153308,0.238060,15,13,1
985,8,seq,0.155530,0.000177,0.000902,0.156609,31,34,10
985,8,par,0.058937,0.023276,0.149004,0.231217,31,34,10
985,8,weights,0.062870,0.026436,0.156701,0.246007,31,34,10
986,8,seq,0.168004,0.000160,0.000062,0.168226,15,6,0
986,8,par,0.062969,0.027296,0.021543,0.111808,15,6,0
986,8,weights,0.067114,0.025481,0.000157,0.092752,15,6,0
987,8,seq,0.287226,0.000181,0.072053,0.359461,38,80,1478
987,8,par,0.097327,0.025651,0.186220,0.309199,38,80,1478
987,8,weights,0.095402,0.024695,0.188580,0.308677,38,80,1478
988,8,seq,0.148380,0.000191,0.000194,0.148765,15,13,1
988,8,par,0.062665,0.025194,0.162395,0.250253,15,13,1
988,8,weights,0.066770,0.028044,0.148784,0.243598,15,13,1
989,8,seq,0.160343,0.000184,0.011101,0.171628,30,52,256
989,8,par,0.063713,0.026280,0.157795,0.247788,30,52,256
989,8,weights,0.064780,0.026886,0.158399,0.250065,30,52,256
990,8,seq,0.237725,0.000278,0.000285,0.238288,15,13,1
990,8,par,0.138795,0.027391,0.141721,0.307907,15,13,1
990,8,weights,0.086118,0.023884,0.150233,0.260235,15,13,1
991,8,seq,0.160432,0.000167,0.000058,0.160656,15,2,0
991,8,par,0.065123,0.023846,0.025511,0.114480,15,2,0
991,8,weights,0.065842,0.024773,0.000187,0.090801,15,2,0
992,8,seq,0.144331,0.000178,0.003506,0.148015,23,33,60
992,8,par,0.066639,0.023998,0.152308,0.242945,23,33,60
992,8,weights,0.065746,0.026474,0.148694,0.240914,23,33,60
993,8,seq,0.125201,0.000180,0.000195,0.125576,15,13,1
993,8,par,0.059510,0.026362,0.150355,0.236227,15,13,1
993,8,weights,0.056303,0.024414,0.148685,0.229402,15,13,1
994,8,seq,0.257838,0.000177,0.010905,0.268921,30,52,256
994,8,par,0.091291,0.025186,0.157811,0.274288,30,52,256
994,8,weights,0.087205,0.024619,0.155285,0.267109,30,52,256
995,8,seq,0.135219,0.000189,0.000071,0.135480,15,8,0
995,8,par,0.064986,0.026612,0.029898,0.121496,15,8,0
995,8,weights,0.067128,0.025081,0.000173,0.092382,15,8,0
996,8,seq,0.135420,0.000340,0.000122,0.135882,15,5,0
996,8,par,0.057596,0.024066,0.024388,0.106051,15,5,0
996,8,weights,0.059971,0.024100,0.024597,0.108669,15,5,0
997,8,seq,0.142480,0.000210,0.000088,0.142777,15,6,0
997,8,par,0.063021,0.023680,0.023714,0.110415,15,6,0
997,8,weights,0.058105,0.025151,0.000218,0.083474,15,6,0
998,8,seq,0.245692,0.000234,0.000107,0.246032,15,7,0
998,8,par,0.077083,0.025383,0.024538,0.127004,15,7,0
998,8,weights,0.079646,0.024894,0.000172,0.104712,15,7,0
999,8,seq,0.125656,0.000241,0.000266,0.126163,15,13,1
999,8,par,0.062957,0.026947,0.149540,0.239444,15,13,1
999,8,weights,0.057728,0.024351,0.141337,0.223417,15,13,1
1000,8,seq,0.110686,0.000164,0.000063,0.110913,15,3,0
1000,8,par,0.055215,0.026916,0.025731,0.107862,15,3,0
1000,8,weights,0.057216,0.024465,0.000181,0.081862,15,3,0
