sample,n_nets,perfil,t_p1,t_p2,t_p3,total_t,n_attractors,n_pairs,n_fields
1,10,seq,0.230764,0.000306,0.247223,0.478293,40,80,1024
1,10,par,0.099881,0.021571,0.266196,0.387649,40,80,1024
1,10,weights,0.085058,0.019693,0.258737,0.363488,40,80,1024
1,10,cpp_seq,0.004274,0.000088,0.041255,0.045619,40,80,1024
1,10,cpp_par,0.005472,0.000041,0.040406,0.045920,40,80,1024
1,10,cpp_adv,0.002207,0.000041,0.039854,0.042102,40,80,1024
2,10,seq,0.329020,0.000278,0.000121,0.329419,20,2,0
2,10,par,0.114456,0.021741,0.018227,0.154423,20,2,0
2,10,weights,0.114939,0.022128,0.000403,0.137471,20,2,0
2,10,cpp_seq,0.006079,0.000069,0.000020,0.006169,20,2,0
2,10,cpp_par,0.003252,0.000034,0.000017,0.003304,20,2,0
2,10,cpp_adv,0.002956,0.000032,0.000025,0.003014,20,2,0
3,10,seq,0.337046,0.000382,0.000426,0.337853,20,20,1
3,10,par,0.117913,0.021254,0.171871,0.311039,20,20,1
3,10,weights,0.136288,0.019131,0.163853,0.319272,20,20,1
3,10,cpp_seq,0.010601,0.000063,0.000113,0.010779,20,20,1
3,10,cpp_par,0.007023,0.000038,0.000115,0.007177,20,20,1
3,10,cpp_adv,0.005457,0.000034,0.000112,0.005603,20,20,1
4,10,seq,0.292265,0.000441,0.001125,0.293830,30,32,1
4,10,par,0.120329,0.022095,0.165154,0.307577,30,32,1
4,10,weights,0.092681,0.019431,0.177602,0.289714,30,32,1
4,10,cpp_seq,0.003077,0.000067,0.000179,0.003324,30,32,1
4,10,cpp_par,0.001881,0.000039,0.000192,0.002113,30,32,1
4,10,cpp_adv,0.001663,0.000036,0.000178,0.001878,30,32,1
5,10,seq,0.456711,0.000541,0.304209,0.761461,40,80,1024
5,10,par,0.196714,0.027853,0.331476,0.556043,40,80,1024
5,10,weights,0.162854,0.021956,0.411419,0.596229,40,80,1024
5,10,cpp_seq,0.006601,0.000075,0.042814,0.049491,40,80,1024
5,10,cpp_par,0.006259,0.000042,0.043351,0.049653,40,80,1024
5,10,cpp_adv,0.003361,0.000052,0.039502,0.042916,40,80,1024
6,10,seq,0.252859,0.000272,0.000289,0.253419,20,10,1
6,10,par,0.087137,0.020709,0.172263,0.280109,20,10,1
6,10,weights,0.093154,0.020680,0.175326,0.289160,20,10,1
6,10,cpp_seq,0.007678,0.000082,0.000069,0.007829,20,10,1
6,10,cpp_par,0.003952,0.000049,0.000065,0.004066,20,10,1
6,10,cpp_adv,0.003910,0.000035,0.000065,0.004011,20,10,1
7,10,seq,0.252174,0.000291,0.000274,0.252739,20,18,0
7,10,par,0.090425,0.021846,0.081934,0.194205,20,18,0
7,10,weights,0.091884,0.018949,0.077002,0.187836,20,18,0
7,10,cpp_seq,0.004785,0.000061,0.000050,0.004897,20,18,0
7,10,cpp_par,0.002597,0.000040,0.000141,0.002779,20,18,0
7,10,cpp_adv,0.002295,0.000034,0.000047,0.002376,20,18,0
8,10,seq,0.242658,0.000351,0.237564,0.480573,40,80,1024
8,10,par,0.088878,0.021048,0.272528,0.382454,40,80,1024
8,10,weights,0.088411,0.019868,0.388490,0.496769,40,80,1024
8,10,cpp_seq,0.005532,0.000078,0.040839,0.046451,40,80,1024
8,10,cpp_par,0.005239,0.000040,0.038848,0.044128,40,80,1024
8,10,cpp_adv,0.004152,0.000063,0.046574,0.050790,40,80,1024
9,10,seq,0.261488,0.000290,0.016276,0.278054,30,48,108
9,10,par,0.108622,0.025419,0.243034,0.377075,30,48,108
9,10,weights,0.120099,0.029350,0.223980,0.373429,30,48,108
9,10,cpp_seq,-1.112144,0.000088,0.003396,-1.108658,30,48,108
9,10,cpp_par,0.002970,0.000040,0.003639,0.006649,30,48,108
9,10,cpp_adv,0.002840,0.000037,0.003561,0.006439,30,48,108
10,10,seq,0.434044,0.000340,0.270224,0.704607,40,80,1024
10,10,par,0.118476,0.021640,0.277986,0.418102,40,80,1024
10,10,weights,0.113429,0.022314,0.274208,0.409951,40,80,1024
10,10,cpp_seq,0.009046,0.000077,0.040182,0.049306,40,80,1024
10,10,cpp_par,0.007632,0.000040,0.039676,0.047349,40,80,1024
10,10,cpp_adv,0.007227,0.000053,0.041749,0.049030,40,80,1024
11,10,seq,0.198132,0.000378,0.004220,0.202730,30,42,5
11,10,par,0.095949,0.024801,0.177039,0.297789,30,42,5
11,10,weights,0.094735,0.018966,0.184537,0.298238,30,42,5
11,10,cpp_seq,0.006204,0.000088,0.000782,0.007074,30,42,5
11,10,cpp_par,0.002951,0.000037,0.000660,0.003648,30,42,5
11,10,cpp_adv,0.003301,0.000050,0.000887,0.004239,30,42,5
12,10,seq,0.241785,0.000470,0.126070,0.368325,40,76,576
12,10,par,0.094498,0.024226,0.244589,0.363313,40,76,576
12,10,weights,0.105607,0.021247,0.240057,0.366911,40,76,576
12,10,cpp_seq,0.004139,0.000075,0.021810,0.026026,40,76,576
12,10,cpp_par,0.003692,0.000040,0.021747,0.025479,40,76,576
12,10,cpp_adv,0.002220,0.000041,0.021484,0.023745,40,76,576
13,10,seq,0.249772,0.000295,0.002284,0.252351,40,50,2
13,10,par,0.087082,0.021869,0.179290,0.288240,40,50,2
13,10,weights,0.087814,0.019927,0.181504,0.289245,40,50,2
13,10,cpp_seq,0.006582,0.000092,0.000495,0.007169,40,50,2
13,10,cpp_par,0.002896,0.000038,0.000495,0.003431,40,50,2
13,10,cpp_adv,0.003377,0.000076,0.000715,0.004169,40,50,2
14,10,seq,0.196606,0.000292,0.008902,0.205799,30,45,33
14,10,par,0.083866,0.024342,0.207185,0.315394,30,45,33
14,10,weights,0.078403,0.021819,0.179696,0.279918,30,45,33
14,10,cpp_seq,0.005798,0.000119,0.002419,0.008337,30,45,33
14,10,cpp_par,0.003707,0.000037,0.002061,0.005806,30,45,33
14,10,cpp_adv,0.002794,0.000037,0.001978,0.004809,30,45,33
15,10,seq,0.252770,0.000274,0.000123,0.253168,20,6,0
15,10,par,0.088833,0.020452,0.018293,0.127578,20,6,0
15,10,weights,0.098352,0.021601,0.000302,0.120256,20,6,0
15,10,cpp_seq,0.007196,0.000078,0.000022,0.007297,20,6,0
15,10,cpp_par,0.004040,0.000035,0.000017,0.004093,20,6,0
15,10,cpp_adv,0.003586,0.000032,0.000015,0.003634,20,6,0
16,10,seq,0.236975,0.000275,0.000086,0.237335,20,12,0
16,10,par,0.093110,0.020197,0.018605,0.131913,20,12,0
16,10,weights,0.092672,0.019233,0.000357,0.112262,20,12,0
16,10,cpp_seq,0.004510,0.000059,0.000019,0.004589,20,12,0
16,10,cpp_par,0.002851,0.000046,0.000019,0.002917,20,12,0
16,10,cpp_adv,0.002490,0.000036,0.000020,0.002547,20,12,0
17,10,seq,0.235176,0.000335,0.099270,0.334780,40,74,432
17,10,par,0.087425,0.024272,0.242215,0.353913,40,74,432
17,10,weights,0.116306,0.023964,0.254250,0.394521,40,74,432
17,10,cpp_seq,0.004165,0.000084,0.019649,0.023900,40,74,432
17,10,cpp_par,0.004374,0.000041,0.019066,0.023483,40,74,432
17,10,cpp_adv,0.002700,0.000054,0.018777,0.021532,40,74,432
18,10,seq,0.367853,0.000369,0.000583,0.368805,20,20,1
18,10,par,0.134773,0.026109,0.179712,0.340595,20,20,1
18,10,weights,0.125077,0.023115,0.182948,0.331141,20,20,1
18,10,cpp_seq,0.008927,0.000064,0.000117,0.009110,20,20,1
18,10,cpp_par,0.005027,0.000038,0.000117,0.005183,20,20,1
18,10,cpp_adv,0.004620,0.000037,0.000145,0.004803,20,20,1
19,10,seq,0.351716,0.000252,0.000123,0.352090,20,4,0
19,10,par,0.124958,0.023246,0.018093,0.166298,20,4,0
19,10,weights,0.123361,0.021822,0.000358,0.145540,20,4,0
19,10,cpp_seq,0.007999,0.000063,0.000018,0.008081,20,4,0
19,10,cpp_par,0.004454,0.000039,0.000017,0.004511,20,4,0
19,10,cpp_adv,0.004640,0.000035,0.000017,0.004692,20,4,0
20,10,seq,0.338108,0.000303,0.002549,0.340960,40,50,2
20,10,par,0.093478,0.019079,0.181816,0.294374,40,50,2
20,10,weights,0.102333,0.021856,0.192499,0.316687,40,50,2
20,10,cpp_seq,0.005751,0.000086,0.000510,0.006348,40,50,2
20,10,cpp_par,0.003073,0.000040,0.000512,0.003626,40,50,2
20,10,cpp_adv,0.002979,0.000040,0.000510,0.003530,40,50,2
21,10,seq,0.400532,0.000310,0.000823,0.401664,30,36,1
21,10,par,0.135024,0.024394,0.183376,0.342793,30,36,1
21,10,weights,0.139645,0.020664,0.176879,0.337189,30,36,1
21,10,cpp_seq,0.016905,0.000070,0.000202,0.017178,30,36,1
21,10,cpp_par,0.008571,0.000039,0.000202,0.008813,30,36,1
21,10,cpp_adv,0.008393,0.000039,0.000202,0.008634,30,36,1
22,10,seq,0.458184,0.000291,0.134915,0.593389,40,72,432
22,10,par,0.202733,0.021950,0.252213,0.476896,40,72,432
22,10,weights,0.177001,0.025129,0.249232,0.451361,40,72,432
22,10,cpp_seq,0.008073,0.000077,0.018869,0.027022,40,72,432
22,10,cpp_par,0.005534,0.000040,0.018500,0.024075,40,72,432
22,10,cpp_adv,0.003790,0.000054,0.017798,0.021644,40,72,432
23,10,seq,0.326559,0.000307,0.231890,0.558757,40,80,1024
23,10,par,0.132301,0.024908,0.335172,0.492382,40,80,1024
23,10,weights,0.143350,0.036150,0.354899,0.534399,40,80,1024
23,10,cpp_seq,0.011757,0.000093,0.040030,0.051881,40,80,1024
23,10,cpp_par,0.008997,0.000041,0.039158,0.048197,40,80,1024
23,10,cpp_adv,0.008519,0.000047,0.039006,0.047573,40,80,1024
24,10,seq,0.249727,0.000325,0.277716,0.527767,40,80,1024
24,10,par,0.088148,0.019657,0.310363,0.418168,40,80,1024
24,10,weights,0.083280,0.022537,0.284589,0.390406,40,80,1024
24,10,cpp_seq,0.004181,0.000081,0.039616,0.043880,40,80,1024
24,10,cpp_par,0.005817,0.000043,0.042333,0.048194,40,80,1024
24,10,cpp_adv,0.002687,0.000041,0.039005,0.041734,40,80,1024
25,10,seq,0.236448,0.000347,1.888633,2.125428,50,120,6132
25,10,par,0.166888,0.026786,1.004017,1.197691,50,120,6132
25,10,weights,0.092683,0.023893,0.958088,1.074663,50,120,6132
25,10,cpp_seq,0.003827,0.000103,0.261286,0.265217,50,120,6132
25,10,cpp_par,0.002680,0.000051,0.260554,0.263286,50,120,6132
25,10,cpp_adv,0.002070,0.000046,0.260082,0.262200,50,120,6132
26,10,seq,0.414808,0.000327,1.506572,1.921706,50,117,4865
26,10,par,0.122935,0.028099,0.891672,1.042706,50,117,4865
26,10,weights,0.133344,0.028274,0.709463,0.871081,50,117,4865
26,10,cpp_seq,0.018918,0.000085,0.208985,0.227989,50,117,4865
26,10,cpp_par,0.013716,0.000061,0.199072,0.212850,50,117,4865
26,10,cpp_adv,0.008858,0.000047,0.205337,0.214244,50,117,4865
27,10,seq,0.235560,0.000437,0.000145,0.236142,30,12,0
27,10,par,0.100060,0.025179,0.029873,0.155112,30,12,0
27,10,weights,0.096487,0.025811,0.000299,0.122596,30,12,0
27,10,cpp_seq,0.004738,0.000064,0.000018,0.004821,30,12,0
27,10,cpp_par,0.003038,0.000045,0.000022,0.003106,30,12,0
27,10,cpp_adv,0.002468,0.000037,0.000017,0.002522,30,12,0
28,10,seq,0.275261,0.000279,0.000462,0.276001,20,20,1
28,10,par,0.094675,0.025546,0.226212,0.346433,20,20,1
28,10,weights,0.098547,0.034197,0.237148,0.369892,20,20,1
28,10,cpp_seq,0.007902,0.000078,0.000110,0.008090,20,20,1
28,10,cpp_par,0.004053,0.000034,0.000181,0.004269,20,20,1
28,10,cpp_adv,0.007048,0.000037,0.000117,0.007203,20,20,1
29,10,seq,0.375682,0.000256,0.000098,0.376036,30,2,0
29,10,par,0.129988,0.030963,0.022372,0.183322,30,2,0
29,10,weights,0.127922,0.034579,0.000427,0.162927,30,2,0
29,10,cpp_seq,0.009380,0.000069,0.000019,0.009470,30,2,0
29,10,cpp_par,0.005124,0.000044,0.000018,0.005187,30,2,0
29,10,cpp_adv,0.004988,0.000045,0.000018,0.005051,30,2,0
30,10,seq,0.287832,0.000354,0.000399,0.288585,20,20,1
30,10,par,0.101847,0.030210,0.225002,0.357059,20,20,1
30,10,weights,0.102774,0.028047,0.229052,0.359874,20,20,1
30,10,cpp_seq,0.005364,0.000062,0.000112,0.005539,20,20,1
30,10,cpp_par,0.002977,0.000035,0.000112,0.003124,20,20,1
30,10,cpp_adv,0.003379,0.000055,0.000217,0.003652,20,20,1
31,10,seq,0.363572,0.000312,0.253581,0.617465,40,80,1024
31,10,par,0.127906,0.027198,0.323189,0.478293,40,80,1024
31,10,weights,0.117321,0.026899,0.448261,0.592481,40,80,1024
31,10,cpp_seq,0.007035,0.000090,0.042633,0.049759,40,80,1024
31,10,cpp_par,0.006241,0.000041,0.040306,0.046589,40,80,1024
31,10,cpp_adv,0.003482,0.000040,0.039556,0.043079,40,80,1024
32,10,seq,0.222826,0.000341,0.000257,0.223424,20,3,0
32,10,par,0.088869,0.030314,0.056553,0.175736,20,3,0
32,10,weights,0.094522,0.029354,0.050339,0.174215,20,3,0
32,10,cpp_seq,0.004197,0.000059,0.000025,0.004283,20,3,0
32,10,cpp_par,0.002352,0.000032,0.000022,0.002406,20,3,0
32,10,cpp_adv,0.002148,0.000032,0.000022,0.002203,20,3,0
33,10,seq,0.373185,0.000444,0.227208,0.600837,40,80,1024
33,10,par,0.146776,0.027737,0.323527,0.498040,40,80,1024
33,10,weights,0.152731,0.026829,0.447701,0.627261,40,80,1024
33,10,cpp_seq,0.014535,0.000077,0.040113,0.054727,40,80,1024
33,10,cpp_par,0.009700,0.000042,0.040198,0.049941,40,80,1024
33,10,cpp_adv,0.009888,0.000050,0.039057,0.048996,40,80,1024
34,10,seq,0.299697,0.000289,0.001929,0.301916,30,40,2
34,10,par,0.102285,0.024975,0.249836,0.377096,30,40,2
34,10,weights,0.106622,0.030615,0.236188,0.373425,30,40,2
34,10,cpp_seq,0.004722,0.000087,0.000507,0.005317,30,40,2
34,10,cpp_par,0.003141,0.000051,0.000444,0.003637,30,40,2
34,10,cpp_adv,0.002525,0.000052,0.000415,0.002992,30,40,2
35,10,seq,0.306326,0.000323,0.000283,0.306932,20,8,0
35,10,par,0.124044,0.030909,0.096544,0.251497,20,8,0
35,10,weights,0.110911,0.029293,0.100746,0.240950,20,8,0
35,10,cpp_seq,0.010515,0.000125,0.000047,0.010688,20,8,0
35,10,cpp_par,0.005273,0.000033,0.000101,0.005407,20,8,0
35,10,cpp_adv,0.005337,0.000035,0.000045,0.005417,20,8,0
36,10,seq,0.204186,0.000416,0.235177,0.439779,40,80,1024
36,10,par,0.089072,0.033345,0.341984,0.464401,40,80,1024
36,10,weights,0.087083,0.026591,0.323018,0.436692,40,80,1024
36,10,cpp_seq,0.003402,0.000099,0.040611,0.044113,40,80,1024
36,10,cpp_par,0.004547,0.000041,0.039464,0.044053,40,80,1024
36,10,cpp_adv,0.001703,0.000041,0.039307,0.041052,40,80,1024
37,10,seq,0.231145,0.000296,0.000139,0.231579,20,4,0
37,10,par,0.095063,0.028392,0.024776,0.148231,20,4,0
37,10,weights,0.092533,0.024859,0.000304,0.117695,20,4,0
37,10,cpp_seq,0.007079,0.000061,0.000020,0.007161,20,4,0
37,10,cpp_par,0.003962,0.000035,0.000019,0.004017,20,4,0
37,10,cpp_adv,0.003755,0.000035,0.000018,0.003809,20,4,0
38,10,seq,0.377926,0.000564,0.238337,0.616827,40,80,1024
38,10,par,0.141092,0.025376,0.433738,0.600206,40,80,1024
38,10,weights,0.136868,0.025391,0.334480,0.496739,40,80,1024
38,10,cpp_seq,0.012203,0.000075,0.039515,0.051795,40,80,1024
38,10,cpp_par,0.008984,0.000040,0.040414,0.049440,40,80,1024
38,10,cpp_adv,0.008647,0.000050,0.039450,0.048147,40,80,1024
39,10,seq,0.250157,0.000293,0.000242,0.250692,20,10,1
39,10,par,0.101310,0.025534,0.251177,0.378021,20,10,1
39,10,weights,0.111511,0.031251,0.219597,0.362359,20,10,1
39,10,cpp_seq,0.008125,0.000063,0.000071,0.008261,20,10,1
39,10,cpp_par,0.004205,0.000032,0.000063,0.004301,20,10,1
39,10,cpp_adv,0.004576,0.000035,0.000066,0.004677,20,10,1
40,10,seq,0.245655,0.000307,0.000326,0.246289,20,8,0
40,10,par,0.105156,0.026693,0.027024,0.158873,20,8,0
40,10,weights,0.120591,0.027521,0.025420,0.173533,20,8,0
40,10,cpp_seq,0.007309,0.000059,0.000020,0.007389,20,8,0
40,10,cpp_par,0.004322,0.000036,0.000021,0.004380,20,8,0
40,10,cpp_adv,0.003738,0.000035,0.000021,0.003795,20,8,0
41,10,seq,0.267229,0.000280,0.000532,0.268040,20,20,1
41,10,par,0.108656,0.030455,0.235411,0.374521,20,20,1
41,10,weights,0.100535,0.028561,0.229102,0.358199,20,20,1
41,10,cpp_seq,0.005435,0.000063,0.000116,0.005615,20,20,1
41,10,cpp_par,0.003068,0.000035,0.000112,0.003216,20,20,1
41,10,cpp_adv,0.002750,0.000034,0.000109,0.002893,20,20,1
42,10,seq,0.259348,0.000369,0.000293,0.260009,20,12,1
42,10,par,0.098540,0.027594,0.233031,0.359165,20,12,1
42,10,weights,0.112748,0.028284,0.231277,0.372309,20,12,1
42,10,cpp_seq,0.008517,0.000061,0.000069,0.008648,20,12,1
42,10,cpp_par,0.004154,0.000033,0.000067,0.004254,20,12,1
42,10,cpp_adv,0.004023,0.000034,0.000067,0.004124,20,12,1
43,10,seq,0.313222,0.000345,0.000548,0.314115,20,20,1
43,10,par,0.108180,0.030414,0.232632,0.371227,20,20,1
43,10,weights,0.100210,0.026294,0.222265,0.348769,20,20,1
43,10,cpp_seq,0.004917,0.000063,0.000116,0.005097,20,20,1
43,10,cpp_par,0.002682,0.000036,0.000116,0.002834,20,20,1
43,10,cpp_adv,0.002596,0.000051,0.000114,0.002762,20,20,1
44,10,seq,0.273421,0.000287,0.028385,0.302093,30,50,192
44,10,par,0.104094,0.025997,0.252667,0.382758,30,50,192
44,10,weights,0.104845,0.028851,0.344571,0.478267,30,50,192
44,10,cpp_seq,0.005713,0.000089,0.007240,0.013044,30,50,192
44,10,cpp_par,0.003629,0.000039,0.007139,0.010807,30,50,192
44,10,cpp_adv,0.003419,0.000037,0.007060,0.010517,30,50,192
45,10,seq,0.248965,0.000372,0.007137,0.256474,30,45,33
45,10,par,0.094876,0.029402,0.252837,0.377115,30,45,33
45,10,weights,0.095996,0.024205,0.251627,0.371828,30,45,33
45,10,cpp_seq,0.006320,0.000080,0.001636,0.008038,30,45,33
45,10,cpp_par,0.003591,0.000039,0.001907,0.005538,30,45,33
45,10,cpp_adv,0.003271,0.000039,0.001623,0.004934,30,45,33
46,10,seq,1.008521,0.000293,0.000093,1.008907,30,1,0
46,10,par,0.152444,0.028513,0.022892,0.203849,30,1,0
46,10,weights,0.154096,0.028031,0.000312,0.182439,30,1,0
46,10,cpp_seq,0.010625,0.000151,0.000020,0.010796,30,1,0
46,10,cpp_par,0.005174,0.000033,0.000016,0.005224,30,1,0
46,10,cpp_adv,0.005221,0.000046,0.000020,0.005288,30,1,0
47,10,seq,0.295743,0.000307,0.000415,0.296465,20,20,1
47,10,par,0.091718,0.026252,0.222341,0.340311,20,20,1
47,10,weights,0.096812,0.025731,0.223274,0.345817,20,20,1
47,10,cpp_seq,0.006560,0.000064,0.000115,0.006740,20,20,1
47,10,cpp_par,0.003756,0.000037,0.000114,0.003908,20,20,1
47,10,cpp_adv,0.003070,0.000035,0.000111,0.003216,20,20,1
48,10,seq,0.330867,0.000356,0.270384,0.601608,40,80,1024
48,10,par,0.119745,0.026828,0.322116,0.468689,40,80,1024
48,10,weights,0.108640,0.030834,0.339433,0.478907,40,80,1024
48,10,cpp_seq,0.007470,0.000078,0.041045,0.048594,40,80,1024
48,10,cpp_par,0.006337,0.000041,0.040873,0.047252,40,80,1024
48,10,cpp_adv,0.006319,0.000052,0.047715,0.054088,40,80,1024
49,10,seq,1.395037,0.000305,0.254361,1.649704,40,80,1024
49,10,par,0.092884,0.026919,0.320057,0.439861,40,80,1024
49,10,weights,0.091024,0.026320,0.331817,0.449161,40,80,1024
49,10,cpp_seq,0.004636,0.000079,0.040785,0.045502,40,80,1024
49,10,cpp_par,0.005042,0.000041,0.040307,0.045392,40,80,1024
49,10,cpp_adv,0.002781,0.000057,0.039542,0.042381,40,80,1024
50,10,seq,0.242828,0.000289,0.000317,0.243434,20,10,1
50,10,par,0.095345,0.025570,0.227931,0.348846,20,10,1
50,10,weights,0.100347,0.027323,0.214999,0.342669,20,10,1
50,10,cpp_seq,0.007399,0.000060,0.000084,0.007544,20,10,1
50,10,cpp_par,0.004079,0.000035,0.000066,0.004181,20,10,1
50,10,cpp_adv,0.003709,0.000033,0.000064,0.003806,20,10,1
51,10,seq,0.312513,0.000321,0.000381,0.313215,20,10,0
51,10,par,0.111874,0.026531,0.031489,0.169895,20,10,0
51,10,weights,0.117707,0.029025,0.024652,0.171385,20,10,0
51,10,cpp_seq,0.007102,0.000060,0.000022,0.007185,20,10,0
51,10,cpp_par,0.003557,0.000034,0.000020,0.003611,20,10,0
51,10,cpp_adv,0.004358,0.000037,0.000022,0.004418,20,10,0
52,10,seq,0.206213,0.000331,0.261458,0.468002,40,80,1024
52,10,par,0.079583,0.026691,0.342750,0.449023,40,80,1024
52,10,weights,0.087280,0.031914,0.330797,0.449991,40,80,1024
52,10,cpp_seq,0.003442,0.000078,0.039727,0.043248,40,80,1024
52,10,cpp_par,0.004870,0.000041,0.049421,0.054334,40,80,1024
52,10,cpp_adv,0.001688,0.000041,0.040011,0.041741,40,80,1024
53,10,seq,0.210468,0.000325,0.000209,0.211002,20,2,0
53,10,par,0.090193,0.027177,0.025486,0.142856,20,2,0
53,10,weights,0.087983,0.025149,0.000301,0.113433,20,2,0
53,10,cpp_seq,0.003994,0.000058,0.000019,0.004072,20,2,0
53,10,cpp_par,0.002244,0.000041,0.000022,0.002308,20,2,0
53,10,cpp_adv,0.002168,0.000033,0.000018,0.002219,20,2,0
54,10,seq,0.334923,0.000284,0.000410,0.335617,20,4,0
54,10,par,0.156055,0.027172,0.025203,0.208431,20,4,0
54,10,weights,0.124251,0.037717,0.028164,0.190132,20,4,0
54,10,cpp_seq,0.011785,0.000058,0.000020,0.011864,20,4,0
54,10,cpp_par,0.007133,0.000035,0.000020,0.007188,20,4,0
54,10,cpp_adv,0.006055,0.000034,0.000018,0.006107,20,4,0
55,10,seq,0.191697,0.000274,0.000121,0.192092,20,2,0
55,10,par,0.168391,0.030542,0.027630,0.226563,20,2,0
55,10,weights,0.089027,0.031114,0.000412,0.120553,20,2,0
55,10,cpp_seq,0.003075,0.000076,0.000022,0.003173,20,2,0
55,10,cpp_par,0.001751,0.000045,0.000021,0.001818,20,2,0
55,10,cpp_adv,0.001599,0.000057,0.000017,0.001673,20,2,0
56,10,seq,0.498882,0.000260,0.000411,0.499553,20,20,1
56,10,par,0.166966,0.026925,0.218276,0.412166,20,20,1
56,10,weights,0.173316,0.024204,0.220080,0.417600,20,20,1
56,10,cpp_seq,0.020010,0.000064,0.000112,0.020188,20,20,1
56,10,cpp_par,0.009338,0.000044,0.000114,0.009498,20,20,1
56,10,cpp_adv,0.010016,0.000037,0.000113,0.010167,20,20,1
57,10,seq,0.276039,0.002940,0.000986,0.279965,20,6,0
57,10,par,0.096258,0.029616,0.051819,0.177693,20,6,0
57,10,weights,0.085316,0.024120,0.050827,0.160263,20,6,0
57,10,cpp_seq,0.005643,0.000059,0.000024,0.005726,20,6,0
57,10,cpp_par,0.003258,0.000034,0.000023,0.003315,20,6,0
57,10,cpp_adv,0.003000,0.000038,0.000028,0.003066,20,6,0
58,10,seq,0.221200,0.000297,0.002009,0.223506,30,40,2
58,10,par,0.087239,0.025754,0.228910,0.341903,30,40,2
58,10,weights,0.091480,0.025995,0.223663,0.341138,30,40,2
58,10,cpp_seq,0.003544,0.000068,0.000436,0.004049,30,40,2
58,10,cpp_par,0.001734,0.000041,0.000440,0.002216,30,40,2
58,10,cpp_adv,0.001705,0.000047,0.000555,0.002308,30,40,2
59,10,seq,0.258698,0.000287,0.000240,0.259225,20,18,0
59,10,par,0.103876,0.026069,0.104701,0.234646,20,18,0
59,10,weights,0.135394,0.030773,0.072057,0.238224,20,18,0
59,10,cpp_seq,0.007989,0.000061,0.000042,0.008092,20,18,0
59,10,cpp_par,0.003969,0.000033,0.000038,0.004041,20,18,0
59,10,cpp_adv,0.003737,0.000035,0.000041,0.003814,20,18,0
60,10,seq,0.243987,0.000351,0.000317,0.244654,20,18,0
60,10,par,0.094058,0.027363,0.143860,0.265282,20,18,0
60,10,weights,0.089101,0.026813,0.151773,0.267687,20,18,0
60,10,cpp_seq,0.006355,0.000060,0.000067,0.006483,20,18,0
60,10,cpp_par,0.003866,0.000035,0.000069,0.003971,20,18,0
60,10,cpp_adv,0.003361,0.000033,0.000066,0.003461,20,18,0
61,10,seq,0.435792,0.000290,0.000270,0.436352,20,17,0
61,10,par,0.153504,0.026818,0.143051,0.323373,20,17,0
61,10,weights,0.169808,0.032846,0.142699,0.345353,20,17,0
61,10,cpp_seq,0.011813,0.000065,0.000052,0.011931,20,17,0
61,10,cpp_par,0.006681,0.000036,0.000051,0.006769,20,17,0
61,10,cpp_adv,0.006377,0.000066,0.000066,0.006510,20,17,0
62,10,seq,0.237102,0.000277,0.000120,0.237498,20,2,0
62,10,par,0.092898,0.027712,0.024373,0.144983,20,2,0
62,10,weights,0.096423,0.024977,0.000310,0.121710,20,2,0
62,10,cpp_seq,0.004961,0.000094,0.000025,0.005082,20,2,0
62,10,cpp_par,0.003014,0.000034,0.000020,0.003069,20,2,0
62,10,cpp_adv,0.002281,0.000033,0.000018,0.002333,20,2,0
63,10,seq,0.234872,0.000368,0.016484,0.251723,30,48,97
63,10,par,0.094909,0.026399,0.242431,0.363738,30,48,97
63,10,weights,0.099051,0.027188,0.233794,0.360033,30,48,97
63,10,cpp_seq,0.010272,0.000071,0.003741,0.014085,30,48,97
63,10,cpp_par,0.007846,0.000076,0.005203,0.013126,30,48,97
63,10,cpp_adv,0.005222,0.000038,0.003739,0.008999,30,48,97
64,10,seq,0.216152,0.000265,0.000973,0.217390,30,33,1
64,10,par,0.086838,0.024669,0.214852,0.326358,30,33,1
64,10,weights,0.087391,0.027900,0.228408,0.343699,30,33,1
64,10,cpp_seq,0.004826,0.000064,0.000268,0.005159,30,33,1
64,10,cpp_par,0.002568,0.000037,0.000287,0.002893,30,33,1
64,10,cpp_adv,0.002453,0.000038,0.000265,0.002756,30,33,1
65,10,seq,0.221676,0.000337,0.000457,0.222470,20,20,1
65,10,par,0.088066,0.029360,0.222169,0.339595,20,20,1
65,10,weights,0.090599,0.024004,0.212977,0.327580,20,20,1
65,10,cpp_seq,0.004890,0.000061,0.000111,0.005063,20,20,1
65,10,cpp_par,0.003717,0.000049,0.000156,0.003922,20,20,1
65,10,cpp_adv,0.002599,0.000034,0.000117,0.002750,20,20,1
66,10,seq,0.251995,0.000386,0.000301,0.252682,20,13,1
66,10,par,0.106176,0.030304,0.222266,0.358745,20,13,1
66,10,weights,0.114731,0.026126,0.220189,0.361046,20,13,1
66,10,cpp_seq,0.008166,0.000057,0.000066,0.008290,20,13,1
66,10,cpp_par,0.004429,0.000036,0.000089,0.004554,20,13,1
66,10,cpp_adv,0.004010,0.000036,0.000069,0.004116,20,13,1
67,10,seq,0.251618,0.000324,0.255294,0.507235,40,80,1024
67,10,par,0.097637,0.026694,0.316926,0.441258,40,80,1024
67,10,weights,0.100805,0.025836,0.357335,0.483977,40,80,1024
67,10,cpp_seq,0.007680,0.000094,0.040540,0.048315,40,80,1024
67,10,cpp_par,0.005743,0.000040,0.038928,0.044712,40,80,1024
67,10,cpp_adv,0.002913,0.000041,0.039487,0.042442,40,80,1024
68,10,seq,0.441613,0.000290,0.000268,0.442170,20,15,1
68,10,par,0.161239,0.025963,0.229485,0.416687,20,15,1
68,10,weights,0.170630,0.025980,0.222546,0.419156,20,15,1
68,10,cpp_seq,0.018077,0.000061,0.000072,0.018211,20,15,1
68,10,cpp_par,0.009664,0.000045,0.000073,0.009783,20,15,1
68,10,cpp_adv,0.009146,0.000035,0.000070,0.009251,20,15,1
69,10,seq,0.281260,0.000464,0.252214,0.533938,40,80,1025
69,10,par,0.103767,0.028334,0.316616,0.448717,40,80,1025
69,10,weights,0.107879,0.033067,0.457328,0.598274,40,80,1025
69,10,cpp_seq,0.005200,0.000076,0.041182,0.046460,40,80,1025
69,10,cpp_par,0.004850,0.000041,0.041849,0.046742,40,80,1025
69,10,cpp_adv,0.002058,0.000043,0.040491,0.042593,40,80,1025
70,10,seq,0.443433,0.000502,0.000388,0.444323,20,18,0
70,10,par,0.153784,0.031016,0.072817,0.257617,20,18,0
70,10,weights,0.129503,0.027124,0.071337,0.227964,20,18,0
70,10,cpp_seq,0.009549,0.000062,0.000042,0.009655,20,18,0
70,10,cpp_par,0.005300,0.000036,0.000041,0.005377,20,18,0
70,10,cpp_adv,0.004852,0.000034,0.000040,0.004926,20,18,0
71,10,seq,0.251542,0.000257,0.000412,0.252211,20,20,1
71,10,par,0.095944,0.026136,0.216959,0.339039,20,20,1
71,10,weights,0.105275,0.026767,0.219220,0.351262,20,20,1
71,10,cpp_seq,0.004918,0.000075,0.000115,0.005109,20,20,1
71,10,cpp_par,0.002498,0.000036,0.000123,0.002658,20,20,1
71,10,cpp_adv,0.002376,0.000034,0.000111,0.002522,20,20,1
72,10,seq,0.251767,0.000275,0.000206,0.252248,20,5,0
72,10,par,0.102673,0.032710,0.076669,0.212053,20,5,0
72,10,weights,0.099924,0.025783,0.076790,0.202498,20,5,0
72,10,cpp_seq,0.006168,0.000061,0.000101,0.006331,20,5,0
72,10,cpp_par,0.002888,0.000033,0.000027,0.002948,20,5,0
72,10,cpp_adv,0.004923,0.000050,0.000037,0.005012,20,5,0
73,10,seq,0.216162,0.000278,0.000433,0.216873,20,20,1
73,10,par,0.087324,0.026904,0.214295,0.328524,20,20,1
73,10,weights,0.086307,0.029675,0.214056,0.330038,20,20,1
73,10,cpp_seq,0.005376,0.000061,0.000113,0.005551,20,20,1
73,10,cpp_par,0.002857,0.000035,0.000130,0.003024,20,20,1
73,10,cpp_adv,0.002885,0.000037,0.000171,0.003094,20,20,1
74,10,seq,0.365492,0.000471,0.000320,0.366284,20,10,0
74,10,par,0.143793,0.025266,0.071596,0.240654,20,10,0
74,10,weights,0.146022,0.028971,0.072834,0.247828,20,10,0
74,10,cpp_seq,0.009297,0.000073,0.000033,0.009404,20,10,0
74,10,cpp_par,0.004995,0.000035,0.000030,0.005061,20,10,0
74,10,cpp_adv,0.005672,0.000085,0.000035,0.005793,20,10,0
75,10,seq,0.229926,0.000465,0.012326,0.242717,30,45,62
75,10,par,0.080695,0.026488,0.264031,0.371214,30,45,62
75,10,weights,0.083380,0.023808,0.235459,0.342648,30,45,62
75,10,cpp_seq,0.003708,0.000072,0.002375,0.006156,30,45,62
75,10,cpp_par,0.002312,0.000041,0.002686,0.005041,30,45,62
75,10,cpp_adv,0.001871,0.000039,0.002542,0.004453,30,45,62
76,10,seq,0.258245,0.000296,0.050774,0.309315,30,54,432
76,10,par,0.106582,0.027234,0.262152,0.395969,30,54,432
76,10,weights,0.101599,0.029594,0.262044,0.393237,30,54,432
76,10,cpp_seq,0.002817,0.000069,0.013212,0.016099,30,54,432
76,10,cpp_par,0.002825,0.000038,0.011372,0.014236,30,54,432
76,10,cpp_adv,0.001874,0.000038,0.011070,0.012983,30,54,432
77,10,seq,0.340790,0.000319,3.076123,3.417232,50,126,10528
77,10,par,0.159368,0.026101,1.413029,1.598497,50,126,10528
77,10,weights,0.124516,0.029455,1.540592,1.694562,50,126,10528
77,10,cpp_seq,0.014912,0.000086,0.416828,0.431828,50,126,10528
77,10,cpp_par,0.008677,0.000055,0.410535,0.419269,50,126,10528
77,10,cpp_adv,0.009721,0.000070,0.411153,0.420946,50,126,10528
78,10,seq,0.402032,0.000475,2.144788,2.547295,50,124,8064
78,10,par,0.155649,0.028299,1.089345,1.273293,50,124,8064
78,10,weights,0.101487,0.028529,1.252093,1.382109,50,124,8064
78,10,cpp_seq,0.004222,0.000086,0.293475,0.297785,50,124,8064
78,10,cpp_par,0.002731,0.000046,0.287060,0.289838,50,124,8064
78,10,cpp_adv,0.002311,0.000046,0.287048,0.289405,50,124,8064
79,10,seq,0.271555,0.000479,0.258026,0.530061,40,80,1024
79,10,par,0.123952,0.042449,0.407803,0.574204,40,80,1024
79,10,weights,0.101510,0.029144,0.340311,0.470965,40,80,1024
79,10,cpp_seq,0.003845,0.000091,0.041158,0.045096,40,80,1024
79,10,cpp_par,0.005077,0.000041,0.039168,0.044287,40,80,1024
79,10,cpp_adv,0.001942,0.000042,0.039423,0.041408,40,80,1024
80,10,seq,0.216406,0.000308,0.000412,0.217126,20,20,1
80,10,par,0.092446,0.028968,0.228493,0.349908,20,20,1
80,10,weights,0.107525,0.069572,0.310071,0.487167,20,20,1
80,10,cpp_seq,0.005196,0.000065,0.000165,0.005427,20,20,1
80,10,cpp_par,0.002695,0.000034,0.000107,0.002837,20,20,1
80,10,cpp_adv,0.002505,0.000034,0.000107,0.002646,20,20,1
81,10,seq,0.277295,0.000297,0.000504,0.278096,30,24,1
81,10,par,0.107705,0.031463,0.225820,0.364988,30,24,1
81,10,weights,0.116984,0.032500,0.234471,0.383955,30,24,1
81,10,cpp_seq,0.006684,0.000104,0.000153,0.006943,30,24,1
81,10,cpp_par,0.003058,0.000036,0.000138,0.003233,30,24,1
81,10,cpp_adv,0.002835,0.000037,0.000120,0.002992,30,24,1
82,10,seq,0.259935,0.000376,0.260313,0.520625,40,80,1024
82,10,par,0.096984,0.025485,0.335123,0.457592,40,80,1024
82,10,weights,0.100247,0.026862,0.345453,0.472562,40,80,1024
82,10,cpp_seq,0.005307,0.000075,0.040693,0.046076,40,80,1024
82,10,cpp_par,0.005733,0.000042,0.039802,0.045578,40,80,1024
82,10,cpp_adv,0.002786,0.000041,0.039840,0.042669,40,80,1024
83,10,seq,0.267344,0.000338,0.250887,0.518570,40,80,1024
83,10,par,0.100179,0.028053,0.331074,0.459306,40,80,1024
83,10,weights,0.103932,0.026093,0.348903,0.478927,40,80,1024
83,10,cpp_seq,0.006425,0.000078,0.042059,0.048563,40,80,1024
83,10,cpp_par,0.006176,0.000041,0.039877,0.046095,40,80,1024
83,10,cpp_adv,0.005733,0.000048,0.038922,0.044704,40,80,1024
84,10,seq,0.300086,0.000417,0.017642,0.318145,30,48,99
84,10,par,0.122852,0.034786,0.287503,0.445141,30,48,99
84,10,weights,0.120086,0.029109,0.250741,0.399935,30,48,99
84,10,cpp_seq,0.007988,0.000071,0.004828,0.012889,30,48,99
84,10,cpp_par,0.004088,0.000038,0.004206,0.008332,30,48,99
84,10,cpp_adv,0.003912,0.000040,0.003807,0.007759,30,48,99
85,10,seq,0.211742,0.000290,0.058504,0.270535,30,54,432
85,10,par,0.092443,0.027265,0.264521,0.384229,30,54,432
85,10,weights,0.089498,0.029680,0.269926,0.389105,30,54,432
85,10,cpp_seq,0.007575,0.000070,0.012620,0.020266,30,54,432
85,10,cpp_par,0.005541,0.000043,0.012598,0.018183,30,54,432
85,10,cpp_adv,0.004718,0.000039,0.012151,0.016909,30,54,432
86,10,seq,0.207358,0.000278,0.000395,0.208031,20,20,1
86,10,par,0.100427,0.031947,0.231440,0.363813,20,20,1
86,10,weights,0.086361,0.029458,0.235954,0.351774,20,20,1
86,10,cpp_seq,0.008074,0.000119,0.000213,0.008406,20,20,1
86,10,cpp_par,0.003913,0.000035,0.000111,0.004060,20,20,1
86,10,cpp_adv,0.003505,0.000035,0.000111,0.003651,20,20,1
87,10,seq,0.226947,0.000423,0.000516,0.227885,20,20,1
87,10,par,0.090662,0.025211,0.225031,0.340904,20,20,1
87,10,weights,0.102897,0.032887,0.242604,0.378389,20,20,1
87,10,cpp_seq,0.006654,0.000064,0.000115,0.006834,20,20,1
87,10,cpp_par,0.003542,0.000046,0.000126,0.003715,20,20,1
87,10,cpp_adv,0.003138,0.000034,0.000112,0.003285,20,20,1
88,10,seq,0.499947,0.000268,0.026936,0.527151,30,50,164
88,10,par,0.174350,0.029209,0.258569,0.462128,30,50,164
88,10,weights,0.179104,0.025873,0.259771,0.464748,30,50,164
88,10,cpp_seq,0.017028,0.000070,0.006026,0.023125,30,50,164
88,10,cpp_par,0.009094,0.000038,0.005803,0.014936,30,50,164
88,10,cpp_adv,0.012456,0.000049,0.006311,0.018816,30,50,164
89,10,seq,0.261373,0.000263,0.000403,0.262039,20,20,1
89,10,par,0.104428,0.025455,0.232446,0.362329,20,20,1
89,10,weights,0.105008,0.029245,0.239198,0.373451,20,20,1
89,10,cpp_seq,0.008084,0.000063,0.000114,0.008261,20,20,1
89,10,cpp_par,0.005685,0.000046,0.000149,0.005881,20,20,1
89,10,cpp_adv,0.004048,0.000048,0.000150,0.004247,20,20,1
90,10,seq,0.304777,0.000304,0.231372,0.536452,40,80,1024
90,10,par,0.111133,0.025289,0.337636,0.474058,40,80,1024
90,10,weights,0.112861,0.031283,0.345362,0.489506,40,80,1024
90,10,cpp_seq,0.007452,0.000075,0.041554,0.049082,40,80,1024
90,10,cpp_par,0.006878,0.000041,0.042146,0.049067,40,80,1024
90,10,cpp_adv,0.006305,0.000050,0.042561,0.048917,40,80,1024
91,10,seq,0.320679,0.000293,0.017635,0.338606,30,48,120
91,10,par,0.120676,0.027947,0.247906,0.396529,30,48,120
91,10,weights,0.125678,0.029117,0.245967,0.400763,30,48,120
91,10,cpp_seq,0.018426,0.000072,0.004157,0.022656,30,48,120
91,10,cpp_par,0.009482,0.000038,0.003997,0.013518,30,48,120
91,10,cpp_adv,0.009067,0.000037,0.004014,0.013120,30,48,120
92,10,seq,0.351633,0.000253,0.000127,0.352013,20,2,0
92,10,par,0.128868,0.067116,0.057743,0.253726,20,2,0
92,10,weights,0.161409,0.025170,0.000322,0.186901,20,2,0
92,10,cpp_seq,0.012015,0.000065,0.000025,0.012106,20,2,0
92,10,cpp_par,0.006633,0.000034,0.000019,0.006686,20,2,0
92,10,cpp_adv,0.006141,0.000037,0.000018,0.006197,20,2,0
93,10,seq,0.355312,0.000297,0.009305,0.364914,30,44,41
93,10,par,0.139084,0.032289,0.244861,0.416234,30,44,41
93,10,weights,1.406876,0.036765,0.253019,1.696660,30,44,41
93,10,cpp_seq,0.016227,0.000071,0.002338,0.018637,30,44,41
93,10,cpp_par,0.008027,0.000038,0.002431,0.010497,30,44,41
93,10,cpp_adv,0.007754,0.000039,0.002327,0.010120,30,44,41
94,10,seq,0.295106,0.000309,3.065518,3.360933,50,126,10336
94,10,par,1.871244,0.029407,1.422593,3.323244,50,126,10336
94,10,weights,0.111119,0.029702,1.407426,1.548247,50,126,10336
94,10,cpp_seq,0.006593,0.000084,0.412487,0.419166,50,126,10336
94,10,cpp_par,0.003845,0.000045,0.414203,0.418094,50,126,10336
94,10,cpp_adv,0.004196,0.000056,0.405914,0.410167,50,126,10336
95,10,seq,1.091318,0.000308,3.489605,4.581231,50,127,12229
95,10,par,0.105509,0.027863,1.648655,1.782028,50,127,12229
95,10,weights,0.099735,0.029359,1.674482,1.803576,50,127,12229
95,10,cpp_seq,0.007094,0.000083,0.524570,0.531749,50,127,12229
95,10,cpp_par,0.004949,0.000054,0.466857,0.471862,50,127,12229
95,10,cpp_adv,0.004454,0.000056,0.473248,0.477760,50,127,12229
96,10,seq,0.279054,0.000419,0.028436,0.307909,30,50,146
96,10,par,0.111615,0.042719,0.291081,0.445415,30,50,146
96,10,weights,0.094249,0.029463,0.272985,0.396697,30,50,146
96,10,cpp_seq,0.007943,0.000089,0.005640,0.013673,30,50,146
96,10,cpp_par,0.004150,0.000038,0.005423,0.009612,30,50,146
96,10,cpp_adv,0.004345,0.000077,0.005664,0.010088,30,50,146
97,10,seq,0.266033,0.000321,0.847183,1.113536,40,92,4509
97,10,par,0.110802,0.032729,0.678730,0.822261,40,92,4509
97,10,weights,0.119249,0.030182,0.676558,0.825989,40,92,4509
97,10,cpp_seq,0.006908,0.000101,0.143491,0.150501,40,92,4509
97,10,cpp_par,0.004366,0.000043,0.143096,0.147507,40,92,4509
97,10,cpp_adv,0.003935,0.000054,0.139185,0.143175,40,92,4509
98,10,seq,0.239958,0.000294,0.000124,0.240375,20,3,0
98,10,par,0.109453,0.033971,0.027752,0.171177,20,3,0
98,10,weights,0.096536,0.028541,0.000304,0.125381,20,3,0
98,10,cpp_seq,0.004262,0.000060,0.000017,0.004340,20,3,0
98,10,cpp_par,0.002109,0.000039,0.000020,0.002169,20,3,0
98,10,cpp_adv,0.001944,0.000033,0.000016,0.001993,20,3,0
99,10,seq,0.298406,0.000342,0.079096,0.377844,30,56,576
99,10,par,0.115758,0.034075,0.308638,0.458471,30,56,576
99,10,weights,0.113677,0.031735,0.359845,0.505257,30,56,576
99,10,cpp_seq,0.008987,0.000070,0.019391,0.028450,30,56,576
99,10,cpp_par,0.004945,0.000039,0.017727,0.022712,30,56,576
99,10,cpp_adv,0.004496,0.000044,0.017870,0.022410,30,56,576
100,10,seq,0.263229,0.000288,0.000394,0.263911,30,20,1
100,10,par,0.102678,0.025597,0.242789,0.371064,30,20,1
100,10,weights,0.101760,0.030275,0.244484,0.376518,30,20,1
100,10,cpp_seq,0.006934,0.000063,0.000113,0.007110,30,20,1
100,10,cpp_par,0.003853,0.000038,0.000115,0.004007,30,20,1
100,10,cpp_adv,0.003520,0.000057,0.000126,0.003703,30,20,1
101,10,seq,0.177944,0.000276,0.000249,0.178469,20,10,0
101,10,par,0.077201,0.027353,0.025930,0.130484,20,10,0
101,10,weights,0.079141,0.028696,0.025294,0.133131,20,10,0
101,10,cpp_seq,0.001893,0.000076,0.000023,0.001993,20,10,0
101,10,cpp_par,0.001244,0.000033,0.000019,0.001297,20,10,0
101,10,cpp_adv,0.001105,0.000033,0.000019,0.001157,20,10,0
102,10,seq,0.407148,0.000285,0.010176,0.417609,30,45,58
102,10,par,0.174158,0.027152,0.251122,0.452431,30,45,58
102,10,weights,0.147877,0.029950,0.251301,0.429128,30,45,58
102,10,cpp_seq,0.014162,0.000070,0.002451,0.016685,30,45,58
102,10,cpp_par,0.007547,0.000037,0.002509,0.010093,30,45,58
102,10,cpp_adv,0.007166,0.000038,0.002334,0.009539,30,45,58
103,10,seq,0.216083,0.000263,0.000429,0.216775,20,20,1
103,10,par,0.076805,0.028058,0.237938,0.342801,20,20,1
103,10,weights,0.079052,0.027519,0.317184,0.423755,20,20,1
103,10,cpp_seq,0.004003,0.000063,0.000114,0.004181,20,20,1
103,10,cpp_par,0.002000,0.000034,0.000137,0.002172,20,20,1
103,10,cpp_adv,0.001753,0.000033,0.000142,0.001929,20,20,1
104,10,seq,0.288298,0.000426,0.231419,0.520144,40,80,1024
104,10,par,0.108634,0.029812,0.379088,0.517534,40,80,1024
104,10,weights,0.108914,0.030769,0.364133,0.503816,40,80,1024
104,10,cpp_seq,0.003744,0.000080,0.039532,0.043357,40,80,1024
104,10,cpp_par,0.004971,0.000041,0.039396,0.044409,40,80,1024
104,10,cpp_adv,0.002127,0.000039,0.039428,0.041596,40,80,1024
105,10,seq,0.234160,0.000430,0.000535,0.235125,20,20,1
105,10,par,0.104790,0.033899,0.289676,0.428364,20,20,1
105,10,weights,0.120040,0.032522,0.254015,0.406577,20,20,1
105,10,cpp_seq,0.005985,0.000083,0.000115,0.006184,20,20,1
105,10,cpp_par,0.003516,0.000035,0.000114,0.003666,20,20,1
105,10,cpp_adv,0.003083,0.000033,0.000109,0.003226,20,20,1
106,10,seq,0.507275,0.000331,1.394299,1.901905,50,118,4609
106,10,par,0.174038,0.029252,0.791526,0.994815,50,118,4609
106,10,weights,0.173687,0.030521,0.945315,1.149522,50,118,4609
106,10,cpp_seq,0.016812,0.000084,0.184476,0.201375,50,118,4609
106,10,cpp_par,0.008567,0.000048,0.188656,0.197273,50,118,4609
106,10,cpp_adv,0.009575,0.000050,0.195795,0.205421,50,118,4609
107,10,seq,1.189016,0.000327,0.231744,1.421087,40,80,1024
107,10,par,0.113000,0.028843,0.462761,0.604605,40,80,1024
107,10,weights,0.104632,0.031087,0.387427,0.523146,40,80,1024
107,10,cpp_seq,0.003301,0.000077,0.041179,0.044560,40,80,1024
107,10,cpp_par,0.004921,0.000094,0.040792,0.045807,40,80,1024
107,10,cpp_adv,0.001737,0.000065,0.041390,0.043193,40,80,1024
108,10,seq,0.239038,0.000320,0.225895,0.465253,40,80,1024
108,10,par,0.125998,0.033998,0.410401,0.570397,40,80,1024
108,10,weights,0.099052,0.027937,0.365639,0.492628,40,80,1024
108,10,cpp_seq,0.004883,0.000096,0.040322,0.045303,40,80,1024
108,10,cpp_par,0.005650,0.000078,0.040042,0.045771,40,80,1024
108,10,cpp_adv,0.002357,0.000041,0.041222,0.043621,40,80,1024
109,10,seq,0.519115,0.000283,1.325715,1.845112,40,98,6149
109,10,par,0.189929,0.026877,0.866450,1.083256,40,98,6149
109,10,weights,0.180979,0.027037,0.759108,0.967124,40,98,6149
109,10,cpp_seq,0.008730,0.000077,0.208972,0.217781,40,98,6149
109,10,cpp_par,0.005167,0.000045,0.207523,0.212735,40,98,6149
109,10,cpp_adv,0.004331,0.000043,0.206892,0.211266,40,98,6149
110,10,seq,0.476566,0.000272,0.000190,0.477028,20,10,0
110,10,par,0.165450,0.029313,0.023584,0.218347,20,10,0
110,10,weights,0.159139,0.023522,0.024509,0.207170,20,10,0
110,10,cpp_seq,0.013464,0.000059,0.000021,0.013545,20,10,0
110,10,cpp_par,0.006976,0.000036,0.000053,0.007066,20,10,0
110,10,cpp_adv,0.006505,0.000034,0.000020,0.006559,20,10,0
111,10,seq,0.403689,0.000313,0.002499,0.406500,40,50,2
111,10,par,0.129764,0.026575,0.220046,0.376384,40,50,2
111,10,weights,0.129076,0.029331,0.217325,0.375731,40,50,2
111,10,cpp_seq,0.010654,0.000075,0.000498,0.011228,40,50,2
111,10,cpp_par,0.006820,0.000051,0.000502,0.007374,40,50,2
111,10,cpp_adv,0.005791,0.000043,0.000533,0.006368,40,50,2
112,10,seq,0.524731,0.000291,0.000505,0.525527,20,20,1
112,10,par,0.091196,0.025706,0.315733,0.432634,20,20,1
112,10,weights,0.087107,0.025678,0.209335,0.322119,20,20,1
112,10,cpp_seq,0.005841,0.000061,0.000112,0.006015,20,20,1
112,10,cpp_par,0.003468,0.000048,0.000114,0.003631,20,20,1
112,10,cpp_adv,0.003057,0.000034,0.000111,0.003203,20,20,1
113,10,seq,0.582224,0.000328,0.000923,0.583474,30,30,0
113,10,par,0.181833,0.025551,0.230095,0.437479,30,30,0
113,10,weights,0.177681,0.024533,0.216939,0.419152,30,30,0
113,10,cpp_seq,0.024028,0.000067,0.000165,0.024261,30,30,0
113,10,cpp_par,0.012767,0.000039,0.000181,0.012988,30,30,0
113,10,cpp_adv,0.012024,0.000038,0.000164,0.012226,30,30,0
114,10,seq,0.476834,0.000295,0.000095,0.477225,30,5,0
114,10,par,0.155532,0.026499,0.023712,0.205743,30,5,0
114,10,weights,0.158746,0.026756,0.000313,0.185815,30,5,0
114,10,cpp_seq,0.012137,0.000061,0.000020,0.012218,30,5,0
114,10,cpp_par,0.006697,0.000037,0.000020,0.006755,30,5,0
114,10,cpp_adv,0.006010,0.000034,0.000019,0.006063,30,5,0
115,10,seq,0.252611,0.000367,0.000558,0.253536,20,20,1
115,10,par,0.082366,0.025122,0.223460,0.330948,20,20,1
115,10,weights,0.091982,0.023647,0.206664,0.322294,20,20,1
115,10,cpp_seq,0.005439,0.000058,0.000107,0.005606,20,20,1
115,10,cpp_par,0.003531,0.000067,0.000115,0.003713,20,20,1
115,10,cpp_adv,0.002532,0.000034,0.000111,0.002678,20,20,1
116,10,seq,0.244952,0.000311,0.229910,0.475173,40,80,1024
116,10,par,1.339635,0.027606,0.335470,1.702712,40,80,1024
116,10,weights,0.107134,0.030101,0.346545,0.483780,40,80,1024
116,10,cpp_seq,0.004919,0.000077,0.041479,0.046476,40,80,1024
116,10,cpp_par,0.005307,0.000040,0.039636,0.044984,40,80,1024
116,10,cpp_adv,0.002348,0.000041,0.039919,0.042308,40,80,1024
117,10,seq,0.260493,0.000331,0.000324,0.261148,20,16,1
117,10,par,0.130024,0.025467,0.207536,0.363027,20,16,1
117,10,weights,0.105475,0.027431,0.216316,0.349223,20,16,1
117,10,cpp_seq,0.006763,0.000061,0.000073,0.006898,20,16,1
117,10,cpp_par,0.004056,0.000042,0.000074,0.004173,20,16,1
117,10,cpp_adv,0.003416,0.000034,0.000070,0.003521,20,16,1
118,10,seq,0.243093,0.000284,0.000406,0.243783,20,20,1
118,10,par,0.104286,0.025597,0.207883,0.337765,20,20,1
118,10,weights,0.107220,0.028292,0.217285,0.352797,20,20,1
118,10,cpp_seq,0.007236,0.000062,0.000112,0.007411,20,20,1
118,10,cpp_par,0.004193,0.000037,0.000114,0.004346,20,20,1
118,10,cpp_adv,0.003531,0.000034,0.000111,0.003677,20,20,1
119,10,seq,0.217253,0.000296,0.000409,0.217957,20,20,1
119,10,par,0.085981,0.025325,0.210320,0.321627,20,20,1
119,10,weights,0.096082,0.026956,0.225378,0.348416,20,20,1
119,10,cpp_seq,0.006258,0.000083,0.000224,0.006566,20,20,1
119,10,cpp_par,0.005106,0.000044,0.000114,0.005266,20,20,1
119,10,cpp_adv,0.002911,0.000034,0.000107,0.003052,20,20,1
120,10,seq,0.282775,0.000380,0.258830,0.541985,40,80,1024
120,10,par,0.105864,0.027148,0.313285,0.446297,40,80,1024
120,10,weights,0.112146,0.025153,0.330734,0.468032,40,80,1024
120,10,cpp_seq,0.007097,0.000076,0.041729,0.048904,40,80,1024
120,10,cpp_par,0.006734,0.000055,0.042552,0.049342,40,80,1024
120,10,cpp_adv,0.006543,0.000051,0.040958,0.047554,40,80,1024
121,10,seq,0.272044,0.000304,0.000256,0.272604,20,10,0
121,10,par,0.131389,0.029950,0.022749,0.184087,20,10,0
121,10,weights,0.108069,0.026406,0.024428,0.158903,20,10,0
121,10,cpp_seq,0.009681,0.000061,0.000022,0.009766,20,10,0
121,10,cpp_par,0.005417,0.000034,0.000022,0.005474,20,10,0
121,10,cpp_adv,0.004917,0.000034,0.000020,0.004971,20,10,0
122,10,seq,0.213496,0.000285,0.000444,0.214226,20,20,1
122,10,par,0.091065,0.025098,0.209015,0.325178,20,20,1
122,10,weights,0.092556,0.025802,0.219335,0.337693,20,20,1
122,10,cpp_seq,0.004948,0.000062,0.000113,0.005124,20,20,1
122,10,cpp_par,0.002864,0.000034,0.000111,0.003009,20,20,1
122,10,cpp_adv,0.002701,0.000037,0.000114,0.002853,20,20,1
123,10,seq,0.200040,0.000280,0.000416,0.200736,20,20,2
123,10,par,0.080425,0.027338,0.208359,0.316122,20,20,2
123,10,weights,0.084641,0.023885,0.220058,0.328583,20,20,2
123,10,cpp_seq,0.004117,0.000062,0.000115,0.004294,20,20,2
123,10,cpp_par,0.002351,0.000048,0.000273,0.002673,20,20,2
123,10,cpp_adv,0.002268,0.000036,0.000116,0.002420,20,20,2
124,10,seq,0.233845,0.000380,0.000381,0.234606,20,20,1
124,10,par,0.096206,0.024991,0.300718,0.421914,20,20,1
124,10,weights,0.089667,0.025201,0.214924,0.329793,20,20,1
124,10,cpp_seq,0.006760,0.000061,0.000112,0.006934,20,20,1
124,10,cpp_par,0.003767,0.000034,0.000111,0.003912,20,20,1
124,10,cpp_adv,0.004330,0.000038,0.000114,0.004482,20,20,1
125,10,seq,0.251276,0.000307,0.259401,0.510985,40,80,1024
125,10,par,0.100377,0.026195,0.334112,0.460684,40,80,1024
125,10,weights,0.094085,0.025977,0.326412,0.446474,40,80,1024
125,10,cpp_seq,0.005891,0.000086,0.039097,0.045075,40,80,1024
125,10,cpp_par,0.006562,0.000042,0.045108,0.051714,40,80,1024
125,10,cpp_adv,0.005275,0.000052,0.038877,0.044205,40,80,1024
126,10,seq,0.538032,0.000271,0.000092,0.538396,20,3,0
126,10,par,0.100606,0.028118,0.030944,0.159668,20,3,0
126,10,weights,0.105497,0.026413,0.000299,0.132208,20,3,0
126,10,cpp_seq,0.008146,0.000058,0.000019,0.008225,20,3,0
126,10,cpp_par,0.004092,0.000056,0.000023,0.004173,20,3,0
126,10,cpp_adv,0.003896,0.000053,0.000019,0.003969,20,3,0
127,10,seq,0.403360,0.000354,0.018017,0.421731,30,40,256
127,10,par,0.131647,0.026323,0.225705,0.383674,30,40,256
127,10,weights,0.132056,0.027022,0.237212,0.396290,30,40,256
127,10,cpp_seq,0.012937,0.000067,0.005136,0.018142,30,40,256
127,10,cpp_par,0.007421,0.000036,0.005392,0.012850,30,40,256
127,10,cpp_adv,0.006712,0.000037,0.005336,0.012086,30,40,256
128,10,seq,0.332113,0.000436,0.229879,0.562428,40,80,1024
128,10,par,0.131240,0.023540,0.348995,0.503775,40,80,1024
128,10,weights,0.121480,0.026932,0.322096,0.470507,40,80,1024
128,10,cpp_seq,0.009451,0.000077,0.040582,0.050111,40,80,1024
128,10,cpp_par,0.009923,0.000042,0.040538,0.050504,40,80,1024
128,10,cpp_adv,0.007603,0.000048,0.040626,0.048278,40,80,1024
129,10,seq,1.657081,0.000270,0.000209,1.657560,30,16,0
129,10,par,0.150303,0.024622,0.023147,0.198072,30,16,0
129,10,weights,0.148323,0.024936,0.022903,0.196163,30,16,0
129,10,cpp_seq,0.015069,0.000064,0.000023,0.015157,30,16,0
129,10,cpp_par,0.007931,0.000038,0.000023,0.007993,30,16,0
129,10,cpp_adv,0.007573,0.000037,0.000022,0.007633,30,16,0
130,10,seq,0.260073,0.000330,0.007688,0.268091,40,66,9
130,10,par,0.098141,0.026852,0.234397,0.359390,40,66,9
130,10,weights,0.095605,0.026005,0.228143,0.349753,40,66,9
130,10,cpp_seq,0.005929,0.000076,0.001224,0.007230,40,66,9
130,10,cpp_par,0.003196,0.000042,0.001206,0.004445,40,66,9
130,10,cpp_adv,0.003350,0.000055,0.001326,0.004732,40,66,9
131,10,seq,0.224415,0.000286,0.000437,0.225138,20,20,1
131,10,par,0.088754,0.024704,0.214876,0.328334,20,20,1
131,10,weights,0.095586,0.029705,0.219012,0.344303,20,20,1
131,10,cpp_seq,0.014741,0.000082,0.000152,0.014976,20,20,1
131,10,cpp_par,0.010327,0.000047,0.000117,0.010492,20,20,1
131,10,cpp_adv,0.006571,0.000035,0.000113,0.006720,20,20,1
132,10,seq,0.223473,0.000313,0.049947,0.273733,30,52,288
132,10,par,0.094983,0.025390,0.264096,0.384469,30,52,288
132,10,weights,0.096078,0.025472,0.264024,0.385573,30,52,288
132,10,cpp_seq,0.008624,0.000071,0.010420,0.019117,30,52,288
132,10,cpp_par,0.004744,0.000040,0.009971,0.014755,30,52,288
132,10,cpp_adv,0.004055,0.000040,0.009820,0.013917,30,52,288
133,10,seq,0.153748,0.000289,0.000826,0.154864,20,20,1
133,10,par,0.070857,0.023977,0.218771,0.313605,20,20,1
133,10,weights,0.072227,0.025509,0.221956,0.319692,20,20,1
133,10,cpp_seq,0.003467,0.000062,0.000113,0.003643,20,20,1
133,10,cpp_par,0.001881,0.000053,0.000113,0.002047,20,20,1
133,10,cpp_adv,0.001693,0.000035,0.000113,0.001841,20,20,1
134,10,seq,0.249703,0.000291,0.000163,0.250157,30,12,0
134,10,par,0.096893,0.026310,0.023994,0.147196,30,12,0
134,10,weights,0.095792,0.027520,0.000309,0.123621,30,12,0
134,10,cpp_seq,0.006338,0.000081,0.000022,0.006443,30,12,0
134,10,cpp_par,0.007871,0.003058,0.000035,0.010966,30,12,0
134,10,cpp_adv,0.005536,0.000048,0.000024,0.005610,30,12,0
135,10,seq,0.211292,0.000283,0.000449,0.212024,20,20,1
135,10,par,0.109995,0.022507,0.217247,0.349749,20,20,1
135,10,weights,0.080645,0.024466,0.198937,0.304048,20,20,1
135,10,cpp_seq,0.006184,0.000071,0.000115,0.006371,20,20,1
135,10,cpp_par,0.003425,0.000035,0.000128,0.003589,20,20,1
135,10,cpp_adv,0.003068,0.000034,0.000109,0.003211,20,20,1
136,10,seq,0.215056,0.000295,0.000455,0.215806,20,20,1
136,10,par,0.088174,0.023844,0.196420,0.308438,20,20,1
136,10,weights,0.091408,0.024582,0.212401,0.328390,20,20,1
136,10,cpp_seq,0.003054,0.000080,0.000115,0.003251,20,20,1
136,10,cpp_par,0.001654,0.000034,0.000112,0.001800,20,20,1
136,10,cpp_adv,0.001542,0.000034,0.000110,0.001687,20,20,1
137,10,seq,0.163730,0.000535,0.015302,0.179567,30,46,74
137,10,par,0.073960,0.024295,0.238075,0.336330,30,46,74
137,10,weights,0.072767,0.024197,0.225585,0.322549,30,46,74
137,10,cpp_seq,0.002293,0.000068,0.003395,0.005756,30,46,74
137,10,cpp_par,0.001659,0.000038,0.003537,0.005236,30,46,74
137,10,cpp_adv,0.001392,0.000038,0.003416,0.004847,30,46,74
138,10,seq,0.236707,0.000386,0.000138,0.237231,20,2,0
138,10,par,0.085855,0.024977,0.022744,0.133576,20,2,0
138,10,weights,0.092452,0.024462,0.000308,0.117222,20,2,0
138,10,cpp_seq,0.004315,0.000058,0.000020,0.004394,20,2,0
138,10,cpp_par,0.002472,0.000038,0.000025,0.002536,20,2,0
138,10,cpp_adv,0.003154,0.000035,0.000019,0.003209,20,2,0
139,10,seq,0.259856,0.000360,0.226420,0.486636,40,80,1024
139,10,par,0.100234,0.026225,0.312424,0.438883,40,80,1024
139,10,weights,0.101720,0.026597,0.522013,0.650330,40,80,1024
139,10,cpp_seq,0.003714,0.000077,0.039691,0.043483,40,80,1024
139,10,cpp_par,0.006030,0.000059,0.050306,0.056395,40,80,1024
139,10,cpp_adv,0.002009,0.000042,0.040186,0.042238,40,80,1024
140,10,seq,0.214122,0.000291,0.001746,0.216159,30,40,2
140,10,par,0.084470,0.026485,0.212646,0.323602,30,40,2
140,10,weights,0.093547,0.024414,0.209601,0.327562,30,40,2
140,10,cpp_seq,0.005252,0.000066,0.000417,0.005736,30,40,2
140,10,cpp_par,0.004198,0.000067,0.000651,0.004917,30,40,2
140,10,cpp_adv,0.002917,0.000039,0.000487,0.003443,30,40,2
141,10,seq,0.230785,0.000288,0.000593,0.231666,30,30,0
141,10,par,0.091422,0.027184,0.204169,0.322775,30,30,0
141,10,weights,0.093796,0.023013,0.201751,0.318560,30,30,0
141,10,cpp_seq,0.004732,0.000070,0.000164,0.004966,30,30,0
141,10,cpp_par,0.002869,0.000041,0.000184,0.003095,30,30,0
141,10,cpp_adv,0.002432,0.000036,0.000161,0.002629,30,30,0
142,10,seq,0.297396,0.000306,0.229696,0.527399,40,80,1024
142,10,par,0.104127,0.028755,0.374662,0.507544,40,80,1024
142,10,weights,0.104565,0.023842,0.312715,0.441122,40,80,1024
142,10,cpp_seq,0.008007,0.000088,0.039240,0.047336,40,80,1024
142,10,cpp_par,0.006769,0.000041,0.039544,0.046354,40,80,1024
142,10,cpp_adv,0.006612,0.000052,0.039763,0.046428,40,80,1024
143,10,seq,0.266774,0.000308,0.003830,0.270913,40,50,2
143,10,par,0.099698,0.024900,0.237690,0.362288,40,50,2
143,10,weights,0.105591,0.023843,0.217056,0.346489,40,50,2
143,10,cpp_seq,0.005789,0.000091,0.000502,0.006384,40,50,2
143,10,cpp_par,0.003263,0.000041,0.000514,0.003819,40,50,2
143,10,cpp_adv,0.002814,0.000040,0.000500,0.003354,40,50,2
144,10,seq,0.368143,0.000313,0.085005,0.453460,40,72,432
144,10,par,0.138164,0.032266,0.269938,0.440368,40,72,432
144,10,weights,0.131748,0.025122,0.256361,0.413231,40,72,432
144,10,cpp_seq,0.011243,0.000074,0.016106,0.027424,40,72,432
144,10,cpp_par,0.007696,0.000050,0.016011,0.023758,40,72,432
144,10,cpp_adv,0.007484,0.000068,0.016332,0.023885,40,72,432
145,10,seq,0.431012,0.000423,0.000167,0.431601,20,2,0
145,10,par,0.169497,0.027494,0.025829,0.222821,20,2,0
145,10,weights,0.161372,0.033484,0.000407,0.195263,20,2,0
145,10,cpp_seq,0.025437,0.000075,0.000021,0.025535,20,2,0
145,10,cpp_par,0.019867,0.000050,0.000025,0.019943,20,2,0
145,10,cpp_adv,0.018544,0.000052,0.000021,0.018619,20,2,0
146,10,seq,0.281881,0.000282,0.000120,0.282282,20,5,0
146,10,par,0.104533,0.030481,0.021756,0.156771,20,5,0
146,10,weights,0.101970,0.030132,0.000384,0.132486,20,5,0
146,10,cpp_seq,0.004490,0.000061,0.000018,0.004569,20,5,0
146,10,cpp_par,0.003116,0.000034,0.000017,0.003168,20,5,0
146,10,cpp_adv,0.002516,0.000034,0.000017,0.002567,20,5,0
147,10,seq,0.418355,0.000345,0.000123,0.418824,20,3,0
147,10,par,0.150256,0.029000,0.023544,0.202800,20,3,0
147,10,weights,0.172597,0.023945,0.000302,0.196843,20,3,0
147,10,cpp_seq,0.011509,0.000061,0.000018,0.011589,20,3,0
147,10,cpp_par,0.008458,0.000043,0.000022,0.008525,20,3,0
147,10,cpp_adv,0.006056,0.000044,0.000017,0.006118,20,3,0
148,10,seq,0.249929,0.000320,2.726420,2.976670,50,124,8352
148,10,par,0.092709,0.023922,1.290572,1.407203,50,124,8352
148,10,weights,0.094040,0.024558,1.333185,1.451783,50,124,8352
148,10,cpp_seq,0.004192,0.000105,0.387517,0.391848,50,124,8352
148,10,cpp_par,0.002992,0.000053,0.380405,0.383452,50,124,8352
148,10,cpp_adv,0.002601,0.000057,0.378024,0.380683,50,124,8352
149,10,seq,0.214072,0.000324,0.000231,0.214627,20,11,0
149,10,par,0.087759,0.032568,0.027547,0.147873,20,11,0
149,10,weights,0.090615,0.025860,0.025197,0.141672,20,11,0
149,10,cpp_seq,0.007022,0.000059,0.000022,0.007104,20,11,0
149,10,cpp_par,0.003667,0.000034,0.000021,0.003723,20,11,0
149,10,cpp_adv,0.004755,0.000045,0.000028,0.004830,20,11,0
150,10,seq,0.211452,0.000285,0.001886,0.213623,30,40,2
150,10,par,0.082854,0.024191,0.224409,0.331454,30,40,2
150,10,weights,0.090530,0.026362,0.266395,0.383287,30,40,2
150,10,cpp_seq,0.005300,0.000068,0.000425,0.005794,30,40,2
150,10,cpp_par,0.003080,0.000039,0.000428,0.003548,30,40,2
150,10,cpp_adv,0.002524,0.000038,0.000425,0.002988,30,40,2
151,10,seq,0.432768,0.000507,0.134093,0.567368,40,74,432
151,10,par,0.123951,0.024691,0.253494,0.402136,40,74,432
151,10,weights,0.122972,0.026905,0.265613,0.415490,40,74,432
151,10,cpp_seq,0.009960,0.000075,0.016553,0.026589,40,74,432
151,10,cpp_par,0.006484,0.000041,0.016848,0.023374,40,74,432
151,10,cpp_adv,0.006076,0.000043,0.016530,0.022650,40,74,432
152,10,seq,0.249516,0.000343,0.225223,0.475083,40,80,1024
152,10,par,0.102562,0.027068,0.433350,0.562980,40,80,1024
152,10,weights,0.101127,0.024158,0.324126,0.449411,40,80,1024
152,10,cpp_seq,0.004922,0.000076,0.040127,0.045127,40,80,1024
152,10,cpp_par,0.005108,0.000041,0.039679,0.044830,40,80,1024
152,10,cpp_adv,0.002454,0.000041,0.040232,0.042727,40,80,1024
153,10,seq,0.293940,0.000281,0.000200,0.294421,20,13,0
153,10,par,0.119103,0.026166,0.023477,0.168746,20,13,0
153,10,weights,0.119627,0.031369,0.022902,0.173898,20,13,0
153,10,cpp_seq,0.005027,0.000061,0.000023,0.005111,20,13,0
153,10,cpp_par,0.002845,0.000041,0.000021,0.002908,20,13,0
153,10,cpp_adv,0.002674,0.000036,0.000022,0.002732,20,13,0
154,10,seq,0.253738,0.000375,0.075937,0.330049,40,70,324
154,10,par,0.103410,0.029292,0.284568,0.417270,40,70,324
154,10,weights,0.096853,0.026455,0.253606,0.376913,40,70,324
154,10,cpp_seq,0.005421,0.000075,0.013945,0.019444,40,70,324
154,10,cpp_par,0.004009,0.000039,0.016175,0.020225,40,70,324
154,10,cpp_adv,0.003495,0.000041,0.013629,0.017166,40,70,324
155,10,seq,0.250128,0.000375,0.000131,0.250634,30,2,0
155,10,par,0.097202,0.026913,0.028193,0.152308,30,2,0
155,10,weights,0.103781,0.029728,0.000300,0.133808,30,2,0
155,10,cpp_seq,0.004583,0.000061,0.000018,0.004663,30,2,0
155,10,cpp_par,0.002699,0.000034,0.000017,0.002751,30,2,0
155,10,cpp_adv,0.002320,0.000034,0.000016,0.002371,30,2,0
156,10,seq,0.204760,0.000303,0.000456,0.205519,20,20,1
156,10,par,0.090763,0.027944,0.213150,0.331857,20,20,1
156,10,weights,0.089607,0.022946,0.208444,0.320997,20,20,1
156,10,cpp_seq,0.004447,0.000061,0.000111,0.004621,20,20,1
156,10,cpp_par,0.002543,0.000040,0.000110,0.002694,20,20,1
156,10,cpp_adv,0.002870,0.000044,0.000151,0.003066,20,20,1
157,10,seq,0.483436,0.000338,4.083468,4.567242,50,129,14140
157,10,par,0.156498,0.025689,1.884385,2.066573,50,129,14140
157,10,weights,0.164273,0.024971,1.894004,2.083248,50,129,14140
157,10,cpp_seq,0.018645,0.000086,0.585870,0.604602,50,129,14140
157,10,cpp_par,0.011924,0.000055,0.572551,0.584531,50,129,14140
157,10,cpp_adv,0.011513,0.000055,0.580788,0.592356,50,129,14140
158,10,seq,0.267511,0.000320,0.000158,0.267989,20,4,0
158,10,par,0.136155,0.030682,0.028551,0.195388,20,4,0
158,10,weights,0.092400,0.027956,0.000301,0.120657,20,4,0
158,10,cpp_seq,0.005190,0.000059,0.000017,0.005267,20,4,0
158,10,cpp_par,0.002771,0.000058,0.000017,0.002847,20,4,0
158,10,cpp_adv,0.002337,0.000038,0.000016,0.002392,20,4,0
159,10,seq,0.267296,0.000312,3.192201,3.459808,50,126,10399
159,10,par,0.118805,0.029489,1.531274,1.679568,50,126,10399
159,10,weights,0.103696,0.030004,1.448249,1.581949,50,126,10399
159,10,cpp_seq,0.004962,0.000089,0.430519,0.435572,50,126,10399
159,10,cpp_par,0.003539,0.000045,0.424489,0.428073,50,126,10399
159,10,cpp_adv,0.003131,0.000054,0.420055,0.423241,50,126,10399
160,10,seq,1.665308,0.000303,0.000360,1.665971,20,20,1
160,10,par,0.111920,0.028061,0.236301,0.376281,20,20,1
160,10,weights,0.114449,0.029420,0.237259,0.381128,20,20,1
160,10,cpp_seq,0.009260,0.000062,0.000112,0.009434,20,20,1
160,10,cpp_par,0.004974,0.000035,0.000112,0.005122,20,20,1
160,10,cpp_adv,0.006008,0.000048,0.000148,0.006205,20,20,1
161,10,seq,0.255288,0.000318,0.000163,0.255769,20,6,0
161,10,par,0.108484,0.050085,0.036242,0.194812,20,6,0
161,10,weights,0.190933,0.041053,0.000311,0.232297,20,6,0
161,10,cpp_seq,0.004247,0.000061,0.000018,0.004327,20,6,0
161,10,cpp_par,0.002566,0.000053,0.000017,0.002637,20,6,0
161,10,cpp_adv,0.002828,0.000045,0.000022,0.002895,20,6,0
162,10,seq,0.274957,0.000275,0.000290,0.275522,20,10,1
162,10,par,0.116840,0.033380,0.242117,0.392337,20,10,1
162,10,weights,0.109700,0.032113,0.239961,0.381773,20,10,1
162,10,cpp_seq,0.007850,0.000062,0.000066,0.007979,20,10,1
162,10,cpp_par,0.004232,0.000033,0.000082,0.004348,20,10,1
162,10,cpp_adv,0.003944,0.000034,0.000063,0.004042,20,10,1
163,10,seq,0.394363,0.000407,0.019634,0.414404,40,60,84
163,10,par,0.523154,0.036765,0.263532,0.823451,40,60,84
163,10,weights,1.686279,0.059999,0.253765,2.000043,40,60,84
163,10,cpp_seq,0.014078,0.000074,0.003888,0.018041,40,60,84
163,10,cpp_par,0.007520,0.000041,0.003936,0.011498,40,60,84
163,10,cpp_adv,0.007105,0.000041,0.003845,0.010992,40,60,84
164,10,seq,0.186978,0.000273,0.000119,0.187371,20,3,0
164,10,par,0.082536,0.034868,0.028666,0.146071,20,3,0
164,10,weights,0.082838,0.028612,0.000305,0.111756,20,3,0
164,10,cpp_seq,0.004116,0.000061,0.000018,0.004197,20,3,0
164,10,cpp_par,0.002277,0.000034,0.000017,0.002328,20,3,0
164,10,cpp_adv,0.002160,0.000035,0.000016,0.002212,20,3,0
165,10,seq,0.248115,0.000513,0.023027,0.271655,30,50,144
165,10,par,0.097253,0.028828,0.266902,0.392983,30,50,144
165,10,weights,0.102704,0.028536,0.258720,0.389960,30,50,144
165,10,cpp_seq,0.003146,0.000071,0.004925,0.008142,30,50,144
165,10,cpp_par,0.002218,0.000038,0.004775,0.007032,30,50,144
165,10,cpp_adv,0.002361,0.000047,0.004828,0.007238,30,50,144
166,10,seq,0.389642,0.000304,0.000478,0.390424,30,26,1
166,10,par,0.143716,0.029858,0.252938,0.426512,30,26,1
166,10,weights,0.128631,0.029304,0.239462,0.397397,30,26,1
166,10,cpp_seq,0.006378,0.000066,0.000121,0.006566,30,26,1
166,10,cpp_par,0.003435,0.000037,0.000120,0.003593,30,26,1
166,10,cpp_adv,0.003476,0.000038,0.000123,0.003638,30,26,1
167,10,seq,0.188449,0.000281,0.000414,0.189144,20,20,2
167,10,par,0.092156,0.037709,0.249760,0.379625,20,20,2
167,10,weights,0.090822,0.026847,0.245452,0.363121,20,20,2
167,10,cpp_seq,0.004319,0.000062,0.000114,0.004497,20,20,2
167,10,cpp_par,0.002309,0.000034,0.000112,0.002456,20,20,2
167,10,cpp_adv,0.002146,0.000044,0.000115,0.002305,20,20,2
168,10,seq,0.155126,0.000287,0.000465,0.155878,20,20,1
168,10,par,0.068082,0.026702,0.244224,0.339008,20,20,1
168,10,weights,0.072803,0.041496,0.266922,0.381221,20,20,1
168,10,cpp_seq,0.005611,0.000068,0.000130,0.005811,20,20,1
168,10,cpp_par,0.002926,0.000042,0.000122,0.003091,20,20,1
168,10,cpp_adv,0.002716,0.000033,0.000110,0.002859,20,20,1
169,10,seq,0.779553,0.000267,0.034682,0.814502,30,52,240
169,10,par,0.364341,0.026549,0.386858,0.777749,30,52,240
169,10,weights,0.183086,0.027371,0.263364,0.473820,30,52,240
169,10,cpp_seq,0.012843,0.000070,0.008315,0.021228,30,52,240
169,10,cpp_par,0.007102,0.000038,0.008271,0.015412,30,52,240
169,10,cpp_adv,0.006765,0.000039,0.008378,0.015183,30,52,240
170,10,seq,0.435063,0.000306,0.000121,0.435490,30,4,0
170,10,par,0.155254,0.027897,0.025086,0.208237,30,4,0
170,10,weights,0.162708,0.027593,0.000380,0.190680,30,4,0
170,10,cpp_seq,0.015358,0.000061,0.000019,0.015440,30,4,0
170,10,cpp_par,0.007987,0.000054,0.000026,0.008068,30,4,0
170,10,cpp_adv,0.007659,0.000034,0.000018,0.007711,30,4,0
171,10,seq,0.247881,0.000286,0.001039,0.249206,30,36,1
171,10,par,0.102042,0.026788,0.235678,0.364508,30,36,1
171,10,weights,0.097298,0.028107,0.243443,0.368847,30,36,1
171,10,cpp_seq,0.004409,0.000068,0.000196,0.004673,30,36,1
171,10,cpp_par,0.002615,0.000037,0.000200,0.002852,30,36,1
171,10,cpp_adv,0.002362,0.000037,0.000194,0.002593,30,36,1
172,10,seq,0.332719,0.000327,0.000319,0.333365,20,10,0
172,10,par,0.126512,0.032962,0.102325,0.261799,20,10,0
172,10,weights,0.133245,0.030489,0.104915,0.268648,20,10,0
172,10,cpp_seq,0.012500,0.000082,0.000071,0.012654,20,10,0
172,10,cpp_par,0.006382,0.000037,0.000037,0.006457,20,10,0
172,10,cpp_adv,0.006499,0.000032,0.000032,0.006563,20,10,0
173,10,seq,0.235812,0.000276,0.000227,0.236316,20,10,0
173,10,par,0.098588,0.032443,0.029216,0.160247,20,10,0
173,10,weights,0.095676,0.034919,0.043173,0.173768,20,10,0
173,10,cpp_seq,0.002714,0.000066,0.000027,0.002808,20,10,0
173,10,cpp_par,0.001518,0.000035,0.000021,0.001575,20,10,0
173,10,cpp_adv,0.001491,0.000094,0.000020,0.001605,20,10,0
174,10,seq,0.300886,0.000354,0.000668,0.301908,20,20,1
174,10,par,0.139449,0.031527,0.272892,0.443868,20,20,1
174,10,weights,0.093373,0.026656,0.244136,0.364166,20,20,1
174,10,cpp_seq,0.008368,0.000065,0.000113,0.008547,20,20,1
174,10,cpp_par,0.004049,0.000035,0.000111,0.004195,20,20,1
174,10,cpp_adv,0.003816,0.000035,0.000109,0.003961,20,20,1
175,10,seq,0.214099,0.000291,0.000289,0.214679,20,10,1
175,10,par,0.088467,0.025281,0.268257,0.382005,20,10,1
175,10,weights,0.190579,0.039234,0.238434,0.468247,20,10,1
175,10,cpp_seq,0.005924,0.000060,0.000077,0.006061,20,10,1
175,10,cpp_par,0.003047,0.000045,0.000065,0.003158,20,10,1
175,10,cpp_adv,0.002856,0.000032,0.000062,0.002951,20,10,1
176,10,seq,0.258946,0.000313,0.229046,0.488305,40,80,1024
176,10,par,0.121424,0.035414,0.495664,0.652502,40,80,1024
176,10,weights,0.105368,0.027212,0.385865,0.518445,40,80,1024
176,10,cpp_seq,0.007310,0.000077,0.039495,0.046883,40,80,1024
176,10,cpp_par,0.008477,0.000057,0.044009,0.052545,40,80,1024
176,10,cpp_adv,0.007504,0.000054,0.042927,0.050486,40,80,1024
177,10,seq,0.263443,0.000278,0.000407,0.264128,20,20,1
177,10,par,0.114588,0.028937,0.240636,0.384161,20,20,1
177,10,weights,0.111877,0.028705,0.243653,0.384234,20,20,1
177,10,cpp_seq,0.008000,0.000062,0.000132,0.008196,20,20,1
177,10,cpp_par,0.004372,0.000044,0.000132,0.004550,20,20,1
177,10,cpp_adv,0.004471,0.000117,0.000116,0.004705,20,20,1
178,10,seq,0.265472,0.000298,0.224800,0.490570,40,80,1024
178,10,par,0.103238,0.027914,0.450902,0.582054,40,80,1024
178,10,weights,0.127900,0.029673,0.358308,0.515881,40,80,1024
178,10,cpp_seq,0.007051,0.000136,0.040188,0.047377,40,80,1024
178,10,cpp_par,0.006366,0.000041,0.039984,0.046392,40,80,1024
178,10,cpp_adv,0.007002,0.000048,0.040462,0.047513,40,80,1024
179,10,seq,0.245693,0.000319,0.940433,1.186445,40,92,4431
179,10,par,0.090510,0.029207,0.680058,0.799775,40,92,4431
179,10,weights,0.113585,0.030645,0.899323,1.043553,40,92,4431
179,10,cpp_seq,0.005109,0.000076,0.171721,0.176908,40,92,4431
179,10,cpp_par,0.002938,0.000042,0.166210,0.169190,40,92,4431
179,10,cpp_adv,0.002745,0.000043,0.166150,0.168939,40,92,4431
180,10,seq,0.238422,0.000388,3.535349,3.774160,50,127,12292
180,10,par,0.098567,0.030449,1.674331,1.803347,50,127,12292
180,10,weights,0.101880,0.032537,1.672674,1.807090,50,127,12292
180,10,cpp_seq,0.003877,0.000089,0.482285,0.486252,50,127,12292
180,10,cpp_par,0.003063,0.000056,0.474489,0.477609,50,127,12292
180,10,cpp_adv,0.002477,0.000054,0.473373,0.475906,50,127,12292
181,10,seq,0.510498,0.000263,0.000622,0.511383,30,30,1
181,10,par,0.194098,0.028834,0.256576,0.479508,30,30,1
181,10,weights,0.209943,0.040798,0.299222,0.549963,30,30,1
181,10,cpp_seq,0.012331,0.000063,0.000169,0.012564,30,30,1
181,10,cpp_par,0.006348,0.000036,0.000172,0.006557,30,30,1
181,10,cpp_adv,0.006212,0.000037,0.000175,0.006425,30,30,1
182,10,seq,0.217794,0.000269,0.000219,0.218283,20,1,0
182,10,par,0.189206,0.029546,0.027689,0.246441,20,1,0
182,10,weights,0.096081,0.033129,0.031631,0.160842,20,1,0
182,10,cpp_seq,0.003922,0.000073,0.000023,0.004020,20,1,0
182,10,cpp_par,0.002243,0.000046,0.000025,0.002316,20,1,0
182,10,cpp_adv,0.001847,0.000041,0.000019,0.001907,20,1,0
183,10,seq,0.200419,0.000351,0.000261,0.201030,20,10,0
183,10,par,0.086428,0.030000,0.029924,0.146352,20,10,0
183,10,weights,0.086212,0.027721,0.028540,0.142473,20,10,0
183,10,cpp_seq,0.006354,0.000061,0.000023,0.006439,20,10,0
183,10,cpp_par,0.003297,0.000036,0.000023,0.003356,20,10,0
183,10,cpp_adv,0.003151,0.000035,0.000022,0.003209,20,10,0
184,10,seq,0.240797,0.000396,0.000354,0.241548,20,16,1
184,10,par,0.098668,0.036838,0.255986,0.391493,20,16,1
184,10,weights,0.094848,0.031167,0.261490,0.387504,20,16,1
184,10,cpp_seq,0.006646,0.000060,0.000073,0.006779,20,16,1
184,10,cpp_par,0.004214,0.000041,0.000075,0.004330,20,16,1
184,10,cpp_adv,0.003816,0.000036,0.000072,0.003924,20,16,1
185,10,seq,0.355125,0.000307,0.098060,0.453493,40,64,256
185,10,par,0.139599,0.032672,0.289440,0.461711,40,64,256
185,10,weights,0.170204,0.031299,0.419082,0.620586,40,64,256
185,10,cpp_seq,0.009956,0.000075,0.013120,0.023153,40,64,256
185,10,cpp_par,0.005605,0.000040,0.012929,0.018575,40,64,256
185,10,cpp_adv,0.005316,0.000039,0.012741,0.018097,40,64,256
186,10,seq,1.760768,0.000279,0.000415,1.761463,20,20,1
186,10,par,0.100000,0.036026,0.249221,0.385247,20,20,1
186,10,weights,0.100830,0.032957,0.276183,0.409970,20,20,1
186,10,cpp_seq,0.006510,0.000063,0.000112,0.006685,20,20,1
186,10,cpp_par,0.003402,0.000034,0.000110,0.003547,20,20,1
186,10,cpp_adv,0.003244,0.000040,0.000110,0.003395,20,20,1
187,10,seq,0.249831,0.000279,0.000420,0.250529,20,20,2
187,10,par,0.087323,0.027953,0.246177,0.361453,20,20,2
187,10,weights,0.084393,0.033436,0.260566,0.378394,20,20,2
187,10,cpp_seq,0.004099,0.000078,0.000117,0.004295,20,20,2
187,10,cpp_par,0.002395,0.000035,0.000114,0.002544,20,20,2
187,10,cpp_adv,0.002264,0.000035,0.000113,0.002412,20,20,2
188,10,seq,0.183816,0.000294,0.025753,0.209863,30,50,152
188,10,par,0.088100,0.035675,0.278321,0.402096,30,50,152
188,10,weights,0.090855,0.030630,0.268387,0.389872,30,50,152
188,10,cpp_seq,0.005065,0.000089,0.005951,0.011105,30,50,152
188,10,cpp_par,0.003331,0.000041,0.005948,0.009320,30,50,152
188,10,cpp_adv,0.003006,0.000038,0.005923,0.008967,30,50,152
189,10,seq,0.250208,0.000299,0.230634,0.481141,40,80,1024
189,10,par,0.108637,0.034595,0.450851,0.594083,40,80,1024
189,10,weights,0.108626,0.031634,0.410013,0.550273,40,80,1024
189,10,cpp_seq,0.006759,0.000078,0.043499,0.050338,40,80,1024
189,10,cpp_par,0.005942,0.000042,0.042264,0.048249,40,80,1024
189,10,cpp_adv,0.006812,0.000049,0.045068,0.051930,40,80,1024
190,10,seq,0.206454,0.000348,0.000316,0.207118,20,10,1
190,10,par,0.090662,0.035503,0.256552,0.382717,20,10,1
190,10,weights,0.092072,0.027178,0.253168,0.372419,20,10,1
190,10,cpp_seq,0.005158,0.000061,0.000066,0.005286,20,10,1
190,10,cpp_par,0.002876,0.000033,0.000066,0.002976,20,10,1
190,10,cpp_adv,0.003103,0.000045,0.000083,0.003231,20,10,1
191,10,seq,0.235522,0.000387,0.000333,0.236242,20,18,0
191,10,par,0.107901,0.030145,0.173488,0.311534,20,18,0
191,10,weights,0.107467,0.033166,0.163084,0.303717,20,18,0
191,10,cpp_seq,0.006960,0.000061,0.000070,0.007092,20,18,0
191,10,cpp_par,0.004235,0.000035,0.000070,0.004341,20,18,0
191,10,cpp_adv,0.003613,0.000033,0.000068,0.003714,20,18,0
192,10,seq,0.270570,0.000291,0.001868,0.272729,30,40,2
192,10,par,0.117522,0.031320,0.355411,0.504253,30,40,2
192,10,weights,0.113772,0.032467,0.261555,0.407794,30,40,2
192,10,cpp_seq,0.007565,0.000068,0.000425,0.008059,30,40,2
192,10,cpp_par,0.005255,0.000051,0.000607,0.005914,30,40,2
192,10,cpp_adv,0.004202,0.000039,0.000429,0.004671,30,40,2
193,10,seq,0.318545,0.000250,0.000093,0.318888,20,2,0
193,10,par,0.133582,0.031355,0.025832,0.190769,20,2,0
193,10,weights,0.126073,0.030530,0.000300,0.156903,20,2,0
193,10,cpp_seq,0.008340,0.000060,0.000020,0.008421,20,2,0
193,10,cpp_par,0.004362,0.000032,0.000017,0.004412,20,2,0
193,10,cpp_adv,0.004096,0.000032,0.000016,0.004144,20,2,0
194,10,seq,0.340005,0.000335,0.068627,0.408967,30,56,512
194,10,par,0.133144,0.034742,0.291858,0.459744,30,56,512
194,10,weights,0.142212,0.040705,0.409248,0.592165,30,56,512
194,10,cpp_seq,0.013539,0.000072,0.014612,0.028225,30,56,512
194,10,cpp_par,0.008574,0.000042,0.014209,0.022827,30,56,512
194,10,cpp_adv,0.007919,0.000039,0.014265,0.022224,30,56,512
195,10,seq,0.185646,0.000286,0.000383,0.186315,20,18,1
195,10,par,0.088523,0.027333,0.252565,0.368421,20,18,1
195,10,weights,0.087723,0.030778,0.257631,0.376132,20,18,1
195,10,cpp_seq,0.002865,0.000060,0.000108,0.003034,20,18,1
195,10,cpp_par,0.001686,0.000034,0.000108,0.001828,20,18,1
195,10,cpp_adv,0.001604,0.000033,0.000124,0.001761,20,18,1
196,10,seq,0.346850,0.000342,0.000264,0.347456,30,4,0
196,10,par,0.123071,0.030975,0.027129,0.181175,30,4,0
196,10,weights,0.120204,0.029690,0.027367,0.177261,30,4,0
196,10,cpp_seq,0.006396,0.000184,0.000029,0.006611,30,4,0
196,10,cpp_par,0.003514,0.000035,0.000020,0.003570,30,4,0
196,10,cpp_adv,0.003167,0.000033,0.000017,0.003218,30,4,0
197,10,seq,0.225894,0.000296,0.000215,0.226405,20,8,0
197,10,par,0.099699,0.029737,0.030876,0.160313,20,8,0
197,10,weights,0.106076,0.027817,0.029515,0.163408,20,8,0
197,10,cpp_seq,0.004328,0.000061,0.000021,0.004411,20,8,0
197,10,cpp_par,0.002425,0.000032,0.000018,0.002476,20,8,0
197,10,cpp_adv,0.002243,0.000034,0.000019,0.002297,20,8,0
198,10,seq,0.226909,0.000273,0.000119,0.227301,20,4,0
198,10,par,0.092874,0.030883,0.029555,0.153312,20,4,0
198,10,weights,0.095778,0.028932,0.000316,0.125026,20,4,0
198,10,cpp_seq,0.003958,0.000061,0.000017,0.004037,20,4,0
198,10,cpp_par,0.002357,0.000040,0.000016,0.002414,20,4,0
198,10,cpp_adv,0.002187,0.000035,0.000016,0.002239,20,4,0
199,10,seq,0.225315,0.000419,0.000342,0.226076,20,10,0
199,10,par,0.093366,0.034835,0.110842,0.239043,20,10,0
199,10,weights,0.129135,0.035059,0.082721,0.246914,20,10,0
199,10,cpp_seq,0.005030,0.000062,0.000031,0.005124,20,10,0
199,10,cpp_par,0.003045,0.000033,0.000029,0.003107,20,10,0
199,10,cpp_adv,0.002669,0.000102,0.000028,0.002800,20,10,0
200,10,seq,0.303970,0.000341,0.227354,0.531664,40,80,1024
200,10,par,0.130322,0.043008,0.375394,0.548724,40,80,1024
200,10,weights,0.123289,0.029646,0.468478,0.621413,40,80,1024
200,10,cpp_seq,0.008742,0.000077,0.040339,0.049160,40,80,1024
200,10,cpp_par,0.007349,0.000042,0.039557,0.046949,40,80,1024
200,10,cpp_adv,0.007190,0.000047,0.039074,0.046311,40,80,1024
201,10,seq,1.756932,0.000409,0.000312,1.757653,20,16,0
201,10,par,0.121295,0.028131,0.052851,0.202276,20,16,0
201,10,weights,0.116604,0.030542,0.054820,0.201966,20,16,0
201,10,cpp_seq,0.007009,0.000061,0.000033,0.007104,20,16,0
201,10,cpp_par,0.004205,0.000036,0.000032,0.004274,20,16,0
201,10,cpp_adv,0.003607,0.000034,0.000031,0.003672,20,16,0
202,10,seq,0.430428,0.000464,0.000324,0.431216,30,14,0
202,10,par,0.206878,0.030211,0.025286,0.262375,30,14,0
202,10,weights,0.145017,0.034527,0.027006,0.206549,30,14,0
202,10,cpp_seq,0.010528,0.000064,0.000023,0.010617,30,14,0
202,10,cpp_par,0.005701,0.000037,0.000023,0.005762,30,14,0
202,10,cpp_adv,0.005621,0.000039,0.000022,0.005682,30,14,0
203,10,seq,0.216472,0.000311,0.230334,0.447118,40,80,1024
203,10,par,0.110007,0.033232,0.377291,0.520530,40,80,1024
203,10,weights,0.100389,0.036633,0.350391,0.487413,40,80,1024
203,10,cpp_seq,0.003695,0.000076,0.065729,0.069503,40,80,1024
203,10,cpp_par,0.004960,0.000040,0.040161,0.045162,40,80,1024
203,10,cpp_adv,0.002313,0.000040,0.041178,0.043531,40,80,1024
204,10,seq,0.232378,0.000261,0.000390,0.233029,20,20,1
204,10,par,0.097101,0.031127,0.251337,0.379566,20,20,1
204,10,weights,0.107142,0.031974,0.260180,0.399295,20,20,1
204,10,cpp_seq,0.003306,0.000062,0.000112,0.003482,20,20,1
204,10,cpp_par,0.001669,0.000035,0.000111,0.001815,20,20,1
204,10,cpp_adv,0.001472,0.000033,0.000109,0.001615,20,20,1
205,10,seq,0.250477,0.000281,0.000415,0.251173,20,20,1
205,10,par,0.123056,0.034184,0.246170,0.403410,20,20,1
205,10,weights,0.108630,0.043155,0.285629,0.437414,20,20,1
205,10,cpp_seq,0.011968,0.000061,0.000129,0.012159,20,20,1
205,10,cpp_par,0.006082,0.000037,0.000114,0.006234,20,20,1
205,10,cpp_adv,0.005975,0.000036,0.000113,0.006125,20,20,1
206,10,seq,0.353626,0.000438,0.000508,0.354573,20,20,1
206,10,par,0.142486,0.030138,0.273559,0.446183,20,20,1
206,10,weights,0.150715,0.029520,0.251478,0.431713,20,20,1
206,10,cpp_seq,0.017659,0.000062,0.000131,0.017853,20,20,1
206,10,cpp_par,0.009105,0.000036,0.000112,0.009254,20,20,1
206,10,cpp_adv,0.009660,0.000036,0.000114,0.009810,20,20,1
207,10,seq,0.519229,0.000416,0.006448,0.526092,30,40,32
207,10,par,0.199566,0.036256,0.276482,0.512304,30,40,32
207,10,weights,0.188259,0.027805,0.264274,0.480338,30,40,32
207,10,cpp_seq,0.024734,0.000084,0.001583,0.026402,30,40,32
207,10,cpp_par,0.012896,0.000042,0.001572,0.014511,30,40,32
207,10,cpp_adv,0.011954,0.000039,0.001560,0.013554,30,40,32
208,10,seq,0.279355,0.000292,0.000272,0.279919,20,10,1
208,10,par,0.113321,0.028630,0.244244,0.386195,20,10,1
208,10,weights,0.120529,0.030799,0.254887,0.406215,20,10,1
208,10,cpp_seq,0.009670,0.000061,0.000067,0.009799,20,10,1
208,10,cpp_par,0.005125,0.000037,0.000069,0.005231,20,10,1
208,10,cpp_adv,0.004816,0.000033,0.000064,0.004914,20,10,1
209,10,seq,0.322453,0.000301,0.000220,0.322974,20,3,0
209,10,par,0.135432,0.032753,0.031844,0.200029,20,3,0
209,10,weights,0.121972,0.030082,0.026954,0.179008,20,3,0
209,10,cpp_seq,0.010138,0.000059,0.000020,0.010218,20,3,0
209,10,cpp_par,0.007240,0.000046,0.000025,0.007313,20,3,0
209,10,cpp_adv,0.005257,0.000033,0.000017,0.005307,20,3,0
210,10,seq,0.273225,0.000312,0.000396,0.273932,20,20,1
210,10,par,0.113441,0.036129,0.243729,0.393299,20,20,1
210,10,weights,0.108138,0.034217,0.249295,0.391651,20,20,1
210,10,cpp_seq,0.005634,0.000063,0.000140,0.005838,20,20,1
210,10,cpp_par,0.003031,0.000035,0.000113,0.003179,20,20,1
210,10,cpp_adv,0.002816,0.000034,0.000111,0.002961,20,20,1
211,10,seq,0.196633,0.000330,0.000304,0.197267,20,15,1
211,10,par,0.085239,0.030305,0.250357,0.365901,20,15,1
211,10,weights,0.091658,0.030024,0.253985,0.375666,20,15,1
211,10,cpp_seq,0.005319,0.000060,0.000070,0.005450,20,15,1
211,10,cpp_par,0.003089,0.000039,0.000085,0.003214,20,15,1
211,10,cpp_adv,0.002685,0.000065,0.000071,0.002821,20,15,1
212,10,seq,0.496158,0.000281,0.000363,0.496802,20,16,0
212,10,par,0.172275,0.027012,0.135828,0.335115,20,16,0
212,10,weights,0.175863,0.028441,0.142071,0.346374,20,16,0
212,10,cpp_seq,0.019515,0.000062,0.000059,0.019636,20,16,0
212,10,cpp_par,0.009814,0.000034,0.000058,0.009908,20,16,0
212,10,cpp_adv,0.009325,0.000035,0.000059,0.009420,20,16,0
213,10,seq,0.220705,0.000353,0.000389,0.221447,20,20,1
213,10,par,0.102919,0.033568,0.251056,0.387544,20,20,1
213,10,weights,0.103385,0.032513,0.306862,0.442759,20,20,1
213,10,cpp_seq,0.004957,0.000064,0.000165,0.005188,20,20,1
213,10,cpp_par,0.002738,0.000035,0.000111,0.002884,20,20,1
213,10,cpp_adv,0.002446,0.000033,0.000195,0.002674,20,20,1
214,10,seq,0.492127,0.000284,0.026304,0.518714,30,50,158
214,10,par,0.148603,0.032375,0.271027,0.452005,30,50,158
214,10,weights,0.159237,0.029036,0.275045,0.463318,30,50,158
214,10,cpp_seq,0.008861,0.000070,0.005817,0.014749,30,50,158
214,10,cpp_par,0.005594,0.000039,0.005798,0.011432,30,50,158
214,10,cpp_adv,0.004796,0.000039,0.005817,0.010652,30,50,158
215,10,seq,0.390790,0.000282,0.000563,0.391636,30,30,1
215,10,par,1.029560,0.030395,0.262525,1.322479,30,30,1
215,10,weights,0.198023,0.029402,0.243474,0.470899,30,30,1
215,10,cpp_seq,0.005474,0.000065,0.000166,0.005706,30,30,1
215,10,cpp_par,0.003086,0.000038,0.000166,0.003291,30,30,1
215,10,cpp_adv,0.002964,0.000036,0.000166,0.003167,30,30,1
216,10,seq,0.223958,0.000303,0.227031,0.451291,40,80,1024
216,10,par,0.099699,0.026590,0.393614,0.519902,40,80,1024
216,10,weights,0.182472,0.028370,0.346255,0.557097,40,80,1024
216,10,cpp_seq,0.003670,0.000078,0.039940,0.043689,40,80,1024
216,10,cpp_par,0.004789,0.000040,0.039872,0.044702,40,80,1024
216,10,cpp_adv,0.001873,0.000043,0.038961,0.040877,40,80,1024
217,10,seq,0.226253,0.000272,0.000260,0.226785,20,10,0
217,10,par,0.150605,0.028608,0.026757,0.205970,20,10,0
217,10,weights,0.543575,0.029957,0.028955,0.602488,20,10,0
217,10,cpp_seq,0.002635,0.000059,0.000021,0.002716,20,10,0
217,10,cpp_par,0.001656,0.000032,0.000020,0.001708,20,10,0
217,10,cpp_adv,0.001547,0.000034,0.000021,0.001601,20,10,0
218,10,seq,0.231287,0.000368,0.239243,0.470898,40,80,1024
218,10,par,0.295148,0.050721,0.534703,0.880573,40,80,1024
218,10,weights,0.189029,0.030103,0.378192,0.597324,40,80,1024
218,10,cpp_seq,0.005681,0.000077,0.039844,0.045604,40,80,1024
218,10,cpp_par,0.006057,0.000050,0.041348,0.047457,40,80,1024
218,10,cpp_adv,0.002875,0.000041,0.043200,0.046117,40,80,1024
219,10,seq,0.291886,0.000379,0.000223,0.292488,20,10,0
219,10,par,0.121823,0.029364,0.029328,0.180515,20,10,0
219,10,weights,0.258817,0.030177,0.027858,0.316852,20,10,0
219,10,cpp_seq,0.008606,0.000081,0.000039,0.008727,20,10,0
219,10,cpp_par,0.004538,0.000055,0.000018,0.004613,20,10,0
219,10,cpp_adv,0.005638,0.000036,0.000021,0.005695,20,10,0
220,10,seq,0.277492,0.000269,0.000240,0.278001,30,12,0
220,10,par,0.114109,0.034529,0.026241,0.174879,30,12,0
220,10,weights,0.495080,0.056156,0.048385,0.599622,30,12,0
220,10,cpp_seq,0.004953,0.000063,0.000022,0.005039,30,12,0
220,10,cpp_par,0.002683,0.000035,0.000020,0.002739,30,12,0
220,10,cpp_adv,0.002872,0.000037,0.000021,0.002930,30,12,0
221,10,seq,0.267658,0.000284,0.000369,0.268311,20,20,1
221,10,par,0.111688,0.035744,0.250374,0.397806,20,20,1
221,10,weights,0.112443,0.033769,0.246524,0.392736,20,20,1
221,10,cpp_seq,0.011161,0.000064,0.000116,0.011343,20,20,1
221,10,cpp_par,0.005820,0.000036,0.000114,0.005972,20,20,1
221,10,cpp_adv,0.005543,0.000034,0.000111,0.005689,20,20,1
222,10,seq,0.476551,0.000310,0.252557,0.729418,40,80,1025
222,10,par,0.269481,0.028168,0.345744,0.643392,40,80,1025
222,10,weights,0.172974,0.028132,0.370193,0.571299,40,80,1025
222,10,cpp_seq,0.017567,0.000074,0.041076,0.058718,40,80,1025
222,10,cpp_par,0.011434,0.000056,0.041917,0.053408,40,80,1025
222,10,cpp_adv,0.012261,0.000046,0.042846,0.055154,40,80,1025
223,10,seq,0.543360,0.000329,1.134478,1.678167,40,94,5177
223,10,par,0.197109,0.029762,0.795787,1.022658,40,94,5177
223,10,weights,0.213191,0.031975,0.686303,0.931468,40,94,5177
223,10,cpp_seq,0.013354,0.000077,0.176564,0.189997,40,94,5177
223,10,cpp_par,0.007367,0.000042,0.172542,0.179952,40,94,5177
223,10,cpp_adv,0.006709,0.000041,0.169357,0.176108,40,94,5177
224,10,seq,0.215240,0.000350,0.000427,0.216017,20,20,1
224,10,par,0.103578,0.028825,0.255852,0.388255,20,20,1
224,10,weights,0.099623,0.029379,0.270467,0.399469,20,20,1
224,10,cpp_seq,0.004929,0.000062,0.000112,0.005103,20,20,1
224,10,cpp_par,0.002852,0.000035,0.000112,0.002999,20,20,1
224,10,cpp_adv,0.003625,0.000048,0.000117,0.003790,20,20,1
225,10,seq,0.290263,0.000415,3.290111,3.580788,50,126,10784
225,10,par,0.118784,0.037691,1.610160,1.766635,50,126,10784
225,10,weights,0.111679,0.039579,1.539264,1.690523,50,126,10784
225,10,cpp_seq,0.007403,0.000205,0.447746,0.455356,50,126,10784
225,10,cpp_par,0.004033,0.000045,0.431187,0.435266,50,126,10784
225,10,cpp_adv,0.004890,0.000055,0.433137,0.438083,50,126,10784
226,10,seq,0.471212,0.000301,0.000129,0.471641,30,6,0
226,10,par,0.167994,0.047166,0.037950,0.253110,30,6,0
226,10,weights,0.187972,0.033797,0.000309,0.222078,30,6,0
226,10,cpp_seq,0.012266,0.000062,0.000018,0.012348,30,6,0
226,10,cpp_par,0.009099,0.000045,0.000020,0.009164,30,6,0
226,10,cpp_adv,0.006460,0.000042,0.000016,0.006519,30,6,0
227,10,seq,0.259978,0.000344,0.002439,0.262761,40,50,2
227,10,par,0.100032,0.032598,0.279879,0.412509,40,50,2
227,10,weights,0.109047,0.032466,0.267020,0.408533,40,50,2
227,10,cpp_seq,0.005369,0.000072,0.000519,0.005961,40,50,2
227,10,cpp_par,0.003084,0.000044,0.000534,0.003662,40,50,2
227,10,cpp_adv,0.002877,0.000040,0.000504,0.003421,40,50,2
228,10,seq,0.204913,0.000299,0.000417,0.205628,20,20,1
228,10,par,0.099377,0.029391,0.255437,0.384205,20,20,1
228,10,weights,0.090433,0.028825,0.268530,0.387787,20,20,1
228,10,cpp_seq,0.004073,0.000063,0.000174,0.004312,20,20,1
228,10,cpp_par,0.002282,0.000035,0.000112,0.002429,20,20,1
228,10,cpp_adv,0.002258,0.000045,0.000114,0.002418,20,20,1
229,10,seq,0.314220,0.000305,0.230391,0.544917,40,80,1024
229,10,par,0.129967,0.033535,0.480508,0.644010,40,80,1024
229,10,weights,0.125917,0.033621,0.362685,0.522223,40,80,1024
229,10,cpp_seq,0.008583,0.000100,0.040668,0.049354,40,80,1024
229,10,cpp_par,0.007303,0.000042,0.041232,0.048578,40,80,1024
229,10,cpp_adv,0.008951,0.000051,0.039983,0.048986,40,80,1024
230,10,seq,0.316265,0.000321,1.422562,1.739148,50,118,4124
230,10,par,0.124402,0.036882,0.789642,0.950926,50,118,4124
230,10,weights,0.127686,0.038259,0.860263,1.026208,50,118,4124
230,10,cpp_seq,0.008607,0.000086,0.203586,0.212280,50,118,4124
230,10,cpp_par,0.006062,0.000046,0.179376,0.185484,50,118,4124
230,10,cpp_adv,0.004519,0.000046,0.176018,0.180584,50,118,4124
231,10,seq,0.220746,0.000262,0.000475,0.221483,20,20,1
231,10,par,0.091420,0.033355,0.356462,0.481237,20,20,1
231,10,weights,0.097441,0.028688,0.258203,0.384333,20,20,1
231,10,cpp_seq,0.007426,0.000061,0.000109,0.007597,20,20,1
231,10,cpp_par,0.004323,0.000038,0.000140,0.004502,20,20,1
231,10,cpp_adv,0.003997,0.000034,0.000108,0.004140,20,20,1
232,10,seq,0.205716,0.000421,0.000243,0.206380,20,10,0
232,10,par,0.096612,0.029290,0.035487,0.161389,20,10,0
232,10,weights,0.105875,0.032774,0.032490,0.171138,20,10,0
232,10,cpp_seq,0.006537,0.000060,0.000022,0.006620,20,10,0
232,10,cpp_par,0.003512,0.000032,0.000020,0.003564,20,10,0
232,10,cpp_adv,0.003172,0.000047,0.000019,0.003239,20,10,0
233,10,seq,0.238667,0.000282,0.000431,0.239380,20,20,1
233,10,par,0.106119,0.044134,0.297202,0.447455,20,20,1
233,10,weights,0.124068,0.041172,0.263838,0.429078,20,20,1
233,10,cpp_seq,0.005269,0.000062,0.000112,0.005444,20,20,1
233,10,cpp_par,0.002957,0.000035,0.000130,0.003122,20,20,1
233,10,cpp_adv,0.002871,0.000036,0.000113,0.003021,20,20,1
234,10,seq,0.308761,0.000445,4.418817,4.728024,50,130,15127
234,10,par,1.956564,0.029714,2.125854,4.112133,50,130,15127
234,10,weights,0.111687,0.035934,1.929508,2.077129,50,130,15127
234,10,cpp_seq,0.006443,0.000101,0.600278,0.606824,50,130,15127
234,10,cpp_par,0.004236,0.000056,0.589926,0.594219,50,130,15127
234,10,cpp_adv,0.004083,0.000054,0.595655,0.599794,50,130,15127
235,10,seq,0.266150,0.000305,0.011382,0.277837,40,58,25
235,10,par,0.108557,0.036090,0.365804,0.510450,40,58,25
235,10,weights,0.130136,0.043218,0.351250,0.524604,40,58,25
235,10,cpp_seq,0.004695,0.000094,0.002532,0.007324,40,58,25
235,10,cpp_par,0.003314,0.000052,0.002444,0.005811,40,58,25
235,10,cpp_adv,0.002313,0.000042,0.002550,0.004905,40,58,25
236,10,seq,0.323049,0.000552,0.000540,0.324141,30,20,1
236,10,par,0.133196,0.040212,0.441958,0.615365,30,20,1
236,10,weights,0.147287,0.040683,0.274948,0.462919,30,20,1
236,10,cpp_seq,0.008624,0.000064,0.000114,0.008802,30,20,1
236,10,cpp_par,0.004910,0.000038,0.000114,0.005063,30,20,1
236,10,cpp_adv,0.004744,0.000035,0.000112,0.004891,30,20,1
237,10,seq,0.311401,0.000260,0.000187,0.311847,20,10,0
237,10,par,0.126032,0.034786,0.028567,0.189385,20,10,0
237,10,weights,0.116070,0.032029,0.031362,0.179462,20,10,0
237,10,cpp_seq,0.003564,0.000060,0.000021,0.003646,20,10,0
237,10,cpp_par,0.002255,0.000034,0.000021,0.002311,20,10,0
237,10,cpp_adv,0.001879,0.000032,0.000019,0.001931,20,10,0
238,10,seq,0.385824,0.000355,0.001451,0.387630,30,37,2
238,10,par,0.156010,0.030991,0.272966,0.459967,30,37,2
238,10,weights,0.161370,0.034795,0.289917,0.486082,30,37,2
238,10,cpp_seq,0.007624,0.000067,0.000339,0.008031,30,37,2
238,10,cpp_par,0.003885,0.000040,0.000360,0.004286,30,37,2
238,10,cpp_adv,0.004289,0.000047,0.000460,0.004797,30,37,2
239,10,seq,0.241040,0.000304,0.000476,0.241820,20,20,2
239,10,par,0.097389,0.030633,0.276986,0.405009,20,20,2
239,10,weights,0.106295,0.030771,0.291469,0.428535,20,20,2
239,10,cpp_seq,0.004680,0.000088,0.000806,0.005575,20,20,2
239,10,cpp_par,0.002570,0.000034,0.000111,0.002716,20,20,2
239,10,cpp_adv,0.002315,0.000035,0.000113,0.002463,20,20,2
240,10,seq,0.221754,0.000278,0.000237,0.222268,20,10,0
240,10,par,0.096738,0.031037,0.062529,0.190304,20,10,0
240,10,weights,0.097956,0.030534,0.061318,0.189808,20,10,0
240,10,cpp_seq,0.008130,0.000061,0.000028,0.008220,20,10,0
240,10,cpp_par,0.004126,0.000033,0.000024,0.004184,20,10,0
240,10,cpp_adv,0.003943,0.000035,0.000025,0.004003,20,10,0
241,10,seq,0.222616,0.000306,0.234168,0.457090,40,80,1024
241,10,par,0.102710,0.036360,0.412485,0.551556,40,80,1024
241,10,weights,0.095869,0.031798,0.375151,0.502818,40,80,1024
241,10,cpp_seq,0.005985,0.000075,0.039111,0.045173,40,80,1024
241,10,cpp_par,0.006132,0.000042,0.039303,0.045478,40,80,1024
241,10,cpp_adv,0.006005,0.000049,0.039801,0.045856,40,80,1024
242,10,seq,0.223009,0.000284,0.000424,0.223717,20,20,2
242,10,par,0.098412,0.030310,0.257980,0.386702,20,20,2
242,10,weights,0.098338,0.037842,0.261674,0.397854,20,20,2
242,10,cpp_seq,0.004392,0.000064,0.000115,0.004572,20,20,2
242,10,cpp_par,0.002602,0.000067,0.000117,0.002787,20,20,2
242,10,cpp_adv,0.002445,0.000037,0.000115,0.002597,20,20,2
243,10,seq,0.458173,0.000294,0.000403,0.458870,30,25,1
243,10,par,0.169927,0.028955,0.266513,0.465395,30,25,1
243,10,weights,0.169379,0.030721,0.260181,0.460281,30,25,1
243,10,cpp_seq,0.016669,0.000067,0.000122,0.016859,30,25,1
243,10,cpp_par,0.010864,0.000045,0.000123,0.011033,30,25,1
243,10,cpp_adv,0.009509,0.000047,0.000160,0.009718,30,25,1
244,10,seq,0.216458,0.000308,0.000386,0.217152,20,20,1
244,10,par,0.092527,0.029044,0.280395,0.401966,20,20,1
244,10,weights,0.099507,0.031034,0.272620,0.403160,20,20,1
244,10,cpp_seq,0.005601,0.000064,0.000113,0.005778,20,20,1
244,10,cpp_par,0.003312,0.000037,0.000142,0.003492,20,20,1
244,10,cpp_adv,0.002959,0.000041,0.000122,0.003123,20,20,1
245,10,seq,0.241185,0.000287,0.000341,0.241814,20,13,1
245,10,par,0.110664,0.032574,0.260847,0.404085,20,13,1
245,10,weights,0.108467,0.040604,0.277251,0.426322,20,13,1
245,10,cpp_seq,0.004765,0.000061,0.000069,0.004896,20,13,1
245,10,cpp_par,0.003335,0.000045,0.000100,0.003481,20,13,1
245,10,cpp_adv,0.002243,0.000034,0.000081,0.002359,20,13,1
246,10,seq,0.362698,0.000257,0.000392,0.363347,20,20,1
246,10,par,0.153978,0.037180,0.302059,0.493217,20,20,1
246,10,weights,0.153668,0.029742,0.272361,0.455771,20,20,1
246,10,cpp_seq,0.016717,0.000063,0.000113,0.016894,20,20,1
246,10,cpp_par,0.008721,0.000043,0.000131,0.008896,20,20,1
246,10,cpp_adv,0.008426,0.000034,0.000125,0.008586,20,20,1
247,10,seq,0.273511,0.000254,0.000361,0.274126,20,20,1
247,10,par,0.115599,0.034744,0.261122,0.411466,20,20,1
247,10,weights,0.111139,0.032308,0.267176,0.410623,20,20,1
247,10,cpp_seq,0.005143,0.000062,0.000112,0.005318,20,20,1
247,10,cpp_par,0.003009,0.000034,0.000126,0.003170,20,20,1
247,10,cpp_adv,0.002899,0.000036,0.000113,0.003049,20,20,1
248,10,seq,0.264196,0.000267,0.000362,0.264825,30,20,1
248,10,par,0.102945,0.031843,0.263065,0.397853,30,20,1
248,10,weights,0.106683,0.037960,0.353959,0.498602,30,20,1
248,10,cpp_seq,0.007855,0.000068,0.000114,0.008038,30,20,1
248,10,cpp_par,0.003776,0.000037,0.000218,0.004032,30,20,1
248,10,cpp_adv,0.003721,0.000045,0.000114,0.003881,30,20,1
249,10,seq,0.384636,0.000325,2.649230,3.034191,50,124,8256
249,10,par,0.141943,0.032501,1.258690,1.433134,50,124,8256
249,10,weights,0.150729,0.032466,1.312082,1.495278,50,124,8256
249,10,cpp_seq,0.011942,0.000086,0.365121,0.377150,50,124,8256
249,10,cpp_par,0.006605,0.000045,0.364328,0.370980,50,124,8256
249,10,cpp_adv,0.006896,0.000055,0.353844,0.360796,50,124,8256
250,10,seq,0.211036,0.000323,0.000468,0.211826,20,20,1
250,10,par,0.099197,0.032952,0.265239,0.397388,20,20,1
250,10,weights,0.096200,0.031026,0.276312,0.403539,20,20,1
250,10,cpp_seq,0.005457,0.000061,0.000111,0.005629,20,20,1
250,10,cpp_par,0.003090,0.000034,0.000111,0.003236,20,20,1
250,10,cpp_adv,0.002800,0.000034,0.000111,0.002946,20,20,1
251,10,seq,0.331364,0.000312,0.000096,0.331771,20,4,0
251,10,par,0.137173,0.032206,0.027465,0.196845,20,4,0
251,10,weights,0.118696,0.032099,0.000300,0.151095,20,4,0
251,10,cpp_seq,0.010159,0.000060,0.000017,0.010238,20,4,0
251,10,cpp_par,0.005452,0.000049,0.000016,0.005517,20,4,0
251,10,cpp_adv,0.006972,0.000046,0.000020,0.007038,20,4,0
252,10,seq,0.259684,0.000289,0.000119,0.260092,30,20,0
252,10,par,0.110611,0.033348,0.028449,0.172409,30,20,0
252,10,weights,0.106661,0.034422,0.000321,0.141404,30,20,0
252,10,cpp_seq,0.005182,0.000066,0.000023,0.005272,30,20,0
252,10,cpp_par,0.002876,0.000037,0.000022,0.002936,30,20,0
252,10,cpp_adv,0.002550,0.000036,0.000020,0.002606,30,20,0
253,10,seq,0.410652,0.000278,0.276012,0.686942,40,80,1024
253,10,par,0.161651,0.029366,0.398982,0.589999,40,80,1024
253,10,weights,0.156641,0.030699,0.454389,0.641730,40,80,1024
253,10,cpp_seq,0.016370,0.000077,0.039605,0.056053,40,80,1024
253,10,cpp_par,0.012042,0.000043,0.040816,0.052903,40,80,1024
253,10,cpp_adv,0.008925,0.000043,0.043578,0.052548,40,80,1024
254,10,seq,0.232665,0.000316,0.000399,0.233381,20,20,1
254,10,par,0.175137,0.028288,0.255236,0.458661,20,20,1
254,10,weights,0.088929,0.029434,0.254812,0.373176,20,20,1
254,10,cpp_seq,0.006043,0.000062,0.000185,0.006291,20,20,1
254,10,cpp_par,0.003747,0.000035,0.000150,0.003934,20,20,1
254,10,cpp_adv,0.003076,0.000034,0.000109,0.003220,20,20,1
255,10,seq,0.238485,0.000383,0.241390,0.480258,40,80,1024
255,10,par,0.094961,0.028241,0.360076,0.483279,40,80,1024
255,10,weights,0.183710,0.030843,0.472459,0.687012,40,80,1024
255,10,cpp_seq,0.005280,0.000074,0.040651,0.046007,40,80,1024
255,10,cpp_par,0.005637,0.000041,0.040290,0.045969,40,80,1024
255,10,cpp_adv,0.002752,0.000040,0.039397,0.042190,40,80,1024
256,10,seq,0.224171,0.000276,0.000305,0.224752,20,12,1
256,10,par,0.178263,0.028793,0.256164,0.463221,20,12,1
256,10,weights,0.098130,0.029044,0.246705,0.373879,20,12,1
256,10,cpp_seq,0.005362,0.000060,0.000083,0.005506,20,12,1
256,10,cpp_par,0.003292,0.000035,0.000072,0.003400,20,12,1
256,10,cpp_adv,0.002759,0.000054,0.000070,0.002884,20,12,1
257,10,seq,0.517537,0.000304,0.090946,0.608787,40,68,432
257,10,par,0.154110,0.029070,0.323020,0.506201,40,68,432
257,10,weights,0.156346,0.031046,0.308935,0.496328,40,68,432
257,10,cpp_seq,0.014279,0.000073,0.017005,0.031358,40,68,432
257,10,cpp_par,0.008581,0.000040,0.016626,0.025247,40,68,432
257,10,cpp_adv,0.007119,0.000040,0.015890,0.023050,40,68,432
258,10,seq,0.306637,0.000300,0.223509,0.530447,40,80,1024
258,10,par,0.121055,0.033896,0.434498,0.589449,40,80,1024
258,10,weights,0.132811,0.030167,0.370947,0.533925,40,80,1024
258,10,cpp_seq,0.008173,0.000075,0.040592,0.048841,40,80,1024
258,10,cpp_par,0.007972,0.000045,0.038957,0.046975,40,80,1024
258,10,cpp_adv,0.005230,0.000061,0.041477,0.046770,40,80,1024
259,10,seq,0.369303,0.000290,0.000269,0.369862,30,19,0
259,10,par,0.138917,0.032037,0.055341,0.226295,30,19,0
259,10,weights,0.144450,0.029193,0.059045,0.232688,30,19,0
259,10,cpp_seq,0.012613,0.000068,0.000040,0.012721,30,19,0
259,10,cpp_par,0.006726,0.000036,0.000032,0.006795,30,19,0
259,10,cpp_adv,0.006559,0.000037,0.000033,0.006630,30,19,0
260,10,seq,0.256677,0.000286,0.001818,0.258782,30,40,2
260,10,par,0.105829,0.032690,0.261214,0.399733,30,40,2
260,10,weights,0.104555,0.029569,0.269042,0.403166,30,40,2
260,10,cpp_seq,0.006642,0.000069,0.000476,0.007187,30,40,2
260,10,cpp_par,0.003597,0.000179,0.000506,0.004283,30,40,2
260,10,cpp_adv,0.003336,0.000037,0.000427,0.003800,30,40,2
261,10,seq,0.276688,0.000425,0.000187,0.277301,20,6,0
261,10,par,0.113729,0.032179,0.026530,0.172439,20,6,0
261,10,weights,0.211100,0.031015,0.000321,0.242436,20,6,0
261,10,cpp_seq,0.004461,0.000058,0.000020,0.004540,20,6,0
261,10,cpp_par,0.002741,0.000077,0.000023,0.002842,20,6,0
261,10,cpp_adv,0.002434,0.000033,0.000018,0.002486,20,6,0
262,10,seq,0.244885,0.000329,0.229355,0.474570,40,80,1024
262,10,par,0.100028,0.030368,0.417494,0.547889,40,80,1024
262,10,weights,0.152180,0.037044,0.365748,0.554971,40,80,1024
262,10,cpp_seq,0.003278,0.000076,0.040052,0.043407,40,80,1024
262,10,cpp_par,0.004603,0.000046,0.039982,0.044632,40,80,1024
262,10,cpp_adv,0.001861,0.000059,0.040256,0.042176,40,80,1024
263,10,seq,0.387959,0.000298,0.003945,0.392203,30,40,24
263,10,par,0.117371,0.035168,0.269806,0.422345,30,40,24
263,10,weights,0.117142,0.031259,0.273408,0.421810,30,40,24
263,10,cpp_seq,0.009410,0.000067,0.000977,0.010454,30,40,24
263,10,cpp_par,0.005081,0.000036,0.001103,0.006221,30,40,24
263,10,cpp_adv,0.004869,0.000037,0.000957,0.005864,30,40,24
264,10,seq,0.459097,0.000311,0.943428,1.402836,40,94,4937
264,10,par,0.244186,0.031913,0.707022,0.983121,40,94,4937
264,10,weights,0.674526,0.033570,0.683474,1.391570,40,94,4937
264,10,cpp_seq,0.018598,0.000079,0.148022,0.166701,40,94,4937
264,10,cpp_par,0.009907,0.000042,0.152185,0.162135,40,94,4937
264,10,cpp_adv,0.009375,0.000042,0.143430,0.152848,40,94,4937
265,10,seq,0.446740,0.000461,0.034557,0.481758,30,52,288
265,10,par,0.175199,0.032059,0.278269,0.485527,30,52,288
265,10,weights,0.176541,0.041469,0.391258,0.609267,30,52,288
265,10,cpp_seq,0.009411,0.000081,0.007293,0.016786,30,52,288
265,10,cpp_par,0.005700,0.000039,0.007227,0.012967,30,52,288
265,10,cpp_adv,0.005410,0.000045,0.007430,0.012886,30,52,288
266,10,seq,0.261943,0.000306,0.148097,0.410346,40,76,640
266,10,par,0.103599,0.032393,0.370153,0.506146,40,76,640
266,10,weights,0.809336,0.033400,0.337093,1.179828,40,76,640
266,10,cpp_seq,0.005459,0.000077,0.025967,0.031503,40,76,640
266,10,cpp_par,0.004869,0.000043,0.025643,0.030557,40,76,640
266,10,cpp_adv,0.002818,0.000042,0.025642,0.028503,40,76,640
267,10,seq,0.303534,0.000305,0.000693,0.304532,30,32,1
267,10,par,0.110037,0.032776,0.261489,0.404303,30,32,1
267,10,weights,0.183639,0.030689,0.283968,0.498296,30,32,1
267,10,cpp_seq,0.003029,0.000066,0.000178,0.003274,30,32,1
267,10,cpp_par,0.001649,0.000036,0.000177,0.001862,30,32,1
267,10,cpp_adv,0.002317,0.000038,0.000177,0.002532,30,32,1
268,10,seq,0.355021,0.000384,0.230106,0.585511,40,80,1024
268,10,par,0.111149,0.030700,0.397913,0.539762,40,80,1024
268,10,weights,0.124345,0.030214,0.381360,0.535919,40,80,1024
268,10,cpp_seq,0.003929,0.000080,0.041347,0.045357,40,80,1024
268,10,cpp_par,0.005021,0.000050,0.040905,0.045977,40,80,1024
268,10,cpp_adv,0.001868,0.000056,0.039606,0.041531,40,80,1024
269,10,seq,0.510612,0.000295,0.026547,0.537454,30,50,152
269,10,par,0.206730,0.036940,0.322909,0.566579,30,50,152
269,10,weights,0.251704,0.032163,0.276459,0.560325,30,50,152
269,10,cpp_seq,0.010066,0.000070,0.006109,0.016246,30,50,152
269,10,cpp_par,0.005611,0.000039,0.005761,0.011411,30,50,152
269,10,cpp_adv,0.005144,0.000038,0.005755,0.010937,30,50,152
270,10,seq,0.318873,0.000320,0.000256,0.319450,20,17,0
270,10,par,0.116021,0.034244,0.030307,0.180571,20,17,0
270,10,weights,0.097270,0.037248,0.038024,0.172542,20,17,0
270,10,cpp_seq,0.006363,0.000097,0.000032,0.006494,20,17,0
270,10,cpp_par,0.003008,0.000035,0.000025,0.003070,20,17,0
270,10,cpp_adv,0.002587,0.000044,0.000025,0.002657,20,17,0
271,10,seq,0.448354,0.001150,0.000887,0.450391,20,4,0
271,10,par,0.221451,0.039952,0.032716,0.294119,20,4,0
271,10,weights,0.115722,0.032364,0.028967,0.177053,20,4,0
271,10,cpp_seq,0.004423,0.000059,0.000018,0.004501,20,4,0
271,10,cpp_par,0.002711,0.000035,0.000020,0.002767,20,4,0
271,10,cpp_adv,0.002291,0.000032,0.000016,0.002339,20,4,0
272,10,seq,0.510138,0.000282,0.000234,0.510654,20,5,0
272,10,par,0.095966,0.028495,0.059955,0.184416,20,5,0
272,10,weights,0.094885,0.031202,0.071427,0.197514,20,5,0
272,10,cpp_seq,0.004464,0.000059,0.000025,0.004549,20,5,0
272,10,cpp_par,0.002505,0.000034,0.000025,0.002564,20,5,0
272,10,cpp_adv,0.002217,0.000039,0.000025,0.002282,20,5,0
273,10,seq,0.222589,0.000284,0.000415,0.223288,20,20,1
273,10,par,0.103580,0.031246,0.262925,0.397751,20,20,1
273,10,weights,0.095316,0.033214,0.256319,0.384849,20,20,1
273,10,cpp_seq,0.005899,0.000063,0.000113,0.006087,20,20,1
273,10,cpp_par,0.003044,0.000035,0.000130,0.003209,20,20,1
273,10,cpp_adv,0.002897,0.000035,0.000112,0.003044,20,20,1
274,10,seq,0.226033,0.000346,0.000126,0.226505,20,3,0
274,10,par,0.111196,0.044626,0.030301,0.186123,20,3,0
274,10,weights,0.112352,0.037898,0.000356,0.150607,20,3,0
274,10,cpp_seq,0.004395,0.000058,0.000019,0.004473,20,3,0
274,10,cpp_par,0.002858,0.000042,0.000019,0.002920,20,3,0
274,10,cpp_adv,0.003091,0.000043,0.000024,0.003159,20,3,0
275,10,seq,0.260718,0.000328,0.000493,0.261539,20,20,1
275,10,par,0.101071,0.031007,0.297953,0.430031,20,20,1
275,10,weights,0.122806,0.037261,0.278295,0.438362,20,20,1
275,10,cpp_seq,0.005847,0.000072,0.000148,0.006068,20,20,1
275,10,cpp_par,0.003062,0.000041,0.000113,0.003217,20,20,1
275,10,cpp_adv,0.002801,0.000034,0.000110,0.002945,20,20,1
276,10,seq,0.272313,0.000544,0.000801,0.273659,30,25,1
276,10,par,0.110790,0.036165,0.268388,0.415343,30,25,1
276,10,weights,0.107311,0.033483,0.256928,0.397721,30,25,1
276,10,cpp_seq,0.006708,0.000102,0.000164,0.006975,30,25,1
276,10,cpp_par,0.003491,0.000037,0.000125,0.003654,30,25,1
276,10,cpp_adv,0.003182,0.000037,0.000125,0.003345,30,25,1
277,10,seq,0.254123,0.000461,0.277752,0.532336,40,80,1024
277,10,par,0.085910,0.028455,0.364554,0.478919,40,80,1024
277,10,weights,0.097503,0.027909,0.365069,0.490481,40,80,1024
277,10,cpp_seq,0.004147,0.000074,0.040211,0.044434,40,80,1024
277,10,cpp_par,0.004632,0.000061,0.041325,0.046020,40,80,1024
277,10,cpp_adv,0.001965,0.000041,0.041045,0.043052,40,80,1024
278,10,seq,0.374547,0.000306,0.000618,0.375472,20,20,1
278,10,par,0.144428,0.029946,0.336348,0.510722,20,20,1
278,10,weights,0.146370,0.029267,0.249900,0.425537,20,20,1
278,10,cpp_seq,0.007802,0.000062,0.000121,0.007985,20,20,1
278,10,cpp_par,0.004424,0.000035,0.000112,0.004571,20,20,1
278,10,cpp_adv,0.004178,0.000035,0.000112,0.004325,20,20,1
279,10,seq,0.319675,0.000340,1.970937,2.290951,50,122,6724
279,10,par,0.123269,0.033844,1.124523,1.281636,50,122,6724
279,10,weights,0.119809,0.031352,0.953742,1.104903,50,122,6724
279,10,cpp_seq,0.014990,0.000085,0.277855,0.292931,50,122,6724
279,10,cpp_par,0.009102,0.000049,0.250542,0.259695,50,122,6724
279,10,cpp_adv,0.007497,0.000046,0.256843,0.264387,50,122,6724
280,10,seq,0.284166,0.000275,0.000203,0.284644,20,4,0
280,10,par,0.110370,0.028332,0.045420,0.184122,20,4,0
280,10,weights,0.114925,0.032544,0.053063,0.200531,20,4,0
280,10,cpp_seq,0.006902,0.000061,0.000027,0.006991,20,4,0
280,10,cpp_par,0.003495,0.000034,0.000023,0.003553,20,4,0
280,10,cpp_adv,0.003451,0.000037,0.000027,0.003516,20,4,0
281,10,seq,0.302372,0.000387,1.849837,2.152597,50,120,5976
281,10,par,0.111012,0.025035,1.068247,1.204294,50,120,5976
281,10,weights,0.109898,0.030029,0.898171,1.038098,50,120,5976
281,10,cpp_seq,0.004619,0.000091,0.259003,0.263715,50,120,5976
281,10,cpp_par,0.002742,0.000046,0.245922,0.248712,50,120,5976
281,10,cpp_adv,0.003229,0.000060,0.242332,0.245623,50,120,5976
282,10,seq,0.259032,0.000310,0.084761,0.344102,30,54,432
282,10,par,0.111411,0.033464,0.307680,0.452554,30,54,432
282,10,weights,0.140306,0.041348,0.302833,0.484488,30,54,432
282,10,cpp_seq,0.003384,0.000075,0.012128,0.015588,30,54,432
282,10,cpp_par,0.003144,0.000038,0.013635,0.016817,30,54,432
282,10,cpp_adv,0.001820,0.000039,0.011926,0.013786,30,54,432
283,10,seq,0.218843,0.000370,0.000391,0.219604,20,20,1
283,10,par,0.096774,0.036607,0.271264,0.404645,20,20,1
283,10,weights,0.095319,0.031854,0.271327,0.398500,20,20,1
283,10,cpp_seq,0.007870,0.000084,0.000122,0.008077,20,20,1
283,10,cpp_par,0.003949,0.000048,0.000112,0.004110,20,20,1
283,10,cpp_adv,0.003836,0.000034,0.000109,0.003980,20,20,1
284,10,seq,0.221034,0.000310,0.020129,0.241474,30,47,129
284,10,par,0.097817,0.033093,0.284703,0.415613,30,47,129
284,10,weights,0.106626,0.035906,0.297519,0.440051,30,47,129
284,10,cpp_seq,0.005045,0.000067,0.004947,0.010061,30,47,129
284,10,cpp_par,0.003083,0.000048,0.004771,0.007902,30,47,129
284,10,cpp_adv,0.002792,0.000038,0.004702,0.007533,30,47,129
285,10,seq,0.247359,0.000281,0.000408,0.248048,20,20,1
285,10,par,0.103962,0.030036,0.263860,0.397858,20,20,1
285,10,weights,1.309584,0.035333,0.257104,1.602021,20,20,1
285,10,cpp_seq,0.005056,0.000062,0.000112,0.005232,20,20,1
285,10,cpp_par,0.002827,0.000040,0.000114,0.002981,20,20,1
285,10,cpp_adv,0.002704,0.000043,0.000115,0.002863,20,20,1
286,10,seq,0.369208,0.000319,2.445605,2.815133,50,124,8514
286,10,par,0.138282,0.035406,1.294353,1.468041,50,124,8514
286,10,weights,0.167901,0.031448,1.566122,1.765471,50,124,8514
286,10,cpp_seq,0.008484,0.000095,0.335005,0.343586,50,124,8514
286,10,cpp_par,0.005639,0.000055,0.322432,0.328128,50,124,8514
286,10,cpp_adv,0.004949,0.000055,0.327645,0.332650,50,124,8514
287,10,seq,0.402707,0.000331,0.000468,0.403507,20,14,1
287,10,par,0.146513,0.033062,0.276705,0.456279,20,14,1
287,10,weights,0.160484,0.030364,0.321412,0.512261,20,14,1
287,10,cpp_seq,0.007782,0.000075,0.000073,0.007930,20,14,1
287,10,cpp_par,0.004122,0.000036,0.000073,0.004232,20,14,1
287,10,cpp_adv,0.003869,0.000034,0.000068,0.003971,20,14,1
288,10,seq,0.267523,0.000329,0.000130,0.267981,30,12,0
288,10,par,0.111590,0.032274,0.029373,0.173237,30,12,0
288,10,weights,0.108335,0.031464,0.000513,0.140312,30,12,0
288,10,cpp_seq,0.005459,0.000064,0.000019,0.005544,30,12,0
288,10,cpp_par,0.002740,0.000035,0.000016,0.002792,30,12,0
288,10,cpp_adv,0.002574,0.000035,0.000016,0.002625,30,12,0
289,10,seq,0.287111,0.000409,0.000557,0.288077,30,20,1
289,10,par,0.135743,0.035307,0.262904,0.433954,30,20,1
289,10,weights,0.124244,0.047820,0.276428,0.448492,30,20,1
289,10,cpp_seq,0.009090,0.000068,0.000115,0.009273,30,20,1
289,10,cpp_par,0.004563,0.000035,0.000112,0.004712,30,20,1
289,10,cpp_adv,0.004509,0.000056,0.000113,0.004678,30,20,1
290,10,seq,0.287141,0.000322,0.000183,0.287647,20,5,0
290,10,par,0.093410,0.031623,0.030746,0.155778,20,5,0
290,10,weights,0.094915,0.029996,0.000310,0.125221,20,5,0
290,10,cpp_seq,0.008052,0.000076,0.000026,0.008154,20,5,0
290,10,cpp_par,0.004946,0.000035,0.000019,0.005001,20,5,0
290,10,cpp_adv,0.004094,0.000033,0.000016,0.004143,20,5,0
291,10,seq,0.314693,0.000401,0.000600,0.315695,20,20,1
291,10,par,0.244083,0.039670,0.288178,0.571932,20,20,1
291,10,weights,0.112821,0.031058,0.262597,0.406477,20,20,1
291,10,cpp_seq,0.008709,0.000064,0.000131,0.008905,20,20,1
291,10,cpp_par,0.004692,0.000034,0.000112,0.004839,20,20,1
291,10,cpp_adv,0.005128,0.000059,0.000136,0.005324,20,20,1
292,10,seq,0.257016,0.000330,0.236879,0.494224,40,80,1024
292,10,par,0.118328,0.033473,0.381731,0.533532,40,80,1024
292,10,weights,1.453983,0.050295,0.482528,1.986806,40,80,1024
292,10,cpp_seq,0.007409,0.000078,0.040406,0.047894,40,80,1024
292,10,cpp_par,0.006411,0.000041,0.039636,0.046089,40,80,1024
292,10,cpp_adv,0.006293,0.000049,0.039351,0.045695,40,80,1024
293,10,seq,0.246156,0.000409,0.356213,0.602779,40,80,1024
293,10,par,0.137350,0.035176,0.439190,0.611716,40,80,1024
293,10,weights,0.116237,0.037029,0.454639,0.607905,40,80,1024
293,10,cpp_seq,0.006631,0.000403,0.044353,0.051389,40,80,1024
293,10,cpp_par,0.005665,0.000044,0.039633,0.045343,40,80,1024
293,10,cpp_adv,0.002902,0.000041,0.039892,0.042836,40,80,1024
294,10,seq,0.223443,0.000353,0.055091,0.278887,30,48,108
294,10,par,0.098494,0.029540,0.291918,0.419952,30,48,108
294,10,weights,0.102566,0.036619,0.301643,0.440828,30,48,108
294,10,cpp_seq,0.005133,0.000066,0.006650,0.011850,30,48,108
294,10,cpp_par,0.003311,0.000037,0.006156,0.009504,30,48,108
294,10,cpp_adv,0.002921,0.000037,0.006366,0.009324,30,48,108
295,10,seq,0.206935,0.000269,0.000369,0.207573,20,20,1
295,10,par,0.097705,0.032204,0.263447,0.393356,20,20,1
295,10,weights,0.094228,0.033044,0.280511,0.407782,20,20,1
295,10,cpp_seq,0.006911,0.000063,0.000112,0.007087,20,20,1
295,10,cpp_par,0.003857,0.000034,0.000111,0.004003,20,20,1
295,10,cpp_adv,0.003509,0.000033,0.000110,0.003652,20,20,1
296,10,seq,0.281578,0.000299,0.008770,0.290647,30,46,47
296,10,par,0.115037,0.034525,0.272981,0.422543,30,46,47
296,10,weights,0.114531,0.034125,0.279427,0.428083,30,46,47
296,10,cpp_seq,0.007134,0.000068,0.001897,0.009099,30,46,47
296,10,cpp_par,0.003935,0.000053,0.001839,0.005828,30,46,47
296,10,cpp_adv,0.003618,0.000037,0.001849,0.005505,30,46,47
297,10,seq,0.221268,0.000304,0.042608,0.264180,30,50,213
297,10,par,0.180749,0.033576,0.301459,0.515785,30,50,213
297,10,weights,0.101902,0.033020,0.308141,0.443062,30,50,213
297,10,cpp_seq,0.007332,0.000090,0.006390,0.013813,30,50,213
297,10,cpp_par,0.003488,0.000038,0.005600,0.009127,30,50,213
297,10,cpp_adv,0.003539,0.000061,0.005863,0.009463,30,50,213
298,10,seq,0.329133,0.000278,0.227950,0.557360,40,80,1024
298,10,par,0.147533,0.029792,0.422087,0.599413,40,80,1024
298,10,weights,0.130966,0.030237,0.379099,0.540302,40,80,1024
298,10,cpp_seq,0.014079,0.000078,0.039252,0.053410,40,80,1024
298,10,cpp_par,0.009695,0.000042,0.041420,0.051157,40,80,1024
298,10,cpp_adv,0.007097,0.000079,0.041194,0.048371,40,80,1024
299,10,seq,0.355186,0.000279,0.000429,0.355894,20,20,1
299,10,par,0.744701,0.030260,0.259642,1.034603,20,20,1
299,10,weights,0.148702,0.029769,0.269646,0.448117,20,20,1
299,10,cpp_seq,0.016363,0.000064,0.000133,0.016561,20,20,1
299,10,cpp_par,0.008151,0.000036,0.000112,0.008299,20,20,1
299,10,cpp_adv,0.008233,0.000037,0.000113,0.008384,20,20,1
300,10,seq,0.402746,0.001635,0.001285,0.405666,20,6,0
300,10,par,0.143644,0.031214,0.032773,0.207630,20,6,0
300,10,weights,0.097213,0.030267,0.034460,0.161940,20,6,0
300,10,cpp_seq,0.004267,0.000059,0.000021,0.004349,20,6,0
300,10,cpp_par,0.002938,0.000046,0.000022,0.003006,20,6,0
300,10,cpp_adv,0.002247,0.000032,0.000018,0.002298,20,6,0
301,10,seq,0.264068,0.000301,0.000393,0.264761,20,18,0
301,10,par,0.187438,0.038085,0.203249,0.428772,20,18,0
301,10,weights,0.279921,0.035803,0.158293,0.474017,20,18,0
301,10,cpp_seq,0.005584,0.000060,0.000059,0.005704,20,18,0
301,10,cpp_par,0.003322,0.000047,0.000074,0.003444,20,18,0
301,10,cpp_adv,0.002839,0.000034,0.000058,0.002931,20,18,0
302,10,seq,0.348959,0.000340,1.258298,1.607597,50,118,3872
302,10,par,1.217662,0.034241,0.870297,2.122201,50,118,3872
302,10,weights,0.115087,0.038847,0.836616,0.990550,50,118,3872
302,10,cpp_seq,0.007503,0.000083,0.161789,0.169376,50,118,3872
302,10,cpp_par,0.004358,0.000049,0.173950,0.178358,50,118,3872
302,10,cpp_adv,0.003634,0.000046,0.157442,0.161122,50,118,3872
303,10,seq,0.230077,0.000376,0.094760,0.325213,40,70,432
303,10,par,0.097122,0.031663,0.349352,0.478137,40,70,432
303,10,weights,0.109135,0.035768,0.321088,0.465991,40,70,432
303,10,cpp_seq,0.003313,0.000075,0.016741,0.020130,40,70,432
303,10,cpp_par,0.004176,0.000053,0.042165,0.046395,40,70,432
303,10,cpp_adv,0.001665,0.000040,0.016343,0.018048,40,70,432
304,10,seq,0.252382,0.000400,0.000573,0.253356,20,20,1
304,10,par,0.114063,0.033921,0.271764,0.419748,20,20,1
304,10,weights,0.107519,0.032149,0.332962,0.472630,20,20,1
304,10,cpp_seq,0.005394,0.000062,0.000111,0.005569,20,20,1
304,10,cpp_par,0.003288,0.000044,0.000111,0.003444,20,20,1
304,10,cpp_adv,0.002992,0.000036,0.000113,0.003141,20,20,1
305,10,seq,0.309091,0.000284,0.000127,0.309502,20,3,0
305,10,par,0.131843,0.032474,0.029653,0.193970,20,3,0
305,10,weights,0.124238,0.032244,0.000304,0.156786,20,3,0
305,10,cpp_seq,0.013819,0.000076,0.000018,0.013914,20,3,0
305,10,cpp_par,0.007489,0.000043,0.000021,0.007555,20,3,0
305,10,cpp_adv,0.008827,0.000036,0.000017,0.008881,20,3,0
306,10,seq,0.332585,0.000379,0.041281,0.374246,30,47,80
306,10,par,0.134946,0.032084,0.283693,0.450723,30,47,80
306,10,weights,0.124580,0.032989,0.307965,0.465535,30,47,80
306,10,cpp_seq,0.009482,0.000069,0.003145,0.012697,30,47,80
306,10,cpp_par,0.005059,0.000038,0.003090,0.008187,30,47,80
306,10,cpp_adv,0.004720,0.000038,0.003193,0.007951,30,47,80
307,10,seq,0.429427,0.000307,0.226368,0.656102,40,80,1024
307,10,par,0.176258,0.036789,0.422460,0.635507,40,80,1024
307,10,weights,0.167533,0.030031,0.383138,0.580702,40,80,1024
307,10,cpp_seq,0.015090,0.000078,0.039827,0.054997,40,80,1024
307,10,cpp_par,0.010706,0.000041,0.042261,0.053009,40,80,1024
307,10,cpp_adv,0.010848,0.000047,0.041269,0.052165,40,80,1024
308,10,seq,0.276298,0.000289,0.002104,0.278691,30,40,2
308,10,par,0.111598,0.036295,0.289733,0.437626,30,40,2
308,10,weights,0.109453,0.034275,0.277672,0.421401,30,40,2
308,10,cpp_seq,0.008145,0.000068,0.000425,0.008640,30,40,2
308,10,cpp_par,0.004265,0.000038,0.000426,0.004729,30,40,2
308,10,cpp_adv,0.004133,0.000038,0.000426,0.004598,30,40,2
309,10,seq,0.416612,0.000391,0.234063,0.651066,40,80,1024
309,10,par,0.196058,0.030281,0.490952,0.717291,40,80,1024
309,10,weights,0.180680,0.032822,0.392469,0.605971,40,80,1024
309,10,cpp_seq,0.014426,0.000078,0.039875,0.054379,40,80,1024
309,10,cpp_par,0.009893,0.000050,0.042477,0.052421,40,80,1024
309,10,cpp_adv,0.010008,0.000047,0.039859,0.049915,40,80,1024
310,10,seq,0.333978,0.000274,0.000208,0.334459,20,4,0
310,10,par,0.131922,0.037143,0.033451,0.202515,20,4,0
310,10,weights,0.126427,0.034551,0.029065,0.190043,20,4,0
310,10,cpp_seq,0.010276,0.000060,0.000020,0.010358,20,4,0
310,10,cpp_par,0.005576,0.000033,0.000018,0.005628,20,4,0
310,10,cpp_adv,0.005592,0.000033,0.000017,0.005643,20,4,0
311,10,seq,0.245503,0.000288,0.000121,0.245913,30,8,0
311,10,par,0.119306,0.037120,0.026944,0.183371,30,8,0
311,10,weights,0.097863,0.029697,0.000316,0.127875,30,8,0
311,10,cpp_seq,0.005274,0.000082,0.000019,0.005377,30,8,0
311,10,cpp_par,0.002866,0.000038,0.000018,0.002923,30,8,0
311,10,cpp_adv,0.003911,0.000067,0.000021,0.004000,30,8,0
312,10,seq,0.312994,0.000443,0.000182,0.313618,30,2,0
312,10,par,0.104007,0.031188,0.029944,0.165139,30,2,0
312,10,weights,0.102394,0.036417,0.000321,0.139132,30,2,0
312,10,cpp_seq,0.004478,0.000061,0.000018,0.004557,30,2,0
312,10,cpp_par,0.002426,0.000035,0.000017,0.002478,30,2,0
312,10,cpp_adv,0.002310,0.000048,0.000017,0.002376,30,2,0
313,10,seq,0.290797,0.000351,0.185975,0.477123,40,78,768
313,10,par,0.107082,0.039961,0.360777,0.507820,40,78,768
313,10,weights,0.107071,0.032869,0.476099,0.616039,40,78,768
313,10,cpp_seq,0.005688,0.000089,0.030169,0.035948,40,78,768
313,10,cpp_par,0.005910,0.000071,0.029362,0.035344,40,78,768
313,10,cpp_adv,0.004864,0.000052,0.029159,0.034074,40,78,768
314,10,seq,0.289391,0.000331,2.079135,2.368858,50,120,5996
314,10,par,0.763428,0.030418,1.203293,1.997139,50,120,5996
314,10,weights,0.521980,0.041510,1.338620,1.902110,50,120,5996
314,10,cpp_seq,0.009513,0.000110,0.284583,0.294207,50,120,5996
314,10,cpp_par,0.004277,0.000047,0.271408,0.275733,50,120,5996
314,10,cpp_adv,0.003894,0.000045,0.247254,0.251194,50,120,5996
315,10,seq,0.676815,0.000278,0.000097,0.677190,20,6,0
315,10,par,0.126514,0.036017,0.033143,0.195674,20,6,0
315,10,weights,0.136020,0.047783,0.000506,0.184310,20,6,0
315,10,cpp_seq,0.005768,0.000064,0.000023,0.005855,20,6,0
315,10,cpp_par,0.004052,0.000047,0.000027,0.004127,20,6,0
315,10,cpp_adv,0.003362,0.000042,0.000020,0.003425,20,6,0
316,10,seq,0.302445,0.000359,0.112456,0.415261,40,70,324
316,10,par,0.127861,0.045084,0.397655,0.570600,40,70,324
316,10,weights,0.149227,0.042883,0.382538,0.574649,40,70,324
316,10,cpp_seq,0.006795,0.000079,0.014247,0.021124,40,70,324
316,10,cpp_par,0.005088,0.000085,0.015174,0.020349,40,70,324
316,10,cpp_adv,0.003996,0.000045,0.014684,0.018726,40,70,324
317,10,seq,0.313893,0.000351,0.000518,0.314761,20,20,1
317,10,par,0.108907,0.039932,0.327485,0.476324,20,20,1
317,10,weights,0.111079,0.038930,0.484074,0.634083,20,20,1
317,10,cpp_seq,0.009233,0.000684,0.000167,0.010086,20,20,1
317,10,cpp_par,0.007920,0.000524,0.000160,0.008606,20,20,1
317,10,cpp_adv,0.011695,0.000062,0.000123,0.011881,20,20,1
318,10,seq,0.455631,0.000295,0.000617,0.456543,30,32,1
318,10,par,0.133267,0.042769,0.330899,0.506935,30,32,1
318,10,weights,0.132306,0.041878,0.303310,0.477494,30,32,1
318,10,cpp_seq,0.003037,0.000081,0.000229,0.003348,30,32,1
318,10,cpp_par,0.001773,0.000038,0.000197,0.002009,30,32,1
318,10,cpp_adv,0.001735,0.000038,0.000177,0.001950,30,32,1
319,10,seq,0.204879,0.000319,0.000424,0.205622,20,20,1
319,10,par,0.098694,0.031694,0.312916,0.443304,20,20,1
319,10,weights,0.114674,0.039169,0.299026,0.452870,20,20,1
319,10,cpp_seq,0.005589,0.000064,0.000142,0.005796,20,20,1
319,10,cpp_par,0.003142,0.000045,0.000147,0.003337,20,20,1
319,10,cpp_adv,0.002914,0.000036,0.000115,0.003066,20,20,1
320,10,seq,0.464885,0.001964,0.002220,0.469069,30,20,1
320,10,par,0.140542,0.036276,0.299123,0.475941,30,20,1
320,10,weights,0.121460,0.036948,0.299701,0.458109,30,20,1
320,10,cpp_seq,0.009924,0.000068,0.000117,0.010110,30,20,1
320,10,cpp_par,0.005331,0.000058,0.000116,0.005507,30,20,1
320,10,cpp_adv,0.004939,0.000039,0.000114,0.005093,30,20,1
321,10,seq,0.268893,0.000278,0.000222,0.269393,20,5,0
321,10,par,0.110061,0.043114,0.034314,0.187489,20,5,0
321,10,weights,0.225704,0.034386,0.029404,0.289494,20,5,0
321,10,cpp_seq,0.004250,0.000059,0.000019,0.004329,20,5,0
321,10,cpp_par,0.002886,0.000045,0.000023,0.002955,20,5,0
321,10,cpp_adv,0.002272,0.000033,0.000017,0.002323,20,5,0
322,10,seq,0.257117,0.000281,0.000124,0.257522,20,6,0
322,10,par,0.099075,0.034654,0.037683,0.171412,20,6,0
322,10,weights,0.098915,0.036191,0.000430,0.135536,20,6,0
322,10,cpp_seq,0.004457,0.000065,0.000019,0.004541,20,6,0
322,10,cpp_par,0.002654,0.000034,0.000016,0.002705,20,6,0
322,10,cpp_adv,0.002350,0.000039,0.000017,0.002407,20,6,0
323,10,seq,0.378188,0.000298,0.000157,0.378643,20,10,0
323,10,par,0.157745,0.037338,0.031179,0.226262,20,10,0
323,10,weights,0.158838,0.033843,0.000312,0.192993,20,10,0
323,10,cpp_seq,0.004653,0.000061,0.000018,0.004733,20,10,0
323,10,cpp_par,0.003188,0.000034,0.000018,0.003241,20,10,0
323,10,cpp_adv,0.002341,0.000034,0.000015,0.002390,20,10,0
324,10,seq,0.255280,0.000295,0.000400,0.255975,20,13,1
324,10,par,0.116268,0.038371,0.319170,0.473808,20,13,1
324,10,weights,0.112852,0.037179,0.299878,0.449909,20,13,1
324,10,cpp_seq,0.004880,0.000062,0.000070,0.005013,20,13,1
324,10,cpp_par,0.003121,0.000036,0.000074,0.003232,20,13,1
324,10,cpp_adv,0.002562,0.000035,0.000068,0.002666,20,13,1
325,10,seq,0.284260,0.000456,0.000641,0.285357,20,20,1
325,10,par,0.176032,0.032854,0.300076,0.508962,20,20,1
325,10,weights,0.112127,0.036103,0.303313,0.451543,20,20,1
325,10,cpp_seq,0.004657,0.000061,0.000113,0.004832,20,20,1
325,10,cpp_par,0.002833,0.000036,0.000113,0.002983,20,20,1
325,10,cpp_adv,0.001984,0.000034,0.000111,0.002130,20,20,1
326,10,seq,0.365945,0.000465,0.234351,0.600762,40,80,1024
326,10,par,0.151937,0.035450,0.467095,0.654483,40,80,1024
326,10,weights,0.162733,0.044994,0.414140,0.621867,40,80,1024
326,10,cpp_seq,0.009830,0.000079,0.040846,0.050756,40,80,1024
326,10,cpp_par,0.008596,0.000044,0.043366,0.052008,40,80,1024
326,10,cpp_adv,0.007861,0.000063,0.039899,0.047823,40,80,1024
327,10,seq,0.422825,0.000301,0.000120,0.423246,20,4,0
327,10,par,0.178450,0.034443,0.032055,0.244948,20,4,0
327,10,weights,0.172983,0.036547,0.000335,0.209864,20,4,0
327,10,cpp_seq,0.016006,0.000060,0.000018,0.016085,20,4,0
327,10,cpp_par,0.010065,0.000037,0.000017,0.010119,20,4,0
327,10,cpp_adv,0.009344,0.000049,0.000019,0.009412,20,4,0
328,10,seq,0.258571,0.000460,0.000482,0.259513,20,20,1
328,10,par,0.111583,0.033188,0.290935,0.435706,20,20,1
328,10,weights,0.112332,0.034859,0.283654,0.430844,20,20,1
328,10,cpp_seq,0.007524,0.000062,0.000111,0.007698,20,20,1
328,10,cpp_par,0.003912,0.000052,0.000111,0.004076,20,20,1
328,10,cpp_adv,0.004577,0.000037,0.000143,0.004758,20,20,1
329,10,seq,0.408638,0.000290,0.000668,0.409596,30,32,1
329,10,par,0.156664,0.034022,0.298669,0.489355,30,32,1
329,10,weights,0.151515,0.050627,0.305476,0.507618,30,32,1
329,10,cpp_seq,0.005620,0.000085,0.000229,0.005935,30,32,1
329,10,cpp_par,0.003030,0.000047,0.000205,0.003283,30,32,1
329,10,cpp_adv,0.002467,0.000038,0.000175,0.002680,30,32,1
330,10,seq,0.243413,0.000342,0.000618,0.244372,20,20,1
330,10,par,0.111506,0.037587,0.296397,0.445490,20,20,1
330,10,weights,0.101679,0.033569,0.284920,0.420168,20,20,1
330,10,cpp_seq,0.006830,0.000062,0.000112,0.007004,20,20,1
330,10,cpp_par,0.003877,0.000040,0.000139,0.004058,20,20,1
330,10,cpp_adv,0.003253,0.000056,0.000112,0.003422,20,20,1
331,10,seq,0.213883,0.000369,0.000576,0.214828,20,20,0
331,10,par,0.105043,0.039532,0.279849,0.424425,20,20,0
331,10,weights,0.098143,0.040124,0.291791,0.430058,20,20,0
331,10,cpp_seq,0.006020,0.000062,0.000107,0.006190,20,20,0
331,10,cpp_par,0.003400,0.000041,0.000121,0.003563,20,20,0
331,10,cpp_adv,0.004026,0.000065,0.000145,0.004237,20,20,0
332,10,seq,0.277271,0.000311,0.000137,0.277719,20,14,0
332,10,par,0.121166,0.039556,0.032456,0.193179,20,14,0
332,10,weights,0.131630,0.039656,0.000390,0.171677,20,14,0
332,10,cpp_seq,0.006451,0.000061,0.000032,0.006545,20,14,0
332,10,cpp_par,0.003589,0.000035,0.000020,0.003645,20,14,0
332,10,cpp_adv,0.003895,0.000045,0.000022,0.003962,20,14,0
333,10,seq,0.287570,0.000408,0.000524,0.288503,20,20,1
333,10,par,0.144898,0.064044,0.415812,0.624755,20,20,1
333,10,weights,0.104189,0.034867,0.292110,0.431165,20,20,1
333,10,cpp_seq,0.006047,0.000074,0.000125,0.006246,20,20,1
333,10,cpp_par,0.003583,0.000038,0.000113,0.003735,20,20,1
333,10,cpp_adv,0.002903,0.000039,0.000111,0.003053,20,20,1
334,10,seq,0.332044,0.000332,0.000380,0.332756,20,20,1
334,10,par,0.147575,0.037961,0.314037,0.499573,20,20,1
334,10,weights,0.177000,0.037740,0.309420,0.524160,20,20,1
334,10,cpp_seq,0.004761,0.000102,0.000128,0.004992,20,20,1
334,10,cpp_par,0.002597,0.000038,0.000117,0.002752,20,20,1
334,10,cpp_adv,0.002044,0.000036,0.000115,0.002195,20,20,1
335,10,seq,0.321633,0.000396,0.000408,0.322436,20,15,1
335,10,par,0.127895,0.040499,0.303751,0.472145,20,15,1
335,10,weights,0.117332,0.036217,0.299667,0.453216,20,15,1
335,10,cpp_seq,0.004862,0.000064,0.000074,0.005001,20,15,1
335,10,cpp_par,0.003934,0.000049,0.000097,0.004081,20,15,1
335,10,cpp_adv,0.003156,0.000049,0.000097,0.003303,20,15,1
336,10,seq,0.220332,0.000297,0.000431,0.221060,20,20,1
336,10,par,0.102868,0.040082,0.301071,0.444021,20,20,1
336,10,weights,0.184864,0.049367,0.278000,0.512230,20,20,1
336,10,cpp_seq,0.007049,0.000078,0.000118,0.007246,20,20,1
336,10,cpp_par,0.003900,0.000036,0.000113,0.004050,20,20,1
336,10,cpp_adv,0.003707,0.000050,0.000112,0.003869,20,20,1
337,10,seq,0.284573,0.000363,0.233782,0.518718,40,80,1024
337,10,par,0.124238,0.045044,0.397554,0.566836,40,80,1024
337,10,weights,0.111230,0.029766,0.448261,0.589257,40,80,1024
337,10,cpp_seq,0.003709,0.000079,0.041293,0.045082,40,80,1024
337,10,cpp_par,0.004917,0.000042,0.041784,0.046744,40,80,1024
337,10,cpp_adv,0.002170,0.000042,0.040934,0.043147,40,80,1024
338,10,seq,0.247983,0.000359,0.000438,0.248779,20,20,1
338,10,par,0.116723,0.035699,0.300511,0.452933,20,20,1
338,10,weights,0.124267,0.037277,0.299951,0.461495,20,20,1
338,10,cpp_seq,0.007438,0.000079,0.000245,0.007763,20,20,1
338,10,cpp_par,0.003797,0.000039,0.000147,0.003984,20,20,1
338,10,cpp_adv,0.003550,0.000036,0.000113,0.003700,20,20,1
339,10,seq,0.449865,0.000414,0.000159,0.450438,20,3,0
339,10,par,0.180240,0.035454,0.031921,0.247615,20,3,0
339,10,weights,0.188912,0.034892,0.000491,0.224295,20,3,0
339,10,cpp_seq,0.011249,0.000059,0.000018,0.011328,20,3,0
339,10,cpp_par,0.005766,0.000034,0.000017,0.005817,20,3,0
339,10,cpp_adv,0.006080,0.000038,0.000017,0.006135,20,3,0
340,10,seq,0.218018,0.000408,0.000324,0.218749,20,10,0
340,10,par,0.100551,0.034075,0.034981,0.169608,20,10,0
340,10,weights,0.097486,0.057583,0.085066,0.240135,20,10,0
340,10,cpp_seq,0.011178,0.000075,0.000030,0.011285,20,10,0
340,10,cpp_par,0.012395,0.000052,0.000030,0.012479,20,10,0
340,10,cpp_adv,0.002619,0.000044,0.000028,0.002691,20,10,0
341,10,seq,0.234667,0.000279,0.000413,0.235359,20,20,1
341,10,par,0.101320,0.039075,0.292822,0.433216,20,20,1
341,10,weights,0.114784,0.036657,0.298510,0.449951,20,20,1
341,10,cpp_seq,0.005807,0.000078,0.000125,0.006011,20,20,1
341,10,cpp_par,0.003408,0.000038,0.000122,0.003569,20,20,1
341,10,cpp_adv,0.003212,0.000036,0.000151,0.003400,20,20,1
342,10,seq,0.389447,0.000282,0.000125,0.389854,30,3,0
342,10,par,0.148055,0.030135,0.025874,0.204064,30,3,0
342,10,weights,0.138185,0.031749,0.000315,0.170249,30,3,0
342,10,cpp_seq,0.012769,0.000062,0.000020,0.012852,30,3,0
342,10,cpp_par,0.006737,0.000034,0.000018,0.006790,30,3,0
342,10,cpp_adv,0.006780,0.000059,0.000023,0.006863,30,3,0
343,10,seq,0.207046,0.000272,0.000290,0.207608,20,11,1
343,10,par,0.096767,0.031472,0.256008,0.384246,20,11,1
343,10,weights,0.087701,0.028886,0.261980,0.378567,20,11,1
343,10,cpp_seq,0.004655,0.000082,0.000090,0.004828,20,11,1
343,10,cpp_par,0.002567,0.000034,0.000064,0.002666,20,11,1
343,10,cpp_adv,0.003456,0.000044,0.000083,0.003584,20,11,1
344,10,seq,0.276368,0.000257,0.000389,0.277013,20,20,2
344,10,par,0.111942,0.035142,0.259541,0.406625,20,20,2
344,10,weights,0.118883,0.032446,0.270690,0.422019,20,20,2
344,10,cpp_seq,0.008984,0.000270,0.000117,0.009373,20,20,2
344,10,cpp_par,0.004920,0.000038,0.000116,0.005074,20,20,2
344,10,cpp_adv,0.004296,0.000035,0.000113,0.004445,20,20,2
345,10,seq,0.228308,0.000546,0.000921,0.229775,30,20,1
345,10,par,0.096263,0.032368,0.266580,0.395211,30,20,1
345,10,weights,0.095851,0.030379,0.267127,0.393357,30,20,1
345,10,cpp_seq,0.006593,0.000074,0.000116,0.006784,30,20,1
345,10,cpp_par,0.002927,0.000037,0.000115,0.003080,30,20,1
345,10,cpp_adv,0.003482,0.000047,0.000153,0.003683,30,20,1
346,10,seq,0.232117,0.000307,0.229963,0.462388,40,80,1024
346,10,par,0.141344,0.063018,0.532095,0.736458,40,80,1024
346,10,weights,0.104879,0.086729,0.409910,0.601518,40,80,1024
346,10,cpp_seq,0.004970,0.000077,0.039294,0.044342,40,80,1024
346,10,cpp_par,0.005614,0.000040,0.040370,0.046025,40,80,1024
346,10,cpp_adv,0.002497,0.000041,0.040621,0.043160,40,80,1024
347,10,seq,0.374096,0.000282,0.000119,0.374496,30,3,0
347,10,par,0.145305,0.040093,0.027677,0.213075,30,3,0
347,10,weights,0.141702,0.031385,0.000326,0.173414,30,3,0
347,10,cpp_seq,0.008785,0.000062,0.000034,0.008881,30,3,0
347,10,cpp_par,0.005024,0.000034,0.000017,0.005075,30,3,0
347,10,cpp_adv,0.004490,0.000040,0.000020,0.004551,30,3,0
348,10,seq,0.209987,0.000260,0.000386,0.210634,20,20,1
348,10,par,0.094047,0.029104,0.370702,0.493854,20,20,1
348,10,weights,0.093384,0.029899,0.262781,0.386064,20,20,1
348,10,cpp_seq,0.006677,0.000062,0.000112,0.006852,20,20,1
348,10,cpp_par,0.003678,0.000036,0.000113,0.003828,20,20,1
348,10,cpp_adv,0.004831,0.000048,0.000150,0.005030,20,20,1
349,10,seq,0.386391,0.000337,0.000258,0.386986,20,15,0
349,10,par,0.155392,0.034027,0.115339,0.304758,20,15,0
349,10,weights,0.158457,0.030309,0.123975,0.312741,20,15,0
349,10,cpp_seq,0.015298,0.000061,0.000045,0.015405,20,15,0
349,10,cpp_par,0.007396,0.000034,0.000043,0.007473,20,15,0
349,10,cpp_adv,0.007666,0.000038,0.000052,0.007756,20,15,0
350,10,seq,0.271727,0.000353,0.000265,0.272344,20,13,1
350,10,par,0.124098,0.035014,0.265784,0.424895,20,13,1
350,10,weights,0.124953,0.034990,0.265509,0.425451,20,13,1
350,10,cpp_seq,0.007582,0.000075,0.000068,0.007726,20,13,1
350,10,cpp_par,0.004500,0.000036,0.000068,0.004604,20,13,1
350,10,cpp_adv,0.004047,0.000033,0.000083,0.004165,20,13,1
351,10,seq,0.258851,0.000383,0.227186,0.486420,40,80,1024
351,10,par,0.110970,0.031485,0.402513,0.544968,40,80,1024
351,10,weights,0.113030,0.032314,0.364869,0.510213,40,80,1024
351,10,cpp_seq,0.007215,0.000075,0.039752,0.047044,40,80,1024
351,10,cpp_par,0.006975,0.000042,0.040380,0.047398,40,80,1024
351,10,cpp_adv,0.003781,0.000040,0.041087,0.044909,40,80,1024
352,10,seq,0.206757,0.000295,0.000110,0.207162,20,8,0
352,10,par,0.085103,0.030173,0.028744,0.144021,20,8,0
352,10,weights,0.080510,0.028079,0.000333,0.108922,20,8,0
352,10,cpp_seq,0.003932,0.000060,0.000017,0.004009,20,8,0
352,10,cpp_par,0.002344,0.000033,0.000016,0.002393,20,8,0
352,10,cpp_adv,0.002059,0.000035,0.000017,0.002112,20,8,0
353,10,seq,0.394023,0.000326,0.018616,0.412965,40,62,50
353,10,par,0.704034,0.030575,0.278795,1.013404,40,62,50
353,10,weights,0.144024,0.028506,0.288098,0.460628,40,62,50
353,10,cpp_seq,0.005149,0.000076,0.003836,0.009063,40,62,50
353,10,cpp_par,0.002886,0.000041,0.003779,0.006707,40,62,50
353,10,cpp_adv,0.002835,0.000043,0.003808,0.006686,40,62,50
354,10,seq,0.252446,0.000280,0.000306,0.253032,20,12,1
354,10,par,0.095776,0.030981,0.277831,0.404588,20,12,1
354,10,weights,0.100431,0.029851,0.265558,0.395839,20,12,1
354,10,cpp_seq,0.004927,0.000060,0.000069,0.005057,20,12,1
354,10,cpp_par,0.003992,0.000046,0.000088,0.004127,20,12,1
354,10,cpp_adv,0.002504,0.000033,0.000066,0.002603,20,12,1
355,10,seq,0.250931,0.000393,0.086453,0.337776,40,70,408
355,10,par,0.095225,0.029900,0.317343,0.442468,40,70,408
355,10,weights,0.181740,0.032639,0.302659,0.517037,40,70,408
355,10,cpp_seq,0.003266,0.000074,0.016564,0.019906,40,70,408
355,10,cpp_par,0.003738,0.000062,0.020198,0.024000,40,70,408
355,10,cpp_adv,0.002025,0.000055,0.017209,0.019290,40,70,408
356,10,seq,0.310359,0.000277,0.049630,0.360265,30,55,320
356,10,par,0.106266,0.035130,0.311011,0.452408,30,55,320
356,10,weights,0.113763,0.034619,0.294970,0.443351,30,55,320
356,10,cpp_seq,0.007318,0.000069,0.010793,0.018181,30,55,320
356,10,cpp_par,0.004562,0.000038,0.010586,0.015187,30,55,320
356,10,cpp_adv,0.004254,0.000039,0.010719,0.015013,30,55,320
357,10,seq,0.214485,0.000285,0.000117,0.214886,20,2,0
357,10,par,0.097282,0.035290,0.029882,0.162454,20,2,0
357,10,weights,0.099432,0.029260,0.000323,0.129014,20,2,0
357,10,cpp_seq,0.003876,0.000058,0.000017,0.003952,20,2,0
357,10,cpp_par,0.002492,0.000043,0.000017,0.002552,20,2,0
357,10,cpp_adv,0.002038,0.000032,0.000016,0.002087,20,2,0
358,10,seq,0.338922,0.000339,3.138890,3.478152,50,126,10391
358,10,par,0.509428,0.032460,1.543886,2.085774,50,126,10391
358,10,weights,0.175482,0.031049,1.551772,1.758303,50,126,10391
358,10,cpp_seq,0.018878,0.000093,0.419562,0.438535,50,126,10391
358,10,cpp_par,0.011103,0.000055,0.402019,0.413177,50,126,10391
358,10,cpp_adv,0.010639,0.000056,0.407632,0.418328,50,126,10391
359,10,seq,0.299247,0.000283,0.001813,0.301344,30,40,2
359,10,par,0.129086,0.031394,0.368864,0.529344,30,40,2
359,10,weights,0.112178,0.031453,0.277349,0.420980,30,40,2
359,10,cpp_seq,0.009008,0.000067,0.000456,0.009531,30,40,2
359,10,cpp_par,0.004645,0.000038,0.000426,0.005110,30,40,2
359,10,cpp_adv,0.006775,0.000052,0.000590,0.007418,30,40,2
360,10,seq,0.331761,0.000298,2.010283,2.342342,50,120,6557
360,10,par,0.127880,0.036596,1.168600,1.333076,50,120,6557
360,10,weights,0.126825,0.036122,1.087235,1.250182,50,120,6557
360,10,cpp_seq,0.008968,0.000085,0.274791,0.283845,50,120,6557
360,10,cpp_par,0.005599,0.000060,0.272049,0.277710,50,120,6557
360,10,cpp_adv,0.004508,0.000048,0.265163,0.269721,50,120,6557
361,10,seq,0.259171,0.000361,1.415959,1.675492,40,98,6149
361,10,par,0.105166,0.035722,0.904187,1.045074,40,98,6149
361,10,weights,0.115420,0.033875,0.900371,1.049667,40,98,6149
361,10,cpp_seq,0.005626,0.000092,0.220243,0.225962,40,98,6149
361,10,cpp_par,0.003310,0.000042,0.203670,0.207023,40,98,6149
361,10,cpp_adv,0.003051,0.000043,0.205453,0.208548,40,98,6149
362,10,seq,0.275464,0.000502,0.000685,0.276652,30,24,1
362,10,par,0.097823,0.029960,0.289048,0.416831,30,24,1
362,10,weights,0.142236,0.037780,0.298014,0.478030,30,24,1
362,10,cpp_seq,0.003025,0.000065,0.000140,0.003232,30,24,1
362,10,cpp_par,0.001708,0.000036,0.000139,0.001883,30,24,1
362,10,cpp_adv,0.001692,0.000036,0.000139,0.001868,30,24,1
363,10,seq,0.328607,0.000310,0.271296,0.600213,40,80,1024
363,10,par,0.133515,0.030554,0.408392,0.572460,40,80,1024
363,10,weights,0.111035,0.033626,0.506100,0.650762,40,80,1024
363,10,cpp_seq,0.004611,0.000076,0.040461,0.045149,40,80,1024
363,10,cpp_par,0.005025,0.000048,0.040560,0.045635,40,80,1024
363,10,cpp_adv,0.002001,0.000041,0.039415,0.041458,40,80,1024
364,10,seq,0.591427,0.000374,0.000116,0.591917,20,6,0
364,10,par,0.374066,0.029769,0.031415,0.435250,20,6,0
364,10,weights,0.111475,0.031717,0.000342,0.143534,20,6,0
364,10,cpp_seq,0.006010,0.000060,0.000020,0.006091,20,6,0
364,10,cpp_par,0.003406,0.000034,0.000019,0.003460,20,6,0
364,10,cpp_adv,0.003049,0.000033,0.000017,0.003100,20,6,0
365,10,seq,0.226221,0.000329,0.233019,0.459570,40,80,1024
365,10,par,0.098696,0.030539,0.376368,0.505602,40,80,1024
365,10,weights,0.097343,0.032619,0.521409,0.651371,40,80,1024
365,10,cpp_seq,0.007761,0.000079,0.041571,0.049413,40,80,1024
365,10,cpp_par,0.007247,0.000058,0.042133,0.049439,40,80,1024
365,10,cpp_adv,0.006759,0.000061,0.040103,0.046923,40,80,1024
366,10,seq,0.470244,0.000330,0.000411,0.470985,20,20,1
366,10,par,0.194915,0.031410,0.282452,0.508776,20,20,1
366,10,weights,0.172026,0.029841,0.272073,0.473940,20,20,1
366,10,cpp_seq,0.018245,0.000062,0.000112,0.018419,20,20,1
366,10,cpp_par,0.009020,0.000033,0.000109,0.009163,20,20,1
366,10,cpp_adv,0.010194,0.000051,0.000148,0.010393,20,20,1
367,10,seq,0.300426,0.000289,0.002115,0.302830,30,40,2
367,10,par,0.123262,0.033260,0.287775,0.444296,30,40,2
367,10,weights,0.120060,0.032219,0.271201,0.423480,30,40,2
367,10,cpp_seq,0.008123,0.000068,0.000426,0.008619,30,40,2
367,10,cpp_par,0.004612,0.000047,0.000573,0.005234,30,40,2
367,10,cpp_adv,0.004231,0.000037,0.000428,0.004697,30,40,2
368,10,seq,0.246112,0.000281,0.000413,0.246806,20,20,1
368,10,par,0.103445,0.035440,0.265187,0.404071,20,20,1
368,10,weights,0.103889,0.031915,0.271108,0.406911,20,20,1
368,10,cpp_seq,0.005826,0.000062,0.000115,0.006004,20,20,1
368,10,cpp_par,0.003313,0.000037,0.000117,0.003468,20,20,1
368,10,cpp_adv,0.002888,0.000034,0.000111,0.003034,20,20,1
369,10,seq,0.220640,0.000279,0.000279,0.221199,20,9,0
369,10,par,0.094370,0.029794,0.145096,0.269260,20,9,0
369,10,weights,0.095059,0.032904,0.152073,0.280037,20,9,0
369,10,cpp_seq,0.003977,0.000076,0.000037,0.004091,20,9,0
369,10,cpp_par,0.002325,0.000033,0.000035,0.002393,20,9,0
369,10,cpp_adv,0.002219,0.000033,0.000034,0.002287,20,9,0
370,10,seq,0.424373,0.000315,0.000141,0.424829,20,4,0
370,10,par,0.172942,0.080142,0.053599,0.306683,20,4,0
370,10,weights,0.163596,0.030168,0.000308,0.194072,20,4,0
370,10,cpp_seq,0.016182,0.000060,0.000019,0.016261,20,4,0
370,10,cpp_par,0.008295,0.000033,0.000018,0.008347,20,4,0
370,10,cpp_adv,0.008870,0.000044,0.000018,0.008933,20,4,0
371,10,seq,0.235502,0.000406,0.034383,0.270291,30,53,210
371,10,par,0.091202,0.034214,0.310259,0.435675,30,53,210
371,10,weights,0.099591,0.031286,0.287028,0.417905,30,53,210
371,10,cpp_seq,0.004344,0.000069,0.007581,0.011996,30,53,210
371,10,cpp_par,0.003190,0.000062,0.008424,0.011678,30,53,210
371,10,cpp_adv,0.002740,0.000040,0.007678,0.010459,30,53,210
372,10,seq,0.240834,0.000353,0.026213,0.267401,30,50,162
372,10,par,0.098942,0.029230,0.371722,0.499893,30,50,162
372,10,weights,0.105034,0.031661,0.291413,0.428108,30,50,162
372,10,cpp_seq,0.005521,0.000068,0.005789,0.011379,30,50,162
372,10,cpp_par,0.003532,0.000038,0.005965,0.009536,30,50,162
372,10,cpp_adv,0.003247,0.000039,0.005857,0.009143,30,50,162
373,10,seq,0.375542,0.000286,0.000183,0.376012,30,14,0
373,10,par,0.155361,0.031895,0.029831,0.217087,30,14,0
373,10,weights,0.153521,0.031326,0.028747,0.213595,30,14,0
373,10,cpp_seq,0.009381,0.000065,0.000023,0.009470,30,14,0
373,10,cpp_par,0.005804,0.000042,0.000021,0.005867,30,14,0
373,10,cpp_adv,0.004797,0.000035,0.000021,0.004853,30,14,0
374,10,seq,0.409453,0.000547,1.278256,1.688255,50,114,3432
374,10,par,0.195675,0.032198,1.493914,1.721786,50,114,3432
374,10,weights,1.082589,0.306969,3.088891,4.478449,50,114,3432
374,10,cpp_seq,0.017795,0.000083,0.218951,0.236831,50,114,3432
374,10,cpp_par,0.012231,0.000104,0.187316,0.199653,50,114,3432
374,10,cpp_adv,0.011728,0.000060,0.449088,0.460878,50,114,3432
375,10,seq,1.343034,0.000484,0.692585,2.036103,40,80,1024
375,10,par,0.297352,0.055391,0.400722,0.753465,40,80,1024
375,10,weights,1.432040,0.047977,0.626040,2.106056,40,80,1024
375,10,cpp_seq,0.006952,0.000083,0.050484,0.057520,40,80,1024
375,10,cpp_par,0.007879,0.000056,0.042637,0.050574,40,80,1024
375,10,cpp_adv,0.007994,0.000068,0.040951,0.049015,40,80,1024
376,10,seq,2.822027,0.000396,0.000129,2.822551,20,3,0
376,10,par,0.369544,0.098546,0.043872,0.511962,20,3,0
376,10,weights,0.184380,0.044764,0.001124,0.230268,20,3,0
376,10,cpp_seq,0.017167,0.000061,0.000018,0.017246,20,3,0
376,10,cpp_par,0.010222,0.000038,0.000017,0.010279,20,3,0
376,10,cpp_adv,0.008476,0.000047,0.000023,0.008547,20,3,0
377,10,seq,0.302335,0.000654,0.219948,0.522937,40,72,360
377,10,par,0.211967,0.042743,0.386117,0.640827,40,72,360
377,10,weights,0.455436,0.073526,0.366589,0.895550,40,72,360
377,10,cpp_seq,0.005208,0.000077,0.015267,0.020555,40,72,360
377,10,cpp_par,0.005478,0.000044,0.016453,0.021977,40,72,360
377,10,cpp_adv,0.003679,0.000042,0.025625,0.029348,40,72,360
378,10,seq,1.262343,0.001163,0.000364,1.263870,20,10,0
378,10,par,0.337901,0.041747,0.051606,0.431254,20,10,0
378,10,weights,0.228940,0.048929,0.035937,0.313805,20,10,0
378,10,cpp_seq,0.007247,0.000061,0.000022,0.007331,20,10,0
378,10,cpp_par,0.006083,0.000070,0.000027,0.006181,20,10,0
378,10,cpp_adv,0.004758,0.000046,0.000028,0.004832,20,10,0
379,10,seq,0.596286,0.000867,2.624339,3.221493,50,122,6621
379,10,par,0.390060,0.037317,1.688777,2.116154,50,122,6621
379,10,weights,0.858087,0.034089,1.398238,2.290414,50,122,6621
379,10,cpp_seq,0.020122,0.000130,0.349253,0.369506,50,122,6621
379,10,cpp_par,0.009388,0.000045,0.343808,0.353242,50,122,6621
379,10,cpp_adv,0.016838,0.001327,0.365855,0.384022,50,122,6621
380,10,seq,0.324390,0.000434,0.000292,0.325116,20,10,0
380,10,par,0.121296,0.036822,0.028890,0.187008,20,10,0
380,10,weights,0.257331,0.068775,0.035400,0.361506,20,10,0
380,10,cpp_seq,0.011149,0.000073,0.000028,0.011252,20,10,0
380,10,cpp_par,0.005467,0.000032,0.000021,0.005521,20,10,0
380,10,cpp_adv,0.006727,0.000052,0.000021,0.006801,20,10,0
381,10,seq,0.306849,0.000272,0.027659,0.334780,30,50,176
381,10,par,0.175874,0.030114,0.362488,0.568477,30,50,176
381,10,weights,0.311844,0.033152,0.328270,0.673265,30,50,176
381,10,cpp_seq,0.010171,0.000065,0.005752,0.015990,30,50,176
381,10,cpp_par,0.004902,0.000038,0.006763,0.011704,30,50,176
381,10,cpp_adv,0.006241,0.000042,0.010131,0.016414,30,50,176
382,10,seq,0.187269,0.000323,0.000169,0.187761,20,4,0
382,10,par,0.165118,0.036220,0.028509,0.229848,20,4,0
382,10,weights,0.087327,0.033097,0.000364,0.120788,20,4,0
382,10,cpp_seq,0.003170,0.000064,0.000016,0.003251,20,4,0
382,10,cpp_par,0.002530,0.000039,0.000018,0.002588,20,4,0
382,10,cpp_adv,0.002163,0.000042,0.000020,0.002226,20,4,0
383,10,seq,0.241599,0.000260,0.000384,0.242243,20,20,1
383,10,par,0.119337,0.044796,0.345630,0.509763,20,20,1
383,10,weights,0.124820,0.053427,0.290160,0.468407,20,20,1
383,10,cpp_seq,0.005364,0.000059,0.000105,0.005530,20,20,1
383,10,cpp_par,0.002827,0.000033,0.000104,0.002965,20,20,1
383,10,cpp_adv,0.003544,0.000049,0.000130,0.003724,20,20,1
384,10,seq,0.338347,0.000256,0.000211,0.338815,20,14,0
384,10,par,0.093052,0.030418,0.029135,0.152605,20,14,0
384,10,weights,0.181709,0.032638,0.029348,0.243695,20,14,0
384,10,cpp_seq,0.008076,0.000056,0.000020,0.008153,20,14,0
384,10,cpp_par,0.003590,0.000050,0.000021,0.003661,20,14,0
384,10,cpp_adv,0.003888,0.000040,0.000026,0.003955,20,14,0
385,10,seq,0.636073,0.000255,0.000374,0.636701,20,20,1
385,10,par,0.098755,0.032251,0.263249,0.394254,20,20,1
385,10,weights,0.096947,0.028346,0.247817,0.373110,20,20,1
385,10,cpp_seq,0.004528,0.000059,0.000104,0.004693,20,20,1
385,10,cpp_par,0.002955,0.000033,0.000124,0.003112,20,20,1
385,10,cpp_adv,0.002496,0.000032,0.000101,0.002629,20,20,1
386,10,seq,0.404594,0.000271,3.104099,3.508964,50,126,10784
386,10,par,0.347609,0.046926,1.378691,1.773227,50,126,10784
386,10,weights,0.136003,0.029942,1.329053,1.494998,50,126,10784
386,10,cpp_seq,0.005182,0.000079,0.399314,0.404576,50,126,10784
386,10,cpp_par,0.003487,0.000042,0.390117,0.393647,50,126,10784
386,10,cpp_adv,0.004809,0.000062,0.431096,0.435969,50,126,10784
387,10,seq,0.214256,0.000259,0.000201,0.214716,20,8,0
387,10,par,0.107847,0.038693,0.033950,0.180490,20,8,0
387,10,weights,0.093613,0.037018,0.028575,0.159205,20,8,0
387,10,cpp_seq,0.004104,0.000057,0.000020,0.004181,20,8,0
387,10,cpp_par,0.002403,0.000044,0.000025,0.002473,20,8,0
387,10,cpp_adv,0.002101,0.000038,0.000023,0.002163,20,8,0
388,10,seq,0.360251,0.000309,0.000248,0.360808,20,16,0
388,10,par,0.154134,0.038176,0.094373,0.286683,20,16,0
388,10,weights,0.142477,0.033365,0.086276,0.262118,20,16,0
388,10,cpp_seq,0.012369,0.000066,0.000034,0.012471,20,16,0
388,10,cpp_par,0.008312,0.000037,0.000033,0.008383,20,16,0
388,10,cpp_adv,0.006054,0.000062,0.000032,0.006148,20,16,0
389,10,seq,2.778080,0.000529,0.000663,2.779272,20,20,1
389,10,par,0.173175,0.033070,0.277702,0.483946,20,20,1
389,10,weights,0.098958,0.032986,0.281703,0.413647,20,20,1
389,10,cpp_seq,0.005794,0.000056,0.000104,0.005956,20,20,1
389,10,cpp_par,0.003354,0.000031,0.000103,0.003490,20,20,1
389,10,cpp_adv,0.003110,0.000031,0.000100,0.003241,20,20,1
390,10,seq,0.232611,0.000377,0.000325,0.233313,20,10,1
390,10,par,0.147487,0.031531,0.289698,0.468716,20,10,1
390,10,weights,0.107040,0.029183,0.276643,0.412866,20,10,1
390,10,cpp_seq,0.008667,0.000055,0.000061,0.008784,20,10,1
390,10,cpp_par,0.004366,0.000044,0.000111,0.004523,20,10,1
390,10,cpp_adv,0.006557,0.000042,0.000080,0.006680,20,10,1
391,10,seq,0.667088,0.000436,0.322377,0.989901,40,80,1024
391,10,par,0.187008,0.036629,0.424069,0.647706,40,80,1024
391,10,weights,0.107197,0.033589,0.376218,0.517004,40,80,1024
391,10,cpp_seq,0.005601,0.000070,0.039327,0.044999,40,80,1024
391,10,cpp_par,0.006265,0.000051,0.037201,0.043518,40,80,1024
391,10,cpp_adv,0.005547,0.000044,0.036677,0.042268,40,80,1024
392,10,seq,0.436733,0.000290,0.000177,0.437200,20,8,0
392,10,par,0.138407,0.037283,0.034610,0.210301,20,8,0
392,10,weights,0.146773,0.035772,0.032937,0.215482,20,8,0
392,10,cpp_seq,0.008303,0.000057,0.000019,0.008380,20,8,0
392,10,cpp_par,0.004190,0.000030,0.000018,0.004238,20,8,0
392,10,cpp_adv,0.004530,0.000043,0.000024,0.004597,20,8,0
393,10,seq,0.279557,0.000260,0.000418,0.280235,20,20,1
393,10,par,0.196813,0.033714,0.274931,0.505458,20,20,1
393,10,weights,0.090616,0.030747,0.284377,0.405740,20,20,1
393,10,cpp_seq,0.015871,0.000071,0.000133,0.016077,20,20,1
393,10,cpp_par,0.004109,0.000044,0.000137,0.004290,20,20,1
393,10,cpp_adv,0.003284,0.000042,0.000135,0.003462,20,20,1
394,10,seq,0.333282,0.000261,0.000090,0.333633,20,2,0
394,10,par,0.128999,0.032781,0.025557,0.187336,20,2,0
394,10,weights,0.126394,0.034508,0.000346,0.161248,20,2,0
394,10,cpp_seq,0.008655,0.000056,0.000016,0.008727,20,2,0
394,10,cpp_par,0.004006,0.000030,0.000014,0.004050,20,2,0
394,10,cpp_adv,0.003775,0.000031,0.000015,0.003822,20,2,0
395,10,seq,0.198537,0.000273,0.000404,0.199215,20,20,1
395,10,par,0.088889,0.031676,0.271285,0.391850,20,20,1
395,10,weights,0.096371,0.029891,0.259660,0.385922,20,20,1
395,10,cpp_seq,0.004329,0.000055,0.000102,0.004486,20,20,1
395,10,cpp_par,0.002314,0.000031,0.000100,0.002446,20,20,1
395,10,cpp_adv,0.002535,0.000033,0.000103,0.002672,20,20,1
396,10,seq,0.220004,0.000739,0.000336,0.221079,20,19,0
396,10,par,0.095968,0.028338,0.061113,0.185419,20,19,0
396,10,weights,0.104266,0.030117,0.057355,0.191738,20,19,0
396,10,cpp_seq,0.004986,0.000057,0.000030,0.005074,20,19,0
396,10,cpp_par,0.002896,0.000037,0.000030,0.002965,20,19,0
396,10,cpp_adv,0.002584,0.000031,0.000028,0.002643,20,19,0
397,10,seq,0.322586,0.000274,0.001555,0.324414,30,40,2
397,10,par,0.135050,0.034215,0.282812,0.452076,30,40,2
397,10,weights,0.128824,0.030299,0.270885,0.430008,30,40,2
397,10,cpp_seq,0.005430,0.000062,0.000428,0.005921,30,40,2
397,10,cpp_par,0.003016,0.000034,0.000405,0.003455,30,40,2
397,10,cpp_adv,0.002921,0.000035,0.000392,0.003350,30,40,2
398,10,seq,0.239012,0.000289,0.211376,0.450676,40,80,1024
398,10,par,0.094864,0.029577,0.397535,0.521975,40,80,1024
398,10,weights,0.094273,0.030952,0.360325,0.485550,40,80,1024
398,10,cpp_seq,0.003269,0.000092,0.038919,0.042282,40,80,1024
398,10,cpp_par,0.004877,0.000040,0.038999,0.043916,40,80,1024
398,10,cpp_adv,0.001632,0.000038,0.036092,0.037763,40,80,1024
399,10,seq,0.199453,0.000242,0.039309,0.239005,30,54,320
399,10,par,0.092482,0.031733,0.292163,0.416378,30,54,320
399,10,weights,0.097581,0.031037,0.299457,0.428076,30,54,320
399,10,cpp_seq,0.006006,0.000085,0.008275,0.014368,30,54,320
399,10,cpp_par,0.003938,0.000035,0.007930,0.011904,30,54,320
399,10,cpp_adv,0.003639,0.000036,0.008112,0.011787,30,54,320
400,10,seq,0.386100,0.000595,0.214869,0.601564,40,80,1024
400,10,par,0.253814,0.027460,0.400045,0.681318,40,80,1024
400,10,weights,0.149279,0.029800,0.351984,0.531064,40,80,1024
400,10,cpp_seq,0.014236,0.000070,0.037062,0.051369,40,80,1024
400,10,cpp_par,0.022324,0.000054,0.036332,0.058712,40,80,1024
400,10,cpp_adv,0.009976,0.000047,0.036786,0.046810,40,80,1024
401,10,seq,1.420879,0.000277,0.218392,1.639549,40,80,1024
401,10,par,0.093810,0.034559,0.598281,0.726651,40,80,1024
401,10,weights,0.093740,0.033028,0.367678,0.494446,40,80,1024
401,10,cpp_seq,0.005798,0.000071,0.038111,0.043981,40,80,1024
401,10,cpp_par,0.006416,0.000038,0.039856,0.046312,40,80,1024
401,10,cpp_adv,0.005400,0.000047,0.036080,0.041529,40,80,1024
402,10,seq,0.390607,0.000306,1.787408,2.178322,50,120,5028
402,10,par,0.129604,0.031987,1.003469,1.165060,50,120,5028
402,10,weights,0.137788,0.032374,0.951661,1.121823,50,120,5028
402,10,cpp_seq,0.011681,0.000075,0.245014,0.256772,50,120,5028
402,10,cpp_par,0.006728,0.000045,0.258597,0.265371,50,120,5028
402,10,cpp_adv,0.006290,0.000060,0.262038,0.268389,50,120,5028
403,10,seq,0.283957,0.000274,1.248872,1.533104,50,118,4030
403,10,par,0.108941,0.035440,0.854197,0.998578,50,118,4030
403,10,weights,0.111014,0.032290,0.696513,0.839817,50,118,4030
403,10,cpp_seq,0.006587,0.000079,0.187579,0.194246,50,118,4030
403,10,cpp_par,0.003409,0.000041,0.187204,0.190656,50,118,4030
403,10,cpp_adv,0.003074,0.000042,0.173104,0.176220,50,118,4030
404,10,seq,0.572416,0.000448,0.000638,0.573502,30,24,1
404,10,par,0.163825,0.029962,0.253083,0.446869,30,24,1
404,10,weights,0.177728,0.031351,0.570325,0.779404,30,24,1
404,10,cpp_seq,0.018692,0.000061,0.000113,0.018866,30,24,1
404,10,cpp_par,0.010745,0.000040,0.000115,0.010901,30,24,1
404,10,cpp_adv,0.012149,0.000046,0.000151,0.012347,30,24,1
405,10,seq,0.566257,0.000258,0.000391,0.566907,30,23,1
405,10,par,0.177226,0.030887,0.323207,0.531321,30,23,1
405,10,weights,0.326642,0.032023,0.334337,0.693003,30,23,1
405,10,cpp_seq,0.016690,0.000074,0.000119,0.016885,30,23,1
405,10,cpp_par,0.007404,0.000034,0.000111,0.007550,30,23,1
405,10,cpp_adv,0.007289,0.000034,0.000110,0.007435,30,23,1
406,10,seq,0.383033,0.000609,0.088877,0.472519,40,72,432
406,10,par,0.101531,0.034643,0.295985,0.432158,40,72,432
406,10,weights,0.172011,0.030114,0.305189,0.507314,40,72,432
406,10,cpp_seq,0.004609,0.000068,0.015770,0.020448,40,72,432
406,10,cpp_par,0.004804,0.000040,0.018570,0.023415,40,72,432
406,10,cpp_adv,0.003289,0.000040,0.015314,0.018643,40,72,432
407,10,seq,0.313715,0.000957,0.004460,0.319131,30,40,2
407,10,par,0.095259,0.028606,0.291823,0.415689,30,40,2
407,10,weights,0.613559,0.032362,0.254091,0.900012,30,40,2
407,10,cpp_seq,0.003547,0.000062,0.000407,0.004017,30,40,2
407,10,cpp_par,0.002263,0.000044,0.000577,0.002886,30,40,2
407,10,cpp_adv,0.002018,0.000034,0.000391,0.002443,30,40,2
408,10,seq,0.174317,0.000274,0.000400,0.174990,20,20,1
408,10,par,0.081466,0.031379,0.248240,0.361085,20,20,1
408,10,weights,0.092529,0.028323,0.259557,0.380409,20,20,1
408,10,cpp_seq,0.007499,0.000073,0.000140,0.007713,20,20,1
408,10,cpp_par,0.003323,0.000032,0.000117,0.003473,20,20,1
408,10,cpp_adv,0.003732,0.000043,0.000140,0.003917,20,20,1
409,10,seq,0.277960,0.000324,0.000116,0.278400,20,3,0
409,10,par,0.120627,0.031702,0.025877,0.178205,20,3,0
409,10,weights,0.111230,0.037664,0.000284,0.149178,20,3,0
409,10,cpp_seq,0.007663,0.000055,0.000016,0.007735,20,3,0
409,10,cpp_par,0.003705,0.000031,0.000015,0.003751,20,3,0
409,10,cpp_adv,0.004115,0.000033,0.000016,0.004165,20,3,0
410,10,seq,0.383480,0.000408,0.000650,0.384539,20,20,1
410,10,par,0.134265,0.034258,0.292256,0.460780,20,20,1
410,10,weights,0.145878,0.053265,0.308804,0.507946,20,20,1
410,10,cpp_seq,0.008509,0.000057,0.000103,0.008670,20,20,1
410,10,cpp_par,0.004619,0.000192,0.000189,0.005001,20,20,1
410,10,cpp_adv,0.005106,0.000061,0.000143,0.005311,20,20,1
411,10,seq,0.310660,0.000418,0.009881,0.320959,30,46,65
411,10,par,0.117415,0.034295,0.312251,0.463961,30,46,65
411,10,weights,0.091144,0.029774,0.274186,0.395104,30,46,65
411,10,cpp_seq,0.005004,0.000064,0.002133,0.007202,30,46,65
411,10,cpp_par,0.002931,0.000035,0.002077,0.005044,30,46,65
411,10,cpp_adv,0.002854,0.000036,0.002084,0.004974,30,46,65
412,10,seq,0.287364,0.000224,0.000352,0.287940,20,20,1
412,10,par,0.115801,0.027806,0.252940,0.396548,20,20,1
412,10,weights,0.127028,0.030175,0.264705,0.421908,20,20,1
412,10,cpp_seq,0.009648,0.000057,0.000115,0.009820,20,20,1
412,10,cpp_par,0.005016,0.000083,0.000104,0.005203,20,20,1
412,10,cpp_adv,0.005181,0.000033,0.000103,0.005318,20,20,1
413,10,seq,0.220657,0.000251,0.000106,0.221014,20,6,0
413,10,par,0.091678,0.028218,0.030712,0.150608,20,6,0
413,10,weights,0.105761,0.034384,0.000563,0.140708,20,6,0
413,10,cpp_seq,0.007951,0.000062,0.000018,0.008032,20,6,0
413,10,cpp_par,0.004103,0.000036,0.000017,0.004157,20,6,0
413,10,cpp_adv,0.003640,0.000034,0.000015,0.003690,20,6,0
414,10,seq,0.310809,0.000354,0.000243,0.311405,20,10,0
414,10,par,0.146246,0.032833,0.058920,0.237999,20,10,0
414,10,weights,0.125887,0.035012,0.058658,0.219556,20,10,0
414,10,cpp_seq,0.012568,0.000059,0.000025,0.012653,20,10,0
414,10,cpp_par,0.006608,0.000044,0.000030,0.006683,20,10,0
414,10,cpp_adv,0.006178,0.000033,0.000023,0.006234,20,10,0
415,10,seq,0.241776,0.000270,0.033694,0.275740,30,40,32
415,10,par,0.091272,0.030949,0.263781,0.386002,30,40,32
415,10,weights,0.092979,0.028624,0.250843,0.372446,30,40,32
415,10,cpp_seq,0.005131,0.000062,0.001997,0.007191,30,40,32
415,10,cpp_par,0.002885,0.000033,0.002035,0.004955,30,40,32
415,10,cpp_adv,0.002767,0.000042,0.002041,0.004850,30,40,32
416,10,seq,0.200854,0.000274,0.046253,0.247381,30,54,384
416,10,par,0.086713,0.028484,0.326140,0.441338,30,54,384
416,10,weights,0.108510,0.031089,0.307422,0.447020,30,54,384
416,10,cpp_seq,0.007360,0.000064,0.010226,0.017652,30,54,384
416,10,cpp_par,0.004957,0.000037,0.011278,0.016273,30,54,384
416,10,cpp_adv,0.004695,0.000038,0.010411,0.015144,30,54,384
417,10,seq,0.320557,0.000346,0.024622,0.345524,30,50,164
417,10,par,0.115078,0.033367,0.267064,0.415509,30,50,164
417,10,weights,0.110783,0.032694,0.285031,0.428508,30,50,164
417,10,cpp_seq,0.014886,0.000084,0.007481,0.022453,30,50,164
417,10,cpp_par,0.004492,0.000036,0.005363,0.009892,30,50,164
417,10,cpp_adv,0.004119,0.000034,0.005449,0.009602,30,50,164
418,10,seq,0.511019,0.000266,0.015487,0.526773,30,48,98
418,10,par,0.173056,0.028107,0.284457,0.485620,30,48,98
418,10,weights,0.180890,0.030093,0.284996,0.495979,30,48,98
418,10,cpp_seq,0.020027,0.000069,0.003888,0.023985,30,48,98
418,10,cpp_par,0.010560,0.000038,0.004134,0.014732,30,48,98
418,10,cpp_adv,0.010080,0.000066,0.004238,0.014385,30,48,98
419,10,seq,0.270131,0.000409,0.225960,0.496500,40,80,1024
419,10,par,0.124834,0.033167,0.496985,0.654986,40,80,1024
419,10,weights,0.118966,0.033561,0.386869,0.539395,40,80,1024
419,10,cpp_seq,0.010679,0.000076,0.039720,0.050477,40,80,1024
419,10,cpp_par,0.008687,0.000041,0.040615,0.049345,40,80,1024
419,10,cpp_adv,0.007355,0.000043,0.036213,0.043612,40,80,1024
420,10,seq,2.304367,0.000265,0.000151,2.304783,20,8,0
420,10,par,0.096084,0.030604,0.025502,0.152191,20,8,0
420,10,weights,0.101924,0.031808,0.000635,0.134367,20,8,0
420,10,cpp_seq,0.007543,0.000055,0.000016,0.007614,20,8,0
420,10,cpp_par,0.003589,0.000031,0.000014,0.003635,20,8,0
420,10,cpp_adv,0.003349,0.000037,0.000017,0.003404,20,8,0
421,10,seq,0.242839,0.000329,0.000155,0.243323,20,8,0
421,10,par,0.105859,0.042358,0.031611,0.179827,20,8,0
421,10,weights,0.101565,0.031267,0.000303,0.133135,20,8,0
421,10,cpp_seq,0.004530,0.000056,0.000016,0.004603,20,8,0
421,10,cpp_par,0.002838,0.000043,0.000021,0.002902,20,8,0
421,10,cpp_adv,0.002477,0.000032,0.000015,0.002524,20,8,0
422,10,seq,0.338303,0.000259,0.000189,0.338751,20,4,0
422,10,par,0.126569,0.031077,0.026799,0.184444,20,4,0
422,10,weights,0.151604,0.029762,0.025794,0.207159,20,4,0
422,10,cpp_seq,0.009404,0.000055,0.000018,0.009478,20,4,0
422,10,cpp_par,0.004269,0.000040,0.000018,0.004327,20,4,0
422,10,cpp_adv,0.004801,0.000031,0.000017,0.004850,20,4,0
423,10,seq,0.284069,0.000261,0.000201,0.284531,30,4,0
423,10,par,0.093044,0.027290,0.028901,0.149235,30,4,0
423,10,weights,0.095867,0.027221,0.027390,0.150477,30,4,0
423,10,cpp_seq,0.004346,0.000057,0.000018,0.004421,30,4,0
423,10,cpp_par,0.002268,0.000031,0.000016,0.002315,30,4,0
423,10,cpp_adv,0.002139,0.000031,0.000017,0.002187,30,4,0
424,10,seq,0.234926,0.000494,0.000170,0.235589,20,4,0
424,10,par,0.083141,0.029130,0.027985,0.140256,20,4,0
424,10,weights,0.082072,0.030358,0.000303,0.112733,20,4,0
424,10,cpp_seq,0.003542,0.000059,0.000015,0.003617,20,4,0
424,10,cpp_par,0.002018,0.000043,0.000014,0.002076,20,4,0
424,10,cpp_adv,0.002127,0.000031,0.000016,0.002174,20,4,0
425,10,seq,0.329641,0.000297,0.133501,0.463439,40,74,480
425,10,par,0.137151,0.031088,0.303047,0.471286,40,74,480
425,10,weights,0.123405,0.032736,0.302160,0.458301,40,74,480
425,10,cpp_seq,0.009200,0.000091,0.017045,0.026337,40,74,480
425,10,cpp_par,0.006117,0.000039,0.017130,0.023287,40,74,480
425,10,cpp_adv,0.005748,0.000042,0.017136,0.022927,40,74,480
426,10,seq,0.194881,0.000343,0.000114,0.195339,20,3,0
426,10,par,0.084386,0.027250,0.026108,0.137743,20,3,0
426,10,weights,0.085637,0.027861,0.000268,0.113766,20,3,0
426,10,cpp_seq,0.003942,0.000053,0.000016,0.004012,20,3,0
426,10,cpp_par,0.002178,0.000030,0.000014,0.002223,20,3,0
426,10,cpp_adv,0.002306,0.000032,0.000016,0.002354,20,3,0
427,10,seq,0.271455,0.000251,0.000260,0.271966,20,10,1
427,10,par,0.124765,0.033243,0.254491,0.412499,20,10,1
427,10,weights,0.105610,0.029353,0.246955,0.381918,20,10,1
427,10,cpp_seq,0.009118,0.000069,0.000073,0.009262,20,10,1
427,10,cpp_par,0.004577,0.000033,0.000060,0.004670,20,10,1
427,10,cpp_adv,0.004753,0.000041,0.000075,0.004870,20,10,1
428,10,seq,0.221745,0.000264,0.000387,0.222396,20,20,1
428,10,par,0.092876,0.030303,0.273486,0.396665,20,20,1
428,10,weights,0.103381,0.030858,0.286206,0.420445,20,20,1
428,10,cpp_seq,0.008283,0.000074,0.000138,0.008497,20,20,1
428,10,cpp_par,0.004323,0.000038,0.000116,0.004478,20,20,1
428,10,cpp_adv,0.003073,0.000040,0.000101,0.003214,20,20,1
429,10,seq,0.195856,0.000366,0.000443,0.196665,20,20,1
429,10,par,0.091346,0.030649,0.257089,0.379084,20,20,1
429,10,weights,0.097118,0.036635,0.270454,0.404207,20,20,1
429,10,cpp_seq,0.005569,0.000056,0.000167,0.005793,20,20,1
429,10,cpp_par,0.003189,0.000031,0.000099,0.003320,20,20,1
429,10,cpp_adv,0.002800,0.000033,0.000128,0.002962,20,20,1
430,10,seq,0.181609,0.000267,0.000385,0.182261,20,20,2
430,10,par,0.085704,0.030485,0.345137,0.461326,20,20,2
430,10,weights,0.213422,0.050591,0.261246,0.525259,20,20,2
430,10,cpp_seq,0.004033,0.000069,0.000134,0.004238,20,20,2
430,10,cpp_par,0.002196,0.000033,0.000106,0.002336,20,20,2
430,10,cpp_adv,0.002990,0.000041,0.000139,0.003171,20,20,2
431,10,seq,0.300087,0.000273,0.033723,0.334083,30,50,180
431,10,par,0.119067,0.035236,0.295587,0.449889,30,50,180
431,10,weights,0.117565,0.029838,0.276290,0.423693,30,50,180
431,10,cpp_seq,0.015007,0.000066,0.008595,0.023668,30,50,180
431,10,cpp_par,0.008975,0.000064,0.008348,0.017388,30,50,180
431,10,cpp_adv,0.007874,0.000066,0.009019,0.016960,30,50,180
432,10,seq,0.205822,0.000253,0.000200,0.206275,20,3,0
432,10,par,0.090440,0.027575,0.028378,0.146393,20,3,0
432,10,weights,0.091903,0.032174,0.033399,0.157477,20,3,0
432,10,cpp_seq,0.003609,0.000053,0.000018,0.003680,20,3,0
432,10,cpp_par,0.002480,0.000032,0.000018,0.002531,20,3,0
432,10,cpp_adv,0.002908,0.000032,0.000017,0.002958,20,3,0
433,10,seq,0.184343,0.000415,0.000476,0.185234,20,20,2
433,10,par,0.082386,0.031449,0.336330,0.450165,20,20,2
433,10,weights,0.102500,0.029153,0.250719,0.382372,20,20,2
433,10,cpp_seq,0.004091,0.000060,0.000107,0.004259,20,20,2
433,10,cpp_par,0.002110,0.000057,0.000106,0.002274,20,20,2
433,10,cpp_adv,0.002619,0.000035,0.000106,0.002761,20,20,2
434,10,seq,0.303217,0.000290,0.237338,0.540846,40,80,1024
434,10,par,0.124897,0.029825,0.367968,0.522690,40,80,1024
434,10,weights,0.121054,0.030691,0.364988,0.516733,40,80,1024
434,10,cpp_seq,0.007716,0.000070,0.036397,0.044184,40,80,1024
434,10,cpp_par,0.007591,0.000039,0.037385,0.045016,40,80,1024
434,10,cpp_adv,0.006307,0.000052,0.035947,0.042306,40,80,1024
435,10,seq,0.353916,0.000351,0.000232,0.354500,30,14,0
435,10,par,0.140628,0.027518,0.025824,0.193970,30,14,0
435,10,weights,0.128851,0.028700,0.029185,0.186736,30,14,0
435,10,cpp_seq,0.010995,0.000058,0.000023,0.011078,30,14,0
435,10,cpp_par,0.006595,0.000032,0.000021,0.006649,30,14,0
435,10,cpp_adv,0.006281,0.000048,0.000021,0.006350,30,14,0
436,10,seq,0.284211,0.000286,0.000109,0.284607,20,4,0
436,10,par,0.114406,0.031009,0.028882,0.174298,20,4,0
436,10,weights,0.106794,0.029950,0.000454,0.137198,20,4,0
436,10,cpp_seq,0.003143,0.000074,0.000016,0.003233,20,4,0
436,10,cpp_par,0.001901,0.000038,0.000018,0.001958,20,4,0
436,10,cpp_adv,0.001620,0.000045,0.000018,0.001683,20,4,0
437,10,seq,0.360113,0.000375,0.000116,0.360605,20,2,0
437,10,par,0.148190,0.028962,0.025042,0.202194,20,2,0
437,10,weights,0.141688,0.030022,0.000280,0.171990,20,2,0
437,10,cpp_seq,0.008390,0.000094,0.000022,0.008508,20,2,0
437,10,cpp_par,0.003610,0.000040,0.000022,0.003673,20,2,0
437,10,cpp_adv,0.008720,0.000042,0.000022,0.008785,20,2,0
438,10,seq,0.370619,0.000617,0.000178,0.371414,20,2,0
438,10,par,0.159134,0.045001,0.040713,0.244847,20,2,0
438,10,weights,0.132201,0.035149,0.000382,0.167732,20,2,0
438,10,cpp_seq,0.009779,0.000055,0.000015,0.009850,20,2,0
438,10,cpp_par,0.005157,0.000029,0.000014,0.005201,20,2,0
438,10,cpp_adv,0.005107,0.000034,0.000016,0.005157,20,2,0
439,10,seq,0.306614,0.000272,0.002243,0.309128,30,42,5
439,10,par,0.121312,0.032120,0.247445,0.400878,30,42,5
439,10,weights,0.118793,0.033132,0.302882,0.454807,30,42,5
439,10,cpp_seq,0.009574,0.000076,0.000527,0.010177,30,42,5
439,10,cpp_par,0.005566,0.000036,0.000530,0.006132,30,42,5
439,10,cpp_adv,0.004780,0.000034,0.000571,0.005385,30,42,5
440,10,seq,0.333807,0.000377,0.000173,0.334357,20,10,0
440,10,par,0.133738,0.031910,0.028703,0.194352,20,10,0
440,10,weights,0.138697,0.033813,0.029198,0.201707,20,10,0
440,10,cpp_seq,0.010606,0.000060,0.000022,0.010688,20,10,0
440,10,cpp_par,0.006073,0.000034,0.000022,0.006130,20,10,0
440,10,cpp_adv,0.005568,0.000034,0.000020,0.005623,20,10,0
441,10,seq,0.249377,0.000264,0.000572,0.250212,30,28,1
441,10,par,0.121329,0.037252,0.361503,0.520084,30,28,1
441,10,weights,0.132156,0.034236,0.354923,0.521316,30,28,1
441,10,cpp_seq,0.017803,0.000062,0.000143,0.018009,30,28,1
441,10,cpp_par,0.007667,0.000047,0.000174,0.007889,30,28,1
441,10,cpp_adv,0.007638,0.000037,0.000144,0.007820,30,28,1
442,10,seq,0.312131,0.000652,0.001345,0.314128,20,20,1
442,10,par,0.197162,0.068726,0.428576,0.694463,20,20,1
442,10,weights,0.115222,0.050185,0.436318,0.601725,20,20,1
442,10,cpp_seq,0.005516,0.000082,0.000148,0.005748,20,20,1
442,10,cpp_par,0.002808,0.000033,0.000116,0.002957,20,20,1
442,10,cpp_adv,0.003290,0.000045,0.000141,0.003477,20,20,1
443,10,seq,0.406666,0.000389,0.005002,0.412057,40,50,2
443,10,par,0.205554,0.043084,0.501237,0.749875,40,50,2
443,10,weights,0.195216,0.062515,0.414458,0.672190,40,50,2
443,10,cpp_seq,0.006855,0.000097,0.000580,0.007534,40,50,2
443,10,cpp_par,0.004538,0.000056,0.000642,0.005238,40,50,2
443,10,cpp_adv,0.004152,0.000058,0.000702,0.004913,40,50,2
444,10,seq,0.284928,0.000369,3.932194,4.217491,50,128,13216
444,10,par,0.113104,0.033783,1.996426,2.143313,50,128,13216
444,10,weights,0.108066,0.040623,1.786733,1.935423,50,128,13216
444,10,cpp_seq,0.004553,0.000088,0.485229,0.489872,50,128,13216
444,10,cpp_par,0.002615,0.000044,0.496177,0.498837,50,128,13216
444,10,cpp_adv,0.008453,0.007119,0.525216,0.540791,50,128,13216
445,10,seq,0.383595,0.000259,0.236909,0.620764,40,80,1024
445,10,par,0.138911,0.033964,0.385004,0.557878,40,80,1024
445,10,weights,0.166824,0.031157,0.367485,0.565465,40,80,1024
445,10,cpp_seq,0.006438,0.000071,0.039866,0.046376,40,80,1024
445,10,cpp_par,0.006142,0.000038,0.036986,0.043166,40,80,1024
445,10,cpp_adv,0.003851,0.000045,0.036536,0.040434,40,80,1024
446,10,seq,0.260882,0.000273,1.833336,2.094490,50,120,6084
446,10,par,0.110228,0.034522,1.075043,1.219793,50,120,6084
446,10,weights,0.109258,0.037718,1.063579,1.210554,50,120,6084
446,10,cpp_seq,0.008678,0.000123,0.243922,0.252724,50,120,6084
446,10,cpp_par,0.004992,0.000055,0.237565,0.242612,50,120,6084
446,10,cpp_adv,0.003870,0.000042,0.236743,0.240656,50,120,6084
447,10,seq,0.504181,0.000301,0.000454,0.504936,20,20,1
447,10,par,0.114543,0.034141,0.269347,0.418031,20,20,1
447,10,weights,0.099090,0.031959,0.302014,0.433063,20,20,1
447,10,cpp_seq,0.002622,0.000057,0.000104,0.002784,20,20,1
447,10,cpp_par,0.001614,0.000043,0.000148,0.001805,20,20,1
447,10,cpp_adv,0.001501,0.000037,0.000103,0.001641,20,20,1
448,10,seq,0.541788,0.000248,0.000272,0.542308,20,14,1
448,10,par,0.194316,0.036019,0.303489,0.533824,20,14,1
448,10,weights,0.151069,0.030765,0.265482,0.447317,20,14,1
448,10,cpp_seq,0.017383,0.000056,0.000064,0.017504,20,14,1
448,10,cpp_par,0.009291,0.000036,0.000068,0.009395,20,14,1
448,10,cpp_adv,0.008824,0.000034,0.000065,0.008923,20,14,1
449,10,seq,0.463202,0.000402,0.000813,0.464417,30,23,1
449,10,par,0.207262,0.047761,0.332658,0.587682,30,23,1
449,10,weights,0.199708,0.031099,0.253440,0.484247,30,23,1
449,10,cpp_seq,0.017630,0.000061,0.000109,0.017801,30,23,1
449,10,cpp_par,0.009663,0.000037,0.000109,0.009810,30,23,1
449,10,cpp_adv,0.011152,0.000035,0.000112,0.011300,30,23,1
450,10,seq,0.211510,0.000269,0.000198,0.211977,20,10,0
450,10,par,1.298927,0.036966,0.058934,1.394827,20,10,0
450,10,weights,0.097581,0.033351,0.059486,0.190418,20,10,0
450,10,cpp_seq,0.002454,0.000058,0.000025,0.002539,20,10,0
450,10,cpp_par,0.001363,0.000031,0.000022,0.001417,20,10,0
450,10,cpp_adv,0.001326,0.000030,0.000022,0.001379,20,10,0
451,10,seq,0.332409,0.000295,0.002469,0.335173,40,50,2
451,10,par,0.141911,0.032613,0.297432,0.471956,40,50,2
451,10,weights,0.126411,0.033766,0.278052,0.438230,40,50,2
451,10,cpp_seq,0.009985,0.000070,0.000581,0.010637,40,50,2
451,10,cpp_par,0.005174,0.000036,0.000459,0.005670,40,50,2
451,10,cpp_adv,0.005901,0.000038,0.000449,0.006388,40,50,2
452,10,seq,0.254923,0.000299,6.124466,6.379688,60,166,16128
452,10,par,0.272998,0.036305,2.763291,3.072593,60,166,16128
452,10,weights,0.202415,0.033027,2.581584,2.817027,60,166,16128
452,10,cpp_seq,0.004270,0.000087,0.698064,0.702422,60,166,16128
452,10,cpp_par,0.002923,0.000048,0.696619,0.699591,60,166,16128
452,10,cpp_adv,0.002574,0.000056,0.681069,0.683700,60,166,16128
453,10,seq,0.228451,0.000281,0.000112,0.228844,20,4,0
453,10,par,0.094059,0.030941,0.030426,0.155426,20,4,0
453,10,weights,0.093062,0.033043,0.000280,0.126385,20,4,0
453,10,cpp_seq,0.005245,0.000074,0.000018,0.005339,20,4,0
453,10,cpp_par,0.002541,0.000039,0.000015,0.002596,20,4,0
453,10,cpp_adv,0.002027,0.000031,0.000017,0.002075,20,4,0
454,10,seq,0.275249,0.000340,0.000449,0.276037,20,10,1
454,10,par,0.121922,0.037562,0.276835,0.436319,20,10,1
454,10,weights,0.112983,0.033553,0.290368,0.436904,20,10,1
454,10,cpp_seq,0.010716,0.000055,0.000061,0.010833,20,10,1
454,10,cpp_par,0.005862,0.000087,0.000090,0.006040,20,10,1
454,10,cpp_adv,0.004961,0.000083,0.000062,0.005106,20,10,1
455,10,seq,0.412449,0.000285,0.168494,0.581228,40,76,576
455,10,par,0.223586,0.066715,0.353742,0.644043,40,76,576
455,10,weights,0.159433,0.037139,0.327699,0.524271,40,76,576
455,10,cpp_seq,0.013604,0.000081,0.022741,0.036426,40,76,576
455,10,cpp_par,0.007926,0.000037,0.022204,0.030168,40,76,576
455,10,cpp_adv,0.008679,0.000041,0.024605,0.033326,40,76,576
456,10,seq,0.449056,0.000512,0.136202,0.585770,40,70,300
456,10,par,0.187053,0.031596,0.325901,0.544550,40,70,300
456,10,weights,0.154987,0.036174,0.316188,0.507349,40,70,300
456,10,cpp_seq,0.008029,0.000072,0.013731,0.021833,40,70,300
456,10,cpp_par,0.005055,0.000063,0.013867,0.018988,40,70,300
456,10,cpp_adv,0.004649,0.000039,0.014496,0.019185,40,70,300
457,10,seq,0.239577,0.000256,0.211632,0.451464,40,80,1024
457,10,par,0.095767,0.028671,0.357924,0.482363,40,80,1024
457,10,weights,0.103148,0.028093,0.447102,0.578344,40,80,1024
457,10,cpp_seq,0.005210,0.000075,0.037784,0.043070,40,80,1024
457,10,cpp_par,0.005348,0.000039,0.037374,0.042763,40,80,1024
457,10,cpp_adv,0.002498,0.000037,0.037326,0.039863,40,80,1024
458,10,seq,0.347325,0.000255,0.000172,0.347752,20,10,0
458,10,par,0.141344,0.029855,0.031012,0.202211,20,10,0
458,10,weights,0.131371,0.032988,0.030052,0.194411,20,10,0
458,10,cpp_seq,0.013049,0.000056,0.000020,0.013126,20,10,0
458,10,cpp_par,0.006806,0.000032,0.000020,0.006859,20,10,0
458,10,cpp_adv,0.006458,0.000033,0.000020,0.006511,20,10,0
459,10,seq,0.291864,0.000244,0.020432,0.312540,30,50,180
459,10,par,0.134679,0.035434,0.331095,0.501208,30,50,180
459,10,weights,0.135941,0.038159,0.329978,0.504079,30,50,180
459,10,cpp_seq,0.017974,0.000118,0.004787,0.022881,30,50,180
459,10,cpp_par,0.012572,0.000051,0.006020,0.018644,30,50,180
459,10,cpp_adv,0.009489,0.000046,0.005099,0.014635,30,50,180
460,10,seq,0.348423,0.000520,0.122196,0.471140,40,72,512
460,10,par,0.132316,0.033994,0.507280,0.673590,40,72,512
460,10,weights,0.314230,0.041894,0.411949,0.768073,40,72,512
460,10,cpp_seq,0.009202,0.000072,0.017904,0.027180,40,72,512
460,10,cpp_par,0.006437,0.000039,0.018012,0.024490,40,72,512
460,10,cpp_adv,0.005638,0.000040,0.017746,0.023425,40,72,512
461,10,seq,0.221024,0.000263,0.000110,0.221398,30,12,0
461,10,par,0.094988,0.029104,0.030379,0.154471,30,12,0
461,10,weights,0.092923,0.029711,0.000286,0.122919,30,12,0
461,10,cpp_seq,0.005009,0.000062,0.000017,0.005089,30,12,0
461,10,cpp_par,0.002728,0.000061,0.000020,0.002810,30,12,0
461,10,cpp_adv,0.002609,0.000034,0.000016,0.002659,30,12,0
462,10,seq,0.380772,0.000368,0.000199,0.381338,20,10,0
462,10,par,0.152210,0.036015,0.030111,0.218336,20,10,0
462,10,weights,0.153760,0.030897,0.032002,0.216659,20,10,0
462,10,cpp_seq,0.014913,0.000056,0.000019,0.014988,20,10,0
462,10,cpp_par,0.007601,0.000032,0.000019,0.007653,20,10,0
462,10,cpp_adv,0.007560,0.000034,0.000019,0.007615,20,10,0
463,10,seq,0.210864,0.000285,0.242343,0.453492,40,80,1024
463,10,par,0.102763,0.031230,0.382331,0.516324,40,80,1024
463,10,weights,0.083685,0.030118,0.386835,0.500639,40,80,1024
463,10,cpp_seq,0.003440,0.000075,0.038085,0.041602,40,80,1024
463,10,cpp_par,0.005151,0.000039,0.037515,0.042707,40,80,1024
463,10,cpp_adv,0.001861,0.000040,0.039410,0.041313,40,80,1024
464,10,seq,0.252461,0.000348,0.000286,0.253096,20,10,1
464,10,par,0.102356,0.030348,0.288329,0.421034,20,10,1
464,10,weights,0.107377,0.029577,0.276630,0.413584,20,10,1
464,10,cpp_seq,0.008439,0.000057,0.000061,0.008558,20,10,1
464,10,cpp_par,0.003881,0.000031,0.000060,0.003972,20,10,1
464,10,cpp_adv,0.003530,0.000031,0.000058,0.003619,20,10,1
465,10,seq,0.446181,0.000278,0.000415,0.446874,20,20,1
465,10,par,0.164575,0.027878,0.270046,0.462499,20,20,1
465,10,weights,0.170144,0.031992,0.270914,0.473050,20,20,1
465,10,cpp_seq,0.014630,0.000072,0.000105,0.014807,20,20,1
465,10,cpp_par,0.008173,0.000036,0.000106,0.008316,20,20,1
465,10,cpp_adv,0.007410,0.000032,0.000103,0.007546,20,20,1
466,10,seq,0.330497,0.000289,0.215450,0.546235,40,80,1024
466,10,par,0.138500,0.032565,0.387586,0.558651,40,80,1024
466,10,weights,0.137885,0.033624,0.508995,0.680504,40,80,1024
466,10,cpp_seq,0.010892,0.000074,0.038450,0.049418,40,80,1024
466,10,cpp_par,0.009364,0.000043,0.038353,0.047761,40,80,1024
466,10,cpp_adv,0.007951,0.000050,0.037497,0.045500,40,80,1024
467,10,seq,0.410999,0.000345,0.000426,0.411770,20,20,1
467,10,par,0.085981,0.034276,0.280987,0.401245,20,20,1
467,10,weights,0.154765,0.031447,0.257245,0.443457,20,20,1
467,10,cpp_seq,0.003653,0.000057,0.000103,0.003814,20,20,1
467,10,cpp_par,0.002035,0.000031,0.000102,0.002168,20,20,1
467,10,cpp_adv,0.002018,0.000032,0.000104,0.002155,20,20,1
468,10,seq,0.383335,0.000508,0.000694,0.384537,30,26,1
468,10,par,0.172358,0.035196,0.310326,0.517879,30,26,1
468,10,weights,0.261119,0.034125,0.262512,0.557756,30,26,1
468,10,cpp_seq,0.013638,0.000061,0.000111,0.013811,30,26,1
468,10,cpp_par,0.006914,0.000037,0.000113,0.007065,30,26,1
468,10,cpp_adv,0.007591,0.000038,0.000114,0.007744,30,26,1
469,10,seq,0.222203,0.000285,0.013800,0.236287,30,46,82
469,10,par,0.134228,0.031901,0.284206,0.450335,30,46,82
469,10,weights,0.311976,0.037571,0.275908,0.625455,30,46,82
469,10,cpp_seq,0.002605,0.000063,0.003183,0.005852,30,46,82
469,10,cpp_par,0.001654,0.000035,0.003126,0.004815,30,46,82
469,10,cpp_adv,0.001451,0.000035,0.003259,0.004746,30,46,82
470,10,seq,0.215007,0.000335,0.216260,0.431602,40,80,1024
470,10,par,0.131742,0.033403,0.424073,0.589218,40,80,1024
470,10,weights,0.161368,0.032216,0.397607,0.591191,40,80,1024
470,10,cpp_seq,0.003328,0.000071,0.042015,0.045414,40,80,1024
470,10,cpp_par,0.004327,0.000038,0.036968,0.041334,40,80,1024
470,10,cpp_adv,0.001783,0.000039,0.036060,0.037883,40,80,1024
471,10,seq,0.232526,0.000282,0.028453,0.261261,40,66,98
471,10,par,0.096092,0.032077,0.306351,0.434521,40,66,98
471,10,weights,0.114593,0.032044,0.324012,0.470649,40,66,98
471,10,cpp_seq,0.004341,0.000073,0.016376,0.020793,40,66,98
471,10,cpp_par,0.003829,0.000053,0.007310,0.011194,40,66,98
471,10,cpp_adv,0.002630,0.000050,0.006061,0.008743,40,66,98
472,10,seq,0.233968,0.000369,0.000482,0.234820,20,20,1
472,10,par,0.096140,0.033415,0.318488,0.448042,20,20,1
472,10,weights,0.097860,0.030081,0.263073,0.391013,20,20,1
472,10,cpp_seq,0.005435,0.000057,0.000102,0.005595,20,20,1
472,10,cpp_par,0.003478,0.000042,0.000137,0.003658,20,20,1
472,10,cpp_adv,0.002703,0.000038,0.000103,0.002844,20,20,1
473,10,seq,0.260949,0.000253,0.000206,0.261408,20,10,0
473,10,par,0.087621,0.039115,0.033910,0.160645,20,10,0
473,10,weights,0.085565,0.029749,0.031487,0.146801,20,10,0
473,10,cpp_seq,0.006187,0.000056,0.000021,0.006265,20,10,0
473,10,cpp_par,0.003246,0.000031,0.000019,0.003297,20,10,0
473,10,cpp_adv,0.003591,0.000041,0.000024,0.003657,20,10,0
474,10,seq,0.224388,0.000262,0.000185,0.224835,20,6,0
474,10,par,0.103651,0.037557,0.030762,0.171970,20,6,0
474,10,weights,0.102640,0.031634,0.030238,0.164511,20,6,0
474,10,cpp_seq,0.005106,0.000055,0.000018,0.005179,20,6,0
474,10,cpp_par,0.002682,0.000032,0.000017,0.002732,20,6,0
474,10,cpp_adv,0.002366,0.000036,0.000017,0.002421,20,6,0
475,10,seq,0.338919,0.000308,0.000159,0.339386,20,6,0
475,10,par,0.126328,0.031274,0.028744,0.186346,20,6,0
475,10,weights,0.128172,0.031149,0.029022,0.188344,20,6,0
475,10,cpp_seq,0.012573,0.000053,0.000017,0.012645,20,6,0
475,10,cpp_par,0.006826,0.000039,0.000017,0.006883,20,6,0
475,10,cpp_adv,0.006235,0.000030,0.000016,0.006281,20,6,0
476,10,seq,0.340362,0.000391,0.000155,0.340908,20,4,0
476,10,par,0.153330,0.033957,0.026780,0.214067,20,4,0
476,10,weights,0.126635,0.033408,0.000316,0.160358,20,4,0
476,10,cpp_seq,0.011384,0.000054,0.000016,0.011455,20,4,0
476,10,cpp_par,0.006556,0.000032,0.000029,0.006618,20,4,0
476,10,cpp_adv,0.005696,0.000098,0.000018,0.005813,20,4,0
477,10,seq,0.256157,0.000414,0.000153,0.256724,20,4,0
477,10,par,0.115635,0.033914,0.031628,0.181177,20,4,0
477,10,weights,0.107991,0.038093,0.000368,0.146452,20,4,0
477,10,cpp_seq,0.005346,0.000066,0.000018,0.005430,20,4,0
477,10,cpp_par,0.003937,0.000046,0.000022,0.004006,20,4,0
477,10,cpp_adv,0.002627,0.000033,0.000016,0.002676,20,4,0
478,10,seq,0.269280,0.000424,0.247967,0.517671,40,80,1024
478,10,par,0.092665,0.031633,0.354875,0.479172,40,80,1024
478,10,weights,0.109183,0.036998,0.452971,0.599152,40,80,1024
478,10,cpp_seq,0.003534,0.000071,0.040359,0.043965,40,80,1024
478,10,cpp_par,0.004340,0.000053,0.037885,0.042279,40,80,1024
478,10,cpp_adv,0.001663,0.000037,0.035746,0.037447,40,80,1024
479,10,seq,0.208479,0.000412,0.218542,0.427433,40,80,1024
479,10,par,0.092935,0.028449,0.459725,0.581110,40,80,1024
479,10,weights,0.094682,0.029669,0.391030,0.515381,40,80,1024
479,10,cpp_seq,0.005277,0.000078,0.039760,0.045117,40,80,1024
479,10,cpp_par,0.005946,0.000042,0.039650,0.045640,40,80,1024
479,10,cpp_adv,0.005762,0.000046,0.040167,0.045977,40,80,1024
480,10,seq,0.225022,0.000276,0.000189,0.225488,20,0,0
480,10,par,0.110675,0.034928,0.033717,0.179321,20,0,0
480,10,weights,0.099859,0.036259,0.000283,0.136401,20,0,0
480,10,cpp_seq,0.003732,0.000059,0.000017,0.003809,20,0,0
480,10,cpp_par,0.002031,0.000033,0.000016,0.002080,20,0,0
480,10,cpp_adv,0.001927,0.000039,0.000019,0.001985,20,0,0
481,10,seq,0.446555,0.000279,0.000357,0.447191,20,20,1
481,10,par,0.170301,0.038936,0.390699,0.599936,20,20,1
481,10,weights,0.166548,0.034476,0.306151,0.507176,20,20,1
481,10,cpp_seq,0.009382,0.000062,0.000112,0.009557,20,20,1
481,10,cpp_par,0.005369,0.000044,0.000115,0.005529,20,20,1
481,10,cpp_adv,0.004708,0.000034,0.000111,0.004854,20,20,1
482,10,seq,0.223268,0.000457,0.217648,0.441372,40,80,1024
482,10,par,0.084259,0.029253,0.364979,0.478491,40,80,1024
482,10,weights,0.091397,0.029065,0.589377,0.709839,40,80,1024
482,10,cpp_seq,0.005510,0.000083,0.037282,0.042876,40,80,1024
482,10,cpp_par,0.005594,0.000037,0.037842,0.043474,40,80,1024
482,10,cpp_adv,0.007386,0.002773,0.049257,0.059418,40,80,1024
483,10,seq,0.206914,0.000256,0.000089,0.207259,20,3,0
483,10,par,0.098488,0.032527,0.031192,0.162207,20,3,0
483,10,weights,0.089398,0.031911,0.000331,0.121639,20,3,0
483,10,cpp_seq,0.005748,0.000055,0.000016,0.005821,20,3,0
483,10,cpp_par,0.003440,0.000040,0.000015,0.003496,20,3,0
483,10,cpp_adv,0.003873,0.000036,0.000019,0.003929,20,3,0
484,10,seq,1.426215,0.000308,0.000200,1.426723,20,10,0
484,10,par,0.199329,0.034422,0.030736,0.264488,20,10,0
484,10,weights,0.079078,0.027352,0.033359,0.139789,20,10,0
484,10,cpp_seq,0.005260,0.000073,0.000023,0.005357,20,10,0
484,10,cpp_par,0.002795,0.000041,0.000025,0.002863,20,10,0
484,10,cpp_adv,0.002356,0.000031,0.000019,0.002407,20,10,0
485,10,seq,0.463007,0.000322,0.000157,0.463486,20,2,0
485,10,par,0.132862,0.031730,0.030539,0.195131,20,2,0
485,10,weights,0.121057,0.034653,0.000363,0.156072,20,2,0
485,10,cpp_seq,0.008150,0.000055,0.000015,0.008221,20,2,0
485,10,cpp_par,0.004082,0.000030,0.000015,0.004128,20,2,0
485,10,cpp_adv,0.004228,0.000032,0.000015,0.004276,20,2,0
486,10,seq,0.217884,0.000258,0.000383,0.218525,20,20,1
486,10,par,0.091068,0.027689,0.281374,0.400130,20,20,1
486,10,weights,0.098521,0.030930,0.259975,0.389426,20,20,1
486,10,cpp_seq,0.004099,0.000058,0.000104,0.004261,20,20,1
486,10,cpp_par,0.002283,0.000031,0.000101,0.002415,20,20,1
486,10,cpp_adv,0.002030,0.000031,0.000100,0.002160,20,20,1
487,10,seq,0.201878,0.000260,0.000307,0.202446,20,13,1
487,10,par,0.094460,0.030188,0.280133,0.404781,20,13,1
487,10,weights,0.104994,0.034006,0.270836,0.409835,20,13,1
487,10,cpp_seq,0.008522,0.000060,0.000069,0.008652,20,13,1
487,10,cpp_par,0.004231,0.000036,0.000072,0.004339,20,13,1
487,10,cpp_adv,0.004094,0.000036,0.000068,0.004199,20,13,1
488,10,seq,1.144232,0.000267,0.000160,1.144659,30,3,0
488,10,par,0.144618,0.029070,0.035059,0.208748,30,3,0
488,10,weights,0.282076,0.057146,0.031235,0.370457,30,3,0
488,10,cpp_seq,0.009859,0.000116,0.000019,0.009995,30,3,0
488,10,cpp_par,0.004391,0.000032,0.000019,0.004443,30,3,0
488,10,cpp_adv,0.004392,0.000032,0.000018,0.004442,30,3,0
489,10,seq,0.249940,0.000259,0.000377,0.250576,20,20,1
489,10,par,0.115275,0.035280,0.304560,0.455115,20,20,1
489,10,weights,0.108042,0.031218,0.292969,0.432228,20,20,1
489,10,cpp_seq,0.005153,0.000060,0.000116,0.005330,20,20,1
489,10,cpp_par,0.003055,0.000036,0.000113,0.003205,20,20,1
489,10,cpp_adv,0.002749,0.000032,0.000101,0.002884,20,20,1
490,10,seq,0.349596,0.000269,0.000384,0.350248,30,26,1
490,10,par,0.111624,0.032420,0.267886,0.411930,30,26,1
490,10,weights,0.121793,0.032979,0.289380,0.444152,30,26,1
490,10,cpp_seq,0.006110,0.000060,0.000119,0.006289,30,26,1
490,10,cpp_par,0.003214,0.000035,0.000120,0.003369,30,26,1
490,10,cpp_adv,0.003155,0.000035,0.000131,0.003322,30,26,1
491,10,seq,0.416578,0.000264,0.131569,0.548411,40,76,512
491,10,par,0.136343,0.031937,0.328279,0.496559,40,76,512
491,10,weights,0.135212,0.036089,0.456840,0.628142,40,76,512
491,10,cpp_seq,0.010563,0.000071,0.017829,0.028465,40,76,512
491,10,cpp_par,0.007340,0.000041,0.019006,0.026388,40,76,512
491,10,cpp_adv,0.007527,0.000047,0.017806,0.025382,40,76,512
492,10,seq,0.225880,0.000280,0.000408,0.226567,20,20,1
492,10,par,0.102818,0.034318,0.326296,0.463431,20,20,1
492,10,weights,0.177879,0.033901,0.389535,0.601315,20,20,1
492,10,cpp_seq,0.007051,0.000062,0.000113,0.007227,20,20,1
492,10,cpp_par,0.003656,0.000045,0.000149,0.003851,20,20,1
492,10,cpp_adv,0.004333,0.000045,0.000113,0.004492,20,20,1
493,10,seq,0.297612,0.000383,0.000353,0.298348,20,12,1
493,10,par,0.133918,0.032985,0.331168,0.498070,20,12,1
493,10,weights,0.109972,0.033045,0.312642,0.455659,20,12,1
493,10,cpp_seq,0.004879,0.000056,0.000064,0.005000,20,12,1
493,10,cpp_par,0.002330,0.000031,0.000080,0.002441,20,12,1
493,10,cpp_adv,0.002750,0.000032,0.000062,0.002845,20,12,1
494,10,seq,0.246305,0.000258,0.003547,0.250111,30,44,17
494,10,par,0.104698,0.031847,0.318476,0.455021,30,44,17
494,10,weights,0.124120,0.040513,0.325888,0.490521,30,44,17
494,10,cpp_seq,0.005976,0.000095,0.000896,0.006967,30,44,17
494,10,cpp_par,0.003606,0.000035,0.000811,0.004453,30,44,17
494,10,cpp_adv,0.003492,0.000085,0.001091,0.004669,30,44,17
495,10,seq,0.301253,0.000317,0.000116,0.301685,20,6,0
495,10,par,0.125404,0.039270,0.027630,0.192303,20,6,0
495,10,weights,0.119940,0.033643,0.000276,0.153859,20,6,0
495,10,cpp_seq,0.005885,0.000054,0.000016,0.005956,20,6,0
495,10,cpp_par,0.002870,0.000030,0.000014,0.002915,20,6,0
495,10,cpp_adv,0.002909,0.000043,0.000016,0.002968,20,6,0
496,10,seq,0.292334,0.000236,0.000174,0.292744,20,10,0
496,10,par,0.120973,0.033285,0.028098,0.182357,20,10,0
496,10,weights,0.113268,0.031345,0.027854,0.172466,20,10,0
496,10,cpp_seq,0.009153,0.000067,0.000020,0.009241,20,10,0
496,10,cpp_par,0.004883,0.000032,0.000018,0.004934,20,10,0
496,10,cpp_adv,0.004664,0.000031,0.000017,0.004712,20,10,0
497,10,seq,0.182882,0.000267,0.000555,0.183703,30,30,1
497,10,par,0.081933,0.038204,0.289407,0.409544,30,30,1
497,10,weights,0.084076,0.028269,0.287606,0.399950,30,30,1
497,10,cpp_seq,0.003719,0.000065,0.000158,0.003942,30,30,1
497,10,cpp_par,0.001977,0.000033,0.000150,0.002160,30,30,1
497,10,cpp_adv,0.002040,0.000162,0.000207,0.002410,30,30,1
498,10,seq,0.313622,0.000268,0.001552,0.315441,30,40,2
498,10,par,0.113487,0.030913,0.271999,0.416399,30,40,2
498,10,weights,0.179528,0.044175,0.341042,0.564746,30,40,2
498,10,cpp_seq,0.007867,0.000066,0.000494,0.008428,30,40,2
498,10,cpp_par,0.003862,0.000037,0.000469,0.004369,30,40,2
498,10,cpp_adv,0.004115,0.000065,0.000484,0.004665,30,40,2
499,10,seq,0.304309,0.000443,0.083313,0.388065,40,72,360
499,10,par,0.126718,0.034764,0.400145,0.561627,40,72,360
499,10,weights,0.138067,0.031569,0.367511,0.537147,40,72,360
499,10,cpp_seq,0.009639,0.000088,0.016387,0.026116,40,72,360
499,10,cpp_par,0.005879,0.000041,0.015800,0.021721,40,72,360
499,10,cpp_adv,0.005290,0.000043,0.015886,0.021221,40,72,360
500,10,seq,0.205310,0.000984,0.253105,0.459399,40,80,1024
500,10,par,0.256265,0.087850,0.450968,0.795082,40,80,1024
500,10,weights,0.090823,0.037560,0.502482,0.630865,40,80,1024
500,10,cpp_seq,0.003809,0.000102,0.039311,0.043224,40,80,1024
500,10,cpp_par,0.004879,0.000055,0.036763,0.041697,40,80,1024
500,10,cpp_adv,0.001506,0.000037,0.036221,0.037765,40,80,1024
501,10,seq,0.173233,0.000346,0.000120,0.173699,20,4,0
501,10,par,0.081677,0.030149,0.033511,0.145337,20,4,0
501,10,weights,0.094468,0.034001,0.001164,0.129634,20,4,0
501,10,cpp_seq,0.004019,0.000055,0.000016,0.004091,20,4,0
501,10,cpp_par,0.002030,0.000030,0.000014,0.002075,20,4,0
501,10,cpp_adv,0.001877,0.000031,0.000015,0.001924,20,4,0
502,10,seq,0.330896,0.000263,0.000528,0.331687,30,30,2
502,10,par,0.143614,0.029682,0.308786,0.482083,30,30,2
502,10,weights,0.132617,0.031513,0.258693,0.422823,30,30,2
502,10,cpp_seq,0.010724,0.000075,0.000167,0.010967,30,30,2
502,10,cpp_par,0.005692,0.000045,0.000210,0.005948,30,30,2
502,10,cpp_adv,0.005658,0.000035,0.000154,0.005848,30,30,2
503,10,seq,0.224047,0.000260,0.000388,0.224694,20,20,1
503,10,par,0.093619,0.032036,0.284798,0.410453,20,20,1
503,10,weights,0.111234,0.037661,0.466053,0.614948,20,20,1
503,10,cpp_seq,0.003928,0.000061,0.000115,0.004105,20,20,1
503,10,cpp_par,0.002238,0.000035,0.000111,0.002384,20,20,1
503,10,cpp_adv,0.001982,0.000033,0.000110,0.002125,20,20,1
504,10,seq,0.233260,0.000274,0.000415,0.233950,20,20,1
504,10,par,0.103268,0.032169,0.281615,0.417052,20,20,1
504,10,weights,0.099828,0.031745,0.271471,0.403044,20,20,1
504,10,cpp_seq,0.006298,0.000061,0.000112,0.006472,20,20,1
504,10,cpp_par,0.003476,0.000058,0.000164,0.003699,20,20,1
504,10,cpp_adv,0.003267,0.000034,0.000110,0.003412,20,20,1
505,10,seq,0.193823,0.000278,0.000413,0.194513,20,20,2
505,10,par,0.095862,0.033020,0.304436,0.433318,20,20,2
505,10,weights,0.083244,0.033863,0.262441,0.379548,20,20,2
505,10,cpp_seq,0.003639,0.000058,0.000107,0.003805,20,20,2
505,10,cpp_par,0.001785,0.000032,0.000104,0.001922,20,20,2
505,10,cpp_adv,0.001723,0.000049,0.000105,0.001878,20,20,2
506,10,seq,0.185528,0.000312,0.000110,0.185951,20,6,0
506,10,par,0.087273,0.031795,0.031087,0.150154,20,6,0
506,10,weights,0.086921,0.029372,0.000295,0.116588,20,6,0
506,10,cpp_seq,0.004102,0.000055,0.000016,0.004173,20,6,0
506,10,cpp_par,0.002245,0.000033,0.000016,0.002295,20,6,0
506,10,cpp_adv,0.002165,0.000034,0.000016,0.002216,20,6,0
507,10,seq,0.238455,0.000237,0.000407,0.239100,30,26,1
507,10,par,0.094675,0.034188,0.286120,0.414983,30,26,1
507,10,weights,0.102631,0.034403,0.306992,0.444026,30,26,1
507,10,cpp_seq,0.004798,0.000061,0.000133,0.004994,30,26,1
507,10,cpp_par,0.002693,0.000034,0.000131,0.002858,30,26,1
507,10,cpp_adv,0.002407,0.000033,0.000196,0.002637,30,26,1
508,10,seq,0.312473,0.000307,0.000237,0.313018,30,19,0
508,10,par,0.120666,0.032505,0.027075,0.180246,30,19,0
508,10,weights,0.136052,0.045171,0.041000,0.222223,30,19,0
508,10,cpp_seq,0.010729,0.000068,0.000023,0.010821,30,19,0
508,10,cpp_par,0.005353,0.000034,0.000021,0.005409,30,19,0
508,10,cpp_adv,0.004711,0.000051,0.000025,0.004788,30,19,0
509,10,seq,0.157002,0.000360,0.011732,0.169093,30,47,78
509,10,par,0.078587,0.029541,0.320127,0.428255,30,47,78
509,10,weights,0.093941,0.034132,0.309128,0.437202,30,47,78
509,10,cpp_seq,0.003654,0.000082,0.002715,0.006452,30,47,78
509,10,cpp_par,0.002193,0.000035,0.002559,0.004788,30,47,78
509,10,cpp_adv,0.001768,0.000036,0.002764,0.004568,30,47,78
510,10,seq,0.211766,0.000258,0.000377,0.212401,20,20,1
510,10,par,0.095811,0.027760,0.359660,0.483231,20,20,1
510,10,weights,0.117257,0.039807,0.275663,0.432727,20,20,1
510,10,cpp_seq,0.006389,0.000060,0.000104,0.006553,20,20,1
510,10,cpp_par,0.003167,0.000039,0.000130,0.003337,20,20,1
510,10,cpp_adv,0.003345,0.000044,0.000114,0.003504,20,20,1
511,10,seq,0.217149,0.000260,0.000373,0.217783,20,20,1
511,10,par,0.092623,0.028507,0.294715,0.415844,20,20,1
511,10,weights,0.088290,0.029480,0.250630,0.368400,20,20,1
511,10,cpp_seq,0.006285,0.000060,0.000106,0.006453,20,20,1
511,10,cpp_par,0.003270,0.000031,0.000102,0.003404,20,20,1
511,10,cpp_adv,0.003682,0.000033,0.000103,0.003819,20,20,1
512,10,seq,0.331366,0.000269,0.000581,0.332217,30,30,1
512,10,par,0.126397,0.033573,0.284072,0.444043,30,30,1
512,10,weights,0.147783,0.040502,0.276802,0.465087,30,30,1
512,10,cpp_seq,0.009320,0.000065,0.000172,0.009558,30,30,1
512,10,cpp_par,0.005477,0.000043,0.000222,0.005743,30,30,1
512,10,cpp_adv,0.004712,0.000036,0.000172,0.004921,30,30,1
513,10,seq,0.197886,0.000545,0.000287,0.198718,20,10,0
513,10,par,0.096109,0.030754,0.121060,0.247922,20,10,0
513,10,weights,0.096517,0.029254,0.134989,0.260760,20,10,0
513,10,cpp_seq,0.003574,0.000055,0.000032,0.003663,20,10,0
513,10,cpp_par,0.001921,0.000030,0.000029,0.001981,20,10,0
513,10,cpp_adv,0.001818,0.000030,0.000028,0.001876,20,10,0
514,10,seq,0.283409,0.000259,0.000382,0.284050,20,20,2
514,10,par,0.130275,0.029011,0.263143,0.422429,20,20,2
514,10,weights,0.109999,0.031721,0.246574,0.388293,20,20,2
514,10,cpp_seq,0.008464,0.000073,0.000107,0.008644,20,20,2
514,10,cpp_par,0.004683,0.000033,0.000105,0.004821,20,20,2
514,10,cpp_adv,0.004307,0.000032,0.000103,0.004442,20,20,2
515,10,seq,0.260070,0.000306,0.033730,0.294105,30,52,240
515,10,par,0.111015,0.028640,0.279005,0.418660,30,52,240
515,10,weights,0.156614,0.030782,0.279480,0.466876,30,52,240
515,10,cpp_seq,0.005317,0.000064,0.007763,0.013145,30,52,240
515,10,cpp_par,0.003486,0.000035,0.007903,0.011425,30,52,240
515,10,cpp_adv,0.003380,0.000037,0.007737,0.011155,30,52,240
516,10,seq,0.289005,0.000221,0.000085,0.289311,20,2,0
516,10,par,0.121392,0.030198,0.026488,0.178078,20,2,0
516,10,weights,0.116587,0.031095,0.000289,0.147971,20,2,0
516,10,cpp_seq,0.007467,0.000095,0.000020,0.007583,20,2,0
516,10,cpp_par,0.002992,0.000041,0.000019,0.003053,20,2,0
516,10,cpp_adv,0.002746,0.000039,0.000019,0.002805,20,2,0
517,10,seq,0.260560,0.000272,0.000094,0.260926,20,3,0
517,10,par,0.096094,0.029753,0.029170,0.155016,20,3,0
517,10,weights,0.098760,0.029507,0.000275,0.128542,20,3,0
517,10,cpp_seq,0.007566,0.000066,0.000019,0.007652,20,3,0
517,10,cpp_par,0.003915,0.000038,0.000015,0.003969,20,3,0
517,10,cpp_adv,0.003404,0.000033,0.000016,0.003454,20,3,0
518,10,seq,0.199479,0.000230,0.000333,0.200042,20,20,1
518,10,par,0.083019,0.030594,0.291930,0.405542,20,20,1
518,10,weights,0.085198,0.089565,0.293693,0.468455,20,20,1
518,10,cpp_seq,0.006561,0.000055,0.000116,0.006733,20,20,1
518,10,cpp_par,0.003392,0.000034,0.000104,0.003531,20,20,1
518,10,cpp_adv,0.004484,0.000042,0.000133,0.004660,20,20,1
519,10,seq,0.181841,0.000294,0.000389,0.182524,20,20,2
519,10,par,0.077449,0.030697,0.281698,0.389844,20,20,2
519,10,weights,0.084562,0.034706,0.259480,0.378748,20,20,2
519,10,cpp_seq,0.003553,0.000058,0.000107,0.003719,20,20,2
519,10,cpp_par,0.001997,0.000032,0.000106,0.002135,20,20,2
519,10,cpp_adv,0.001730,0.000032,0.000105,0.001867,20,20,2
520,10,seq,0.262994,0.000363,0.000242,0.263599,20,4,0
520,10,par,0.129089,0.033079,0.068876,0.231044,20,4,0
520,10,weights,0.119145,0.036328,0.061487,0.216961,20,4,0
520,10,cpp_seq,0.014517,0.000057,0.000023,0.014598,20,4,0
520,10,cpp_par,0.007861,0.000045,0.000050,0.007957,20,4,0
520,10,cpp_adv,0.007360,0.000043,0.000024,0.007429,20,4,0
521,10,seq,0.390019,0.000335,0.231872,0.622226,40,80,1024
521,10,par,0.152824,0.030380,0.415887,0.599091,40,80,1024
521,10,weights,0.137857,0.033026,0.346921,0.517804,40,80,1024
521,10,cpp_seq,0.010498,0.000071,0.037787,0.048358,40,80,1024
521,10,cpp_par,0.007722,0.000038,0.036789,0.044551,40,80,1024
521,10,cpp_adv,0.007461,0.000098,0.038676,0.046237,40,80,1024
522,10,seq,0.193423,0.000416,0.000441,0.194280,20,20,1
522,10,par,0.081197,0.027299,0.252199,0.360695,20,20,1
522,10,weights,0.087471,0.031035,0.360903,0.479408,20,20,1
522,10,cpp_seq,0.005014,0.000091,0.000135,0.005241,20,20,1
522,10,cpp_par,0.002266,0.000030,0.000099,0.002395,20,20,1
522,10,cpp_adv,0.002067,0.000036,0.000117,0.002221,20,20,1
523,10,seq,0.182035,0.000300,0.001704,0.184039,30,40,2
523,10,par,0.078125,0.027948,0.271970,0.378044,30,40,2
523,10,weights,0.132149,0.051854,0.366489,0.550492,30,40,2
523,10,cpp_seq,0.003469,0.000062,0.000413,0.003946,30,40,2
523,10,cpp_par,0.002382,0.000044,0.000431,0.002858,30,40,2
523,10,cpp_adv,0.001870,0.000035,0.000392,0.002297,30,40,2
524,10,seq,0.350338,0.000257,0.000234,0.350829,20,16,0
524,10,par,0.143666,0.032568,0.095404,0.271639,20,16,0
524,10,weights,0.158843,0.028995,0.081250,0.269089,20,16,0
524,10,cpp_seq,0.014818,0.000057,0.000038,0.014914,20,16,0
524,10,cpp_par,0.007835,0.000031,0.000036,0.007903,20,16,0
524,10,cpp_adv,0.009994,0.000043,0.000046,0.010085,20,16,0
525,10,seq,0.253722,0.000484,0.226257,0.480463,40,80,1024
525,10,par,0.097364,0.030021,0.480703,0.608088,40,80,1024
525,10,weights,0.103060,0.034796,0.423804,0.561660,40,80,1024
525,10,cpp_seq,0.005969,0.000077,0.039492,0.045539,40,80,1024
525,10,cpp_par,0.005959,0.000041,0.040380,0.046381,40,80,1024
525,10,cpp_adv,0.003593,0.000056,0.043417,0.047067,40,80,1024
526,10,seq,0.266863,0.000302,2.462651,2.729816,50,125,9104
526,10,par,0.119046,0.033673,1.336321,1.489040,50,125,9104
526,10,weights,0.109498,0.036015,1.345655,1.491168,50,125,9104
526,10,cpp_seq,0.007028,0.000120,0.376883,0.384032,50,125,9104
526,10,cpp_par,0.004419,0.000050,0.334839,0.339309,50,125,9104
526,10,cpp_adv,0.003673,0.000044,0.330861,0.334578,50,125,9104
527,10,seq,0.289146,0.000293,0.301030,0.590469,40,80,1024
527,10,par,0.102987,0.032232,0.357245,0.492464,40,80,1024
527,10,weights,0.113390,0.035085,0.401097,0.549572,40,80,1024
527,10,cpp_seq,0.003148,0.000071,0.036720,0.039941,40,80,1024
527,10,cpp_par,0.004407,0.000037,0.037856,0.042302,40,80,1024
527,10,cpp_adv,0.001641,0.000038,0.036129,0.037809,40,80,1024
528,10,seq,0.160476,0.000259,0.000287,0.161023,20,10,1
528,10,par,0.076990,0.030560,0.291061,0.398611,20,10,1
528,10,weights,0.087015,0.032015,0.291821,0.410852,20,10,1
528,10,cpp_seq,0.003661,0.000053,0.000058,0.003774,20,10,1
528,10,cpp_par,0.001932,0.000030,0.000056,0.002018,20,10,1
528,10,cpp_adv,0.002432,0.000039,0.000058,0.002529,20,10,1
529,10,seq,0.201137,0.000281,0.000396,0.201814,20,20,1
529,10,par,0.094315,0.033377,0.299523,0.427214,20,20,1
529,10,weights,0.102838,0.041821,0.362617,0.507276,20,20,1
529,10,cpp_seq,0.004656,0.000062,0.000112,0.004831,20,20,1
529,10,cpp_par,0.002306,0.000033,0.000108,0.002448,20,20,1
529,10,cpp_adv,0.002091,0.000033,0.000107,0.002231,20,20,1
530,10,seq,0.279261,0.000328,0.256011,0.535600,40,80,1024
530,10,par,0.105906,0.039647,0.430011,0.575564,40,80,1024
530,10,weights,0.101894,0.033334,0.403454,0.538682,40,80,1024
530,10,cpp_seq,0.003776,0.000071,0.037205,0.041053,40,80,1024
530,10,cpp_par,0.004464,0.000039,0.036384,0.040888,40,80,1024
530,10,cpp_adv,0.001995,0.000039,0.037582,0.039617,40,80,1024
531,10,seq,0.280246,0.000500,0.242154,0.522900,40,80,1024
531,10,par,0.112457,0.049466,0.489186,0.651110,40,80,1024
531,10,weights,0.143297,0.033401,0.439727,0.616426,40,80,1024
531,10,cpp_seq,0.004987,0.000070,0.041339,0.046397,40,80,1024
531,10,cpp_par,0.006560,0.000079,0.038861,0.045501,40,80,1024
531,10,cpp_adv,0.005088,0.000042,0.039077,0.044208,40,80,1024
532,10,seq,0.422459,0.000411,0.000228,0.423098,20,5,0
532,10,par,0.293305,0.035312,0.032667,0.361284,20,5,0
532,10,weights,0.169603,0.029314,0.000276,0.199194,20,5,0
532,10,cpp_seq,0.014686,0.000060,0.000020,0.014767,20,5,0
532,10,cpp_par,0.007805,0.000042,0.000016,0.007864,20,5,0
532,10,cpp_adv,0.007795,0.000032,0.000015,0.007843,20,5,0
533,10,seq,0.397074,0.000257,0.000444,0.397775,20,20,1
533,10,par,0.177112,0.114521,0.311524,0.603157,20,20,1
533,10,weights,0.175885,0.031041,0.323696,0.530621,20,20,1
533,10,cpp_seq,0.012836,0.000064,0.000113,0.013014,20,20,1
533,10,cpp_par,0.006348,0.000037,0.000112,0.006497,20,20,1
533,10,cpp_adv,0.005788,0.000034,0.000110,0.005932,20,20,1
534,10,seq,0.300132,0.000526,1.549214,1.849872,50,120,5334
534,10,par,0.114478,0.032652,0.977590,1.124720,50,120,5334
534,10,weights,0.134502,0.034920,0.970281,1.139703,50,120,5334
534,10,cpp_seq,0.005481,0.000079,0.216396,0.221958,50,120,5334
534,10,cpp_par,0.004442,0.000057,0.219120,0.223621,50,120,5334
534,10,cpp_adv,0.003207,0.000055,0.184280,0.187544,50,120,5334
535,10,seq,0.378120,0.000282,0.109285,0.487686,40,74,480
535,10,par,0.173701,0.034068,0.538143,0.745912,40,74,480
535,10,weights,0.155376,0.031411,0.333565,0.520352,40,74,480
535,10,cpp_seq,0.012065,0.000074,0.017810,0.029949,40,74,480
535,10,cpp_par,0.008842,0.000039,0.018266,0.027148,40,74,480
535,10,cpp_adv,0.006836,0.000042,0.016761,0.023639,40,74,480
536,10,seq,0.236702,0.000284,0.026310,0.263296,30,50,185
536,10,par,0.106617,0.034514,0.324610,0.465742,30,50,185
536,10,weights,0.109835,0.049712,0.364940,0.524487,30,50,185
536,10,cpp_seq,0.005518,0.000064,0.006195,0.011779,30,50,185
536,10,cpp_par,0.003466,0.000041,0.005819,0.009327,30,50,185
536,10,cpp_adv,0.003325,0.000045,0.005582,0.008953,30,50,185
537,10,seq,0.413623,0.000531,0.000497,0.414651,20,12,1
537,10,par,0.172225,0.035668,0.349067,0.556961,20,12,1
537,10,weights,0.159489,0.034352,0.296696,0.490537,20,12,1
537,10,cpp_seq,0.008795,0.000063,0.000068,0.008927,20,12,1
537,10,cpp_par,0.005037,0.000035,0.000068,0.005140,20,12,1
537,10,cpp_adv,0.004292,0.000034,0.000064,0.004391,20,12,1
538,10,seq,0.317548,0.000427,0.000413,0.318388,30,20,1
538,10,par,0.118728,0.034040,0.283287,0.436055,30,20,1
538,10,weights,0.125278,0.036442,0.270954,0.432674,30,20,1
538,10,cpp_seq,0.007957,0.000093,0.000129,0.008180,30,20,1
538,10,cpp_par,0.004881,0.000037,0.000107,0.005026,30,20,1
538,10,cpp_adv,0.005488,0.000037,0.000107,0.005632,30,20,1
539,10,seq,0.208640,0.000293,0.229996,0.438929,40,80,1024
539,10,par,0.098147,0.031189,0.469219,0.598555,40,80,1024
539,10,weights,0.107799,0.032448,0.410404,0.550652,40,80,1024
539,10,cpp_seq,0.005053,0.000070,0.037811,0.042936,40,80,1024
539,10,cpp_par,0.006072,0.000052,0.037501,0.043626,40,80,1024
539,10,cpp_adv,0.005120,0.000047,0.037168,0.042336,40,80,1024
540,10,seq,0.236684,0.000255,0.000412,0.237351,20,20,1
540,10,par,0.223869,0.035433,0.312097,0.571399,20,20,1
540,10,weights,0.118775,0.035387,0.277099,0.431261,20,20,1
540,10,cpp_seq,0.004604,0.000057,0.000123,0.004785,20,20,1
540,10,cpp_par,0.003027,0.000034,0.000144,0.003206,20,20,1
540,10,cpp_adv,0.002367,0.000041,0.000137,0.002546,20,20,1
541,10,seq,0.200756,0.000302,0.000457,0.201516,20,20,1
541,10,par,0.093142,0.032178,0.294881,0.420201,20,20,1
541,10,weights,0.101737,0.034096,0.296463,0.432297,20,20,1
541,10,cpp_seq,0.007663,0.000060,0.000107,0.007830,20,20,1
541,10,cpp_par,0.003328,0.000036,0.000102,0.003467,20,20,1
541,10,cpp_adv,0.003719,0.000036,0.000130,0.003885,20,20,1
542,10,seq,0.497830,0.001023,0.054688,0.553541,30,53,220
542,10,par,0.115078,0.034188,0.340288,0.489553,30,53,220
542,10,weights,0.113555,0.041289,0.349310,0.504154,30,53,220
542,10,cpp_seq,0.006846,0.000071,0.007068,0.013987,30,53,220
542,10,cpp_par,0.004389,0.000039,0.008132,0.012562,30,53,220
542,10,cpp_adv,0.003396,0.000036,0.006443,0.009876,30,53,220
543,10,seq,0.185183,0.000264,0.000211,0.185658,20,10,0
543,10,par,0.084575,0.030357,0.034703,0.149634,20,10,0
543,10,weights,0.099200,0.028769,0.036195,0.164165,20,10,0
543,10,cpp_seq,0.006900,0.000072,0.000026,0.006999,20,10,0
543,10,cpp_par,0.003484,0.000034,0.000021,0.003540,20,10,0
543,10,cpp_adv,0.003513,0.000030,0.000019,0.003563,20,10,0
544,10,seq,0.331159,0.000273,0.024153,0.355586,30,47,129
544,10,par,0.161166,0.034264,0.286307,0.481737,30,47,129
544,10,weights,0.134828,0.043051,0.294147,0.472026,30,47,129
544,10,cpp_seq,0.009235,0.000066,0.005437,0.014740,30,47,129
544,10,cpp_par,0.006870,0.000048,0.005846,0.012764,30,47,129
544,10,cpp_adv,0.004389,0.000036,0.005463,0.009889,30,47,129
545,10,seq,0.263882,0.000278,0.000251,0.264411,20,13,1
545,10,par,0.122188,0.035768,0.286342,0.444299,20,13,1
545,10,weights,0.181375,0.046371,0.271574,0.499320,20,13,1
545,10,cpp_seq,0.008831,0.000062,0.000065,0.008959,20,13,1
545,10,cpp_par,0.004665,0.000046,0.000064,0.004777,20,13,1
545,10,cpp_adv,0.005093,0.000044,0.000082,0.005220,20,13,1
546,10,seq,2.108387,0.000258,0.000377,2.109022,20,20,1
546,10,par,0.133654,0.028579,0.263648,0.425881,20,20,1
546,10,weights,0.127418,0.036373,0.262175,0.425966,20,20,1
546,10,cpp_seq,0.011365,0.000057,0.000103,0.011526,20,20,1
546,10,cpp_par,0.005670,0.000043,0.000133,0.005847,20,20,1
546,10,cpp_adv,0.005988,0.000033,0.000103,0.006124,20,20,1
547,10,seq,0.236554,0.000339,0.243809,0.480702,40,80,1024
547,10,par,0.126613,0.035833,0.484011,0.646457,40,80,1024
547,10,weights,0.109084,0.036931,0.391611,0.537626,40,80,1024
547,10,cpp_seq,0.003830,0.000071,0.042886,0.046790,40,80,1024
547,10,cpp_par,0.004532,0.000039,0.037063,0.041636,40,80,1024
547,10,cpp_adv,0.001901,0.000051,0.037574,0.039528,40,80,1024
548,10,seq,0.277760,0.000316,0.087061,0.365137,40,70,408
548,10,par,0.122954,0.037815,0.371555,0.532324,40,70,408
548,10,weights,0.113708,0.031575,0.323050,0.468332,40,70,408
548,10,cpp_seq,0.004190,0.000069,0.015210,0.019470,40,70,408
548,10,cpp_par,0.004773,0.000053,0.017545,0.022374,40,70,408
548,10,cpp_adv,0.002804,0.000052,0.016184,0.019041,40,70,408
549,10,seq,0.310433,0.000431,0.000270,0.311134,20,1,0
549,10,par,0.123357,0.037013,0.026579,0.186949,20,1,0
549,10,weights,0.193831,0.043036,0.028976,0.265844,20,1,0
549,10,cpp_seq,0.003353,0.000054,0.000019,0.003427,20,1,0
549,10,cpp_par,0.002367,0.000029,0.000016,0.002413,20,1,0
549,10,cpp_adv,0.001691,0.000030,0.000015,0.001737,20,1,0
550,10,seq,0.254462,0.000436,0.000162,0.255059,20,4,0
550,10,par,0.119911,0.037693,0.035324,0.192927,20,4,0
550,10,weights,0.185963,0.034069,0.000703,0.220735,20,4,0
550,10,cpp_seq,0.009634,0.000091,0.000021,0.009747,20,4,0
550,10,cpp_par,0.005366,0.000056,0.000020,0.005443,20,4,0
550,10,cpp_adv,0.006603,0.000034,0.000016,0.006653,20,4,0
551,10,seq,0.594734,0.000271,0.224952,0.819958,40,80,1024
551,10,par,0.207880,0.032589,0.409633,0.650102,40,80,1024
551,10,weights,0.170382,0.032211,0.552492,0.755084,40,80,1024
551,10,cpp_seq,0.015141,0.000083,0.049636,0.064884,40,80,1024
551,10,cpp_par,0.014484,0.000547,0.048512,0.063544,40,80,1024
551,10,cpp_adv,0.008960,0.000043,0.037127,0.046131,40,80,1024
552,10,seq,0.237739,0.000235,0.000329,0.238303,20,20,1
552,10,par,0.092552,0.031040,0.274023,0.397615,20,20,1
552,10,weights,0.098756,0.032411,0.276202,0.407370,20,20,1
552,10,cpp_seq,0.004466,0.000056,0.000103,0.004625,20,20,1
552,10,cpp_par,0.002628,0.000032,0.000102,0.002763,20,20,1
552,10,cpp_adv,0.002978,0.000040,0.000105,0.003124,20,20,1
553,10,seq,0.303655,0.000373,0.001605,0.305633,30,40,2
553,10,par,0.115269,0.032318,0.256921,0.404509,30,40,2
553,10,weights,0.117847,0.029785,0.262141,0.409773,30,40,2
553,10,cpp_seq,0.008135,0.000126,0.000484,0.008746,30,40,2
553,10,cpp_par,0.004702,0.000036,0.000394,0.005133,30,40,2
553,10,cpp_adv,0.004136,0.000035,0.000394,0.004566,30,40,2
554,10,seq,0.268031,0.000388,0.000114,0.268533,20,4,0
554,10,par,0.106730,0.034427,0.027926,0.169083,20,4,0
554,10,weights,0.106488,0.034104,0.000277,0.140868,20,4,0
554,10,cpp_seq,0.005328,0.000054,0.000017,0.005400,20,4,0
554,10,cpp_par,0.002892,0.000029,0.000015,0.002937,20,4,0
554,10,cpp_adv,0.003022,0.000057,0.000021,0.003101,20,4,0
555,10,seq,0.274389,0.000304,1.863343,2.138036,50,120,6388
555,10,par,0.109635,0.034013,1.253532,1.397180,50,120,6388
555,10,weights,0.110443,0.038359,1.050843,1.199645,50,120,6388
555,10,cpp_seq,0.003703,0.000082,0.247703,0.251489,50,120,6388
555,10,cpp_par,0.002326,0.000043,0.262368,0.264738,50,120,6388
555,10,cpp_adv,0.002589,0.000058,0.316129,0.318778,50,120,6388
556,10,seq,0.235061,0.000702,0.267267,0.503029,40,80,1024
556,10,par,0.196931,0.052310,0.459569,0.708810,40,80,1024
556,10,weights,0.106481,0.045075,0.402606,0.554162,40,80,1024
556,10,cpp_seq,0.004316,0.000071,0.039125,0.043512,40,80,1024
556,10,cpp_par,0.006328,0.000046,0.041494,0.047869,40,80,1024
556,10,cpp_adv,0.002371,0.000036,0.036640,0.039048,40,80,1024
557,10,seq,0.430216,0.000263,0.000397,0.430876,30,23,1
557,10,par,0.100410,0.033457,0.278486,0.412353,30,23,1
557,10,weights,0.106125,0.030214,0.278911,0.415250,30,23,1
557,10,cpp_seq,0.005919,0.000094,0.000138,0.006152,30,23,1
557,10,cpp_par,0.002849,0.000033,0.000107,0.002990,30,23,1
557,10,cpp_adv,0.002555,0.000037,0.000108,0.002701,30,23,1
558,10,seq,0.294520,0.000379,0.000583,0.295483,20,20,1
558,10,par,0.125033,0.037676,0.307804,0.470514,20,20,1
558,10,weights,0.117934,0.034568,0.280408,0.432909,20,20,1
558,10,cpp_seq,0.012729,0.000061,0.000112,0.012904,20,20,1
558,10,cpp_par,0.008113,0.000038,0.000116,0.008268,20,20,1
558,10,cpp_adv,0.006707,0.000038,0.000130,0.006877,20,20,1
559,10,seq,0.251469,0.000404,0.000671,0.252544,20,20,1
559,10,par,0.110213,0.037602,0.289911,0.437726,20,20,1
559,10,weights,0.092268,0.029131,0.284198,0.405598,20,20,1
559,10,cpp_seq,0.005801,0.000058,0.000117,0.005976,20,20,1
559,10,cpp_par,0.003381,0.000033,0.000116,0.003530,20,20,1
559,10,cpp_adv,0.003592,0.000065,0.000104,0.003762,20,20,1
560,10,seq,0.237016,0.000301,0.211343,0.448660,40,80,1024
560,10,par,0.114053,0.034999,0.374853,0.523905,40,80,1024
560,10,weights,0.105407,0.033780,0.480574,0.619761,40,80,1024
560,10,cpp_seq,0.005153,0.000087,0.037336,0.042578,40,80,1024
560,10,cpp_par,0.005399,0.000037,0.036142,0.041579,40,80,1024
560,10,cpp_adv,0.003131,0.000058,0.037364,0.040553,40,80,1024
561,10,seq,0.201738,0.000255,0.000172,0.202165,20,10,0
561,10,par,0.098165,0.030935,0.060591,0.189691,20,10,0
561,10,weights,0.101455,0.032643,0.058220,0.192318,20,10,0
561,10,cpp_seq,0.006894,0.000055,0.000024,0.006974,20,10,0
561,10,cpp_par,0.003485,0.000031,0.000022,0.003538,20,10,0
561,10,cpp_adv,0.003639,0.000040,0.000031,0.003711,20,10,0
562,10,seq,0.243399,0.000314,0.212680,0.456394,40,80,1024
562,10,par,0.101469,0.028930,0.374167,0.504566,40,80,1024
562,10,weights,0.105880,0.033173,0.472249,0.611302,40,80,1024
562,10,cpp_seq,0.005380,0.000071,0.039522,0.044975,40,80,1024
562,10,cpp_par,0.006682,0.000058,0.040103,0.046846,40,80,1024
562,10,cpp_adv,0.006062,0.000054,0.039271,0.045388,40,80,1024
563,10,seq,0.194046,0.000290,0.000411,0.194747,20,20,1
563,10,par,0.117183,0.050383,0.314057,0.481623,20,20,1
563,10,weights,0.127347,0.041216,0.281756,0.450318,20,20,1
563,10,cpp_seq,0.005421,0.000057,0.000102,0.005581,20,20,1
563,10,cpp_par,0.002726,0.000046,0.000129,0.002901,20,20,1
563,10,cpp_adv,0.003564,0.000062,0.000149,0.003776,20,20,1
564,10,seq,0.316528,0.000307,0.000388,0.317223,30,21,1
564,10,par,0.111419,0.031829,0.264737,0.407985,30,21,1
564,10,weights,0.103212,0.029963,0.260417,0.393593,30,21,1
564,10,cpp_seq,0.006053,0.000111,0.000139,0.006304,30,21,1
564,10,cpp_par,0.003330,0.000033,0.000105,0.003469,30,21,1
564,10,cpp_adv,0.003408,0.000033,0.000105,0.003547,30,21,1
565,10,seq,0.231895,0.000261,0.212350,0.444506,40,80,1024
565,10,par,0.094570,0.028462,0.359888,0.482920,40,80,1024
565,10,weights,0.094493,0.029837,0.469646,0.593976,40,80,1024
565,10,cpp_seq,0.004851,0.000099,0.039160,0.044111,40,80,1024
565,10,cpp_par,0.005293,0.000092,0.037566,0.042953,40,80,1024
565,10,cpp_adv,0.002243,0.000038,0.036706,0.038988,40,80,1024
566,10,seq,0.186546,0.000323,0.000401,0.187271,20,20,1
566,10,par,0.084995,0.026736,0.255669,0.367400,20,20,1
566,10,weights,0.094044,0.028560,0.281893,0.404497,20,20,1
566,10,cpp_seq,0.004789,0.000057,0.000103,0.004949,20,20,1
566,10,cpp_par,0.002729,0.000032,0.000102,0.002863,20,20,1
566,10,cpp_adv,0.002774,0.000033,0.000104,0.002911,20,20,1
567,10,seq,0.125124,0.000421,0.000556,0.126101,20,20,1
567,10,par,0.068368,0.028610,0.245527,0.342505,20,20,1
567,10,weights,0.074778,0.031001,0.255843,0.361623,20,20,1
567,10,cpp_seq,0.002052,0.000056,0.000109,0.002219,20,20,1
567,10,cpp_par,0.001304,0.000031,0.000101,0.001437,20,20,1
567,10,cpp_adv,0.001158,0.000031,0.000101,0.001290,20,20,1
568,10,seq,0.208680,0.000346,0.000246,0.209272,20,10,1
568,10,par,0.099186,0.029083,0.247563,0.375832,20,10,1
568,10,weights,0.107412,0.035372,0.291438,0.434223,20,10,1
568,10,cpp_seq,0.006570,0.000060,0.000075,0.006705,20,10,1
568,10,cpp_par,0.003975,0.000036,0.000066,0.004078,20,10,1
568,10,cpp_adv,0.003506,0.000034,0.000065,0.003606,20,10,1
569,10,seq,0.584368,0.000264,0.000542,0.585174,30,30,0
569,10,par,0.211341,0.029514,0.256510,0.497364,30,30,0
569,10,weights,0.203715,0.030744,0.251914,0.486373,30,30,0
569,10,cpp_seq,0.022519,0.000132,0.000153,0.022805,30,30,0
569,10,cpp_par,0.013733,0.000037,0.000152,0.013922,30,30,0
569,10,cpp_adv,0.011075,0.000033,0.000148,0.011257,30,30,0
570,10,seq,0.223900,0.000414,0.000343,0.224657,20,8,0
570,10,par,0.140407,0.029632,0.080687,0.250726,20,8,0
570,10,weights,0.087380,0.030983,0.089668,0.208030,20,8,0
570,10,cpp_seq,0.004344,0.000054,0.000033,0.004431,20,8,0
570,10,cpp_par,0.002345,0.000031,0.000032,0.002409,20,8,0
570,10,cpp_adv,0.002249,0.000051,0.000034,0.002334,20,8,0
571,10,seq,0.286843,0.000292,0.213292,0.500427,40,80,1024
571,10,par,0.111106,0.032733,0.400382,0.544221,40,80,1024
571,10,weights,0.118258,0.032315,0.440069,0.590642,40,80,1024
571,10,cpp_seq,0.006891,0.000071,0.036491,0.043455,40,80,1024
571,10,cpp_par,0.006108,0.000038,0.040627,0.046774,40,80,1024
571,10,cpp_adv,0.003452,0.000037,0.036092,0.039583,40,80,1024
572,10,seq,0.310370,0.000265,0.000235,0.310869,20,5,0
572,10,par,0.134916,0.039717,0.087297,0.261931,20,5,0
572,10,weights,0.499386,0.028680,0.083620,0.611686,20,5,0
572,10,cpp_seq,0.005435,0.000054,0.000026,0.005516,20,5,0
572,10,cpp_par,0.002960,0.000034,0.000023,0.003018,20,5,0
572,10,cpp_adv,0.003072,0.000032,0.000025,0.003129,20,5,0
573,10,seq,0.221633,0.000498,0.000142,0.222273,20,3,0
573,10,par,0.084940,0.032997,0.030401,0.148338,20,3,0
573,10,weights,0.094624,0.028814,0.000348,0.123786,20,3,0
573,10,cpp_seq,0.004115,0.000073,0.000016,0.004205,20,3,0
573,10,cpp_par,0.002473,0.000036,0.000019,0.002529,20,3,0
573,10,cpp_adv,0.002185,0.000031,0.000016,0.002232,20,3,0
574,10,seq,0.330132,0.000267,0.000111,0.330510,20,4,0
574,10,par,0.131475,0.045023,0.037403,0.213900,20,4,0
574,10,weights,0.123235,0.039657,0.000315,0.163207,20,4,0
574,10,cpp_seq,0.007945,0.000059,0.000019,0.008024,20,4,0
574,10,cpp_par,0.004501,0.000046,0.000024,0.004572,20,4,0
574,10,cpp_adv,0.004437,0.000049,0.000020,0.004506,20,4,0
575,10,seq,0.404923,0.000285,0.000622,0.405829,30,30,2
575,10,par,0.144401,0.036106,0.314106,0.494612,30,30,2
575,10,weights,0.126603,0.036006,0.263240,0.425849,30,30,2
575,10,cpp_seq,0.008790,0.000061,0.000156,0.009007,30,30,2
575,10,cpp_par,0.004765,0.000034,0.000176,0.004976,30,30,2
575,10,cpp_adv,0.004472,0.000033,0.000151,0.004656,30,30,2
576,10,seq,0.249098,0.000280,0.000331,0.249709,20,20,1
576,10,par,0.088898,0.034042,0.256613,0.379552,20,20,1
576,10,weights,0.823062,0.028472,0.252605,1.104139,20,20,1
576,10,cpp_seq,0.005078,0.000066,0.000106,0.005251,20,20,1
576,10,cpp_par,0.003200,0.000032,0.000105,0.003336,20,20,1
576,10,cpp_adv,0.002573,0.000031,0.000101,0.002706,20,20,1
577,10,seq,0.249450,0.000254,0.000212,0.249916,20,4,0
577,10,par,0.102893,0.035481,0.059978,0.198352,20,4,0
577,10,weights,0.101102,0.031497,0.143683,0.276283,20,4,0
577,10,cpp_seq,0.012568,0.000072,0.000031,0.012672,20,4,0
577,10,cpp_par,0.004634,0.000031,0.000023,0.004690,20,4,0
577,10,cpp_adv,0.004434,0.000041,0.000023,0.004499,20,4,0
578,10,seq,0.235146,0.000253,0.000271,0.235669,20,11,1
578,10,par,0.108686,0.039730,0.292990,0.441406,20,11,1
578,10,weights,0.107481,0.032080,0.271561,0.411123,20,11,1
578,10,cpp_seq,0.004680,0.000056,0.000061,0.004797,20,11,1
578,10,cpp_par,0.002430,0.000030,0.000058,0.002519,20,11,1
578,10,cpp_adv,0.002495,0.000039,0.000069,0.002603,20,11,1
579,10,seq,0.355727,0.000281,0.002928,0.358936,30,42,5
579,10,par,0.152966,0.028567,0.276151,0.457684,30,42,5
579,10,weights,0.185482,0.030384,0.260914,0.476780,30,42,5
579,10,cpp_seq,0.013097,0.000063,0.000770,0.013931,30,42,5
579,10,cpp_par,0.006679,0.000034,0.000835,0.007547,30,42,5
579,10,cpp_adv,0.006644,0.000035,0.000762,0.007442,30,42,5
580,10,seq,0.277119,0.000558,3.099152,3.376829,50,126,10336
580,10,par,0.108250,0.030784,1.393483,1.532517,50,126,10336
580,10,weights,0.108402,0.036341,1.495271,1.640015,50,126,10336
580,10,cpp_seq,0.004931,0.000081,0.377297,0.382311,50,126,10336
580,10,cpp_par,0.003447,0.000052,0.368955,0.372455,50,126,10336
580,10,cpp_adv,0.003322,0.000054,0.366679,0.370056,50,126,10336
581,10,seq,0.271751,0.000346,1.311343,1.583441,40,96,5671
581,10,par,0.101628,0.034818,0.878464,1.014910,40,96,5671
581,10,weights,0.117361,0.036621,0.723232,0.877214,40,96,5671
581,10,cpp_seq,0.003364,0.000073,0.190982,0.194420,40,96,5671
581,10,cpp_par,0.002090,0.000059,0.203267,0.205418,40,96,5671
581,10,cpp_adv,0.001652,0.000039,0.182755,0.184447,40,96,5671
582,10,seq,0.164138,0.000293,0.011283,0.175714,30,46,65
582,10,par,0.079014,0.033522,0.291996,0.404531,30,46,65
582,10,weights,0.137091,0.035976,0.279302,0.452369,30,46,65
582,10,cpp_seq,0.003280,0.000062,0.002547,0.005890,30,46,65
582,10,cpp_par,0.002115,0.000053,0.002511,0.004680,30,46,65
582,10,cpp_adv,0.001960,0.000036,0.002517,0.004514,30,46,65
583,10,seq,0.380693,0.000252,0.000461,0.381406,20,20,1
583,10,par,0.154048,0.034785,0.269945,0.458778,20,20,1
583,10,weights,0.143877,0.033403,0.277814,0.455094,20,20,1
583,10,cpp_seq,0.024958,0.000087,0.000158,0.025205,20,20,1
583,10,cpp_par,0.009681,0.000054,0.000157,0.009893,20,20,1
583,10,cpp_adv,0.007035,0.000058,0.000135,0.007229,20,20,1
584,10,seq,0.374029,0.000262,0.000215,0.374505,30,3,0
584,10,par,0.125108,0.035960,0.047700,0.208767,30,3,0
584,10,weights,0.141053,0.031214,0.027134,0.199401,30,3,0
584,10,cpp_seq,0.008931,0.000068,0.000019,0.009019,30,3,0
584,10,cpp_par,0.006282,0.000042,0.000022,0.006347,30,3,0
584,10,cpp_adv,0.004427,0.000032,0.000017,0.004476,30,3,0
585,10,seq,0.300130,0.000262,0.000199,0.300591,20,10,0
585,10,par,0.119548,0.039438,0.030099,0.189085,20,10,0
585,10,weights,0.111486,0.035467,0.033731,0.180685,20,10,0
585,10,cpp_seq,0.003428,0.000058,0.000020,0.003507,20,10,0
585,10,cpp_par,0.001917,0.000032,0.000019,0.001968,20,10,0
585,10,cpp_adv,0.002231,0.000040,0.000023,0.002295,20,10,0
586,10,seq,0.275013,0.000329,0.000274,0.275616,20,16,1
586,10,par,0.124339,0.046020,0.383378,0.553737,20,16,1
586,10,weights,0.122605,0.032580,0.271779,0.426964,20,16,1
586,10,cpp_seq,0.003844,0.000057,0.000067,0.003968,20,16,1
586,10,cpp_par,0.002207,0.000031,0.000064,0.002302,20,16,1
586,10,cpp_adv,0.002040,0.000032,0.000066,0.002139,20,16,1
587,10,seq,0.219597,0.000263,0.000373,0.220233,20,20,1
587,10,par,0.099695,0.029883,0.285359,0.414936,20,20,1
587,10,weights,0.105415,0.037155,0.297108,0.439678,20,20,1
587,10,cpp_seq,0.005886,0.000057,0.000104,0.006048,20,20,1
587,10,cpp_par,0.003283,0.000033,0.000103,0.003420,20,20,1
587,10,cpp_adv,0.003035,0.000039,0.000101,0.003176,20,20,1
588,10,seq,0.331725,0.000231,0.000085,0.332041,20,3,0
588,10,par,0.129745,0.034121,0.029614,0.193481,20,3,0
588,10,weights,0.153991,0.035248,0.000364,0.189603,20,3,0
588,10,cpp_seq,0.007146,0.000059,0.000020,0.007226,20,3,0
588,10,cpp_par,0.004498,0.000037,0.000019,0.004555,20,3,0
588,10,cpp_adv,0.003934,0.000036,0.000018,0.003988,20,3,0
589,10,seq,0.324738,0.000303,0.000507,0.325548,30,30,1
589,10,par,0.130447,0.035005,0.312984,0.478436,30,30,1
589,10,weights,0.139095,0.036038,0.302312,0.477445,30,30,1
589,10,cpp_seq,0.009065,0.000060,0.000142,0.009269,30,30,1
589,10,cpp_par,0.005779,0.000048,0.000160,0.005988,30,30,1
589,10,cpp_adv,0.004620,0.000043,0.000141,0.004805,30,30,1
590,10,seq,0.296484,0.000355,0.000221,0.297060,20,16,0
590,10,par,0.110686,0.032547,0.205867,0.349100,20,16,0
590,10,weights,0.117612,0.032017,0.173419,0.323047,20,16,0
590,10,cpp_seq,0.006378,0.000055,0.000051,0.006485,20,16,0
590,10,cpp_par,0.003713,0.000048,0.000052,0.003813,20,16,0
590,10,cpp_adv,0.003438,0.000033,0.000052,0.003523,20,16,0
591,10,seq,0.161835,0.000334,0.000216,0.162385,20,10,0
591,10,par,0.086102,0.030837,0.038740,0.155679,20,10,0
591,10,weights,0.086135,0.033982,0.035859,0.155976,20,10,0
591,10,cpp_seq,0.002304,0.000062,0.000024,0.002391,20,10,0
591,10,cpp_par,0.001403,0.000033,0.000020,0.001456,20,10,0
591,10,cpp_adv,0.001139,0.000030,0.000018,0.001188,20,10,0
592,10,seq,0.231285,0.000269,0.000552,0.232106,30,30,0
592,10,par,0.110175,0.040338,0.371546,0.522058,30,30,0
592,10,weights,0.101901,0.040869,0.296838,0.439608,30,30,0
592,10,cpp_seq,0.004580,0.000070,0.000185,0.004837,30,30,0
592,10,cpp_par,0.002768,0.000034,0.000151,0.002953,30,30,0
592,10,cpp_adv,0.002211,0.000033,0.000147,0.002392,30,30,0
593,10,seq,0.558666,0.000345,0.756109,1.315121,50,108,2558
593,10,par,0.230790,0.034073,0.596132,0.860996,50,108,2558
593,10,weights,0.202712,0.030046,0.561488,0.794246,50,108,2558
593,10,cpp_seq,0.017881,0.000096,0.102771,0.120750,50,108,2558
593,10,cpp_par,0.009268,0.000044,0.099370,0.108683,50,108,2558
593,10,cpp_adv,0.011245,0.000063,0.110704,0.122013,50,108,2558
594,10,seq,0.274449,0.000407,0.003602,0.278457,40,50,2
594,10,par,0.103593,0.033315,0.329223,0.466131,40,50,2
594,10,weights,0.101608,0.032701,0.279290,0.413599,40,50,2
594,10,cpp_seq,0.005060,0.000065,0.000461,0.005587,40,50,2
594,10,cpp_par,0.003411,0.000056,0.000494,0.003963,40,50,2
594,10,cpp_adv,0.002613,0.000036,0.000476,0.003126,40,50,2
595,10,seq,0.279269,0.000353,0.000488,0.280110,30,28,1
595,10,par,0.113555,0.032621,0.256589,0.402766,30,28,1
595,10,weights,0.113337,0.035286,0.269668,0.418291,30,28,1
595,10,cpp_seq,0.007621,0.000060,0.000114,0.007796,30,28,1
595,10,cpp_par,0.003890,0.000035,0.000181,0.004106,30,28,1
595,10,cpp_adv,0.004241,0.000091,0.000115,0.004447,30,28,1
596,10,seq,0.188650,0.000276,0.000322,0.189249,20,17,1
596,10,par,0.079864,0.028842,0.272687,0.381393,20,17,1
596,10,weights,0.090540,0.036229,0.267021,0.393789,20,17,1
596,10,cpp_seq,0.004199,0.000060,0.000069,0.004328,20,17,1
596,10,cpp_par,0.002565,0.000047,0.000086,0.002699,20,17,1
596,10,cpp_adv,0.002126,0.000036,0.000078,0.002240,20,17,1
597,10,seq,0.282219,0.000277,0.001604,0.284100,30,40,2
597,10,par,0.110396,0.031685,0.284161,0.426242,30,40,2
597,10,weights,0.099500,0.035690,0.306263,0.441453,30,40,2
597,10,cpp_seq,0.018534,0.000081,0.000508,0.019125,30,40,2
597,10,cpp_par,0.014318,0.000041,0.000598,0.014958,30,40,2
597,10,cpp_adv,0.004825,0.000036,0.000396,0.005258,30,40,2
598,10,seq,0.229260,0.000304,0.029397,0.258961,30,50,192
598,10,par,0.095033,0.029056,0.283106,0.407195,30,50,192
598,10,weights,0.107095,0.031749,0.271160,0.410004,30,50,192
598,10,cpp_seq,0.002717,0.000063,0.007772,0.010553,30,50,192
598,10,cpp_par,0.002155,0.000050,0.007567,0.009773,30,50,192
598,10,cpp_adv,0.001532,0.000034,0.007326,0.008892,30,50,192
599,10,seq,0.321226,0.000345,0.000096,0.321666,20,2,0
599,10,par,0.153324,0.032662,0.034313,0.220300,20,2,0
599,10,weights,0.138443,0.035017,0.000308,0.173768,20,2,0
599,10,cpp_seq,0.007925,0.000059,0.000017,0.008002,20,2,0
599,10,cpp_par,0.004120,0.000034,0.000016,0.004172,20,2,0
599,10,cpp_adv,0.004181,0.000036,0.000017,0.004234,20,2,0
600,10,seq,0.446320,0.000285,0.000334,0.446939,20,20,1
600,10,par,0.166042,0.028422,0.325801,0.520265,20,20,1
600,10,weights,0.168185,0.031522,0.301327,0.501034,20,20,1
600,10,cpp_seq,0.015510,0.000059,0.000113,0.015683,20,20,1
600,10,cpp_par,0.007450,0.000046,0.000124,0.007620,20,20,1
600,10,cpp_adv,0.007180,0.000033,0.000101,0.007314,20,20,1
601,10,seq,0.475400,0.000238,0.000331,0.475969,30,20,1
601,10,par,0.174819,0.033034,0.295284,0.503137,30,20,1
601,10,weights,0.177698,0.030512,0.284675,0.492884,30,20,1
601,10,cpp_seq,0.033876,0.000070,0.000135,0.034082,30,20,1
601,10,cpp_par,0.013582,0.000044,0.000138,0.013764,30,20,1
601,10,cpp_adv,0.013121,0.000042,0.000124,0.013287,30,20,1
602,10,seq,0.233131,0.000294,0.002187,0.235613,30,40,2
602,10,par,0.106700,0.042794,0.333562,0.483055,30,40,2
602,10,weights,0.848435,0.034731,0.308115,1.191280,30,40,2
602,10,cpp_seq,0.005229,0.000080,0.000486,0.005797,30,40,2
602,10,cpp_par,0.002589,0.000047,0.000443,0.003081,30,40,2
602,10,cpp_adv,0.001820,0.000035,0.000407,0.002262,30,40,2
603,10,seq,0.415060,0.000294,0.000511,0.415865,20,20,1
603,10,par,0.101634,0.049867,0.340545,0.492046,20,20,1
603,10,weights,0.187224,0.038337,0.290752,0.516313,20,20,1
603,10,cpp_seq,0.006886,0.000056,0.000118,0.007061,20,20,1
603,10,cpp_par,0.004205,0.000042,0.000105,0.004352,20,20,1
603,10,cpp_adv,0.003265,0.000032,0.000102,0.003398,20,20,1
604,10,seq,0.456287,0.000325,4.431958,4.888570,50,127,12285
604,10,par,0.188169,0.035453,2.390365,2.613986,50,127,12285
604,10,weights,0.295634,0.072581,2.841813,3.210028,50,127,12285
604,10,cpp_seq,0.021851,0.000105,0.515736,0.537694,50,127,12285
604,10,cpp_par,0.007749,0.000058,0.483338,0.491145,50,127,12285
604,10,cpp_adv,0.008993,0.000064,0.479327,0.488385,50,127,12285
605,10,seq,0.417618,0.000287,0.000108,0.418013,20,2,0
605,10,par,0.141753,0.035616,0.070238,0.247606,20,2,0
605,10,weights,0.320193,0.034468,0.000288,0.354949,20,2,0
605,10,cpp_seq,0.014612,0.000056,0.000019,0.014688,20,2,0
605,10,cpp_par,0.007154,0.000032,0.000016,0.007203,20,2,0
605,10,cpp_adv,0.007237,0.000034,0.000015,0.007287,20,2,0
606,10,seq,0.268362,0.000393,0.000387,0.269142,20,20,1
606,10,par,0.116929,0.033315,0.291213,0.441456,20,20,1
606,10,weights,0.109090,0.031632,0.279130,0.419852,20,20,1
606,10,cpp_seq,0.004854,0.000056,0.000123,0.005034,20,20,1
606,10,cpp_par,0.002731,0.000031,0.000101,0.002863,20,20,1
606,10,cpp_adv,0.003192,0.000034,0.000103,0.003329,20,20,1
607,10,seq,0.204189,0.000380,0.002676,0.207245,30,40,2
607,10,par,0.088066,0.033165,0.297487,0.418718,30,40,2
607,10,weights,0.089139,0.032028,0.266166,0.387334,30,40,2
607,10,cpp_seq,0.004288,0.000062,0.000390,0.004741,30,40,2
607,10,cpp_par,0.002280,0.000034,0.000392,0.002707,30,40,2
607,10,cpp_adv,0.002422,0.000042,0.000537,0.003002,30,40,2
608,10,seq,0.215827,0.000251,0.000257,0.216334,20,10,1
608,10,par,0.103489,0.037101,0.331503,0.472093,20,10,1
608,10,weights,0.115013,0.033562,0.325043,0.473617,20,10,1
608,10,cpp_seq,0.007662,0.000061,0.000067,0.007791,20,10,1
608,10,cpp_par,0.003709,0.000034,0.000065,0.003809,20,10,1
608,10,cpp_adv,0.003483,0.000034,0.000065,0.003582,20,10,1
609,10,seq,0.281777,0.000341,0.000240,0.282357,20,15,0
609,10,par,0.120859,0.035779,0.129003,0.285640,20,15,0
609,10,weights,0.133110,0.035135,0.114709,0.282955,20,15,0
609,10,cpp_seq,0.005313,0.000062,0.000045,0.005422,20,15,0
609,10,cpp_par,0.003114,0.000043,0.000059,0.003216,20,15,0
609,10,cpp_adv,0.002973,0.000035,0.000044,0.003053,20,15,0
610,10,seq,0.192196,0.000267,0.000265,0.192727,20,12,1
610,10,par,0.094700,0.032490,0.288882,0.416072,20,12,1
610,10,weights,0.093524,0.030686,0.275239,0.399450,20,12,1
610,10,cpp_seq,0.007952,0.000075,0.000071,0.008100,20,12,1
610,10,cpp_par,0.003981,0.000031,0.000061,0.004074,20,12,1
610,10,cpp_adv,0.003585,0.000044,0.000059,0.003688,20,12,1
611,10,seq,0.291787,0.000279,0.279133,0.571198,40,80,1024
611,10,par,0.158993,0.031645,0.407757,0.598395,40,80,1024
611,10,weights,0.135740,0.042334,0.500303,0.678376,40,80,1024
611,10,cpp_seq,0.011046,0.000070,0.040871,0.051989,40,80,1024
611,10,cpp_par,0.009181,0.000091,0.039762,0.049036,40,80,1024
611,10,cpp_adv,0.005913,0.000049,0.039061,0.045024,40,80,1024
612,10,seq,0.374451,0.000248,0.000206,0.374904,20,10,0
612,10,par,0.158395,0.032687,0.029346,0.220427,20,10,0
612,10,weights,0.231353,0.046156,0.031108,0.308617,20,10,0
612,10,cpp_seq,0.014003,0.000056,0.000020,0.014080,20,10,0
612,10,cpp_par,0.007215,0.000032,0.000020,0.007268,20,10,0
612,10,cpp_adv,0.006923,0.000030,0.000018,0.006972,20,10,0
613,10,seq,0.177109,0.000232,0.000084,0.177425,20,2,0
613,10,par,0.078671,0.032197,0.028337,0.139205,20,2,0
613,10,weights,0.108900,0.038257,0.000692,0.147849,20,2,0
613,10,cpp_seq,0.004250,0.000061,0.000020,0.004331,20,2,0
613,10,cpp_par,0.002268,0.000048,0.000017,0.002333,20,2,0
613,10,cpp_adv,0.002225,0.000038,0.000021,0.002286,20,2,0
614,10,seq,0.310402,0.000259,0.000376,0.311037,20,20,1
614,10,par,0.122219,0.032813,0.299476,0.454508,20,20,1
614,10,weights,0.133623,0.036704,0.330011,0.500337,20,20,1
614,10,cpp_seq,0.010852,0.000065,0.000117,0.011035,20,20,1
614,10,cpp_par,0.005126,0.000034,0.000111,0.005272,20,20,1
614,10,cpp_adv,0.005758,0.000066,0.000128,0.005953,20,20,1
615,10,seq,0.315648,0.000352,3.681439,3.997438,50,128,12543
615,10,par,0.106520,0.031003,1.695296,1.832819,50,128,12543
615,10,weights,0.125819,0.033752,1.566435,1.726007,50,128,12543
615,10,cpp_seq,0.006397,0.000081,0.450114,0.456593,50,128,12543
615,10,cpp_par,0.005517,0.000052,0.454630,0.460200,50,128,12543
615,10,cpp_adv,0.004145,0.000051,0.446890,0.451087,50,128,12543
616,10,seq,0.772534,0.000259,0.000371,0.773163,20,20,1
616,10,par,0.102380,0.041533,0.307170,0.451083,20,20,1
616,10,weights,0.097267,0.030894,0.266644,0.394804,20,20,1
616,10,cpp_seq,0.003765,0.000058,0.000117,0.003941,20,20,1
616,10,cpp_par,0.002124,0.000032,0.000103,0.002261,20,20,1
616,10,cpp_adv,0.002007,0.000031,0.000101,0.002141,20,20,1
617,10,seq,0.320061,0.000228,0.000083,0.320372,20,6,0
617,10,par,0.132734,0.037830,0.033661,0.204225,20,6,0
617,10,weights,0.130501,0.034048,0.000432,0.164981,20,6,0
617,10,cpp_seq,0.004329,0.000053,0.000015,0.004398,20,6,0
617,10,cpp_par,0.002510,0.000031,0.000016,0.002559,20,6,0
617,10,cpp_adv,0.002403,0.000032,0.000015,0.002451,20,6,0
618,10,seq,0.310187,0.000406,0.000239,0.310832,20,10,0
618,10,par,0.111923,0.036147,0.090465,0.238536,20,10,0
618,10,weights,0.100195,0.029429,0.096832,0.226456,20,10,0
618,10,cpp_seq,0.007414,0.000055,0.000028,0.007498,20,10,0
618,10,cpp_par,0.003516,0.000031,0.000025,0.003572,20,10,0
618,10,cpp_adv,0.004599,0.000040,0.000053,0.004694,20,10,0
619,10,seq,0.247949,0.000306,0.000436,0.248691,20,20,1
619,10,par,0.648496,0.040422,0.313335,1.002253,20,20,1
619,10,weights,0.131606,0.033206,0.323463,0.488275,20,20,1
619,10,cpp_seq,0.002153,0.000056,0.000143,0.002352,20,20,1
619,10,cpp_par,0.001377,0.000031,0.000114,0.001523,20,20,1
619,10,cpp_adv,0.001192,0.000031,0.000119,0.001342,20,20,1
620,10,seq,0.227719,0.000268,0.254023,0.482010,40,80,1024
620,10,par,0.095326,0.029825,0.378785,0.503936,40,80,1024
620,10,weights,0.097761,0.034782,0.394674,0.527217,40,80,1024
620,10,cpp_seq,0.004085,0.000070,0.038048,0.042205,40,80,1024
620,10,cpp_par,0.006440,0.000053,0.037807,0.044302,40,80,1024
620,10,cpp_adv,0.002520,0.000041,0.041164,0.043726,40,80,1024
621,10,seq,0.270464,0.000412,0.754440,1.025316,40,92,4189
621,10,par,0.106827,0.038191,0.562764,0.707781,40,92,4189
621,10,weights,0.108409,0.037197,0.693513,0.839119,40,92,4189
621,10,cpp_seq,0.007528,0.000087,0.118821,0.126438,40,92,4189
621,10,cpp_par,0.004489,0.000039,0.109023,0.113552,40,92,4189
621,10,cpp_adv,0.004050,0.000040,0.113238,0.117329,40,92,4189
622,10,seq,0.479114,0.000333,0.002197,0.481644,40,50,2
622,10,par,0.184660,0.032154,0.287273,0.504086,40,50,2
622,10,weights,0.198259,0.033585,0.302187,0.534031,40,50,2
622,10,cpp_seq,0.012706,0.000075,0.000480,0.013262,40,50,2
622,10,cpp_par,0.006387,0.000037,0.000456,0.006880,40,50,2
622,10,cpp_adv,0.006494,0.000074,0.000458,0.007027,40,50,2
623,10,seq,0.219360,0.000261,0.000350,0.219971,20,20,1
623,10,par,0.105649,0.033891,0.299234,0.438774,20,20,1
623,10,weights,0.109910,0.032439,0.285170,0.427519,20,20,1
623,10,cpp_seq,0.007221,0.000058,0.000103,0.007383,20,20,1
623,10,cpp_par,0.003503,0.000032,0.000102,0.003637,20,20,1
623,10,cpp_adv,0.003385,0.000031,0.000102,0.003519,20,20,1
624,10,seq,0.297421,0.000581,0.000313,0.298315,30,12,0
624,10,par,0.122227,0.034830,0.030742,0.187799,30,12,0
624,10,weights,0.129652,0.031789,0.029609,0.191050,30,12,0
624,10,cpp_seq,0.007264,0.000057,0.000021,0.007343,30,12,0
624,10,cpp_par,0.004137,0.000035,0.000022,0.004195,30,12,0
624,10,cpp_adv,0.003703,0.000032,0.000018,0.003755,30,12,0
625,10,seq,0.250759,0.000239,0.000339,0.251337,20,20,1
625,10,par,0.097055,0.029431,0.270532,0.397018,20,20,1
625,10,weights,0.095089,0.029828,0.310318,0.435236,20,20,1
625,10,cpp_seq,0.003015,0.000056,0.000100,0.003171,20,20,1
625,10,cpp_par,0.001833,0.000032,0.000106,0.001972,20,20,1
625,10,cpp_adv,0.001384,0.000047,0.000119,0.001550,20,20,1
626,10,seq,0.187357,0.000435,0.004556,0.192348,20,17,1
626,10,par,0.142853,0.031772,0.265739,0.440365,20,17,1
626,10,weights,0.090172,0.029957,0.271190,0.391318,20,17,1
626,10,cpp_seq,0.002091,0.000055,0.000099,0.002246,20,17,1
626,10,cpp_par,0.001369,0.000031,0.000099,0.001500,20,17,1
626,10,cpp_adv,0.001203,0.000034,0.000102,0.001339,20,17,1
627,10,seq,0.264899,0.000253,0.004635,0.269787,30,44,17
627,10,par,0.109218,0.031380,0.346806,0.487403,30,44,17
627,10,weights,0.116008,0.034521,0.292825,0.443354,30,44,17
627,10,cpp_seq,0.007168,0.000074,0.001039,0.008282,30,44,17
627,10,cpp_par,0.004228,0.000035,0.000950,0.005214,30,44,17
627,10,cpp_adv,0.003631,0.000034,0.000982,0.004647,30,44,17
628,10,seq,0.340598,0.000271,0.063133,0.404002,30,54,250
628,10,par,0.135615,0.034530,0.295067,0.465212,30,54,250
628,10,weights,0.127902,0.033850,0.310514,0.472266,30,54,250
628,10,cpp_seq,0.012289,0.000070,0.009085,0.021445,30,54,250
628,10,cpp_par,0.006846,0.000038,0.009173,0.016058,30,54,250
628,10,cpp_adv,0.006432,0.000039,0.010001,0.016472,30,54,250
629,10,seq,0.241984,0.000304,0.229962,0.472250,40,80,1024
629,10,par,0.102660,0.034762,0.381099,0.518521,40,80,1024
629,10,weights,0.091622,0.034290,0.562876,0.688788,40,80,1024
629,10,cpp_seq,0.003859,0.000071,0.036467,0.040399,40,80,1024
629,10,cpp_par,0.004883,0.000040,0.037299,0.042224,40,80,1024
629,10,cpp_adv,0.001999,0.000037,0.037275,0.039312,40,80,1024
630,10,seq,0.245870,0.000272,0.000111,0.246253,30,1,0
630,10,par,0.102932,0.032290,0.029695,0.164918,30,1,0
630,10,weights,0.106004,0.037529,0.000293,0.143826,30,1,0
630,10,cpp_seq,0.004656,0.000056,0.000017,0.004729,30,1,0
630,10,cpp_par,0.002408,0.000031,0.000015,0.002455,30,1,0
630,10,cpp_adv,0.002340,0.000037,0.000019,0.002396,30,1,0
631,10,seq,0.284621,0.000464,0.000363,0.285448,20,14,0
631,10,par,0.122718,0.036675,0.049320,0.208713,20,14,0
631,10,weights,0.131586,0.036915,0.031795,0.200296,20,14,0
631,10,cpp_seq,0.011412,0.000058,0.000019,0.011490,20,14,0
631,10,cpp_par,0.005794,0.000032,0.000018,0.005844,20,14,0
631,10,cpp_adv,0.005637,0.000032,0.000018,0.005688,20,14,0
632,10,seq,0.411746,0.000268,0.020993,0.433007,40,62,77
632,10,par,0.153393,0.032333,0.314016,0.499742,40,62,77
632,10,weights,0.177949,0.032408,0.319515,0.529872,40,62,77
632,10,cpp_seq,0.008423,0.000087,0.004409,0.012921,40,62,77
632,10,cpp_par,0.004417,0.000037,0.004787,0.009242,40,62,77
632,10,cpp_adv,0.004099,0.000037,0.004057,0.008193,40,62,77
633,10,seq,0.195796,0.000334,0.218336,0.414466,40,80,1024
633,10,par,0.092331,0.029142,0.388663,0.510137,40,80,1024
633,10,weights,0.088036,0.030531,0.596650,0.715217,40,80,1024
633,10,cpp_seq,0.003823,0.000129,0.040540,0.044494,40,80,1024
633,10,cpp_par,0.004842,0.000041,0.044208,0.049093,40,80,1024
633,10,cpp_adv,0.002169,0.000043,0.040621,0.042833,40,80,1024
634,10,seq,0.208953,0.000264,0.218105,0.427323,40,80,1024
634,10,par,0.099953,0.029265,0.409474,0.538691,40,80,1024
634,10,weights,0.097183,0.033848,0.366809,0.497840,40,80,1024
634,10,cpp_seq,0.004114,0.000069,0.036481,0.040666,40,80,1024
634,10,cpp_par,0.005804,0.000038,0.036567,0.042410,40,80,1024
634,10,cpp_adv,0.004718,0.000044,0.036046,0.040809,40,80,1024
635,10,seq,0.215582,0.000256,0.000377,0.216215,20,20,1
635,10,par,0.095090,0.032543,0.267132,0.394764,20,20,1
635,10,weights,0.098948,0.030666,0.353894,0.483508,20,20,1
635,10,cpp_seq,0.007764,0.000058,0.000104,0.007927,20,20,1
635,10,cpp_par,0.003831,0.000031,0.000102,0.003964,20,20,1
635,10,cpp_adv,0.004893,0.000044,0.000178,0.005116,20,20,1
636,10,seq,0.173426,0.000277,0.000220,0.173923,20,10,0
636,10,par,0.080137,0.032888,0.090705,0.203730,20,10,0
636,10,weights,0.081416,0.034866,0.104210,0.220492,20,10,0
636,10,cpp_seq,0.002151,0.000055,0.000028,0.002235,20,10,0
636,10,cpp_par,0.001393,0.000036,0.000028,0.001457,20,10,0
636,10,cpp_adv,0.001392,0.000032,0.000028,0.001452,20,10,0
637,10,seq,0.221381,0.000274,0.000267,0.221922,20,10,1
637,10,par,0.095597,0.028780,0.296605,0.420981,20,10,1
637,10,weights,0.099815,0.030513,0.266737,0.397065,20,10,1
637,10,cpp_seq,0.005749,0.000054,0.000059,0.005862,20,10,1
637,10,cpp_par,0.003040,0.000030,0.000059,0.003129,20,10,1
637,10,cpp_adv,0.003034,0.000033,0.000060,0.003128,20,10,1
638,10,seq,0.423056,0.000335,3.079625,3.503016,50,126,10336
638,10,par,0.191050,0.029445,1.548151,1.768646,50,126,10336
638,10,weights,0.151678,0.030665,1.380117,1.562460,50,126,10336
638,10,cpp_seq,0.014073,0.000079,0.421271,0.435425,50,126,10336
638,10,cpp_par,0.008740,0.000050,0.427182,0.435972,50,126,10336
638,10,cpp_adv,0.008604,0.000052,0.427164,0.435820,50,126,10336
639,10,seq,0.402436,0.000289,0.000237,0.402962,30,20,0
639,10,par,0.134105,0.031964,0.029928,0.195997,30,20,0
639,10,weights,0.145402,0.028923,0.033376,0.207701,30,20,0
639,10,cpp_seq,0.008545,0.000059,0.000022,0.008627,30,20,0
639,10,cpp_par,0.005428,0.000047,0.000066,0.005543,30,20,0
639,10,cpp_adv,0.004765,0.000043,0.000023,0.004831,30,20,0
640,10,seq,0.184826,0.000254,0.000210,0.185290,20,10,0
640,10,par,0.082253,0.028680,0.031045,0.141977,20,10,0
640,10,weights,0.132970,0.070322,0.038943,0.242235,20,10,0
640,10,cpp_seq,0.005881,0.000054,0.000020,0.005956,20,10,0
640,10,cpp_par,0.003162,0.000152,0.000019,0.003334,20,10,0
640,10,cpp_adv,0.002760,0.000030,0.000018,0.002808,20,10,0
641,10,seq,0.284219,0.000262,0.000226,0.284706,30,16,0
641,10,par,0.114249,0.034412,0.087866,0.236527,30,16,0
641,10,weights,0.111057,0.033271,0.084215,0.228544,30,16,0
641,10,cpp_seq,0.007436,0.000075,0.000046,0.007557,30,16,0
641,10,cpp_par,0.003958,0.000055,0.000056,0.004071,30,16,0
641,10,cpp_adv,0.003316,0.000040,0.000042,0.003398,30,16,0
642,10,seq,0.270794,0.000253,0.000278,0.271324,20,11,1
642,10,par,0.110261,0.031132,0.287574,0.428967,20,11,1
642,10,weights,0.125805,0.031821,0.253905,0.411531,20,11,1
642,10,cpp_seq,0.010155,0.000105,0.000090,0.010352,20,11,1
642,10,cpp_par,0.007103,0.000044,0.000084,0.007232,20,11,1
642,10,cpp_adv,0.006606,0.000036,0.000067,0.006709,20,11,1
643,10,seq,0.355078,0.000266,0.000110,0.355453,30,20,0
643,10,par,0.153134,0.031875,0.031119,0.216128,30,20,0
643,10,weights,0.129199,0.032705,0.000502,0.162406,30,20,0
643,10,cpp_seq,0.008116,0.000072,0.000019,0.008209,30,20,0
643,10,cpp_par,0.004289,0.000037,0.000017,0.004343,30,20,0
643,10,cpp_adv,0.004163,0.000043,0.000020,0.004226,30,20,0
644,10,seq,0.341948,0.000291,0.000405,0.342644,20,10,1
644,10,par,0.130635,0.031643,0.290155,0.452433,20,10,1
644,10,weights,0.144528,0.037460,0.386100,0.568088,20,10,1
644,10,cpp_seq,0.014011,0.000061,0.000085,0.014158,20,10,1
644,10,cpp_par,0.006579,0.000044,0.000082,0.006706,20,10,1
644,10,cpp_adv,0.007510,0.000045,0.000086,0.007642,20,10,1
645,10,seq,0.436443,0.000394,3.194023,3.630860,50,126,11008
645,10,par,0.167954,0.028759,1.519566,1.716279,50,126,11008
645,10,weights,0.161795,0.035478,1.502972,1.700245,50,126,11008
645,10,cpp_seq,0.008115,0.000089,1.847602,1.855807,50,126,11008
645,10,cpp_par,0.005000,0.000066,0.421395,0.426462,50,126,11008
645,10,cpp_adv,0.004348,0.000064,0.416106,0.420518,50,126,11008
646,10,seq,0.331314,0.000398,0.000321,0.332033,20,3,0
646,10,par,0.242926,0.041521,0.092405,0.376852,20,3,0
646,10,weights,0.154969,0.044042,0.068208,0.267218,20,3,0
646,10,cpp_seq,0.007406,0.000063,0.000033,0.007504,20,3,0
646,10,cpp_par,0.003202,0.000033,0.000023,0.003259,20,3,0
646,10,cpp_adv,0.003945,0.000050,0.000032,0.004029,20,3,0
647,10,seq,0.219405,0.000310,0.000462,0.220177,20,20,1
647,10,par,0.101481,0.032594,0.294702,0.428776,20,20,1
647,10,weights,0.105598,0.040643,0.314812,0.461054,20,20,1
647,10,cpp_seq,0.004176,0.000058,0.000121,0.004356,20,20,1
647,10,cpp_par,0.002165,0.000032,0.000103,0.002300,20,20,1
647,10,cpp_adv,0.001955,0.000032,0.000102,0.002089,20,20,1
648,10,seq,0.375287,0.000308,0.000112,0.375707,20,4,0
648,10,par,0.172624,0.034110,0.032913,0.239647,20,4,0
648,10,weights,0.157351,0.036841,0.000310,0.194501,20,4,0
648,10,cpp_seq,0.014911,0.000073,0.000023,0.015009,20,4,0
648,10,cpp_par,0.007671,0.000032,0.000018,0.007721,20,4,0
648,10,cpp_adv,0.010008,0.000044,0.000017,0.010070,20,4,0
649,10,seq,0.229594,0.000431,0.220145,0.450171,40,80,1024
649,10,par,0.117134,0.040711,0.704897,0.862741,40,80,1024
649,10,weights,0.155073,0.045303,0.557492,0.757868,40,80,1024
649,10,cpp_seq,0.004384,0.000077,0.039141,0.043604,40,80,1024
649,10,cpp_par,0.006102,0.000043,0.040215,0.046361,40,80,1024
649,10,cpp_adv,0.003148,0.000054,0.042335,0.045539,40,80,1024
650,10,seq,0.336664,0.000281,0.000566,0.337510,20,20,1
650,10,par,0.195242,0.038195,0.332399,0.565837,20,20,1
650,10,weights,0.120827,0.040648,0.328839,0.490314,20,20,1
650,10,cpp_seq,0.008452,0.000068,0.000178,0.008699,20,20,1
650,10,cpp_par,0.004674,0.000039,0.000159,0.004873,20,20,1
650,10,cpp_adv,0.004402,0.000049,0.000148,0.004600,20,20,1
651,10,seq,0.392400,0.000503,0.000602,0.393505,20,20,1
651,10,par,0.182582,0.045178,0.413699,0.641459,20,20,1
651,10,weights,0.107648,0.032228,0.302593,0.442470,20,20,1
651,10,cpp_seq,0.006432,0.000076,0.000142,0.006652,20,20,1
651,10,cpp_par,0.004031,0.000050,0.000139,0.004222,20,20,1
651,10,cpp_adv,0.004026,0.000045,0.000147,0.004218,20,20,1
652,10,seq,0.472197,0.000725,0.243665,0.716587,40,80,1024
652,10,par,0.163082,0.034202,0.504979,0.702264,40,80,1024
652,10,weights,0.159089,0.029352,0.412285,0.600725,40,80,1024
652,10,cpp_seq,0.013886,0.000071,0.041111,0.055069,40,80,1024
652,10,cpp_par,0.009479,0.000046,0.039907,0.049434,40,80,1024
652,10,cpp_adv,0.008774,0.000056,0.038378,0.047208,40,80,1024
653,10,seq,0.629198,0.000352,0.024449,0.653999,30,50,136
653,10,par,0.204533,0.033834,0.331065,0.569432,30,50,136
653,10,weights,0.173908,0.036889,0.310539,0.521335,30,50,136
653,10,cpp_seq,0.009313,0.000066,0.004875,0.014255,30,50,136
653,10,cpp_par,0.005179,0.000038,0.004877,0.010094,30,50,136
653,10,cpp_adv,0.007377,0.000041,0.006359,0.013777,30,50,136
654,10,seq,0.316064,0.000348,3.522699,3.839111,50,127,12285
654,10,par,0.125071,0.055075,1.893450,2.073595,50,127,12285
654,10,weights,0.155319,0.043939,1.876255,2.075514,50,127,12285
654,10,cpp_seq,0.005825,0.000078,0.465217,0.471122,50,127,12285
654,10,cpp_par,0.004211,0.000050,0.457803,0.462065,50,127,12285
654,10,cpp_adv,0.004163,0.000052,0.472776,0.476992,50,127,12285
655,10,seq,0.255244,0.000361,0.301132,0.556736,40,80,1024
655,10,par,0.125643,0.030935,0.402569,0.559147,40,80,1024
655,10,weights,0.120997,0.032485,0.420274,0.573757,40,80,1024
655,10,cpp_seq,0.006783,0.000075,0.040287,0.047147,40,80,1024
655,10,cpp_par,0.006569,0.000042,0.039100,0.045712,40,80,1024
655,10,cpp_adv,0.006050,0.000047,0.044449,0.050547,40,80,1024
656,10,seq,0.259684,0.000281,0.014285,0.274250,30,47,86
656,10,par,0.109251,0.040720,0.329234,0.479205,30,47,86
656,10,weights,0.115319,0.036484,0.320171,0.471974,30,47,86
656,10,cpp_seq,0.012031,0.000069,0.003134,0.015235,30,47,86
656,10,cpp_par,0.006091,0.000038,0.003153,0.009282,30,47,86
656,10,cpp_adv,0.005851,0.000051,0.003154,0.009058,30,47,86
657,10,seq,0.415155,0.000267,0.000201,0.415624,20,3,0
657,10,par,0.171405,0.034554,0.035577,0.241536,20,3,0
657,10,weights,0.153257,0.031577,0.032674,0.217508,20,3,0
657,10,cpp_seq,0.007995,0.000058,0.000019,0.008073,20,3,0
657,10,cpp_par,0.004629,0.000044,0.000021,0.004695,20,3,0
657,10,cpp_adv,0.004153,0.000032,0.000017,0.004202,20,3,0
658,10,seq,0.199649,0.000450,0.000124,0.200223,20,6,0
658,10,par,0.093205,0.034567,0.036818,0.164590,20,6,0
658,10,weights,0.098856,0.031161,0.000318,0.130335,20,6,0
658,10,cpp_seq,0.004130,0.000060,0.000020,0.004211,20,6,0
658,10,cpp_par,0.002319,0.000034,0.000018,0.002371,20,6,0
658,10,cpp_adv,0.002105,0.000034,0.000019,0.002159,20,6,0
659,10,seq,0.362730,0.000291,0.000151,0.363172,20,1,0
659,10,par,0.161488,0.038386,0.030666,0.230540,20,1,0
659,10,weights,0.150344,0.035900,0.000349,0.186592,20,1,0
659,10,cpp_seq,0.004502,0.000059,0.000018,0.004580,20,1,0
659,10,cpp_par,0.002494,0.000034,0.000020,0.002548,20,1,0
659,10,cpp_adv,0.002164,0.000032,0.000015,0.002211,20,1,0
660,10,seq,0.185917,0.000299,0.000290,0.186506,20,10,1
660,10,par,0.083298,0.042115,0.309096,0.434509,20,10,1
660,10,weights,0.090909,0.036895,0.311907,0.439711,20,10,1
660,10,cpp_seq,0.004493,0.000068,0.000075,0.004637,20,10,1
660,10,cpp_par,0.002292,0.000038,0.000071,0.002402,20,10,1
660,10,cpp_adv,0.002091,0.000033,0.000064,0.002189,20,10,1
661,10,seq,0.231017,0.000275,0.000355,0.231647,20,20,1
661,10,par,0.105937,0.043187,0.328664,0.477789,20,20,1
661,10,weights,0.109238,0.033075,0.306847,0.449160,20,20,1
661,10,cpp_seq,0.006252,0.000061,0.000110,0.006425,20,20,1
661,10,cpp_par,0.003094,0.000033,0.000108,0.003235,20,20,1
661,10,cpp_adv,0.003024,0.000036,0.000111,0.003171,20,20,1
662,10,seq,0.309503,0.000274,0.000192,0.309969,20,10,0
662,10,par,0.126702,0.031964,0.094255,0.252922,20,10,0
662,10,weights,0.127452,0.031898,0.095568,0.254918,20,10,0
662,10,cpp_seq,0.014522,0.000062,0.000031,0.014616,20,10,0
662,10,cpp_par,0.007610,0.000037,0.000031,0.007679,20,10,0
662,10,cpp_adv,0.007296,0.000035,0.000029,0.007360,20,10,0
663,10,seq,0.323868,0.000423,0.000648,0.324938,20,20,1
663,10,par,0.136842,0.034804,0.290386,0.462032,20,20,1
663,10,weights,0.096264,0.030615,0.282294,0.409173,20,20,1
663,10,cpp_seq,0.005478,0.000058,0.000105,0.005641,20,20,1
663,10,cpp_par,0.002701,0.000031,0.000101,0.002833,20,20,1
663,10,cpp_adv,0.002554,0.000031,0.000113,0.002699,20,20,1
664,10,seq,0.295943,0.000277,0.000084,0.296304,30,0,0
664,10,par,0.119813,0.030716,0.029034,0.179563,30,0,0
664,10,weights,0.122521,0.033925,0.000501,0.156947,30,0,0
664,10,cpp_seq,0.014095,0.000058,0.000017,0.014171,30,0,0
664,10,cpp_par,0.007382,0.000033,0.000016,0.007432,30,0,0
664,10,cpp_adv,0.006957,0.000030,0.000014,0.007002,30,0,0
665,10,seq,0.284793,0.000252,0.050701,0.335745,30,54,384
665,10,par,0.113573,0.033445,0.316977,0.463995,30,54,384
665,10,weights,0.110094,0.031986,0.305564,0.447644,30,54,384
665,10,cpp_seq,0.007253,0.000067,0.012139,0.019460,30,54,384
665,10,cpp_par,0.004806,0.000142,0.012354,0.017304,30,54,384
665,10,cpp_adv,0.004308,0.000035,0.011893,0.016237,30,54,384
666,10,seq,0.228457,0.000300,0.000422,0.229179,20,20,1
666,10,par,0.107804,0.029340,0.288102,0.425246,20,20,1
666,10,weights,0.098457,0.030828,0.262289,0.391575,20,20,1
666,10,cpp_seq,0.004720,0.000057,0.000103,0.004880,20,20,1
666,10,cpp_par,0.002735,0.000032,0.000103,0.002871,20,20,1
666,10,cpp_adv,0.002428,0.000032,0.000103,0.002563,20,20,1
667,10,seq,0.243356,0.000256,0.000381,0.243994,20,20,1
667,10,par,0.152167,0.029907,0.273260,0.455334,20,20,1
667,10,weights,0.065707,0.029387,0.360555,0.455650,20,20,1
667,10,cpp_seq,0.002262,0.000058,0.000104,0.002425,20,20,1
667,10,cpp_par,0.001733,0.000034,0.000111,0.001879,20,20,1
667,10,cpp_adv,0.001147,0.000031,0.000116,0.001294,20,20,1
668,10,seq,0.517337,0.000259,0.003928,0.521524,30,38,16
668,10,par,0.263136,0.028990,0.331516,0.623643,30,38,16
668,10,weights,0.217890,0.031863,0.271435,0.521188,30,38,16
668,10,cpp_seq,0.024331,0.000083,0.001638,0.026053,30,38,16
668,10,cpp_par,0.011969,0.000040,0.001180,0.013190,30,38,16
668,10,cpp_adv,0.013938,0.000051,0.002291,0.016283,30,38,16
669,10,seq,0.659245,0.000305,0.310131,0.969680,40,80,1024
669,10,par,0.254213,0.046369,0.550822,0.851404,40,80,1024
669,10,weights,2.783302,0.030540,0.537791,3.351633,40,80,1024
669,10,cpp_seq,0.006647,0.000069,0.038887,0.045605,40,80,1024
669,10,cpp_par,0.006222,0.000038,0.040225,0.046486,40,80,1024
669,10,cpp_adv,0.003447,0.000037,0.036763,0.040247,40,80,1024
670,10,seq,0.506144,0.000242,0.000604,0.506990,30,30,1
670,10,par,0.183549,0.030975,0.274958,0.489482,30,30,1
670,10,weights,0.180646,0.028366,0.301616,0.510628,30,30,1
670,10,cpp_seq,0.021090,0.000062,0.000156,0.021309,30,30,1
670,10,cpp_par,0.010761,0.000035,0.000158,0.010955,30,30,1
670,10,cpp_adv,0.011041,0.000037,0.000157,0.011235,30,30,1
671,10,seq,0.521591,0.000303,0.000150,0.522045,30,5,0
671,10,par,0.198951,0.033051,0.025830,0.257832,30,5,0
671,10,weights,0.183407,0.032877,0.000287,0.216570,30,5,0
671,10,cpp_seq,0.013461,0.000057,0.000019,0.013538,30,5,0
671,10,cpp_par,0.007254,0.000034,0.000018,0.007307,30,5,0
671,10,cpp_adv,0.009156,0.000042,0.000021,0.009220,30,5,0
672,10,seq,0.197047,0.000256,0.000111,0.197414,20,8,0
672,10,par,0.094100,0.033800,0.059431,0.187331,20,8,0
672,10,weights,0.208577,0.035005,0.000321,0.243903,20,8,0
672,10,cpp_seq,0.005014,0.000063,0.000017,0.005096,20,8,0
672,10,cpp_par,0.002562,0.000038,0.000019,0.002619,20,8,0
672,10,cpp_adv,0.002234,0.000040,0.000019,0.002294,20,8,0
673,10,seq,0.253710,0.000264,0.000203,0.254177,30,2,0
673,10,par,0.093238,0.031358,0.031998,0.156594,30,2,0
673,10,weights,0.102960,0.037489,0.036917,0.177366,30,2,0
673,10,cpp_seq,0.005004,0.000062,0.000020,0.005087,30,2,0
673,10,cpp_par,0.002423,0.000033,0.000017,0.002473,30,2,0
673,10,cpp_adv,0.002341,0.000037,0.000020,0.002399,30,2,0
674,10,seq,0.196682,0.000274,0.000216,0.197172,20,14,0
674,10,par,0.085796,0.029728,0.031551,0.147075,20,14,0
674,10,weights,0.104607,0.038512,0.035567,0.178686,20,14,0
674,10,cpp_seq,0.007399,0.000059,0.000021,0.007481,20,14,0
674,10,cpp_par,0.003516,0.000032,0.000019,0.003568,20,14,0
674,10,cpp_adv,0.003361,0.000032,0.000019,0.003414,20,14,0
675,10,seq,0.198168,0.000286,0.000335,0.198788,20,20,1
675,10,par,0.091214,0.029221,0.296940,0.417376,20,20,1
675,10,weights,0.104109,0.030662,0.274577,0.409348,20,20,1
675,10,cpp_seq,0.004726,0.000059,0.000105,0.004891,20,20,1
675,10,cpp_par,0.002587,0.000097,0.000106,0.002790,20,20,1
675,10,cpp_adv,0.002386,0.000032,0.000129,0.002548,20,20,1
676,10,seq,0.562746,0.000320,2.178196,2.741262,50,120,6388
676,10,par,0.218944,0.032460,1.072030,1.323434,50,120,6388
676,10,weights,0.207825,0.035648,1.273004,1.516476,50,120,6388
676,10,cpp_seq,0.018371,0.000091,0.246468,0.264932,50,120,6388
676,10,cpp_par,0.008673,0.000041,0.243196,0.251911,50,120,6388
676,10,cpp_adv,0.009733,0.000048,0.262703,0.272485,50,120,6388
677,10,seq,0.394833,0.000323,0.232129,0.627284,40,80,1024
677,10,par,0.152661,0.038514,0.569409,0.760584,40,80,1024
677,10,weights,0.147793,0.042322,0.426477,0.616593,40,80,1024
677,10,cpp_seq,0.011011,0.000072,0.038330,0.049415,40,80,1024
677,10,cpp_par,0.009725,0.000170,0.037957,0.047855,40,80,1024
677,10,cpp_adv,0.010373,0.000051,0.048435,0.058861,40,80,1024
678,10,seq,0.200291,0.000255,0.000444,0.200990,20,20,2
678,10,par,0.101604,0.036840,0.359551,0.497996,20,20,2
678,10,weights,0.220160,0.040524,0.334254,0.594938,20,20,2
678,10,cpp_seq,0.006891,0.000071,0.000133,0.007097,20,20,2
678,10,cpp_par,0.003501,0.000036,0.000118,0.003655,20,20,2
678,10,cpp_adv,0.003521,0.000038,0.000121,0.003681,20,20,2
679,10,seq,0.312806,0.000378,0.273765,0.586949,40,80,1024
679,10,par,0.142853,0.047872,0.875832,1.066557,40,80,1024
679,10,weights,0.149397,0.042780,0.493023,0.685200,40,80,1024
679,10,cpp_seq,0.005300,0.000066,0.036759,0.042126,40,80,1024
679,10,cpp_par,0.006092,0.000036,0.035419,0.041547,40,80,1024
679,10,cpp_adv,0.002738,0.000035,0.035443,0.038218,40,80,1024
680,10,seq,0.579312,0.000276,2.990419,3.570007,50,126,11060
680,10,par,0.114171,0.033472,1.995971,2.143614,50,126,11060
680,10,weights,0.280556,0.043743,2.062259,2.386558,50,126,11060
680,10,cpp_seq,0.007849,0.000083,0.397703,0.405637,50,126,11060
680,10,cpp_par,0.004492,0.000050,0.450481,0.455024,50,126,11060
680,10,cpp_adv,0.004806,0.000060,0.452014,0.456881,50,126,11060
681,10,seq,0.222472,0.000270,0.000090,0.222832,20,4,0
681,10,par,0.098867,0.039552,0.037260,0.175679,20,4,0
681,10,weights,0.401908,0.040342,0.000318,0.442567,20,4,0
681,10,cpp_seq,0.003883,0.000062,0.000017,0.003964,20,4,0
681,10,cpp_par,0.002514,0.000040,0.000018,0.002573,20,4,0
681,10,cpp_adv,0.002403,0.000033,0.000016,0.002453,20,4,0
682,10,seq,0.542181,0.000436,0.000365,0.542982,30,19,0
682,10,par,0.149203,0.037814,0.100302,0.287319,30,19,0
682,10,weights,0.145937,0.030247,0.091588,0.267772,30,19,0
682,10,cpp_seq,0.012799,0.000061,0.000036,0.012896,30,19,0
682,10,cpp_par,0.007789,0.000036,0.000036,0.007862,30,19,0
682,10,cpp_adv,0.006280,0.000100,0.000042,0.006424,30,19,0
683,10,seq,0.566531,0.000487,0.000847,0.567865,30,28,1
683,10,par,0.249220,0.034172,0.307886,0.591278,30,28,1
683,10,weights,0.099168,0.034539,0.306008,0.439716,30,28,1
683,10,cpp_seq,0.002993,0.000063,0.000135,0.003191,30,28,1
683,10,cpp_par,0.001739,0.000033,0.000128,0.001900,30,28,1
683,10,cpp_adv,0.001468,0.000032,0.000126,0.001627,30,28,1
684,10,seq,0.288350,0.000258,0.000087,0.288695,20,4,0
684,10,par,0.115365,0.034617,0.033410,0.183392,20,4,0
684,10,weights,0.121106,0.034765,0.000305,0.156175,20,4,0
684,10,cpp_seq,0.003940,0.000057,0.000017,0.004015,20,4,0
684,10,cpp_par,0.002160,0.000032,0.000016,0.002209,20,4,0
684,10,cpp_adv,0.002008,0.000032,0.000016,0.002057,20,4,0
685,10,seq,0.323210,0.000265,0.000386,0.323860,20,20,1
685,10,par,0.114564,0.032463,0.371596,0.518624,20,20,1
685,10,weights,0.201928,0.038278,0.285502,0.525707,20,20,1
685,10,cpp_seq,0.005509,0.000060,0.000109,0.005680,20,20,1
685,10,cpp_par,0.002813,0.000045,0.000142,0.003001,20,20,1
685,10,cpp_adv,0.002693,0.000033,0.000105,0.002831,20,20,1
686,10,seq,1.037929,0.000385,0.000269,1.038583,20,6,0
686,10,par,0.090776,0.029753,0.050797,0.171326,20,6,0
686,10,weights,0.096095,0.029083,0.060415,0.185592,20,6,0
686,10,cpp_seq,0.006068,0.000051,0.000025,0.006145,20,6,0
686,10,cpp_par,0.003605,0.000030,0.000027,0.003662,20,6,0
686,10,cpp_adv,0.003333,0.000028,0.000023,0.003384,20,6,0
687,10,seq,0.318316,0.000279,0.233075,0.551669,40,80,1024
687,10,par,0.131861,0.027007,0.326898,0.485766,40,80,1024
687,10,weights,0.192310,0.028476,0.359424,0.580210,40,80,1024
687,10,cpp_seq,0.009513,0.000068,0.035015,0.044597,40,80,1024
687,10,cpp_par,0.008769,0.000045,0.042163,0.050979,40,80,1024
687,10,cpp_adv,0.007192,0.000043,0.034276,0.041512,40,80,1024
688,10,seq,0.231370,0.000370,0.225190,0.456929,40,80,1024
688,10,par,0.534996,0.029534,0.338201,0.902731,40,80,1024
688,10,weights,0.099446,0.028930,0.377014,0.505390,40,80,1024
688,10,cpp_seq,0.010528,0.000067,0.035741,0.046337,40,80,1024
688,10,cpp_par,0.008756,0.000048,0.034874,0.043679,40,80,1024
688,10,cpp_adv,0.007647,0.000042,0.036284,0.043974,40,80,1024
689,10,seq,0.181515,0.000251,0.000315,0.182081,20,20,1
689,10,par,0.081164,0.027081,0.244275,0.352520,20,20,1
689,10,weights,0.086251,0.033857,0.271669,0.391776,20,20,1
689,10,cpp_seq,0.005871,0.000054,0.000099,0.006025,20,20,1
689,10,cpp_par,0.003070,0.000029,0.000094,0.003193,20,20,1
689,10,cpp_adv,0.003245,0.000033,0.000101,0.003379,20,20,1
690,10,seq,0.236240,0.000462,0.000348,0.237050,20,10,0
690,10,par,0.111512,0.030173,0.028533,0.170218,20,10,0
690,10,weights,0.088500,0.028416,0.029705,0.146621,20,10,0
690,10,cpp_seq,0.006190,0.000054,0.000020,0.006264,20,10,0
690,10,cpp_par,0.003337,0.000029,0.000017,0.003384,20,10,0
690,10,cpp_adv,0.004003,0.000031,0.000018,0.004054,20,10,0
691,10,seq,0.254179,0.000276,0.000369,0.254825,20,10,1
691,10,par,0.111057,0.032241,0.273473,0.416770,20,10,1
691,10,weights,0.119644,0.036739,0.253583,0.409966,20,10,1
691,10,cpp_seq,0.008753,0.000053,0.000059,0.008866,20,10,1
691,10,cpp_par,0.004556,0.000033,0.000057,0.004647,20,10,1
691,10,cpp_adv,0.004408,0.000045,0.000060,0.004513,20,10,1
692,10,seq,0.300330,0.000329,0.000377,0.301036,20,20,0
692,10,par,0.118807,0.031764,0.246095,0.396667,20,20,0
692,10,weights,0.122220,0.031178,0.255424,0.408822,20,20,0
692,10,cpp_seq,0.015426,0.000056,0.000099,0.015581,20,20,0
692,10,cpp_par,0.011843,0.000168,0.000193,0.012205,20,20,0
692,10,cpp_adv,0.007811,0.000032,0.000113,0.007956,20,20,0
693,10,seq,0.196962,0.000311,0.034487,0.231760,30,54,216
693,10,par,0.082111,0.028557,0.264327,0.374995,30,54,216
693,10,weights,0.093138,0.033053,0.296660,0.422850,30,54,216
693,10,cpp_seq,0.003858,0.000062,0.007049,0.010970,30,54,216
693,10,cpp_par,0.002715,0.000034,0.007119,0.009869,30,54,216
693,10,cpp_adv,0.002404,0.000034,0.007189,0.009628,30,54,216
694,10,seq,0.189254,0.000435,0.010338,0.200026,30,46,59
694,10,par,0.084997,0.029326,0.278992,0.393314,30,46,59
694,10,weights,0.089278,0.036164,0.340534,0.465977,30,46,59
694,10,cpp_seq,0.003289,0.000062,0.002374,0.005726,30,46,59
694,10,cpp_par,0.001964,0.000049,0.002394,0.004408,30,46,59
694,10,cpp_adv,0.001636,0.000041,0.002373,0.004050,30,46,59
695,10,seq,0.223224,0.000248,0.000361,0.223832,20,20,1
695,10,par,0.099040,0.028970,0.270146,0.398156,20,20,1
695,10,weights,0.104159,0.039768,0.258386,0.402313,20,20,1
695,10,cpp_seq,0.005872,0.000055,0.000100,0.006028,20,20,1
695,10,cpp_par,0.003192,0.000031,0.000100,0.003324,20,20,1
695,10,cpp_adv,0.003221,0.000032,0.000101,0.003354,20,20,1
696,10,seq,0.186323,0.000261,0.000111,0.186695,20,4,0
696,10,par,0.085525,0.027847,0.030357,0.143729,20,4,0
696,10,weights,0.078839,0.029825,0.000289,0.108953,20,4,0
696,10,cpp_seq,0.003404,0.000070,0.000015,0.003490,20,4,0
696,10,cpp_par,0.001959,0.000029,0.000013,0.002001,20,4,0
696,10,cpp_adv,0.001751,0.000029,0.000013,0.001793,20,4,0
697,10,seq,0.214350,0.000261,0.000222,0.214834,20,10,0
697,10,par,0.099687,0.037495,0.066099,0.203281,20,10,0
697,10,weights,0.099614,0.029203,0.059770,0.188587,20,10,0
697,10,cpp_seq,0.006739,0.000054,0.000023,0.006817,20,10,0
697,10,cpp_par,0.004090,0.000041,0.000032,0.004164,20,10,0
697,10,cpp_adv,0.003419,0.000031,0.000022,0.003473,20,10,0
698,10,seq,0.184720,0.000269,0.000110,0.185099,20,3,0
698,10,par,0.094469,0.033733,0.030188,0.158390,20,3,0
698,10,weights,0.082937,0.036978,0.000290,0.120204,20,3,0
698,10,cpp_seq,0.005690,0.000056,0.000016,0.005763,20,3,0
698,10,cpp_par,0.003580,0.000033,0.000016,0.003629,20,3,0
698,10,cpp_adv,0.002883,0.000033,0.000016,0.002932,20,3,0
699,10,seq,0.229207,0.000269,0.000345,0.229821,20,20,1
699,10,par,0.094301,0.037931,0.263997,0.396229,20,20,1
699,10,weights,0.108281,0.031959,0.267153,0.407393,20,20,1
699,10,cpp_seq,0.006854,0.000060,0.000106,0.007021,20,20,1
699,10,cpp_par,0.003628,0.000032,0.000102,0.003762,20,20,1
699,10,cpp_adv,0.003417,0.000031,0.000102,0.003550,20,20,1
700,10,seq,0.354594,0.000307,0.000218,0.355118,30,20,0
700,10,par,0.140106,0.035144,0.058756,0.234006,30,20,0
700,10,weights,0.147292,0.084225,0.104789,0.336306,30,20,0
700,10,cpp_seq,0.008857,0.000062,0.000028,0.008948,30,20,0
700,10,cpp_par,0.005443,0.000043,0.000031,0.005519,30,20,0
700,10,cpp_adv,0.004684,0.000036,0.000028,0.004750,30,20,0
701,10,seq,0.376209,0.000380,0.000838,0.377426,20,20,1
701,10,par,0.143737,0.031642,0.260965,0.436344,20,20,1
701,10,weights,0.140235,0.029951,0.263686,0.433872,20,20,1
701,10,cpp_seq,0.012888,0.000063,0.000106,0.013058,20,20,1
701,10,cpp_par,0.006831,0.000034,0.000105,0.006971,20,20,1
701,10,cpp_adv,0.007606,0.000035,0.000177,0.007818,20,20,1
702,10,seq,0.323749,0.000254,0.000354,0.324357,20,20,1
702,10,par,0.125846,0.033732,0.286012,0.445590,20,20,1
702,10,weights,0.121876,0.033269,0.253308,0.408453,20,20,1
702,10,cpp_seq,0.013924,0.000083,0.000117,0.014126,20,20,1
702,10,cpp_par,0.007286,0.000032,0.000103,0.007421,20,20,1
702,10,cpp_adv,0.007249,0.000036,0.000106,0.007391,20,20,1
703,10,seq,0.207704,0.000358,0.000610,0.208671,20,20,1
703,10,par,0.090721,0.031543,0.284470,0.406733,20,20,1
703,10,weights,0.108532,0.031180,0.276040,0.415752,20,20,1
703,10,cpp_seq,0.005855,0.000089,0.000106,0.006050,20,20,1
703,10,cpp_par,0.003088,0.000032,0.000112,0.003232,20,20,1
703,10,cpp_adv,0.003283,0.000034,0.000105,0.003423,20,20,1
704,10,seq,0.305245,0.000285,0.035196,0.340726,30,54,240
704,10,par,0.136499,0.036669,0.370222,0.543390,30,54,240
704,10,weights,0.172387,0.042195,0.393114,0.607696,30,54,240
704,10,cpp_seq,0.009678,0.000064,0.008391,0.018135,30,54,240
704,10,cpp_par,0.006892,0.000046,0.009079,0.016018,30,54,240
704,10,cpp_adv,0.005919,0.000041,0.007714,0.013675,30,54,240
705,10,seq,0.476167,0.000279,0.000294,0.476739,20,11,1
705,10,par,0.247784,0.102361,0.358727,0.708872,20,11,1
705,10,weights,0.208974,0.033115,0.331016,0.573104,20,11,1
705,10,cpp_seq,0.012547,0.000059,0.000066,0.012673,20,11,1
705,10,cpp_par,0.007531,0.000036,0.000068,0.007636,20,11,1
705,10,cpp_adv,0.006150,0.000050,0.000063,0.006264,20,11,1
706,10,seq,0.208780,0.000346,0.231371,0.440497,40,80,1024
706,10,par,0.095593,0.032989,0.419714,0.548296,40,80,1024
706,10,weights,0.104325,0.034116,0.384296,0.522737,40,80,1024
706,10,cpp_seq,0.004320,0.000080,0.041897,0.046298,40,80,1024
706,10,cpp_par,0.004996,0.000058,0.041357,0.046412,40,80,1024
706,10,cpp_adv,0.001681,0.000041,0.039674,0.041397,40,80,1024
707,10,seq,0.456637,0.000250,0.000092,0.456979,20,3,0
707,10,par,0.182266,0.033798,0.037938,0.254002,20,3,0
707,10,weights,0.173104,0.028612,0.000304,0.202020,20,3,0
707,10,cpp_seq,0.015557,0.000054,0.000016,0.015628,20,3,0
707,10,cpp_par,0.008828,0.000032,0.000016,0.008876,20,3,0
707,10,cpp_adv,0.008394,0.000083,0.000016,0.008493,20,3,0
708,10,seq,0.258469,0.000302,0.239308,0.498079,40,80,1024
708,10,par,0.109791,0.029950,0.357070,0.496810,40,80,1024
708,10,weights,0.109680,0.035480,0.385445,0.530606,40,80,1024
708,10,cpp_seq,0.007988,0.000072,0.036809,0.044869,40,80,1024
708,10,cpp_par,0.007926,0.000076,0.036440,0.044442,40,80,1024
708,10,cpp_adv,0.004008,0.000038,0.036799,0.040846,40,80,1024
709,10,seq,0.226678,0.000353,0.002982,0.230014,30,38,7
709,10,par,0.101628,0.030093,0.269460,0.401180,30,38,7
709,10,weights,0.114189,0.033760,0.290533,0.438482,30,38,7
709,10,cpp_seq,0.007203,0.000070,0.000657,0.007932,30,38,7
709,10,cpp_par,0.005138,0.000036,0.000739,0.005914,30,38,7
709,10,cpp_adv,0.005698,0.000077,0.001058,0.006834,30,38,7
710,10,seq,0.292207,0.000264,0.000387,0.292858,20,20,1
710,10,par,0.099126,0.031550,0.270807,0.401483,20,20,1
710,10,weights,0.140124,0.030314,0.256441,0.426879,20,20,1
710,10,cpp_seq,0.003251,0.000056,0.000101,0.003409,20,20,1
710,10,cpp_par,0.001844,0.000030,0.000099,0.001973,20,20,1
710,10,cpp_adv,0.002235,0.000040,0.000103,0.002379,20,20,1
711,10,seq,0.314717,0.000383,0.000533,0.315632,30,16,0
711,10,par,0.117626,0.031696,0.060910,0.210232,30,16,0
711,10,weights,0.115598,0.036437,0.062486,0.214521,30,16,0
711,10,cpp_seq,0.007570,0.000057,0.000029,0.007656,30,16,0
711,10,cpp_par,0.004040,0.000032,0.000027,0.004099,30,16,0
711,10,cpp_adv,0.004520,0.000034,0.000028,0.004583,30,16,0
712,10,seq,0.246578,0.000264,0.000504,0.247346,30,30,1
712,10,par,0.114335,0.040506,0.259253,0.414093,30,30,1
712,10,weights,0.104012,0.032665,0.319257,0.455934,30,30,1
712,10,cpp_seq,0.008568,0.000059,0.000146,0.008775,30,30,1
712,10,cpp_par,0.005333,0.000066,0.000179,0.005579,30,30,1
712,10,cpp_adv,0.006740,0.000110,0.000270,0.007121,30,30,1
713,10,seq,0.243342,0.000318,0.000370,0.244030,20,20,1
713,10,par,0.086537,0.028341,0.257987,0.372865,20,20,1
713,10,weights,0.099306,0.034690,0.268086,0.402081,20,20,1
713,10,cpp_seq,0.006256,0.000057,0.000102,0.006416,20,20,1
713,10,cpp_par,0.002759,0.000031,0.000102,0.002893,20,20,1
713,10,cpp_adv,0.002543,0.000030,0.000099,0.002673,20,20,1
714,10,seq,0.391452,0.000339,0.000259,0.392050,30,5,0
714,10,par,0.142845,0.028866,0.053377,0.225087,30,5,0
714,10,weights,0.158205,0.028322,0.053890,0.240417,30,5,0
714,10,cpp_seq,0.008659,0.000060,0.000028,0.008747,30,5,0
714,10,cpp_par,0.004552,0.000029,0.000020,0.004600,30,5,0
714,10,cpp_adv,0.004898,0.000042,0.000024,0.004965,30,5,0
715,10,seq,0.286242,0.000255,0.209104,0.495601,40,80,1024
715,10,par,0.126095,0.045211,0.433037,0.604343,40,80,1024
715,10,weights,0.117945,0.033065,0.333361,0.484371,40,80,1024
715,10,cpp_seq,0.007803,0.000065,0.034536,0.042406,40,80,1024
715,10,cpp_par,0.008108,0.000054,0.035406,0.043569,40,80,1024
715,10,cpp_adv,0.003984,0.000035,0.033945,0.037964,40,80,1024
716,10,seq,0.370369,0.000359,0.049501,0.420229,40,64,256
716,10,par,0.140401,0.029441,0.283868,0.453710,40,64,256
716,10,weights,0.140238,0.031142,0.299185,0.470565,40,64,256
716,10,cpp_seq,0.013837,0.000067,0.011552,0.025457,40,64,256
716,10,cpp_par,0.007438,0.000041,0.008587,0.016067,40,64,256
716,10,cpp_adv,0.006419,0.000043,0.008550,0.015013,40,64,256
717,10,seq,0.268204,0.001273,0.001240,0.270716,20,20,1
717,10,par,0.173604,0.028406,0.268592,0.470601,20,20,1
717,10,weights,0.084011,0.028781,0.280293,0.393085,20,20,1
717,10,cpp_seq,0.004866,0.000072,0.000130,0.005070,20,20,1
717,10,cpp_par,0.002392,0.000040,0.000096,0.002529,20,20,1
717,10,cpp_adv,0.002201,0.000040,0.000159,0.002400,20,20,1
718,10,seq,0.232828,0.000248,0.000103,0.233179,20,14,0
718,10,par,0.166101,0.027180,0.024605,0.217885,20,14,0
718,10,weights,0.081906,0.026876,0.000345,0.109128,20,14,0
718,10,cpp_seq,0.003393,0.000053,0.000014,0.003460,20,14,0
718,10,cpp_par,0.002250,0.000031,0.000015,0.002297,20,14,0
718,10,cpp_adv,0.001878,0.000030,0.000013,0.001922,20,14,0
719,10,seq,0.217127,0.000337,1.069166,1.286631,40,96,5671
719,10,par,0.089808,0.027169,0.838739,0.955716,40,96,5671
719,10,weights,0.135859,0.035705,0.774239,0.945804,40,96,5671
719,10,cpp_seq,0.006065,0.000067,0.188193,0.194326,40,96,5671
719,10,cpp_par,0.003561,0.000040,0.204452,0.208054,40,96,5671
719,10,cpp_adv,0.003334,0.000040,0.177921,0.181296,40,96,5671
720,10,seq,0.428951,0.000287,0.000207,0.429445,30,16,0
720,10,par,0.168381,0.042872,0.071462,0.282715,30,16,0
720,10,weights,0.373329,0.041332,0.082231,0.496891,30,16,0
720,10,cpp_seq,0.004502,0.000062,0.000031,0.004596,30,16,0
720,10,cpp_par,0.002770,0.000035,0.000028,0.002834,30,16,0
720,10,cpp_adv,0.002969,0.000036,0.000030,0.003037,30,16,0
721,10,seq,0.228275,0.000272,0.000235,0.228782,20,17,0
721,10,par,0.092171,0.030268,0.064892,0.187331,20,17,0
721,10,weights,0.092416,0.030985,0.066625,0.190026,20,17,0
721,10,cpp_seq,0.003964,0.000073,0.000030,0.004068,20,17,0
721,10,cpp_par,0.002203,0.000032,0.000030,0.002266,20,17,0
721,10,cpp_adv,0.001913,0.000031,0.000028,0.001973,20,17,0
722,10,seq,0.349987,0.000333,2.975225,3.325545,50,126,11060
722,10,par,0.112720,0.032219,1.509035,1.653974,50,126,11060
722,10,weights,0.113885,0.032086,1.426537,1.572509,50,126,11060
722,10,cpp_seq,0.006589,0.000122,0.398611,0.405324,50,126,11060
722,10,cpp_par,0.003147,0.000040,0.359183,0.362371,50,126,11060
722,10,cpp_adv,0.003841,0.000050,0.378132,0.382024,50,126,11060
723,10,seq,0.258338,0.000298,1.003214,1.261850,40,94,5177
723,10,par,0.180038,0.046396,0.746120,0.972554,40,94,5177
723,10,weights,0.105135,0.034480,0.793648,0.933262,40,94,5177
723,10,cpp_seq,0.005169,0.000073,0.170624,0.175867,40,94,5177
723,10,cpp_par,0.002932,0.000039,0.161003,0.163975,40,94,5177
723,10,cpp_adv,0.002653,0.000065,0.159271,0.161990,40,94,5177
724,10,seq,0.282259,0.000284,0.001955,0.284497,30,40,2
724,10,par,0.115595,0.033733,0.280597,0.429925,30,40,2
724,10,weights,0.162068,0.042452,0.294273,0.498793,30,40,2
724,10,cpp_seq,0.008280,0.000082,0.000417,0.008781,30,40,2
724,10,cpp_par,0.004733,0.000039,0.000418,0.005191,30,40,2
724,10,cpp_adv,0.004414,0.000035,0.000507,0.004956,30,40,2
725,10,seq,0.193414,0.000397,0.000465,0.194276,20,20,2
725,10,par,0.086204,0.030170,0.288844,0.405218,20,20,2
725,10,weights,0.109330,0.042238,0.280916,0.432484,20,20,2
725,10,cpp_seq,0.003607,0.000061,0.000112,0.003781,20,20,2
725,10,cpp_par,0.001926,0.000038,0.000108,0.002073,20,20,2
725,10,cpp_adv,0.001811,0.000041,0.000108,0.001961,20,20,2
726,10,seq,0.240007,0.000260,0.000300,0.240567,20,14,1
726,10,par,0.099575,0.030823,0.271174,0.401571,20,14,1
726,10,weights,0.100742,0.035463,0.298751,0.434956,20,14,1
726,10,cpp_seq,0.006262,0.000075,0.000095,0.006433,20,14,1
726,10,cpp_par,0.008612,0.000043,0.000075,0.008731,20,14,1
726,10,cpp_adv,0.002851,0.000034,0.000073,0.002958,20,14,1
727,10,seq,0.289693,0.000457,0.000363,0.290513,20,4,0
727,10,par,0.113690,0.033497,0.064601,0.211788,20,4,0
727,10,weights,0.095193,0.031115,0.064649,0.190956,20,4,0
727,10,cpp_seq,0.003726,0.000057,0.000023,0.003807,20,4,0
727,10,cpp_par,0.002212,0.000036,0.000028,0.002277,20,4,0
727,10,cpp_adv,0.002303,0.000063,0.000025,0.002392,20,4,0
728,10,seq,0.462458,0.000410,0.016448,0.479316,30,48,98
728,10,par,0.152348,0.035105,0.306841,0.494294,30,48,98
728,10,weights,0.169493,0.038020,0.298559,0.506072,30,48,98
728,10,cpp_seq,0.010843,0.000069,0.003726,0.014640,30,48,98
728,10,cpp_par,0.005934,0.000038,0.003734,0.009707,30,48,98
728,10,cpp_adv,0.007267,0.000051,0.004064,0.011384,30,48,98
729,10,seq,0.237361,0.000282,0.001668,0.239312,30,40,2
729,10,par,0.096380,0.027817,0.271509,0.395706,30,40,2
729,10,weights,0.099044,0.031256,0.270622,0.400922,30,40,2
729,10,cpp_seq,0.005682,0.000064,0.000443,0.006191,30,40,2
729,10,cpp_par,0.003148,0.000035,0.000397,0.003580,30,40,2
729,10,cpp_adv,0.003185,0.000055,0.000396,0.003636,30,40,2
730,10,seq,0.226201,0.000265,0.000384,0.226850,20,20,1
730,10,par,0.102323,0.029438,0.266559,0.398320,20,20,1
730,10,weights,0.100660,0.036493,0.251611,0.388764,20,20,1
730,10,cpp_seq,0.004927,0.000058,0.000104,0.005089,20,20,1
730,10,cpp_par,0.002861,0.000034,0.000126,0.003021,20,20,1
730,10,cpp_adv,0.002598,0.000040,0.000102,0.002741,20,20,1
731,10,seq,0.206075,0.000305,0.214508,0.420888,40,80,1024
731,10,par,0.087823,0.031416,0.355871,0.475110,40,80,1024
731,10,weights,0.093392,0.029300,0.363782,0.486474,40,80,1024
731,10,cpp_seq,0.003773,0.000083,0.035649,0.039506,40,80,1024
731,10,cpp_par,0.004564,0.000040,0.036779,0.041384,40,80,1024
731,10,cpp_adv,0.001915,0.000038,0.035468,0.037421,40,80,1024
732,10,seq,0.340025,0.000299,0.002373,0.342697,40,50,2
732,10,par,0.111549,0.032023,0.270208,0.413780,40,50,2
732,10,weights,0.113621,0.028986,0.296646,0.439254,40,50,2
732,10,cpp_seq,0.008499,0.000065,0.000503,0.009067,40,50,2
732,10,cpp_par,0.004421,0.000037,0.000475,0.004934,40,50,2
732,10,cpp_adv,0.004278,0.000036,0.000447,0.004762,40,50,2
733,10,seq,0.282739,0.000275,0.268937,0.551951,40,80,1024
733,10,par,0.130795,0.028493,0.345831,0.505119,40,80,1024
733,10,weights,0.114264,0.032135,0.358813,0.505212,40,80,1024
733,10,cpp_seq,0.004573,0.000069,0.035274,0.039918,40,80,1024
733,10,cpp_par,0.005401,0.000038,0.035667,0.041107,40,80,1024
733,10,cpp_adv,0.002312,0.000038,0.036082,0.038433,40,80,1024
734,10,seq,0.301676,0.000230,0.000172,0.302077,20,10,0
734,10,par,0.135377,0.033119,0.056981,0.225477,20,10,0
734,10,weights,0.129516,0.031668,0.053736,0.214920,20,10,0
734,10,cpp_seq,0.010448,0.000053,0.000023,0.010524,20,10,0
734,10,cpp_par,0.005293,0.000029,0.000021,0.005344,20,10,0
734,10,cpp_adv,0.005449,0.000032,0.000022,0.005503,20,10,0
735,10,seq,0.232181,0.000318,0.231027,0.463526,40,80,1024
735,10,par,0.098193,0.027443,0.340364,0.466001,40,80,1024
735,10,weights,0.095750,0.026851,0.349100,0.471701,40,80,1024
735,10,cpp_seq,0.006038,0.000067,0.038387,0.044494,40,80,1024
735,10,cpp_par,0.006250,0.000049,0.036038,0.042338,40,80,1024
735,10,cpp_adv,0.002654,0.000035,0.034091,0.036780,40,80,1024
736,10,seq,0.255091,0.000266,0.000239,0.255596,20,5,0
736,10,par,0.112095,0.033547,0.056960,0.202602,20,5,0
736,10,weights,0.085706,0.027687,0.067724,0.181118,20,5,0
736,10,cpp_seq,0.004288,0.000057,0.000023,0.004369,20,5,0
736,10,cpp_par,0.002531,0.000030,0.000022,0.002583,20,5,0
736,10,cpp_adv,0.002679,0.000031,0.000021,0.002732,20,5,0
737,10,seq,0.204240,0.000257,0.000359,0.204856,20,20,1
737,10,par,0.085340,0.030920,0.281913,0.398173,20,20,1
737,10,weights,0.082105,0.029694,0.256370,0.368169,20,20,1
737,10,cpp_seq,0.007059,0.000065,0.000132,0.007258,20,20,1
737,10,cpp_par,0.003072,0.000031,0.000097,0.003200,20,20,1
737,10,cpp_adv,0.003239,0.000039,0.000099,0.003378,20,20,1
738,10,seq,2.193200,0.000476,0.000597,2.194273,20,20,1
738,10,par,0.099674,0.031941,0.275092,0.406708,20,20,1
738,10,weights,0.102460,0.037093,0.281304,0.420857,20,20,1
738,10,cpp_seq,0.007306,0.000058,0.000105,0.007470,20,20,1
738,10,cpp_par,0.003685,0.000046,0.000109,0.003841,20,20,1
738,10,cpp_adv,0.003888,0.000035,0.000124,0.004047,20,20,1
739,10,seq,0.210426,0.000270,0.000126,0.210823,20,2,0
739,10,par,0.087845,0.031141,0.032670,0.151656,20,2,0
739,10,weights,0.093810,0.030482,0.000282,0.124575,20,2,0
739,10,cpp_seq,0.003796,0.000082,0.000022,0.003900,20,2,0
739,10,cpp_par,0.002033,0.000030,0.000015,0.002078,20,2,0
739,10,cpp_adv,0.001982,0.000031,0.000015,0.002028,20,2,0
740,10,seq,0.199662,0.000307,0.216292,0.416261,40,80,1024
740,10,par,0.088575,0.029182,0.351829,0.469586,40,80,1024
740,10,weights,0.086256,0.030101,0.490564,0.606921,40,80,1024
740,10,cpp_seq,0.003773,0.000093,0.036965,0.040833,40,80,1024
740,10,cpp_par,0.004542,0.000040,0.037350,0.041932,40,80,1024
740,10,cpp_adv,0.002000,0.000038,0.036856,0.038894,40,80,1024
741,10,seq,0.215516,0.000289,0.218008,0.433813,40,80,1024
741,10,par,0.110454,0.031552,0.378240,0.520245,40,80,1024
741,10,weights,0.103364,0.030319,0.407447,0.541130,40,80,1024
741,10,cpp_seq,0.003015,0.000103,0.038819,0.041938,40,80,1024
741,10,cpp_par,0.004841,0.000061,0.036407,0.041310,40,80,1024
741,10,cpp_adv,0.001647,0.000037,0.036311,0.037996,40,80,1024
742,10,seq,0.361040,0.000284,0.207312,0.568636,40,80,1024
742,10,par,0.158119,0.029278,0.461161,0.648558,40,80,1024
742,10,weights,0.144158,0.029421,0.368645,0.542224,40,80,1024
742,10,cpp_seq,0.007329,0.000073,0.038212,0.045615,40,80,1024
742,10,cpp_par,0.006329,0.000039,0.037854,0.044223,40,80,1024
742,10,cpp_adv,0.005976,0.000046,0.038690,0.044714,40,80,1024
743,10,seq,0.208638,0.000390,0.000209,0.209237,20,4,0
743,10,par,0.092797,0.027789,0.030418,0.151004,20,4,0
743,10,weights,0.091190,0.029885,0.031168,0.152243,20,4,0
743,10,cpp_seq,0.003619,0.000060,0.000019,0.003700,20,4,0
743,10,cpp_par,0.002027,0.000030,0.000017,0.002074,20,4,0
743,10,cpp_adv,0.001879,0.000031,0.000017,0.001928,20,4,0
744,10,seq,0.333288,0.000275,0.216213,0.549776,40,80,1024
744,10,par,0.133639,0.027851,0.394306,0.555796,40,80,1024
744,10,weights,0.136542,0.031220,0.383244,0.551006,40,80,1024
744,10,cpp_seq,0.009641,0.000075,0.038288,0.048005,40,80,1024
744,10,cpp_par,0.007630,0.000039,0.039055,0.046725,40,80,1024
744,10,cpp_adv,0.007352,0.000048,0.038483,0.045884,40,80,1024
745,10,seq,0.337077,0.000392,0.000161,0.337630,20,3,0
745,10,par,0.140378,0.033852,0.029028,0.203258,20,3,0
745,10,weights,0.137951,0.069899,0.000404,0.208255,20,3,0
745,10,cpp_seq,0.028536,0.000071,0.000020,0.028629,20,3,0
745,10,cpp_par,0.007365,0.000033,0.000016,0.007415,20,3,0
745,10,cpp_adv,0.016662,0.000050,0.000020,0.016732,20,3,0
746,10,seq,0.313140,0.000263,0.000088,0.313491,20,2,0
746,10,par,0.129425,0.034414,0.030119,0.193958,20,2,0
746,10,weights,0.128076,0.040620,0.000428,0.169125,20,2,0
746,10,cpp_seq,0.014222,0.000057,0.000017,0.014296,20,2,0
746,10,cpp_par,0.005537,0.000031,0.000015,0.005585,20,2,0
746,10,cpp_adv,0.005958,0.000033,0.000016,0.006007,20,2,0
747,10,seq,0.380685,0.000367,0.001650,0.382702,30,40,2
747,10,par,0.147335,0.030908,0.272319,0.450563,30,40,2
747,10,weights,0.147245,0.033327,0.275674,0.456245,30,40,2
747,10,cpp_seq,0.014806,0.000067,0.000410,0.015283,30,40,2
747,10,cpp_par,0.007575,0.000035,0.000397,0.008007,30,40,2
747,10,cpp_adv,0.008118,0.000038,0.000407,0.008563,30,40,2
748,10,seq,0.349613,0.000487,0.002489,0.352588,30,38,2
748,10,par,0.198159,0.030883,0.331294,0.560336,30,38,2
748,10,weights,0.139484,0.030481,0.260725,0.430690,30,38,2
748,10,cpp_seq,0.005644,0.000063,0.000378,0.006085,30,38,2
748,10,cpp_par,0.003376,0.000038,0.000382,0.003797,30,38,2
748,10,cpp_adv,0.003146,0.000037,0.000401,0.003585,30,38,2
749,10,seq,0.235060,0.000239,0.000088,0.235388,20,3,0
749,10,par,0.096369,0.029652,0.031121,0.157142,20,3,0
749,10,weights,0.104622,0.029659,0.000429,0.134710,20,3,0
749,10,cpp_seq,0.005045,0.000055,0.000018,0.005120,20,3,0
749,10,cpp_par,0.002483,0.000031,0.000017,0.002531,20,3,0
749,10,cpp_adv,0.002249,0.000037,0.000016,0.002302,20,3,0
750,10,seq,0.451320,0.000272,0.000179,0.451771,20,10,0
750,10,par,0.162187,0.032291,0.060319,0.254797,20,10,0
750,10,weights,0.179393,0.028538,0.055595,0.263526,20,10,0
750,10,cpp_seq,0.005943,0.000050,0.000022,0.006016,20,10,0
750,10,cpp_par,0.004240,0.000035,0.000025,0.004301,20,10,0
750,10,cpp_adv,0.003001,0.000028,0.000020,0.003050,20,10,0
751,10,seq,0.291550,0.000245,0.000388,0.292182,20,20,0
751,10,par,0.131229,0.028344,0.232516,0.392089,20,20,0
751,10,weights,0.117698,0.029488,0.248150,0.395336,20,20,0
751,10,cpp_seq,0.009310,0.000053,0.000105,0.009469,20,20,0
751,10,cpp_par,0.005081,0.000030,0.000093,0.005205,20,20,0
751,10,cpp_adv,0.004925,0.000032,0.000095,0.005053,20,20,0
752,10,seq,0.316162,0.000310,0.000193,0.316665,20,2,0
752,10,par,0.109098,0.030358,0.028391,0.167846,20,2,0
752,10,weights,0.109947,0.031888,0.027764,0.169599,20,2,0
752,10,cpp_seq,0.007971,0.000050,0.000017,0.008039,20,2,0
752,10,cpp_par,0.004560,0.000031,0.000017,0.004609,20,2,0
752,10,cpp_adv,0.004253,0.000030,0.000016,0.004299,20,2,0
753,10,seq,0.214981,0.000256,0.000303,0.215540,20,12,1
753,10,par,0.088045,0.027415,0.248743,0.364203,20,12,1
753,10,weights,0.083700,0.026633,0.240094,0.350427,20,12,1
753,10,cpp_seq,0.005837,0.000052,0.000059,0.005950,20,12,1
753,10,cpp_par,0.003167,0.000029,0.000056,0.003252,20,12,1
753,10,cpp_adv,0.003309,0.000030,0.000059,0.003398,20,12,1
754,10,seq,0.293960,0.000307,0.203293,0.497560,40,80,1024
754,10,par,0.122448,0.030924,0.372656,0.526028,40,80,1024
754,10,weights,0.123819,0.039537,0.337101,0.500457,40,80,1024
754,10,cpp_seq,0.008995,0.000066,0.034841,0.043903,40,80,1024
754,10,cpp_par,0.007568,0.000037,0.033938,0.041552,40,80,1024
754,10,cpp_adv,0.006823,0.000041,0.034630,0.041495,40,80,1024
755,10,seq,0.305750,0.000291,16.855577,17.161617,60,176,46656
755,10,par,0.143954,0.033806,7.476816,7.654576,60,176,46656
755,10,weights,0.141979,0.032911,6.217296,6.392186,60,176,46656
755,10,cpp_seq,0.008513,0.000089,1.901542,1.910145,60,176,46656
755,10,cpp_par,0.006177,0.000056,1.918212,1.924448,60,176,46656
755,10,cpp_adv,0.004883,0.000061,2.538952,2.543897,60,176,46656
756,10,seq,0.280951,0.000429,0.000476,0.281856,20,14,1
756,10,par,0.220724,0.040676,0.386106,0.647507,20,14,1
756,10,weights,0.133987,0.047003,0.411729,0.592718,20,14,1
756,10,cpp_seq,0.005466,0.000060,0.000069,0.005595,20,14,1
756,10,cpp_par,0.002939,0.000033,0.000067,0.003040,20,14,1
756,10,cpp_adv,0.004003,0.000043,0.000086,0.004133,20,14,1
757,10,seq,0.238288,0.000336,0.000411,0.239035,20,20,1
757,10,par,0.109010,0.043561,0.397748,0.550319,20,20,1
757,10,weights,0.142229,0.042901,0.382050,0.567180,20,20,1
757,10,cpp_seq,0.004988,0.000063,0.000112,0.005164,20,20,1
757,10,cpp_par,0.002727,0.000033,0.000109,0.002870,20,20,1
757,10,cpp_adv,0.002476,0.000033,0.000107,0.002617,20,20,1
758,10,seq,0.319519,0.000372,0.000328,0.320219,30,16,0
758,10,par,0.146645,0.048345,0.085446,0.280436,30,16,0
758,10,weights,0.145254,0.043276,0.082337,0.270868,30,16,0
758,10,cpp_seq,0.005468,0.000064,0.000030,0.005564,30,16,0
758,10,cpp_par,0.002779,0.000036,0.000026,0.002842,30,16,0
758,10,cpp_adv,0.002855,0.000040,0.000030,0.002926,30,16,0
759,10,seq,0.203905,0.000285,0.000197,0.204387,20,6,0
759,10,par,0.106701,0.042580,0.043677,0.192958,20,6,0
759,10,weights,0.105793,0.042577,0.040483,0.188854,20,6,0
759,10,cpp_seq,0.003909,0.000059,0.000018,0.003988,20,6,0
759,10,cpp_par,0.002029,0.000030,0.000015,0.002074,20,6,0
759,10,cpp_adv,0.001848,0.000030,0.000015,0.001893,20,6,0
760,10,seq,0.551434,0.000386,0.000470,0.552290,20,20,1
760,10,par,1.469733,0.042482,0.400642,1.912857,20,20,1
760,10,weights,1.034946,0.045932,0.377524,1.458403,20,20,1
760,10,cpp_seq,0.007482,0.000063,0.000112,0.007658,20,20,1
760,10,cpp_par,0.002900,0.000034,0.000111,0.003046,20,20,1
760,10,cpp_adv,0.002949,0.000047,0.000112,0.003109,20,20,1
761,10,seq,1.203365,0.000317,0.256756,1.460438,40,80,1024
761,10,par,0.160367,0.039986,0.497243,0.697596,40,80,1024
761,10,weights,0.154286,0.041909,0.515986,0.712182,40,80,1024
761,10,cpp_seq,0.004767,0.000072,0.037706,0.042546,40,80,1024
761,10,cpp_par,0.005145,0.000038,0.038882,0.044066,40,80,1024
761,10,cpp_adv,0.002487,0.000039,0.036829,0.039356,40,80,1024
762,10,seq,0.241836,0.000251,0.000206,0.242293,20,3,0
762,10,par,0.148402,0.036326,0.041157,0.225885,20,3,0
762,10,weights,0.113909,0.047802,0.036813,0.198523,20,3,0
762,10,cpp_seq,0.006160,0.000054,0.000017,0.006232,20,3,0
762,10,cpp_par,0.003333,0.000039,0.000019,0.003392,20,3,0
762,10,cpp_adv,0.002932,0.000030,0.000016,0.002979,20,3,0
763,10,seq,0.207395,0.000378,0.001680,0.209454,30,40,2
763,10,par,0.104276,0.044530,0.422848,0.571653,30,40,2
763,10,weights,0.180943,0.038623,0.366617,0.586183,30,40,2
763,10,cpp_seq,0.003086,0.000067,0.000451,0.003604,30,40,2
763,10,cpp_par,0.001747,0.000035,0.000420,0.002204,30,40,2
763,10,cpp_adv,0.001486,0.000034,0.000394,0.001915,30,40,2
764,10,seq,0.314822,0.000308,8.373301,8.688431,60,168,21504
764,10,par,0.138594,0.128341,3.552950,3.819885,60,168,21504
764,10,weights,0.139330,0.042182,3.461789,3.643300,60,168,21504
764,10,cpp_seq,0.010234,0.000148,0.993705,1.004089,60,168,21504
764,10,cpp_par,0.005893,0.000060,1.017284,1.023238,60,168,21504
764,10,cpp_adv,0.005654,0.000061,0.945281,0.950996,60,168,21504
765,10,seq,0.392688,0.000324,0.000166,0.393178,20,10,0
765,10,par,0.163169,0.044547,0.043353,0.251069,20,10,0
765,10,weights,0.188609,0.044421,0.000360,0.233391,20,10,0
765,10,cpp_seq,0.014669,0.000060,0.000017,0.014747,20,10,0
765,10,cpp_par,0.007951,0.000033,0.000016,0.008001,20,10,0
765,10,cpp_adv,0.007492,0.000034,0.000016,0.007543,20,10,0
766,10,seq,0.322066,0.000385,0.000416,0.322866,20,10,1
766,10,par,0.116565,0.042500,0.368992,0.528058,20,10,1
766,10,weights,0.115789,0.044706,0.367312,0.527806,20,10,1
766,10,cpp_seq,0.009080,0.000065,0.000071,0.009218,20,10,1
766,10,cpp_par,0.004206,0.000034,0.000066,0.004307,20,10,1
766,10,cpp_adv,0.003882,0.000034,0.000063,0.003979,20,10,1
767,10,seq,0.219093,0.000347,0.262290,0.481730,40,80,1024
767,10,par,0.120782,0.045552,0.448338,0.614672,40,80,1024
767,10,weights,0.119782,0.039422,0.469167,0.628371,40,80,1024
767,10,cpp_seq,0.003424,0.000097,0.037946,0.041468,40,80,1024
767,10,cpp_par,0.005879,0.000039,0.041659,0.047577,40,80,1024
767,10,cpp_adv,0.001796,0.000056,0.040856,0.042709,40,80,1024
768,10,seq,0.207791,0.000385,0.005514,0.213690,40,64,5
768,10,par,0.097548,0.040308,0.400728,0.538584,40,64,5
768,10,weights,0.101939,0.041245,0.396609,0.539793,40,64,5
768,10,cpp_seq,0.003630,0.000074,0.000862,0.004566,40,64,5
768,10,cpp_par,0.002195,0.000060,0.000837,0.003093,40,64,5
768,10,cpp_adv,0.001904,0.000041,0.000860,0.002805,40,64,5
769,10,seq,0.260648,0.000302,0.128947,0.389897,40,76,576
769,10,par,0.116925,0.044839,0.639464,0.801228,40,76,576
769,10,weights,0.115637,0.043332,0.443351,0.602320,40,76,576
769,10,cpp_seq,0.005428,0.000073,0.022013,0.027517,40,76,576
769,10,cpp_par,0.004604,0.000041,0.021499,0.026145,40,76,576
769,10,cpp_adv,0.004122,0.000101,0.021660,0.025884,40,76,576
770,10,seq,0.211008,0.000349,0.224166,0.435524,40,80,1024
770,10,par,0.093485,0.039323,0.555968,0.688776,40,80,1024
770,10,weights,0.102396,0.040742,0.464351,0.607489,40,80,1024
770,10,cpp_seq,0.003888,0.000073,0.037584,0.041547,40,80,1024
770,10,cpp_par,0.006539,0.000040,0.038242,0.044823,40,80,1024
770,10,cpp_adv,0.002085,0.000038,0.036348,0.038471,40,80,1024
771,10,seq,0.246706,0.000320,0.223805,0.470831,40,80,1024
771,10,par,0.099948,0.043915,0.505455,0.649319,40,80,1024
771,10,weights,0.099152,0.043740,0.585723,0.728615,40,80,1024
771,10,cpp_seq,0.007372,0.000074,0.039396,0.046843,40,80,1024
771,10,cpp_par,0.006152,0.000040,0.040389,0.046582,40,80,1024
771,10,cpp_adv,0.006438,0.000048,0.043122,0.049609,40,80,1024
772,10,seq,0.273403,0.000349,0.015096,0.288849,40,58,53
772,10,par,0.120519,0.062407,0.451877,0.634802,40,58,53
772,10,weights,0.126911,0.048944,0.444382,0.620238,40,58,53
772,10,cpp_seq,0.004515,0.000083,0.002704,0.007303,40,58,53
772,10,cpp_par,0.002527,0.000039,0.002495,0.005062,40,58,53
772,10,cpp_adv,0.002281,0.000039,0.002512,0.004832,40,58,53
773,10,seq,0.275867,0.000291,0.305101,0.581259,40,80,1024
773,10,par,0.124561,0.046083,0.554463,0.725108,40,80,1024
773,10,weights,0.155402,0.085700,0.483227,0.724329,40,80,1024
773,10,cpp_seq,0.003311,0.000074,0.037659,0.041045,40,80,1024
773,10,cpp_par,0.005075,0.000039,0.038743,0.043858,40,80,1024
773,10,cpp_adv,0.001829,0.000054,0.039703,0.041586,40,80,1024
774,10,seq,0.243923,0.000267,0.000315,0.244505,20,13,1
774,10,par,0.121045,0.042408,0.402772,0.566226,20,13,1
774,10,weights,0.145239,0.055446,0.405833,0.606518,20,13,1
774,10,cpp_seq,0.005425,0.000062,0.000070,0.005558,20,13,1
774,10,cpp_par,0.002999,0.000035,0.000074,0.003109,20,13,1
774,10,cpp_adv,0.002878,0.000037,0.000071,0.002986,20,13,1
775,10,seq,0.258121,0.000368,0.235650,0.494140,40,80,1024
775,10,par,0.234162,0.049348,0.609774,0.893285,40,80,1024
775,10,weights,1.542351,0.047900,0.477749,2.068000,40,80,1024
775,10,cpp_seq,0.003923,0.000071,0.038115,0.042111,40,80,1024
775,10,cpp_par,0.005180,0.000038,0.039172,0.044393,40,80,1024
775,10,cpp_adv,0.003458,0.000041,0.040408,0.043908,40,80,1024
776,10,seq,0.388130,0.000315,0.000563,0.389008,20,20,1
776,10,par,0.173128,0.041414,0.438796,0.653338,20,20,1
776,10,weights,2.768968,0.045601,0.365175,3.179743,20,20,1
776,10,cpp_seq,0.016108,0.000061,0.000123,0.016293,20,20,1
776,10,cpp_par,0.008209,0.000035,0.000131,0.008376,20,20,1
776,10,cpp_adv,0.007733,0.000033,0.000109,0.007876,20,20,1
777,10,seq,0.342381,0.000314,0.001780,0.344475,30,40,2
777,10,par,0.113056,0.044299,0.383593,0.540948,30,40,2
777,10,weights,0.150972,0.048142,0.549869,0.748983,30,40,2
777,10,cpp_seq,0.005862,0.000071,0.000546,0.006480,30,40,2
777,10,cpp_par,0.004507,0.000053,0.000610,0.005171,30,40,2
777,10,cpp_adv,0.007704,0.000082,0.000606,0.008394,30,40,2
778,10,seq,0.258044,0.000258,0.000204,0.258506,20,6,0
778,10,par,0.118522,0.044180,0.039290,0.201992,20,6,0
778,10,weights,0.121040,0.045144,0.042360,0.208544,20,6,0
778,10,cpp_seq,0.006725,0.000056,0.000020,0.006803,20,6,0
778,10,cpp_par,0.004169,0.000035,0.000021,0.004226,20,6,0
778,10,cpp_adv,0.003464,0.000032,0.000019,0.003517,20,6,0
779,10,seq,0.431162,0.000264,0.000489,0.431915,30,26,1
779,10,par,0.157869,0.045570,0.389130,0.592568,30,26,1
779,10,weights,0.164928,0.039751,0.448000,0.652678,30,26,1
779,10,cpp_seq,0.010635,0.000061,0.000115,0.010812,30,26,1
779,10,cpp_par,0.006871,0.000047,0.000149,0.007067,30,26,1
779,10,cpp_adv,0.005235,0.000036,0.000115,0.005387,30,26,1
780,10,seq,0.314442,0.000340,1.765214,2.079996,50,120,5852
780,10,par,0.180023,0.045034,1.187272,1.412328,50,120,5852
780,10,weights,0.137242,0.060401,1.162554,1.360197,50,120,5852
780,10,cpp_seq,0.006465,0.000078,0.230515,0.237059,50,120,5852
780,10,cpp_par,0.004332,0.000044,0.227354,0.231731,50,120,5852
780,10,cpp_adv,0.003371,0.000043,0.256490,0.259904,50,120,5852
781,10,seq,0.326187,0.000292,0.000372,0.326850,20,20,1
781,10,par,0.133191,0.056960,0.410740,0.600891,20,20,1
781,10,weights,1.140122,0.049032,0.505501,1.694655,20,20,1
781,10,cpp_seq,0.011311,0.000064,0.000134,0.011510,20,20,1
781,10,cpp_par,0.006577,0.000043,0.000110,0.006731,20,20,1
781,10,cpp_adv,0.006259,0.000039,0.000108,0.006407,20,20,1
782,10,seq,0.335288,0.000273,0.000299,0.335860,20,10,0
782,10,par,0.248980,0.042147,0.119396,0.410523,20,10,0
782,10,weights,0.115715,0.041104,0.121765,0.278585,20,10,0
782,10,cpp_seq,0.002711,0.000063,0.000030,0.002804,20,10,0
782,10,cpp_par,0.001461,0.000032,0.000026,0.001520,20,10,0
782,10,cpp_adv,0.001206,0.000031,0.000025,0.001263,20,10,0
783,10,seq,0.458923,0.000275,0.220238,0.679436,40,80,1024
783,10,par,0.170050,0.039887,0.467427,0.677364,40,80,1024
783,10,weights,0.151537,0.035589,0.697547,0.884673,40,80,1024
783,10,cpp_seq,0.013481,0.000077,0.040331,0.053890,40,80,1024
783,10,cpp_par,0.009841,0.000042,0.039715,0.049598,40,80,1024
783,10,cpp_adv,0.009782,0.000075,0.040170,0.050028,40,80,1024
784,10,seq,0.357849,0.000282,0.000413,0.358545,20,20,1
784,10,par,0.150203,0.041174,0.381269,0.572646,20,20,1
784,10,weights,0.154622,0.043538,0.388614,0.586774,20,20,1
784,10,cpp_seq,0.008675,0.000058,0.000106,0.008840,20,20,1
784,10,cpp_par,0.004611,0.000032,0.000104,0.004748,20,20,1
784,10,cpp_adv,0.004351,0.000032,0.000104,0.004488,20,20,1
785,10,seq,0.300689,0.000302,0.217875,0.518866,40,80,1024
785,10,par,0.120938,0.044159,0.474138,0.639235,40,80,1024
785,10,weights,0.127203,0.037243,0.635941,0.800386,40,80,1024
785,10,cpp_seq,0.006173,0.000072,0.038640,0.044887,40,80,1024
785,10,cpp_par,0.007000,0.000049,0.038074,0.045125,40,80,1024
785,10,cpp_adv,0.002882,0.000073,0.037389,0.040345,40,80,1024
786,10,seq,0.190192,0.000260,0.000389,0.190841,20,20,2
786,10,par,0.088159,0.041683,0.390958,0.520800,20,20,2
786,10,weights,0.094331,0.034500,0.358994,0.487825,20,20,2
786,10,cpp_seq,0.005920,0.000062,0.000119,0.006102,20,20,2
786,10,cpp_par,0.003163,0.000034,0.000113,0.003310,20,20,2
786,10,cpp_adv,0.003278,0.000035,0.000115,0.003429,20,20,2
787,10,seq,0.296790,0.000292,0.000464,0.297547,30,23,1
787,10,par,0.114709,0.039244,0.378016,0.531969,30,23,1
787,10,weights,0.136018,0.041460,0.391340,0.568819,30,23,1
787,10,cpp_seq,0.006480,0.000068,0.000143,0.006692,30,23,1
787,10,cpp_par,0.003364,0.000037,0.000123,0.003525,30,23,1
787,10,cpp_adv,0.003142,0.000037,0.000121,0.003301,30,23,1
788,10,seq,0.283594,0.000349,0.000218,0.284161,20,2,0
788,10,par,0.118323,0.050086,0.049915,0.218323,20,2,0
788,10,weights,0.133143,0.042717,0.000325,0.176185,20,2,0
788,10,cpp_seq,0.007466,0.000074,0.000017,0.007561,20,2,0
788,10,cpp_par,0.004159,0.000051,0.000016,0.004226,20,2,0
788,10,cpp_adv,0.003915,0.000034,0.000016,0.003966,20,2,0
789,10,seq,0.217801,0.000339,0.000293,0.218433,20,10,0
789,10,par,0.107124,0.047638,0.049498,0.204261,20,10,0
789,10,weights,0.117208,0.050753,0.048526,0.216487,20,10,0
789,10,cpp_seq,0.006792,0.000063,0.000025,0.006881,20,10,0
789,10,cpp_par,0.003986,0.000036,0.000022,0.004045,20,10,0
789,10,cpp_adv,0.004147,0.000045,0.000027,0.004219,20,10,0
790,10,seq,0.397782,0.000457,0.000154,0.398393,20,4,0
790,10,par,0.183214,0.051872,0.048929,0.284015,20,4,0
790,10,weights,0.202827,0.036575,0.000327,0.239728,20,4,0
790,10,cpp_seq,0.013696,0.000053,0.000015,0.013766,20,4,0
790,10,cpp_par,0.007285,0.000030,0.000014,0.007329,20,4,0
790,10,cpp_adv,0.006887,0.000028,0.000013,0.006928,20,4,0
791,10,seq,0.461254,0.000276,0.742111,1.203641,40,92,4549
791,10,par,0.198828,0.035531,0.681171,0.915531,40,92,4549
791,10,weights,0.196118,0.042029,0.782623,1.020770,40,92,4549
791,10,cpp_seq,0.017475,0.000075,0.132228,0.149780,40,92,4549
791,10,cpp_par,0.009805,0.000049,0.143560,0.153415,40,92,4549
791,10,cpp_adv,0.008857,0.000043,0.133202,0.142103,40,92,4549
792,10,seq,0.415955,0.000284,0.030411,0.446650,40,68,110
792,10,par,0.160138,0.036662,0.371197,0.567997,40,68,110
792,10,weights,0.174620,0.050073,0.373827,0.598520,40,68,110
792,10,cpp_seq,0.006011,0.000069,0.006236,0.012317,40,68,110
792,10,cpp_par,0.003895,0.000048,0.007130,0.011075,40,68,110
792,10,cpp_adv,0.003561,0.000039,0.006034,0.009633,40,68,110
793,10,seq,0.226141,0.000351,0.238179,0.464671,40,80,1024
793,10,par,0.097988,0.044642,0.414736,0.557366,40,80,1024
793,10,weights,0.108918,0.042284,0.444178,0.595380,40,80,1024
793,10,cpp_seq,0.005337,0.000077,0.039159,0.044573,40,80,1024
793,10,cpp_par,0.006005,0.000041,0.040412,0.046460,40,80,1024
793,10,cpp_adv,0.006622,0.000056,0.040638,0.047317,40,80,1024
794,10,seq,0.313438,0.000251,0.000094,0.313784,20,2,0
794,10,par,0.177934,0.080665,0.061586,0.320185,20,2,0
794,10,weights,0.150086,0.060261,0.000447,0.210794,20,2,0
794,10,cpp_seq,0.006874,0.000057,0.000016,0.006948,20,2,0
794,10,cpp_par,0.003726,0.000037,0.000015,0.003778,20,2,0
794,10,cpp_adv,0.003486,0.000032,0.000014,0.003533,20,2,0
795,10,seq,0.349362,0.000296,0.000280,0.349939,30,25,0
795,10,par,0.136127,0.039512,0.127436,0.303076,30,25,0
795,10,weights,0.141551,0.036127,0.118022,0.295701,30,25,0
795,10,cpp_seq,0.004258,0.000060,0.000050,0.004370,30,25,0
795,10,cpp_par,0.002548,0.000034,0.000049,0.002631,30,25,0
795,10,cpp_adv,0.002514,0.000035,0.000049,0.002598,30,25,0
796,10,seq,0.327634,0.000332,0.000402,0.328368,30,28,1
796,10,par,0.126153,0.037061,0.334068,0.497282,30,28,1
796,10,weights,0.132683,0.040187,0.373466,0.546336,30,28,1
796,10,cpp_seq,0.010810,0.000061,0.000117,0.010989,30,28,1
796,10,cpp_par,0.005547,0.000034,0.000115,0.005697,30,28,1
796,10,cpp_adv,0.005422,0.000035,0.000115,0.005573,30,28,1
797,10,seq,0.200473,0.000295,0.000555,0.201323,20,20,1
797,10,par,0.092464,0.035969,0.342545,0.470979,20,20,1
797,10,weights,0.091690,0.035187,0.348144,0.475021,20,20,1
797,10,cpp_seq,0.004462,0.000058,0.000106,0.004627,20,20,1
797,10,cpp_par,0.002499,0.000033,0.000105,0.002637,20,20,1
797,10,cpp_adv,0.002305,0.000032,0.000104,0.002441,20,20,1
798,10,seq,0.186595,0.000279,0.216151,0.403026,40,80,1024
798,10,par,0.094067,0.048072,0.464160,0.606299,40,80,1024
798,10,weights,0.097994,0.036007,0.547363,0.681364,40,80,1024
798,10,cpp_seq,0.003710,0.000085,0.037170,0.040966,40,80,1024
798,10,cpp_par,0.005154,0.000042,0.040514,0.045712,40,80,1024
798,10,cpp_adv,0.002213,0.000042,0.042038,0.044294,40,80,1024
799,10,seq,0.393162,0.000295,0.014038,0.407495,30,47,92
799,10,par,0.156162,0.038297,0.377813,0.572271,30,47,92
799,10,weights,0.170682,0.040017,0.439100,0.649799,30,47,92
799,10,cpp_seq,0.017632,0.000080,0.003799,0.021512,30,47,92
799,10,cpp_par,0.009418,0.000077,0.003901,0.013398,30,47,92
799,10,cpp_adv,0.011486,0.000051,0.004615,0.016153,30,47,92
800,10,seq,0.210772,0.000360,0.000442,0.211574,20,20,1
800,10,par,0.091596,0.039872,0.357876,0.489345,20,20,1
800,10,weights,0.094802,0.035632,0.390610,0.521044,20,20,1
800,10,cpp_seq,0.006265,0.000060,0.000108,0.006434,20,20,1
800,10,cpp_par,0.002987,0.000033,0.000105,0.003126,20,20,1
800,10,cpp_adv,0.002723,0.000031,0.000219,0.002974,20,20,1
801,10,seq,0.254620,0.000588,0.024175,0.279383,30,50,148
801,10,par,0.110779,0.042363,0.402757,0.555899,30,50,148
801,10,weights,0.111923,0.041055,0.394735,0.547712,30,50,148
801,10,cpp_seq,0.008762,0.000065,0.005116,0.013944,30,50,148
801,10,cpp_par,0.005333,0.000041,0.005163,0.010538,30,50,148
801,10,cpp_adv,0.004960,0.000039,0.005201,0.010201,30,50,148
802,10,seq,0.210676,0.000313,0.001657,0.212646,30,40,2
802,10,par,0.097002,0.037811,0.375408,0.510220,30,40,2
802,10,weights,0.104612,0.038642,0.379143,0.522397,30,40,2
802,10,cpp_seq,0.005022,0.000074,0.000400,0.005497,30,40,2
802,10,cpp_par,0.003113,0.000037,0.000420,0.003571,30,40,2
802,10,cpp_adv,0.002592,0.000043,0.000421,0.003058,30,40,2
803,10,seq,0.195354,0.000267,0.000218,0.195840,20,10,0
803,10,par,0.097227,0.038702,0.080300,0.216229,20,10,0
803,10,weights,0.104516,0.038846,0.080943,0.224305,20,10,0
803,10,cpp_seq,0.002637,0.000061,0.000028,0.002727,20,10,0
803,10,cpp_par,0.001533,0.000033,0.000023,0.001590,20,10,0
803,10,cpp_adv,0.001522,0.000054,0.000027,0.001605,20,10,0
804,10,seq,0.182376,0.000258,0.000112,0.182746,20,4,0
804,10,par,0.093423,0.039271,0.041244,0.173938,20,4,0
804,10,weights,0.106790,0.042957,0.000436,0.150183,20,4,0
804,10,cpp_seq,0.005001,0.000062,0.000018,0.005082,20,4,0
804,10,cpp_par,0.002472,0.000036,0.000017,0.002526,20,4,0
804,10,cpp_adv,0.003060,0.000037,0.000017,0.003115,20,4,0
805,10,seq,0.301493,0.000326,0.245254,0.547072,40,80,1024
805,10,par,0.120832,0.040442,0.553905,0.715179,40,80,1024
805,10,weights,0.119825,0.041274,0.490146,0.651245,40,80,1024
805,10,cpp_seq,0.007475,0.000077,0.039753,0.047307,40,80,1024
805,10,cpp_par,0.006890,0.000043,0.040217,0.047151,40,80,1024
805,10,cpp_adv,0.004641,0.000043,0.040414,0.045099,40,80,1024
806,10,seq,0.407028,0.000335,0.000398,0.407761,30,23,1
806,10,par,0.155443,0.039215,0.365408,0.560065,30,23,1
806,10,weights,0.149690,0.035885,0.354798,0.540373,30,23,1
806,10,cpp_seq,0.010460,0.000062,0.000112,0.010635,30,23,1
806,10,cpp_par,0.006013,0.000043,0.000155,0.006212,30,23,1
806,10,cpp_adv,0.006925,0.000045,0.000149,0.007121,30,23,1
807,10,seq,0.210998,0.000356,0.000393,0.211747,20,20,1
807,10,par,0.106488,0.038449,0.362181,0.507118,20,20,1
807,10,weights,0.106122,0.040428,0.364325,0.510875,20,20,1
807,10,cpp_seq,0.002652,0.000058,0.000104,0.002815,20,20,1
807,10,cpp_par,0.001560,0.000033,0.000170,0.001763,20,20,1
807,10,cpp_adv,0.001401,0.000032,0.000103,0.001536,20,20,1
808,10,seq,0.295263,0.000258,0.215208,0.510729,40,80,1024
808,10,par,0.120585,0.040658,0.502279,0.663522,40,80,1024
808,10,weights,0.127809,0.040159,0.488091,0.656059,40,80,1024
808,10,cpp_seq,0.006577,0.000079,0.043686,0.050343,40,80,1024
808,10,cpp_par,0.006231,0.000042,0.045132,0.051406,40,80,1024
808,10,cpp_adv,0.003888,0.000054,0.045894,0.049837,40,80,1024
809,10,seq,0.251290,0.000280,0.000236,0.251805,20,10,0
809,10,par,0.104869,0.040240,0.083942,0.229051,20,10,0
809,10,weights,0.114243,0.041181,0.087976,0.243399,20,10,0
809,10,cpp_seq,0.009828,0.000061,0.000027,0.009916,20,10,0
809,10,cpp_par,0.004951,0.000033,0.000024,0.005009,20,10,0
809,10,cpp_adv,0.005748,0.000035,0.000027,0.005810,20,10,0
810,10,seq,0.229777,0.000330,0.000425,0.230532,20,20,1
810,10,par,0.095895,0.039005,0.366310,0.501210,20,20,1
810,10,weights,0.103123,0.041840,0.333148,0.478110,20,20,1
810,10,cpp_seq,0.004215,0.000058,0.000104,0.004377,20,20,1
810,10,cpp_par,0.002431,0.000032,0.000104,0.002567,20,20,1
810,10,cpp_adv,0.002070,0.000031,0.000102,0.002203,20,20,1
811,10,seq,2.330085,0.000235,0.000084,2.330404,20,4,0
811,10,par,0.129414,0.034936,0.037620,0.201971,20,4,0
811,10,weights,0.112723,0.036908,0.000737,0.150368,20,4,0
811,10,cpp_seq,0.005394,0.000054,0.000016,0.005464,20,4,0
811,10,cpp_par,0.003290,0.000040,0.000016,0.003347,20,4,0
811,10,cpp_adv,0.002814,0.000030,0.000014,0.002859,20,4,0
812,10,seq,0.331141,0.000267,0.000402,0.331811,30,26,1
812,10,par,0.140426,0.039550,0.380038,0.560014,30,26,1
812,10,weights,0.158034,0.040849,0.403074,0.601956,30,26,1
812,10,cpp_seq,0.015729,0.000060,0.000127,0.015917,30,26,1
812,10,cpp_par,0.008417,0.000036,0.000129,0.008583,30,26,1
812,10,cpp_adv,0.008197,0.000037,0.000129,0.008365,30,26,1
813,10,seq,0.244351,0.000583,0.001362,0.246295,30,34,1
813,10,par,0.132665,0.063073,0.398002,0.593739,30,34,1
813,10,weights,0.120402,0.045400,0.428627,0.594430,30,34,1
813,10,cpp_seq,0.009459,0.000073,0.000207,0.009740,30,34,1
813,10,cpp_par,0.004118,0.000037,0.000189,0.004344,30,34,1
813,10,cpp_adv,0.004285,0.000037,0.000190,0.004513,30,34,1
814,10,seq,0.253648,0.000284,0.000222,0.254154,20,6,0
814,10,par,0.109688,0.041300,0.039711,0.190698,20,6,0
814,10,weights,0.111798,0.041305,0.041020,0.194122,20,6,0
814,10,cpp_seq,0.004938,0.000061,0.000021,0.005021,20,6,0
814,10,cpp_par,0.003624,0.000597,0.000114,0.004338,20,6,0
814,10,cpp_adv,0.003250,0.000043,0.000025,0.003319,20,6,0
815,10,seq,0.396037,0.000276,0.004709,0.401023,30,44,17
815,10,par,0.160952,0.036562,0.368088,0.565602,30,44,17
815,10,weights,0.367012,0.048383,0.424823,0.840218,30,44,17
815,10,cpp_seq,0.014634,0.000066,0.002209,0.016910,30,44,17
815,10,cpp_par,0.010036,0.000047,0.001058,0.011142,30,44,17
815,10,cpp_adv,0.010076,0.000053,0.001049,0.011179,30,44,17
816,10,seq,0.208177,0.000384,0.000551,0.209112,20,20,1
816,10,par,0.098256,0.039770,0.331448,0.469474,20,20,1
816,10,weights,0.099457,0.034621,0.335422,0.469500,20,20,1
816,10,cpp_seq,0.004951,0.000057,0.000106,0.005114,20,20,1
816,10,cpp_par,0.002667,0.000032,0.000104,0.002804,20,20,1
816,10,cpp_adv,0.002501,0.000032,0.000103,0.002637,20,20,1
817,10,seq,0.186946,0.000260,0.000115,0.187321,20,3,0
817,10,par,0.087089,0.037708,0.035983,0.160780,20,3,0
817,10,weights,0.092344,0.040138,0.000335,0.132817,20,3,0
817,10,cpp_seq,0.003559,0.000057,0.000018,0.003635,20,3,0
817,10,cpp_par,0.001917,0.000033,0.000014,0.001965,20,3,0
817,10,cpp_adv,0.002079,0.000038,0.000018,0.002137,20,3,0
818,10,seq,0.175249,0.000256,0.000331,0.175837,20,20,0
818,10,par,0.081610,0.034269,0.397495,0.513374,20,20,0
818,10,weights,0.085843,0.036287,0.325103,0.447233,20,20,0
818,10,cpp_seq,0.005339,0.000058,0.000103,0.005500,20,20,0
818,10,cpp_par,0.003040,0.000042,0.000102,0.003184,20,20,0
818,10,cpp_adv,0.002779,0.000032,0.000101,0.002912,20,20,0
819,10,seq,0.186214,0.000409,0.000617,0.187240,20,20,1
819,10,par,0.094027,0.038676,0.366532,0.499235,20,20,1
819,10,weights,0.097353,0.037276,0.339084,0.473712,20,20,1
819,10,cpp_seq,0.005077,0.000056,0.000103,0.005236,20,20,1
819,10,cpp_par,0.002791,0.000035,0.000110,0.002936,20,20,1
819,10,cpp_adv,0.002613,0.000033,0.000121,0.002768,20,20,1
820,10,seq,0.219022,0.000280,0.000184,0.219487,20,10,0
820,10,par,0.098808,0.036890,0.042518,0.178216,20,10,0
820,10,weights,0.111566,0.041109,0.035862,0.188537,20,10,0
820,10,cpp_seq,0.002529,0.000061,0.000021,0.002612,20,10,0
820,10,cpp_par,0.001537,0.000034,0.000020,0.001592,20,10,0
820,10,cpp_adv,0.001314,0.000033,0.000019,0.001366,20,10,0
821,10,seq,0.416616,0.000286,0.000205,0.417107,20,10,0
821,10,par,0.169274,0.039317,0.038368,0.246959,20,10,0
821,10,weights,0.169560,0.039740,0.035040,0.244340,20,10,0
821,10,cpp_seq,0.016492,0.000061,0.000022,0.016575,20,10,0
821,10,cpp_par,0.008319,0.000034,0.000020,0.008374,20,10,0
821,10,cpp_adv,0.008192,0.000035,0.000020,0.008247,20,10,0
822,10,seq,0.249993,0.000281,0.165105,0.415379,40,76,768
822,10,par,0.116366,0.040960,0.482163,0.639489,40,76,768
822,10,weights,0.117675,0.044284,0.429916,0.591875,40,76,768
822,10,cpp_seq,0.007246,0.000076,0.032174,0.039497,40,76,768
822,10,cpp_par,0.005831,0.000047,0.028463,0.034342,40,76,768
822,10,cpp_adv,0.003720,0.000039,0.027802,0.031561,40,76,768
823,10,seq,0.476178,0.000276,0.022045,0.498498,30,50,146
823,10,par,0.180770,0.035403,0.368981,0.585153,30,50,146
823,10,weights,0.197699,0.040040,0.380323,0.618061,30,50,146
823,10,cpp_seq,0.012630,0.000062,0.005385,0.018079,30,50,146
823,10,cpp_par,0.007721,0.000037,0.005373,0.013132,30,50,146
823,10,cpp_adv,0.006600,0.000036,0.005147,0.011784,30,50,146
824,10,seq,0.206346,0.000285,0.007797,0.214427,30,44,33
824,10,par,0.090480,0.053543,0.339205,0.483228,30,44,33
824,10,weights,0.089502,0.082929,0.375521,0.547952,30,44,33
824,10,cpp_seq,0.004049,0.000063,0.001926,0.006038,30,44,33
824,10,cpp_par,0.002390,0.000035,0.001892,0.004319,30,44,33
824,10,cpp_adv,0.002160,0.000035,0.001874,0.004071,30,44,33
825,10,seq,0.187516,0.000306,0.000372,0.188194,20,20,1
825,10,par,0.089386,0.035427,0.329069,0.453882,20,20,1
825,10,weights,0.109910,0.041255,0.352284,0.503449,20,20,1
825,10,cpp_seq,0.006839,0.000062,0.000112,0.007014,20,20,1
825,10,cpp_par,0.003757,0.000035,0.000111,0.003903,20,20,1
825,10,cpp_adv,0.003498,0.000034,0.000111,0.003643,20,20,1
826,10,seq,0.191999,0.000284,0.000240,0.192523,20,10,1
826,10,par,0.090110,0.037553,0.362012,0.489675,20,10,1
826,10,weights,0.096679,0.037777,0.360425,0.494881,20,10,1
826,10,cpp_seq,0.005187,0.000060,0.000077,0.005325,20,10,1
826,10,cpp_par,0.002846,0.000033,0.000064,0.002944,20,10,1
826,10,cpp_adv,0.002646,0.000033,0.000063,0.002742,20,10,1
827,10,seq,0.220060,0.000284,0.000360,0.220704,20,20,1
827,10,par,0.105450,0.040777,0.348331,0.494558,20,20,1
827,10,weights,0.130587,0.046274,0.387998,0.564858,20,20,1
827,10,cpp_seq,0.005989,0.000057,0.000141,0.006189,20,20,1
827,10,cpp_par,0.003240,0.000035,0.000103,0.003379,20,20,1
827,10,cpp_adv,0.003535,0.000033,0.000105,0.003674,20,20,1
828,10,seq,0.253232,0.000393,0.214665,0.468291,40,80,1024
828,10,par,0.103259,0.039649,0.545563,0.688470,40,80,1024
828,10,weights,0.104821,0.037542,0.459666,0.602029,40,80,1024
828,10,cpp_seq,0.005755,0.000088,0.037273,0.043118,40,80,1024
828,10,cpp_par,0.006568,0.000049,0.037795,0.044413,40,80,1024
828,10,cpp_adv,0.003236,0.000050,0.038757,0.042043,40,80,1024
829,10,seq,0.283193,0.000270,0.209570,0.493033,40,80,1024
829,10,par,0.116550,0.038094,0.514589,0.669233,40,80,1024
829,10,weights,0.148032,0.048895,0.497024,0.693951,40,80,1024
829,10,cpp_seq,0.015558,0.000076,0.041481,0.057117,40,80,1024
829,10,cpp_par,0.010056,0.000048,0.042732,0.052838,40,80,1024
829,10,cpp_adv,0.012866,0.000048,0.042050,0.054965,40,80,1024
830,10,seq,0.296699,0.000280,0.000358,0.297338,20,10,1
830,10,par,0.110664,0.040443,0.393954,0.545060,20,10,1
830,10,weights,0.121265,0.046826,0.374112,0.542203,20,10,1
830,10,cpp_seq,0.007958,0.000060,0.000066,0.008085,20,10,1
830,10,cpp_par,0.004235,0.000034,0.000066,0.004335,20,10,1
830,10,cpp_adv,0.004018,0.000035,0.000064,0.004117,20,10,1
831,10,seq,0.241056,0.000310,0.000486,0.241851,20,20,1
831,10,par,0.120399,0.046675,0.357929,0.525003,20,20,1
831,10,weights,0.105083,0.050939,0.390704,0.546726,20,20,1
831,10,cpp_seq,0.005191,0.000058,0.000105,0.005355,20,20,1
831,10,cpp_par,0.003038,0.000034,0.000105,0.003177,20,20,1
831,10,cpp_adv,0.002484,0.000032,0.000152,0.002668,20,20,1
832,10,seq,0.224852,0.000259,0.000221,0.225332,20,6,0
832,10,par,0.101175,0.044005,0.077316,0.222497,20,6,0
832,10,weights,0.105846,0.050958,0.084062,0.240866,20,6,0
832,10,cpp_seq,0.004810,0.000056,0.000028,0.004895,20,6,0
832,10,cpp_par,0.002641,0.000032,0.000028,0.002702,20,6,0
832,10,cpp_adv,0.002385,0.000043,0.000076,0.002506,20,6,0
833,10,seq,0.452826,0.000273,0.001348,0.454446,30,40,2
833,10,par,0.180987,0.059799,0.377090,0.617875,30,40,2
833,10,weights,0.185080,0.039311,0.377780,0.602171,30,40,2
833,10,cpp_seq,0.014805,0.000062,0.000308,0.015176,30,40,2
833,10,cpp_par,0.007720,0.000035,0.000309,0.008065,30,40,2
833,10,cpp_adv,0.007492,0.000048,0.000309,0.007849,30,40,2
834,10,seq,0.230953,0.000250,0.000111,0.231313,20,2,0
834,10,par,0.100767,0.043294,0.036527,0.180588,20,2,0
834,10,weights,0.109969,0.037447,0.000307,0.147723,20,2,0
834,10,cpp_seq,0.007033,0.000054,0.000016,0.007103,20,2,0
834,10,cpp_par,0.003838,0.000031,0.000015,0.003884,20,2,0
834,10,cpp_adv,0.004213,0.000042,0.000016,0.004271,20,2,0
835,10,seq,0.202249,0.000301,0.007276,0.209826,30,46,36
835,10,par,0.091207,0.036068,0.352866,0.480141,30,46,36
835,10,weights,0.101308,0.040011,0.376883,0.518203,30,46,36
835,10,cpp_seq,0.006832,0.000084,0.001745,0.008663,30,46,36
835,10,cpp_par,0.003752,0.000039,0.001900,0.005692,30,46,36
835,10,cpp_adv,0.003611,0.000040,0.001786,0.005437,30,46,36
836,10,seq,0.253478,0.000286,0.000245,0.254008,20,10,1
836,10,par,0.110977,0.042790,0.373528,0.527296,20,10,1
836,10,weights,0.112841,0.043025,0.364235,0.520101,20,10,1
836,10,cpp_seq,0.007853,0.000058,0.000064,0.007975,20,10,1
836,10,cpp_par,0.005091,0.000035,0.000066,0.005192,20,10,1
836,10,cpp_adv,0.003937,0.000033,0.000075,0.004045,20,10,1
837,10,seq,0.244648,0.000279,0.000091,0.245018,20,3,0
837,10,par,0.102705,0.041238,0.044006,0.187950,20,3,0
837,10,weights,0.107698,0.040442,0.000360,0.148501,20,3,0
837,10,cpp_seq,0.006578,0.000059,0.000020,0.006657,20,3,0
837,10,cpp_par,0.003564,0.000033,0.000016,0.003614,20,3,0
837,10,cpp_adv,0.003816,0.000044,0.000020,0.003881,20,3,0
838,10,seq,0.180225,0.000259,0.000376,0.180859,20,20,2
838,10,par,0.091413,0.036763,0.403412,0.531588,20,20,2
838,10,weights,0.104447,0.045487,0.474413,0.624347,20,20,2
838,10,cpp_seq,0.003903,0.000060,0.000109,0.004072,20,20,2
838,10,cpp_par,0.002235,0.000033,0.000109,0.002378,20,20,2
838,10,cpp_adv,0.002093,0.000033,0.000108,0.002235,20,20,2
839,10,seq,0.281701,0.000265,0.000185,0.282151,20,6,0
839,10,par,0.118213,0.058258,0.036538,0.213009,20,6,0
839,10,weights,0.117260,0.039943,0.036074,0.193277,20,6,0
839,10,cpp_seq,0.005183,0.000059,0.000020,0.005263,20,6,0
839,10,cpp_par,0.002871,0.000030,0.000017,0.002918,20,6,0
839,10,cpp_adv,0.002750,0.000030,0.000017,0.002797,20,6,0
840,10,seq,0.250384,0.000281,0.211912,0.462577,40,80,1024
840,10,par,0.135887,0.036300,0.426050,0.598237,40,80,1024
840,10,weights,0.104852,0.035918,0.440249,0.581019,40,80,1024
840,10,cpp_seq,0.005713,0.000071,0.037018,0.042803,40,80,1024
840,10,cpp_par,0.005685,0.000038,0.037544,0.043268,40,80,1024
840,10,cpp_adv,0.005630,0.000046,0.038551,0.044229,40,80,1024
841,10,seq,0.188570,0.000255,0.000112,0.188938,20,1,0
841,10,par,0.090601,0.034459,0.035787,0.160846,20,1,0
841,10,weights,0.143562,0.043107,0.000269,0.186938,20,1,0
841,10,cpp_seq,0.004155,0.000060,0.000017,0.004233,20,1,0
841,10,cpp_par,0.002419,0.000036,0.000017,0.002472,20,1,0
841,10,cpp_adv,0.002186,0.000033,0.000016,0.002236,20,1,0
842,10,seq,0.263045,0.000293,0.000435,0.263772,20,20,1
842,10,par,0.108217,0.048030,0.368015,0.524262,20,20,1
842,10,weights,0.110672,0.039728,0.368212,0.518612,20,20,1
842,10,cpp_seq,0.006497,0.000061,0.000113,0.006673,20,20,1
842,10,cpp_par,0.003891,0.000053,0.000113,0.004058,20,20,1
842,10,cpp_adv,0.003524,0.000036,0.000115,0.003676,20,20,1
843,10,seq,0.698051,0.000289,0.000391,0.698730,20,20,1
843,10,par,0.213944,0.039485,0.405389,0.658818,20,20,1
843,10,weights,0.125051,0.036154,0.356443,0.517648,20,20,1
843,10,cpp_seq,0.003403,0.000058,0.000105,0.003565,20,20,1
843,10,cpp_par,0.001880,0.000031,0.000104,0.002015,20,20,1
843,10,cpp_adv,0.001665,0.000031,0.000102,0.001799,20,20,1
844,10,seq,0.269877,0.000284,0.053063,0.323225,30,54,432
844,10,par,0.098108,0.034916,0.356656,0.489680,30,54,432
844,10,weights,0.100587,0.034621,0.368714,0.503922,30,54,432
844,10,cpp_seq,0.002903,0.000068,0.011894,0.014866,30,54,432
844,10,cpp_par,0.003035,0.000037,0.012233,0.015306,30,54,432
844,10,cpp_adv,0.001612,0.000035,0.011591,0.013238,30,54,432
845,10,seq,0.341372,0.000287,0.206986,0.548645,40,80,1024
845,10,par,0.134792,0.035662,0.630021,0.800475,40,80,1024
845,10,weights,1.057427,0.042657,0.428148,1.528232,40,80,1024
845,10,cpp_seq,0.008345,0.000085,0.039080,0.047511,40,80,1024
845,10,cpp_par,0.007361,0.000041,0.039490,0.046893,40,80,1024
845,10,cpp_adv,0.004125,0.000041,0.039791,0.043959,40,80,1024
846,10,seq,0.221745,0.000274,0.003199,0.225218,30,44,17
846,10,par,0.189089,0.038827,0.357785,0.585701,30,44,17
846,10,weights,0.105155,0.037059,0.371067,0.513280,30,44,17
846,10,cpp_seq,0.005723,0.000068,0.000772,0.006565,30,44,17
846,10,cpp_par,0.003152,0.000038,0.000759,0.003950,30,44,17
846,10,cpp_adv,0.002892,0.000052,0.000772,0.003717,30,44,17
847,10,seq,0.219140,0.000276,0.000234,0.219651,20,10,0
847,10,par,0.106772,0.037275,0.037223,0.181271,20,10,0
847,10,weights,0.098030,0.034354,0.033795,0.166179,20,10,0
847,10,cpp_seq,0.003596,0.000055,0.000019,0.003671,20,10,0
847,10,cpp_par,0.002156,0.000031,0.000018,0.002206,20,10,0
847,10,cpp_adv,0.001957,0.000031,0.000018,0.002006,20,10,0
848,10,seq,0.178451,0.000232,0.000339,0.179021,20,20,1
848,10,par,54.678287,0.047066,0.362322,55.087675,20,20,1
848,10,weights,0.105179,0.036618,0.366887,0.508684,20,20,1
848,10,cpp_seq,0.006374,0.000064,0.000116,0.006555,20,20,1
848,10,cpp_par,0.003800,0.000042,0.000114,0.003957,20,20,1
848,10,cpp_adv,0.003653,0.000048,0.000144,0.003846,20,20,1
849,10,seq,0.206442,0.000286,0.000311,0.207040,20,15,1
849,10,par,0.104711,0.037064,0.337399,0.479175,20,15,1
849,10,weights,0.101787,0.035268,0.307585,0.444639,20,15,1
849,10,cpp_seq,0.009185,0.000055,0.000080,0.009320,20,15,1
849,10,cpp_par,0.004882,0.000031,0.000062,0.004976,20,15,1
849,10,cpp_adv,0.004796,0.000030,0.000062,0.004889,20,15,1
850,10,seq,0.192056,0.000248,0.002679,0.194983,30,42,5
850,10,par,0.088844,0.033101,0.313189,0.435133,30,42,5
850,10,weights,0.090682,0.035858,57.314592,57.441132,30,42,5
850,10,cpp_seq,0.005371,0.000062,0.000650,0.006083,30,42,5
850,10,cpp_par,0.003225,0.000036,0.000693,0.003955,30,42,5
850,10,cpp_adv,0.002753,0.000036,0.000619,0.003409,30,42,5
851,10,seq,0.276708,0.000317,3.891352,4.168377,50,128,13216
851,10,par,0.112694,0.037689,1.845003,1.995385,50,128,13216
851,10,weights,0.131149,0.041741,1.836378,2.009268,50,128,13216
851,10,cpp_seq,0.007056,0.000080,0.511415,0.518553,50,128,13216
851,10,cpp_par,0.004920,0.000052,0.525527,0.530500,50,128,13216
851,10,cpp_adv,0.004994,0.000056,0.526214,0.531265,50,128,13216
852,10,seq,0.239818,0.000260,0.000177,0.240256,20,10,0
852,10,par,0.206947,0.040719,0.060494,0.308161,20,10,0
852,10,weights,0.128572,0.049271,0.047788,0.225631,20,10,0
852,10,cpp_seq,0.011617,0.000059,0.000021,0.011698,20,10,0
852,10,cpp_par,0.005231,0.000032,0.000020,0.005284,20,10,0
852,10,cpp_adv,0.005015,0.000032,0.000032,0.005079,20,10,0
853,10,seq,0.179377,0.000232,0.000128,0.179737,20,3,0
853,10,par,34.213378,0.046699,0.043724,34.303801,20,3,0
853,10,weights,0.106193,0.039321,0.000342,0.145855,20,3,0
853,10,cpp_seq,0.005894,0.000057,0.000016,0.005968,20,3,0
853,10,cpp_par,0.003239,0.000032,0.000015,0.003287,20,3,0
853,10,cpp_adv,0.002920,0.000031,0.000014,0.002964,20,3,0
854,10,seq,0.302128,0.000319,0.000400,0.302848,20,20,1
854,10,par,0.108628,0.042169,0.401700,0.552498,20,20,1
854,10,weights,0.106424,0.036278,0.384153,0.526856,20,20,1
854,10,cpp_seq,0.005872,0.000064,0.000146,0.006083,20,20,1
854,10,cpp_par,0.002991,0.000033,0.000106,0.003130,20,20,1
854,10,cpp_adv,0.002744,0.000033,0.000106,0.002884,20,20,1
855,10,seq,0.200069,0.000305,0.264193,0.464567,40,80,1024
855,10,par,0.101570,0.037901,0.466826,0.606297,40,80,1024
855,10,weights,0.096578,0.043686,0.483979,0.624243,40,80,1024
855,10,cpp_seq,0.017437,0.000114,0.100856,0.118409,40,80,1024
855,10,cpp_par,0.005863,0.000041,0.046187,0.052093,40,80,1024
855,10,cpp_adv,0.007011,0.000049,0.040184,0.047246,40,80,1024
856,10,seq,0.283651,0.000270,0.250125,0.534046,40,80,1024
856,10,par,0.121766,0.036274,0.463566,0.621605,40,80,1024
856,10,weights,0.130460,0.042996,0.485507,0.658962,40,80,1024
856,10,cpp_seq,0.007934,0.000072,0.038918,0.046925,40,80,1024
856,10,cpp_par,0.006731,0.000039,0.039554,0.046325,40,80,1024
856,10,cpp_adv,0.007261,0.000056,0.039021,0.046340,40,80,1024
857,10,seq,0.183151,0.000271,0.000210,0.183632,20,6,0
857,10,par,0.097852,0.039811,0.036554,0.174217,20,6,0
857,10,weights,0.103040,0.037117,0.039254,0.179411,20,6,0
857,10,cpp_seq,0.005007,0.000065,0.000022,0.005096,20,6,0
857,10,cpp_par,0.002689,0.000036,0.000020,0.002745,20,6,0
857,10,cpp_adv,0.002318,0.000032,0.000017,0.002367,20,6,0
858,10,seq,0.194383,0.000239,0.000352,0.194973,20,20,1
858,10,par,54.757502,0.058712,0.354330,55.170543,20,20,1
858,10,weights,0.097615,0.039348,0.320069,0.457031,20,20,1
858,10,cpp_seq,0.003428,0.000061,0.000110,0.003600,20,20,1
858,10,cpp_par,0.002319,0.000073,0.000123,0.002517,20,20,1
858,10,cpp_adv,0.001769,0.000034,0.000122,0.001926,20,20,1
859,10,seq,0.417711,0.000258,0.219332,0.637302,40,80,1024
859,10,par,0.157071,0.040543,0.421735,0.619349,40,80,1024
859,10,weights,0.140713,0.036105,0.510730,0.687549,40,80,1024
859,10,cpp_seq,0.011420,0.000072,0.037243,0.048736,40,80,1024
859,10,cpp_par,0.008719,0.000041,0.037789,0.046550,40,80,1024
859,10,cpp_adv,0.008273,0.000048,0.038816,0.047138,40,80,1024
860,10,seq,0.399125,0.000296,0.225399,0.624820,40,80,1024
860,10,par,0.164764,0.040419,0.449191,0.654374,40,80,1024
860,10,weights,0.161478,0.038481,54.904941,55.104899,40,80,1024
860,10,cpp_seq,0.015882,0.000071,0.038531,0.054486,40,80,1024
860,10,cpp_par,0.011091,0.000041,0.040566,0.051700,40,80,1024
860,10,cpp_adv,0.008116,0.000039,0.037968,0.046124,40,80,1024
861,10,seq,0.221181,0.000321,0.000373,0.221876,20,20,1
861,10,par,0.115688,0.039759,0.336482,0.491929,20,20,1
861,10,weights,0.123853,0.040288,0.365889,0.530029,20,20,1
861,10,cpp_seq,0.004318,0.000059,0.000108,0.004487,20,20,1
861,10,cpp_par,0.002418,0.000033,0.000108,0.002559,20,20,1
861,10,cpp_adv,0.002161,0.000033,0.000107,0.002302,20,20,1
862,10,seq,0.327351,0.000248,0.000345,0.327944,20,20,1
862,10,par,0.136074,0.038598,0.364016,0.538688,20,20,1
862,10,weights,0.142526,0.039082,0.314773,0.496381,20,20,1
862,10,cpp_seq,0.007021,0.000069,0.000116,0.007207,20,20,1
862,10,cpp_par,0.003870,0.000120,0.000110,0.004101,20,20,1
862,10,cpp_adv,0.003605,0.000032,0.000123,0.003761,20,20,1
863,10,seq,0.373504,0.000263,0.000137,0.373904,20,8,0
863,10,par,55.214305,0.038049,0.034796,55.287151,20,8,0
863,10,weights,0.157759,0.036235,0.000298,0.194292,20,8,0
863,10,cpp_seq,0.010165,0.000058,0.000019,0.010243,20,8,0
863,10,cpp_par,0.005525,0.000034,0.000019,0.005578,20,8,0
863,10,cpp_adv,0.006868,0.000044,0.000022,0.006935,20,8,0
864,10,seq,0.203026,0.000278,0.000249,0.203552,20,14,1
864,10,par,0.106966,0.048814,0.543729,0.699508,20,14,1
864,10,weights,0.099389,0.035484,0.351002,0.485875,20,14,1
864,10,cpp_seq,0.005019,0.000059,0.000068,0.005146,20,14,1
864,10,cpp_par,0.002565,0.000032,0.000065,0.002662,20,14,1
864,10,cpp_adv,0.002433,0.000032,0.000065,0.002531,20,14,1
865,10,seq,0.254668,0.000364,0.216130,0.471162,40,80,1024
865,10,par,0.121180,0.047553,0.572056,0.740788,40,80,1024
865,10,weights,0.114451,0.035986,56.829200,56.979637,40,80,1024
865,10,cpp_seq,0.009250,0.000099,0.048109,0.057459,40,80,1024
865,10,cpp_par,0.006268,0.000043,0.040777,0.047090,40,80,1024
865,10,cpp_adv,0.003752,0.000043,0.042826,0.046621,40,80,1024
866,10,seq,0.486018,0.000318,2.865245,3.351581,50,126,9959
866,10,par,0.239235,0.037065,1.518605,1.794906,50,126,9959
866,10,weights,0.102833,0.039534,1.552252,1.694618,50,126,9959
866,10,cpp_seq,0.003970,0.000086,0.380652,0.384710,50,126,9959
866,10,cpp_par,0.003119,0.000053,0.371769,0.374943,50,126,9959
866,10,cpp_adv,0.002522,0.000052,0.368978,0.371554,50,126,9959
867,10,seq,0.245513,0.000265,0.000390,0.246168,20,20,1
867,10,par,0.123613,0.039721,0.343271,0.506606,20,20,1
867,10,weights,0.158482,0.040832,0.367099,0.566413,20,20,1
867,10,cpp_seq,0.007131,0.000060,0.000111,0.007302,20,20,1
867,10,cpp_par,0.003814,0.000049,0.000109,0.003972,20,20,1
867,10,cpp_adv,0.003770,0.000050,0.000110,0.003931,20,20,1
868,10,seq,0.276217,0.000244,36.956026,37.232487,20,10,0
868,10,par,0.245411,0.048088,0.040489,0.333988,20,10,0
868,10,weights,0.128661,0.037858,0.040171,0.206691,20,10,0
868,10,cpp_seq,0.014278,0.000057,0.000021,0.014357,20,10,0
868,10,cpp_par,0.007490,0.000035,0.000021,0.007547,20,10,0
868,10,cpp_adv,0.006946,0.000032,0.000020,0.006998,20,10,0
869,10,seq,0.269692,0.000242,0.000193,0.270126,20,10,0
869,10,par,0.118361,0.050941,0.052089,0.221391,20,10,0
869,10,weights,0.165680,0.037375,0.035784,0.238839,20,10,0
869,10,cpp_seq,0.013249,0.000062,0.000022,0.013334,20,10,0
869,10,cpp_par,0.006646,0.000031,0.000018,0.006695,20,10,0
869,10,cpp_adv,0.006587,0.000033,0.000019,0.006640,20,10,0
870,10,seq,0.274920,0.000269,0.000299,0.275488,20,10,1
870,10,par,0.122277,0.037900,0.346919,0.507097,20,10,1
870,10,weights,0.120279,0.035301,0.339516,0.495096,20,10,1
870,10,cpp_seq,0.009240,0.000057,0.000061,0.009359,20,10,1
870,10,cpp_par,0.005027,0.000034,0.000063,0.005125,20,10,1
870,10,cpp_adv,0.004605,0.000032,0.000060,0.004698,20,10,1
871,10,seq,0.480541,0.000650,1.971584,2.452775,50,120,6557
871,10,par,0.104313,0.036406,1.133335,1.274054,50,120,6557
871,10,weights,0.115314,0.039705,1.081328,1.236347,50,120,6557
871,10,cpp_seq,0.006270,0.000081,0.267747,0.274100,50,120,6557
871,10,cpp_par,0.003902,0.000044,0.269394,0.273356,50,120,6557
871,10,cpp_adv,0.003542,0.000045,0.263212,0.266800,50,120,6557
872,10,seq,0.182830,0.000267,0.000232,0.183329,20,11,1
872,10,par,0.184301,0.035367,0.330570,0.550239,20,11,1
872,10,weights,0.379881,0.041639,0.370651,0.792172,20,11,1
872,10,cpp_seq,0.004627,0.000058,0.000065,0.004750,20,11,1
872,10,cpp_par,0.002749,0.000042,0.000087,0.002878,20,11,1
872,10,cpp_adv,0.002797,0.000035,0.000088,0.002921,20,11,1
873,10,seq,0.187639,0.000243,0.000347,0.188229,20,20,1
873,10,par,45.126020,0.054528,0.382109,45.562658,20,20,1
873,10,weights,0.116791,0.047164,0.469495,0.633450,20,20,1
873,10,cpp_seq,0.006365,0.000066,0.000121,0.006553,20,20,1
873,10,cpp_par,0.004177,0.000045,0.000145,0.004368,20,20,1
873,10,cpp_adv,0.002879,0.000034,0.000108,0.003022,20,20,1
874,10,seq,0.225832,0.000259,0.000446,0.226536,20,20,1
874,10,par,0.103616,0.039293,0.351831,0.494740,20,20,1
874,10,weights,0.116418,0.036201,0.367689,0.520308,20,20,1
874,10,cpp_seq,0.006628,0.000061,0.000111,0.006800,20,20,1
874,10,cpp_par,0.003504,0.000041,0.000118,0.003664,20,20,1
874,10,cpp_adv,0.002760,0.000035,0.000110,0.002905,20,20,1
875,10,seq,0.292203,0.000398,18.166646,18.459246,60,176,46656
875,10,par,0.107851,0.040738,6.735140,6.883729,60,176,46656
875,10,weights,0.105373,0.038168,6.531297,6.674838,60,176,46656
875,10,cpp_seq,0.014917,0.000138,2.208997,2.224055,60,176,46656
875,10,cpp_par,0.004453,0.000060,2.164307,2.168821,60,176,46656
875,10,cpp_adv,0.004571,0.000062,2.128670,2.133304,60,176,46656
876,10,seq,0.392999,0.000272,0.221687,0.614958,40,80,1024
876,10,par,0.145864,0.043257,0.537529,0.726650,40,80,1024
876,10,weights,1.887761,0.047282,0.473360,2.408403,40,80,1024
876,10,cpp_seq,0.011537,0.000073,0.038672,0.050283,40,80,1024
876,10,cpp_par,0.008921,0.000040,0.038452,0.047415,40,80,1024
876,10,cpp_adv,0.008363,0.000046,0.040452,0.048862,40,80,1024
877,10,seq,0.577422,0.000398,0.000540,0.578360,30,30,1
877,10,par,0.096464,0.045271,0.370592,0.512327,30,30,1
877,10,weights,0.127672,0.038815,0.363031,0.529518,30,30,1
877,10,cpp_seq,0.005722,0.000064,0.000156,0.005943,30,30,1
877,10,cpp_par,0.003157,0.000035,0.000149,0.003342,30,30,1
877,10,cpp_adv,0.002962,0.000035,0.000149,0.003147,30,30,1
878,10,seq,0.409795,0.000245,0.000360,0.410400,20,20,2
878,10,par,0.206168,0.046476,0.362166,0.614810,20,20,2
878,10,weights,37.097257,0.055147,0.554554,37.706957,20,20,2
878,10,cpp_seq,0.014245,0.000061,0.000112,0.014419,20,20,2
878,10,cpp_par,0.008071,0.000037,0.000124,0.008232,20,20,2
878,10,cpp_adv,0.008353,0.000048,0.000162,0.008563,20,20,2
879,10,seq,0.373801,0.000330,0.000130,0.374261,20,2,0
879,10,par,0.201800,0.057912,0.044532,0.304244,20,2,0
879,10,weights,0.144001,0.049827,0.000383,0.194211,20,2,0
879,10,cpp_seq,0.003497,0.000056,0.000017,0.003571,20,2,0
879,10,cpp_par,0.002074,0.000038,0.000018,0.002131,20,2,0
879,10,cpp_adv,0.001846,0.000032,0.000014,0.001892,20,2,0
880,10,seq,0.249546,0.000454,0.000353,0.250353,20,5,0
880,10,par,0.189218,0.038099,0.084980,0.312297,20,5,0
880,10,weights,0.124049,0.038775,0.084303,0.247127,20,5,0
880,10,cpp_seq,0.007040,0.000057,0.000024,0.007122,20,5,0
880,10,cpp_par,0.003696,0.000032,0.000023,0.003751,20,5,0
880,10,cpp_adv,0.003690,0.000032,0.000023,0.003746,20,5,0
881,10,seq,0.393210,0.000263,0.226453,0.619926,40,80,1024
881,10,par,56.917717,0.049430,0.553752,57.520899,40,80,1024
881,10,weights,0.154956,0.036366,0.687124,0.878446,40,80,1024
881,10,cpp_seq,0.013237,0.000074,0.040145,0.053457,40,80,1024
881,10,cpp_par,0.009667,0.000041,0.050692,0.060401,40,80,1024
881,10,cpp_adv,0.009952,0.000051,0.038008,0.048012,40,80,1024
882,10,seq,0.278823,0.000295,0.000348,0.279466,20,20,1
882,10,par,0.121078,0.043903,0.360239,0.525220,20,20,1
882,10,weights,0.131006,0.038185,0.373830,0.543020,20,20,1
882,10,cpp_seq,0.006520,0.000060,0.000124,0.006705,20,20,1
882,10,cpp_par,0.003342,0.000033,0.000107,0.003482,20,20,1
882,10,cpp_adv,0.003211,0.000033,0.000108,0.003352,20,20,1
883,10,seq,0.175979,0.000268,0.000404,0.176651,20,20,2
883,10,par,0.084502,0.036892,0.358778,0.480171,20,20,2
883,10,weights,0.094588,0.037907,55.215268,55.347763,20,20,2
883,10,cpp_seq,0.003943,0.000067,0.000120,0.004131,20,20,2
883,10,cpp_par,0.002324,0.000035,0.000118,0.002479,20,20,2
883,10,cpp_adv,0.001909,0.000033,0.000109,0.002052,20,20,2
884,10,seq,0.163797,0.000485,0.000595,0.164878,20,20,1
884,10,par,0.112307,0.037384,0.370750,0.520441,20,20,1
884,10,weights,0.097957,0.036608,0.384857,0.519422,20,20,1
884,10,cpp_seq,0.008277,0.000063,0.000109,0.008450,20,20,1
884,10,cpp_par,0.005438,0.000047,0.000145,0.005631,20,20,1
884,10,cpp_adv,0.005094,0.000118,0.000111,0.005323,20,20,1
885,10,seq,0.218576,0.000271,0.000189,0.219036,30,8,0
885,10,par,0.102080,0.042576,0.036945,0.181600,30,8,0
885,10,weights,0.099200,0.038652,0.037793,0.175645,30,8,0
885,10,cpp_seq,0.004767,0.000057,0.000022,0.004848,30,8,0
885,10,cpp_par,0.002481,0.000032,0.000020,0.002534,30,8,0
885,10,cpp_adv,0.002344,0.000034,0.000021,0.002400,30,8,0
886,10,seq,0.341559,0.000550,13.971253,14.313362,60,172,34560
886,10,par,43.243915,0.046656,5.679167,48.969738,60,172,34560
886,10,weights,0.129263,0.040210,5.226879,5.396352,60,172,34560
886,10,cpp_seq,0.008010,0.000094,1.561261,1.569366,60,172,34560
886,10,cpp_par,0.005750,0.000058,1.631169,1.636978,60,172,34560
886,10,cpp_adv,0.009674,0.000173,1.756432,1.766280,60,172,34560
887,10,seq,0.321844,0.000327,2.044077,2.366248,50,120,6252
887,10,par,0.247961,0.046360,1.296256,1.590577,50,120,6252
887,10,weights,0.314171,0.039377,1.087359,1.440907,50,120,6252
887,10,cpp_seq,0.007341,0.000078,0.309251,0.316673,50,120,6252
887,10,cpp_par,0.004229,0.000101,0.251406,0.255736,50,120,6252
887,10,cpp_adv,0.004153,0.000045,0.261054,0.265253,50,120,6252
888,10,seq,0.283001,0.000290,0.245024,0.528316,40,80,1025
888,10,par,0.115279,0.037093,0.484543,0.636914,40,80,1025
888,10,weights,0.124030,0.038593,0.568747,0.731370,40,80,1025
888,10,cpp_seq,0.006323,0.000084,0.039288,0.045697,40,80,1025
888,10,cpp_par,0.006095,0.000040,0.042675,0.048812,40,80,1025
888,10,cpp_adv,0.005965,0.000050,0.039137,0.045152,40,80,1025
889,10,seq,0.450384,0.000284,0.000443,0.451111,30,28,1
889,10,par,0.204115,0.047235,0.377319,0.628668,30,28,1
889,10,weights,0.154683,0.037647,0.419126,0.611456,30,28,1
889,10,cpp_seq,0.013934,0.000066,0.000255,0.014256,30,28,1
889,10,cpp_par,0.007040,0.000034,0.000139,0.007214,30,28,1
889,10,cpp_adv,0.007812,0.000052,0.000142,0.008007,30,28,1
890,10,seq,44.246271,0.000304,0.000231,44.246807,20,10,0
890,10,par,0.098869,0.037753,0.042683,0.179305,20,10,0
890,10,weights,0.095086,0.040054,0.040170,0.175310,20,10,0
890,10,cpp_seq,0.006541,0.000057,0.000022,0.006620,20,10,0
890,10,cpp_par,0.003476,0.000032,0.000018,0.003526,20,10,0
890,10,cpp_adv,0.003562,0.000033,0.000019,0.003614,20,10,0
891,10,seq,0.220594,0.000289,0.000399,0.221282,20,20,1
891,10,par,0.227257,0.040267,0.417825,0.685350,20,20,1
891,10,weights,0.122344,0.033930,0.392127,0.548401,20,20,1
891,10,cpp_seq,0.003036,0.000058,0.000105,0.003200,20,20,1
891,10,cpp_par,0.001728,0.000032,0.000130,0.001891,20,20,1
891,10,cpp_adv,0.001574,0.000032,0.000119,0.001725,20,20,1
892,10,seq,0.232667,0.000258,0.000116,0.233041,20,5,0
892,10,par,0.107883,0.035243,0.032381,0.175508,20,5,0
892,10,weights,57.535194,0.047597,0.000357,57.583148,20,5,0
892,10,cpp_seq,0.002850,0.000059,0.000019,0.002929,20,5,0
892,10,cpp_par,0.001757,0.000032,0.000018,0.001807,20,5,0
892,10,cpp_adv,0.001428,0.000032,0.000016,0.001476,20,5,0
893,10,seq,0.230571,0.000279,0.000384,0.231235,20,20,1
893,10,par,0.103709,0.039935,0.344642,0.488286,20,20,1
893,10,weights,0.116806,0.046046,0.346145,0.508996,20,20,1
893,10,cpp_seq,0.006326,0.000059,0.000109,0.006495,20,20,1
893,10,cpp_par,0.003609,0.000033,0.000109,0.003751,20,20,1
893,10,cpp_adv,0.003451,0.000043,0.000107,0.003601,20,20,1
894,10,seq,0.208502,0.000278,0.000754,0.209535,30,36,1
894,10,par,0.101896,0.036198,0.328141,0.466235,30,36,1
894,10,weights,0.099520,0.036191,0.312869,0.448580,30,36,1
894,10,cpp_seq,0.002738,0.000064,0.000188,0.002991,30,36,1
894,10,cpp_par,0.001655,0.000035,0.000207,0.001897,30,36,1
894,10,cpp_adv,0.001495,0.000035,0.000204,0.001735,30,36,1
895,10,seq,57.382533,0.000548,0.000716,57.383797,30,25,1
895,10,par,0.312569,0.058954,0.389681,0.761205,30,25,1
895,10,weights,0.142075,0.042660,0.417187,0.601921,30,25,1
895,10,cpp_seq,0.004512,0.000068,0.000127,0.004708,30,25,1
895,10,cpp_par,0.002304,0.000035,0.000117,0.002458,30,25,1
895,10,cpp_adv,0.002297,0.000083,0.000156,0.002537,30,25,1
896,10,seq,0.333844,0.000267,0.000190,0.334301,20,10,0
896,10,par,0.130896,0.038645,0.035588,0.205129,20,10,0
896,10,weights,0.137892,0.035820,0.038715,0.212427,20,10,0
896,10,cpp_seq,0.009216,0.000066,0.000025,0.009307,20,10,0
896,10,cpp_par,0.005854,0.000050,0.000031,0.005936,20,10,0
896,10,cpp_adv,0.005490,0.000039,0.000024,0.005553,20,10,0
897,10,seq,0.151669,0.000282,0.008788,0.160739,30,44,43
897,10,par,0.074451,0.035000,0.337926,0.447377,30,44,43
897,10,weights,0.076769,0.036235,57.507153,57.620157,30,44,43
897,10,cpp_seq,0.004983,0.000134,0.003375,0.008494,30,44,43
897,10,cpp_par,0.002585,0.000042,0.002771,0.005400,30,44,43
897,10,cpp_adv,0.003218,0.000040,0.002288,0.005546,30,44,43
898,10,seq,0.266443,0.000293,0.000317,0.267053,20,10,0
898,10,par,0.114621,0.041879,0.124589,0.281089,20,10,0
898,10,weights,0.262471,0.040912,0.112301,0.415684,20,10,0
898,10,cpp_seq,0.012783,0.000059,0.000030,0.012872,20,10,0
898,10,cpp_par,0.006800,0.000033,0.000030,0.006864,20,10,0
898,10,cpp_adv,0.006407,0.000033,0.000028,0.006469,20,10,0
899,10,seq,0.488747,0.000298,1.249308,1.738353,40,98,6149
899,10,par,0.177699,0.035211,0.978445,1.191355,40,98,6149
899,10,weights,0.249577,0.035775,0.857738,1.143090,40,98,6149
899,10,cpp_seq,0.007144,0.000072,0.201407,0.208624,40,98,6149
899,10,cpp_par,0.004352,0.000041,0.202570,0.206964,40,98,6149
899,10,cpp_adv,0.004056,0.000042,0.206743,0.210842,40,98,6149
900,10,seq,0.292736,0.000322,0.000229,0.293288,20,10,1
900,10,par,46.482198,0.047015,0.352507,46.881720,20,10,1
900,10,weights,0.126585,0.036673,0.354072,0.517330,20,10,1
900,10,cpp_seq,0.010048,0.000057,0.000063,0.010169,20,10,1
900,10,cpp_par,0.005708,0.000038,0.000074,0.005821,20,10,1
900,10,cpp_adv,0.004948,0.000033,0.000079,0.005061,20,10,1
901,10,seq,0.189129,0.000319,0.010516,0.199964,30,45,33
901,10,par,0.090111,0.037039,0.354807,0.481957,30,45,33
901,10,weights,0.098119,0.036107,0.330260,0.464486,30,45,33
901,10,cpp_seq,0.005785,0.000066,0.002561,0.008414,30,45,33
901,10,cpp_par,0.003198,0.000036,0.002714,0.005949,30,45,33
901,10,cpp_adv,0.003158,0.000038,0.002712,0.005908,30,45,33
902,10,seq,0.200167,0.000256,0.000394,0.200817,20,20,1
902,10,par,0.092680,0.034134,0.309595,0.436409,20,20,1
902,10,weights,0.138092,0.039934,57.260084,57.438110,20,20,1
902,10,cpp_seq,0.004442,0.000058,0.000106,0.004607,20,20,1
902,10,cpp_par,0.002563,0.000032,0.000151,0.002748,20,20,1
902,10,cpp_adv,0.002422,0.000032,0.000105,0.002559,20,20,1
903,10,seq,0.230050,0.000344,0.000235,0.230629,20,10,1
903,10,par,0.103550,0.034589,0.362415,0.500554,20,10,1
903,10,weights,0.212583,0.049722,0.312386,0.574692,20,10,1
903,10,cpp_seq,0.007717,0.000063,0.000083,0.007863,20,10,1
903,10,cpp_par,0.004096,0.000039,0.000061,0.004196,20,10,1
903,10,cpp_adv,0.003832,0.000039,0.000060,0.003931,20,10,1
904,10,seq,0.207840,0.000271,0.000223,0.208334,20,17,0
904,10,par,0.097991,0.038596,0.036190,0.172776,20,17,0
904,10,weights,0.103826,0.037937,0.036384,0.178148,20,17,0
904,10,cpp_seq,0.004820,0.000058,0.000023,0.004902,20,17,0
904,10,cpp_par,0.003748,0.000045,0.000030,0.003825,20,17,0
904,10,cpp_adv,0.002583,0.000033,0.000022,0.002639,20,17,0
905,10,seq,0.220909,0.000495,0.057407,0.278811,30,50,184
905,10,par,57.496893,0.057750,0.459169,58.013812,30,50,184
905,10,weights,0.107556,0.039077,0.403176,0.549809,30,50,184
905,10,cpp_seq,0.007560,0.000067,0.006704,0.014333,30,50,184
905,10,cpp_par,0.004904,0.000052,0.007106,0.012063,30,50,184
905,10,cpp_adv,0.004502,0.000039,0.006831,0.011373,30,50,184
906,10,seq,0.216183,0.000232,0.000372,0.216786,20,20,1
906,10,par,0.138907,0.037033,0.330730,0.506669,20,20,1
906,10,weights,0.098831,0.039700,0.350916,0.489448,20,20,1
906,10,cpp_seq,0.004085,0.000101,0.000108,0.004295,20,20,1
906,10,cpp_par,0.002204,0.000033,0.000105,0.002342,20,20,1
906,10,cpp_adv,0.001967,0.000032,0.000104,0.002104,20,20,1
907,10,seq,0.311221,0.000272,0.173492,0.484985,40,78,768
907,10,par,0.115435,0.035227,0.391776,0.542438,40,78,768
907,10,weights,0.126340,0.036209,56.612166,56.774716,40,78,768
907,10,cpp_seq,0.012049,0.000079,0.029612,0.041741,40,78,768
907,10,cpp_par,0.007422,0.000040,0.029678,0.037141,40,78,768
907,10,cpp_adv,0.007082,0.000046,0.030184,0.037312,40,78,768
908,10,seq,0.172227,0.000389,0.000456,0.173072,20,20,2
908,10,par,0.087373,0.036971,0.339730,0.464075,20,20,2
908,10,weights,0.092071,0.036352,0.337090,0.465514,20,20,2
908,10,cpp_seq,0.004257,0.000060,0.000117,0.004436,20,20,2
908,10,cpp_par,0.002248,0.000033,0.000111,0.002393,20,20,2
908,10,cpp_adv,0.002192,0.000048,0.000109,0.002350,20,20,2
909,10,seq,0.197608,0.000281,0.953047,1.150935,40,94,4877
909,10,par,0.093881,0.040558,0.856477,0.990916,40,94,4877
909,10,weights,0.109486,0.038082,0.726113,0.873681,40,94,4877
909,10,cpp_seq,0.005512,0.000086,0.158626,0.164225,40,94,4877
909,10,cpp_par,0.003177,0.000040,0.162169,0.165387,40,94,4877
909,10,cpp_adv,0.003000,0.000094,0.159204,0.162298,40,94,4877
910,10,seq,48.355587,0.000299,0.000313,48.356199,20,10,0
910,10,par,0.116084,0.038956,0.120259,0.275298,20,10,0
910,10,weights,0.105499,0.038149,0.112678,0.256326,20,10,0
910,10,cpp_seq,0.002843,0.000063,0.000031,0.002939,20,10,0
910,10,cpp_par,0.001536,0.000032,0.000026,0.001594,20,10,0
910,10,cpp_adv,0.001377,0.000032,0.000026,0.001435,20,10,0
911,10,seq,0.204865,0.000375,0.352010,0.557250,40,80,1024
911,10,par,0.097559,0.049958,0.499392,0.646910,40,80,1024
911,10,weights,0.094832,0.039578,0.451044,0.585454,40,80,1024
911,10,cpp_seq,0.005377,0.000076,0.038841,0.044295,40,80,1024
911,10,cpp_par,0.006198,0.000044,0.040711,0.046954,40,80,1024
911,10,cpp_adv,0.002810,0.000040,0.038594,0.041444,40,80,1024
912,10,seq,0.244466,0.000446,0.000653,0.245565,20,20,1
912,10,par,0.103768,0.040077,0.399505,0.543351,20,20,1
912,10,weights,55.344131,0.075480,0.370380,55.789992,20,20,1
912,10,cpp_seq,0.007185,0.000060,0.000110,0.007356,20,20,1
912,10,cpp_par,0.003960,0.000034,0.000109,0.004105,20,20,1
912,10,cpp_adv,0.003827,0.000034,0.000107,0.003969,20,20,1
913,10,seq,0.356833,0.000267,0.000261,0.357361,20,12,1
913,10,par,0.152444,0.034966,0.352703,0.540113,20,12,1
913,10,weights,0.159237,0.034835,0.343577,0.537649,20,12,1
913,10,cpp_seq,0.009404,0.000059,0.000070,0.009533,20,12,1
913,10,cpp_par,0.005571,0.000036,0.000071,0.005678,20,12,1
913,10,cpp_adv,0.005228,0.000034,0.000070,0.005333,20,12,1
914,10,seq,0.300172,0.000292,0.001719,0.302184,30,40,2
914,10,par,0.116989,0.039558,0.352488,0.509035,30,40,2
914,10,weights,0.123493,0.035772,0.350283,0.509548,30,40,2
914,10,cpp_seq,0.008383,0.000064,0.000412,0.008860,30,40,2
914,10,cpp_par,0.004630,0.000049,0.000442,0.005122,30,40,2
914,10,cpp_adv,0.004303,0.000035,0.000525,0.004864,30,40,2
915,10,seq,56.801602,0.000358,0.000498,56.802459,30,20,1
915,10,par,0.108410,0.036186,0.350819,0.495415,30,20,1
915,10,weights,0.113414,0.035986,0.454271,0.603672,30,20,1
915,10,cpp_seq,0.007986,0.000073,0.000169,0.008229,30,20,1
915,10,cpp_par,0.004023,0.000036,0.000112,0.004172,30,20,1
915,10,cpp_adv,0.003717,0.000041,0.000167,0.003926,30,20,1
916,10,seq,0.494382,0.000287,0.037508,0.532176,30,52,288
916,10,par,0.158167,0.038813,0.383299,0.580278,30,52,288
916,10,weights,0.310985,0.037027,0.390029,0.738041,30,52,288
916,10,cpp_seq,0.014521,0.000103,0.008748,0.023374,30,52,288
916,10,cpp_par,0.008004,0.000037,0.008619,0.016660,30,52,288
916,10,cpp_adv,0.007798,0.000053,0.009110,0.016961,30,52,288
917,10,seq,0.512444,0.000289,0.225966,0.738699,40,80,1024
917,10,par,0.109243,0.034981,0.577154,0.721379,40,80,1024
917,10,weights,55.041882,0.046941,0.470983,55.559806,40,80,1024
917,10,cpp_seq,0.006956,0.000073,0.037547,0.044577,40,80,1024
917,10,cpp_par,0.006852,0.000041,0.037687,0.044581,40,80,1024
917,10,cpp_adv,0.006387,0.000049,0.039962,0.046399,40,80,1024
918,10,seq,0.295232,0.000305,0.001850,0.297387,30,40,2
918,10,par,0.122076,0.036254,0.327219,0.485549,30,40,2
918,10,weights,0.132360,0.035620,0.352276,0.520257,30,40,2
918,10,cpp_seq,0.010157,0.000066,0.000428,0.010652,30,40,2
918,10,cpp_par,0.005306,0.000036,0.000411,0.005754,30,40,2
918,10,cpp_adv,0.005045,0.000035,0.000430,0.005510,30,40,2
919,10,seq,0.247802,0.000388,0.069914,0.318104,40,70,324
919,10,par,0.102758,0.037782,0.372452,0.512991,40,70,324
919,10,weights,0.107657,0.037277,0.376296,0.521230,40,70,324
919,10,cpp_seq,0.005188,0.000071,0.012719,0.017978,40,70,324
919,10,cpp_par,0.004534,0.000105,0.013136,0.017777,40,70,324
919,10,cpp_adv,0.003427,0.000041,0.013780,0.017248,40,70,324
920,10,seq,0.431545,0.000273,0.000531,0.432349,20,20,2
920,10,par,0.142657,0.035607,0.392958,0.571222,20,20,2
920,10,weights,0.149998,0.049419,0.371619,0.571037,20,20,2
920,10,cpp_seq,0.014456,0.000059,0.000109,0.014625,20,20,2
920,10,cpp_par,0.007411,0.000033,0.000108,0.007552,20,20,2
920,10,cpp_adv,0.007372,0.000033,0.000108,0.007513,20,20,2
921,10,seq,0.260304,0.000259,0.000181,0.260745,20,1,0
921,10,par,0.114948,0.042624,0.036791,0.194362,20,1,0
921,10,weights,0.123711,0.037003,0.039260,0.199974,20,1,0
921,10,cpp_seq,0.005935,0.000055,0.000018,0.006010,20,1,0
921,10,cpp_par,0.003760,0.000050,0.000020,0.003830,20,1,0
921,10,cpp_adv,0.003332,0.000030,0.000017,0.003379,20,1,0
922,10,seq,0.203735,0.000243,0.000393,0.204372,20,20,1
922,10,par,0.091222,0.035057,0.365084,0.491363,20,20,1
922,10,weights,57.247497,0.040087,0.325016,57.612601,20,20,1
922,10,cpp_seq,0.008267,0.000060,0.000109,0.008437,20,20,1
922,10,cpp_par,0.004607,0.000037,0.000151,0.004796,20,20,1
922,10,cpp_adv,0.004175,0.000033,0.000107,0.004316,20,20,1
923,10,seq,0.186994,0.000270,0.248601,0.435865,40,80,1024
923,10,par,0.101730,0.048704,0.399296,0.549730,40,80,1024
923,10,weights,0.086774,0.034067,0.411581,0.532422,40,80,1024
923,10,cpp_seq,0.003486,0.000110,0.036719,0.040316,40,80,1024
923,10,cpp_par,0.004638,0.000050,0.038033,0.042722,40,80,1024
923,10,cpp_adv,0.001790,0.000039,0.036655,0.038485,40,80,1024
924,10,seq,0.225305,0.000387,1.688954,1.914646,50,120,5520
924,10,par,0.100944,0.035174,1.068274,1.204392,50,120,5520
924,10,weights,0.099450,0.034205,1.020902,1.154557,50,120,5520
924,10,cpp_seq,0.004650,0.000083,0.228633,0.233367,50,120,5520
924,10,cpp_par,0.003038,0.000044,0.234269,0.237353,50,120,5520
924,10,cpp_adv,0.002460,0.000044,0.233194,0.235699,50,120,5520
925,10,seq,0.295366,0.000262,0.000286,0.295913,30,4,0
925,10,par,0.106828,0.038711,0.069942,0.215481,30,4,0
925,10,weights,0.157760,0.041087,0.076121,0.274967,30,4,0
925,10,cpp_seq,0.005770,0.000060,0.000025,0.005855,30,4,0
925,10,cpp_par,0.003127,0.000052,0.000023,0.003202,30,4,0
925,10,cpp_adv,0.002550,0.000033,0.000023,0.002607,30,4,0
926,10,seq,0.228801,0.000276,0.000294,0.229371,20,12,1
926,10,par,0.119123,0.038109,0.339590,0.496821,20,12,1
926,10,weights,0.103762,0.035844,0.338668,0.478273,20,12,1
926,10,cpp_seq,0.004634,0.000059,0.000066,0.004760,20,12,1
926,10,cpp_par,0.002698,0.000033,0.000064,0.002796,20,12,1
926,10,cpp_adv,0.002596,0.000032,0.000063,0.002692,20,12,1
927,10,seq,0.236179,0.000364,0.000280,0.236822,20,10,1
927,10,par,0.109684,0.036971,57.713886,57.860541,20,10,1
927,10,weights,0.164575,0.038824,0.348436,0.551834,20,10,1
927,10,cpp_seq,0.008510,0.000055,0.000061,0.008627,20,10,1
927,10,cpp_par,0.004498,0.000032,0.000061,0.004592,20,10,1
927,10,cpp_adv,0.004285,0.000031,0.000059,0.004375,20,10,1
928,10,seq,0.210730,0.000271,0.000093,0.211094,20,6,0
928,10,par,0.101892,0.041256,0.032834,0.175981,20,6,0
928,10,weights,0.177410,0.037341,0.000403,0.215155,20,6,0
928,10,cpp_seq,0.003701,0.000112,0.000020,0.003834,20,6,0
928,10,cpp_par,0.001851,0.000042,0.000013,0.001908,20,6,0
928,10,cpp_adv,0.001701,0.000031,0.000014,0.001747,20,6,0
929,10,seq,0.239970,0.000270,0.000352,0.240592,20,20,1
929,10,par,0.104308,0.035344,0.345274,0.484926,20,20,1
929,10,weights,0.105696,0.034829,0.326238,0.466763,20,20,1
929,10,cpp_seq,0.007266,0.000058,0.000104,0.007429,20,20,1
929,10,cpp_par,0.005843,0.000056,0.000142,0.006041,20,20,1
929,10,cpp_adv,0.003824,0.000047,0.000105,0.003977,20,20,1
930,10,seq,57.475101,0.000276,0.000398,57.475776,20,20,1
930,10,par,0.102130,0.037423,0.347434,0.486988,20,20,1
930,10,weights,0.103501,0.037648,0.395009,0.536157,20,20,1
930,10,cpp_seq,0.007208,0.000061,0.000111,0.007381,20,20,1
930,10,cpp_par,0.003268,0.000033,0.000107,0.003410,20,20,1
930,10,cpp_adv,0.003439,0.000038,0.000111,0.003588,20,20,1
931,10,seq,0.247050,0.000269,0.000386,0.247705,20,20,1
931,10,par,0.097663,0.034513,0.339666,0.471842,20,20,1
931,10,weights,0.106574,0.035636,0.339045,0.481254,20,20,1
931,10,cpp_seq,0.006982,0.000059,0.000121,0.007163,20,20,1
931,10,cpp_par,0.003782,0.000034,0.000108,0.003924,20,20,1
931,10,cpp_adv,0.003532,0.000033,0.000107,0.003673,20,20,1
932,10,seq,0.248771,0.000240,0.000333,0.249344,20,20,2
932,10,par,0.103440,0.035829,0.323608,0.462877,20,20,2
932,10,weights,56.870838,0.069243,0.396141,57.336222,20,20,2
932,10,cpp_seq,0.008678,0.000059,0.000125,0.008862,20,20,2
932,10,cpp_par,0.004669,0.000035,0.000108,0.004813,20,20,2
932,10,cpp_adv,0.004555,0.000034,0.000110,0.004699,20,20,2
933,10,seq,0.346947,0.000267,0.029573,0.376787,30,50,192
933,10,par,0.158079,0.037056,0.369775,0.564909,30,50,192
933,10,weights,0.141699,0.037044,0.366337,0.545081,30,50,192
933,10,cpp_seq,0.016807,0.000069,0.007380,0.024257,30,50,192
933,10,cpp_par,0.009366,0.000050,0.007039,0.016457,30,50,192
933,10,cpp_adv,0.009050,0.000039,0.007355,0.016445,30,50,192
934,10,seq,0.255140,0.000271,0.000259,0.255669,20,14,1
934,10,par,0.108970,0.038481,0.363939,0.511390,20,14,1
934,10,weights,0.117827,0.042725,0.305878,0.466431,20,14,1
934,10,cpp_seq,0.008112,0.000057,0.000064,0.008233,20,14,1
934,10,cpp_par,0.004591,0.000032,0.000064,0.004688,20,14,1
934,10,cpp_adv,0.004304,0.000032,0.000064,0.004400,20,14,1
935,10,seq,56.520945,0.000266,0.000113,56.521325,20,1,0
935,10,par,0.110804,0.034863,0.035114,0.180781,20,1,0
935,10,weights,0.102329,0.035691,0.000322,0.138342,20,1,0
935,10,cpp_seq,0.007263,0.000054,0.000016,0.007334,20,1,0
935,10,cpp_par,0.004223,0.000037,0.000018,0.004279,20,1,0
935,10,cpp_adv,0.003619,0.000031,0.000014,0.003665,20,1,0
936,10,seq,0.189314,0.000273,0.000116,0.189703,20,12,0
936,10,par,0.090060,0.036274,0.037536,0.163871,20,12,0
936,10,weights,0.098346,0.037161,0.000349,0.135856,20,12,0
936,10,cpp_seq,0.004032,0.000057,0.000019,0.004109,20,12,0
936,10,cpp_par,0.002304,0.000036,0.000016,0.002357,20,12,0
936,10,cpp_adv,0.002024,0.000033,0.000017,0.002074,20,12,0
937,10,seq,0.233564,0.000292,0.000406,0.234261,20,20,1
937,10,par,0.167801,0.051718,0.365149,0.584668,20,20,1
937,10,weights,0.091257,0.038614,58.278630,58.408501,20,20,1
937,10,cpp_seq,0.006773,0.000059,0.000109,0.006941,20,20,1
937,10,cpp_par,0.003817,0.000046,0.000120,0.003985,20,20,1
937,10,cpp_adv,0.004104,0.000089,0.000250,0.004444,20,20,1
938,10,seq,0.279931,0.000413,0.037353,0.317697,30,54,234
938,10,par,0.116834,0.036837,0.473603,0.627274,30,54,234
938,10,weights,0.171973,0.036951,0.360790,0.569715,30,54,234
938,10,cpp_seq,0.008282,0.000067,0.008124,0.016474,30,54,234
938,10,cpp_par,0.005828,0.000039,0.008061,0.013929,30,54,234
938,10,cpp_adv,0.004752,0.000036,0.008171,0.012960,30,54,234
939,10,seq,0.230077,0.000265,0.002198,0.232540,40,50,2
939,10,par,0.112424,0.043892,0.324428,0.480743,40,50,2
939,10,weights,0.101420,0.040509,0.320328,0.462257,40,50,2
939,10,cpp_seq,0.005184,0.000068,0.000475,0.005728,40,50,2
939,10,cpp_par,0.003141,0.000047,0.000481,0.003669,40,50,2
939,10,cpp_adv,0.003069,0.000038,0.000480,0.003588,40,50,2
940,10,seq,56.867451,0.000392,0.000648,56.868491,30,24,1
940,10,par,0.153323,0.038073,0.368039,0.559434,30,24,1
940,10,weights,0.166755,0.042606,0.456119,0.665480,30,24,1
940,10,cpp_seq,0.005895,0.000068,0.000127,0.006091,30,24,1
940,10,cpp_par,0.003013,0.000036,0.000118,0.003168,30,24,1
940,10,cpp_adv,0.002788,0.000035,0.000117,0.002940,30,24,1
941,10,seq,0.355747,0.000270,0.000350,0.356367,20,20,1
941,10,par,0.137953,0.036611,0.355889,0.530453,20,20,1
941,10,weights,0.145210,0.038135,0.346902,0.530247,20,20,1
941,10,cpp_seq,0.008723,0.000061,0.000110,0.008894,20,20,1
941,10,cpp_par,0.004708,0.000035,0.000108,0.004851,20,20,1
941,10,cpp_adv,0.004584,0.000033,0.000107,0.004726,20,20,1
942,10,seq,0.218777,0.000303,2.237675,2.456755,50,122,6724
942,10,par,0.116527,0.035071,1.190610,1.342208,50,122,6724
942,10,weights,53.707896,0.069890,1.615871,55.393658,50,122,6724
942,10,cpp_seq,0.003920,0.000086,0.332816,0.336824,50,122,6724
942,10,cpp_par,0.002889,0.000051,0.338917,0.341858,50,122,6724
942,10,cpp_adv,0.002243,0.000046,0.331424,0.333714,50,122,6724
943,10,seq,0.306022,0.000483,0.000674,0.307180,20,20,2
943,10,par,0.139326,0.039218,0.391845,0.570390,20,20,2
943,10,weights,0.130079,0.037006,0.385549,0.552634,20,20,2
943,10,cpp_seq,0.008595,0.000060,0.000113,0.008770,20,20,2
943,10,cpp_par,0.004501,0.000033,0.000111,0.004646,20,20,2
943,10,cpp_adv,0.004520,0.000034,0.000125,0.004679,20,20,2
944,10,seq,0.200507,0.000288,0.000120,0.200915,20,8,0
944,10,par,0.103806,0.043729,0.048945,0.196480,20,8,0
944,10,weights,0.119027,0.045967,0.000336,0.165330,20,8,0
944,10,cpp_seq,0.003720,0.000057,0.000018,0.003796,20,8,0
944,10,cpp_par,0.002187,0.000033,0.000018,0.002239,20,8,0
944,10,cpp_adv,0.002028,0.000031,0.000016,0.002075,20,8,0
945,10,seq,48.023462,0.000677,0.277934,48.302073,40,80,1024
945,10,par,0.145230,0.036725,0.438292,0.620246,40,80,1024
945,10,weights,0.103886,0.036815,0.435479,0.576180,40,80,1024
945,10,cpp_seq,0.005463,0.000079,0.038905,0.044449,40,80,1024
945,10,cpp_par,0.005327,0.000092,0.039625,0.045046,40,80,1024
945,10,cpp_adv,0.002763,0.000041,0.040158,0.042962,40,80,1024
946,10,seq,0.274002,0.000268,0.219855,0.494125,40,80,1024
946,10,par,0.115559,0.037250,0.478574,0.631384,40,80,1024
946,10,weights,0.116783,0.038043,0.422959,0.577785,40,80,1024
946,10,cpp_seq,0.008151,0.000075,0.038369,0.046597,40,80,1024
946,10,cpp_par,0.007300,0.000040,0.037936,0.045276,40,80,1024
946,10,cpp_adv,0.004147,0.000040,0.038852,0.043040,40,80,1024
947,10,seq,0.184656,0.000346,0.218473,0.403475,40,80,1024
947,10,par,0.090322,0.036498,0.557835,0.684656,40,80,1024
947,10,weights,54.063754,0.062593,0.492217,54.618565,40,80,1024
947,10,cpp_seq,0.003100,0.000078,0.038440,0.041620,40,80,1024
947,10,cpp_par,0.004565,0.000056,0.041793,0.046415,40,80,1024
947,10,cpp_adv,0.001628,0.000041,0.038709,0.040379,40,80,1024
948,10,seq,0.202478,0.000262,0.000366,0.203105,20,20,1
948,10,par,0.098952,0.037036,0.346096,0.482084,20,20,1
948,10,weights,0.103833,0.036880,0.335822,0.476535,20,20,1
948,10,cpp_seq,0.007096,0.000061,0.000111,0.007270,20,20,1
948,10,cpp_par,0.003680,0.000036,0.000109,0.003826,20,20,1
948,10,cpp_adv,0.003577,0.000034,0.000109,0.003720,20,20,1
949,10,seq,0.192598,0.000312,0.003569,0.196480,30,42,5
949,10,par,0.091814,0.037564,0.366707,0.496085,30,42,5
949,10,weights,0.095987,0.036699,0.336769,0.469455,30,42,5
949,10,cpp_seq,0.005453,0.000065,0.000863,0.006382,30,42,5
949,10,cpp_par,0.003154,0.000050,0.001187,0.004392,30,42,5
949,10,cpp_adv,0.002748,0.000036,0.000847,0.003632,30,42,5
950,10,seq,0.322843,0.000357,0.274123,0.597323,40,80,1024
950,10,par,0.127819,0.042894,0.713958,0.884671,40,80,1024
950,10,weights,0.123703,0.055999,0.516151,0.695853,40,80,1024
950,10,cpp_seq,0.007355,0.000076,0.040649,0.048081,40,80,1024
950,10,cpp_par,0.005678,0.000040,0.039586,0.045305,40,80,1024
950,10,cpp_adv,0.005342,0.000059,0.038874,0.044276,40,80,1024
951,10,seq,0.238971,0.000297,0.227545,0.466813,40,80,1024
951,10,par,0.098468,0.037733,0.533015,0.669217,40,80,1024
951,10,weights,0.102884,0.040962,0.455561,0.599406,40,80,1024
951,10,cpp_seq,0.004360,0.000075,0.039147,0.043583,40,80,1024
951,10,cpp_par,0.005112,0.000055,0.038610,0.043779,40,80,1024
951,10,cpp_adv,0.005221,0.000053,0.039720,0.044994,40,80,1024
952,10,seq,0.212033,0.000246,0.000352,0.212632,20,20,1
952,10,par,54.225945,0.055185,0.360028,54.641158,20,20,1
952,10,weights,0.108236,0.035998,0.356176,0.500411,20,20,1
952,10,cpp_seq,0.008737,0.000062,0.000110,0.008910,20,20,1
952,10,cpp_par,0.010980,0.000037,0.000112,0.011130,20,20,1
952,10,cpp_adv,0.005421,0.000037,0.000110,0.005568,20,20,1
953,10,seq,0.194141,0.000285,0.004638,0.199064,30,43,9
953,10,par,0.085825,0.036648,0.432409,0.554883,30,43,9
953,10,weights,0.101125,0.037476,0.370052,0.508653,30,43,9
953,10,cpp_seq,0.005578,0.000066,0.001100,0.006746,30,43,9
953,10,cpp_par,0.003378,0.000037,0.001105,0.004521,30,43,9
953,10,cpp_adv,0.002738,0.000037,0.001117,0.003892,30,43,9
954,10,seq,0.329678,0.000273,0.000092,0.330043,20,4,0
954,10,par,0.138291,0.038120,0.034707,0.211119,20,4,0
954,10,weights,0.160602,0.040172,0.000330,0.201104,20,4,0
954,10,cpp_seq,0.005234,0.000057,0.000016,0.005308,20,4,0
954,10,cpp_par,0.002684,0.000031,0.000014,0.002731,20,4,0
954,10,cpp_adv,0.002417,0.000046,0.000049,0.002513,20,4,0
955,10,seq,0.320160,0.000519,0.000130,0.320809,20,6,0
955,10,par,0.123808,0.036115,0.033659,0.193582,20,6,0
955,10,weights,0.114754,0.041208,0.000310,0.156272,20,6,0
955,10,cpp_seq,0.006641,0.000058,0.000017,0.006717,20,6,0
955,10,cpp_par,0.003517,0.000032,0.000014,0.003564,20,6,0
955,10,cpp_adv,0.003373,0.000032,0.000014,0.003420,20,6,0
956,10,seq,0.185547,0.000303,0.000363,0.186213,20,20,1
956,10,par,0.101371,0.044238,0.358201,0.503810,20,20,1
956,10,weights,0.094180,0.037594,0.340684,0.472457,20,20,1
956,10,cpp_seq,0.004864,0.000061,0.000111,0.005036,20,20,1
956,10,cpp_par,0.002635,0.000033,0.000108,0.002777,20,20,1
956,10,cpp_adv,0.002732,0.000043,0.000142,0.002917,20,20,1
957,10,seq,0.234713,0.000260,0.010027,0.244999,30,46,70
957,10,par,0.102822,0.039138,0.339014,0.480974,30,46,70
957,10,weights,58.528837,0.052221,0.388048,58.969106,30,46,70
957,10,cpp_seq,0.008319,0.000082,0.002457,0.010859,30,46,70
957,10,cpp_par,0.004623,0.000041,0.002500,0.007164,30,46,70
957,10,cpp_adv,0.004730,0.000039,0.002532,0.007301,30,46,70
958,10,seq,0.463652,0.000332,0.000426,0.464410,20,20,1
958,10,par,0.176424,0.044528,0.342150,0.563102,20,20,1
958,10,weights,0.173853,0.035963,0.364532,0.574348,20,20,1
958,10,cpp_seq,0.017770,0.000061,0.000129,0.017962,20,20,1
958,10,cpp_par,0.009097,0.000034,0.000110,0.009241,20,20,1
958,10,cpp_adv,0.009137,0.000034,0.000111,0.009282,20,20,1
959,10,seq,0.229984,0.000306,0.002326,0.232615,40,50,2
959,10,par,0.100908,0.037594,0.345749,0.484252,40,50,2
959,10,weights,0.102833,0.036230,0.345033,0.484097,40,50,2
959,10,cpp_seq,0.005395,0.000069,0.000482,0.005947,40,50,2
959,10,cpp_par,0.003031,0.000050,0.000771,0.003853,40,50,2
959,10,cpp_adv,0.002847,0.000040,0.000507,0.003394,40,50,2
960,10,seq,0.345819,0.000281,0.000252,0.346352,20,10,0
960,10,par,0.120639,0.039839,0.043466,0.203945,20,10,0
960,10,weights,0.117406,0.060449,0.183151,0.361006,20,10,0
960,10,cpp_seq,0.004164,0.000079,0.000026,0.004269,20,10,0
960,10,cpp_par,0.003089,0.000036,0.000021,0.003147,20,10,0
960,10,cpp_adv,0.004630,0.000886,0.000028,0.005546,20,10,0
961,10,seq,0.306336,0.000293,0.215988,0.522616,40,80,1024
961,10,par,0.108888,0.036364,0.414592,0.559844,40,80,1024
961,10,weights,0.114960,0.037029,0.431435,0.583425,40,80,1024
961,10,cpp_seq,0.008364,0.000074,0.038138,0.046577,40,80,1024
961,10,cpp_par,0.007387,0.000040,0.037769,0.045198,40,80,1024
961,10,cpp_adv,0.007454,0.000047,0.038993,0.046494,40,80,1024
962,10,seq,0.313279,0.000235,0.000089,0.313602,20,4,0
962,10,par,0.156156,0.037056,56.846018,57.039229,20,4,0
962,10,weights,0.203791,0.048557,0.000484,0.252832,20,4,0
962,10,cpp_seq,0.009130,0.000062,0.000019,0.009211,20,4,0
962,10,cpp_par,0.005902,0.000042,0.000023,0.005968,20,4,0
962,10,cpp_adv,0.004395,0.000049,0.000019,0.004464,20,4,0
963,10,seq,0.513857,0.000358,0.229899,0.744113,40,80,1024
963,10,par,0.170883,0.035813,0.457547,0.664242,40,80,1024
963,10,weights,0.239619,0.036870,0.468245,0.744734,40,80,1024
963,10,cpp_seq,0.011898,0.000074,0.039182,0.051155,40,80,1024
963,10,cpp_par,0.008997,0.000050,0.039058,0.048107,40,80,1024
963,10,cpp_adv,0.008970,0.000047,0.038083,0.047102,40,80,1024
964,10,seq,0.241135,0.000306,0.216615,0.458056,40,80,1024
964,10,par,0.091375,0.036945,0.436887,0.565207,40,80,1024
964,10,weights,0.367356,0.036808,0.440151,0.844315,40,80,1024
964,10,cpp_seq,0.003392,0.000073,0.038800,0.042266,40,80,1024
964,10,cpp_par,0.004834,0.000040,0.040241,0.045116,40,80,1024
964,10,cpp_adv,0.001589,0.000040,0.041819,0.043449,40,80,1024
965,10,seq,0.264006,0.000277,0.000109,0.264392,20,1,0
965,10,par,0.107953,0.037358,0.036238,0.181549,20,1,0
965,10,weights,0.144318,0.049063,0.000470,0.193850,20,1,0
965,10,cpp_seq,0.007512,0.000081,0.000018,0.007612,20,1,0
965,10,cpp_par,0.004170,0.000033,0.000016,0.004219,20,1,0
965,10,cpp_adv,0.003740,0.000032,0.000014,0.003786,20,1,0
966,10,seq,0.473640,0.000329,0.000207,0.474176,30,18,0
966,10,par,0.141705,0.037807,0.036357,0.215869,30,18,0
966,10,weights,0.138602,0.043692,0.036647,0.218941,30,18,0
966,10,cpp_seq,0.011521,0.000062,0.000022,0.011606,30,18,0
966,10,cpp_par,0.005473,0.000035,0.000021,0.005530,30,18,0
966,10,cpp_adv,0.005439,0.000035,0.000020,0.005494,30,18,0
967,10,seq,0.200284,0.000312,0.000090,0.200686,20,2,0
967,10,par,0.094295,0.034349,0.035007,0.163651,20,2,0
967,10,weights,59.123649,0.048604,0.000378,59.172631,20,2,0
967,10,cpp_seq,0.004342,0.000072,0.000016,0.004431,20,2,0
967,10,cpp_par,0.002205,0.000031,0.000014,0.002250,20,2,0
967,10,cpp_adv,0.001896,0.000031,0.000014,0.001941,20,2,0
968,10,seq,0.227728,0.000276,0.000183,0.228187,20,17,0
968,10,par,0.103714,0.035607,0.035388,0.174709,20,17,0
968,10,weights,0.102733,0.041093,0.035080,0.178906,20,17,0
968,10,cpp_seq,0.006917,0.000061,0.000025,0.007003,20,17,0
968,10,cpp_par,0.003944,0.000049,0.000021,0.004015,20,17,0
968,10,cpp_adv,0.003588,0.000033,0.000021,0.003643,20,17,0
969,10,seq,0.346599,0.000428,0.000139,0.347166,20,4,0
969,10,par,0.128201,0.035031,0.038197,0.201430,20,4,0
969,10,weights,0.127689,0.038005,0.000370,0.166064,20,4,0
969,10,cpp_seq,0.008785,0.000093,0.000017,0.008896,20,4,0
969,10,cpp_par,0.004172,0.000031,0.000015,0.004218,20,4,0
969,10,cpp_adv,0.004486,0.000054,0.000015,0.004556,20,4,0
970,10,seq,0.198453,0.000284,0.000301,0.199038,20,10,1
970,10,par,0.092738,0.037568,59.723701,59.854008,20,10,1
970,10,weights,0.105396,0.036679,0.469036,0.611111,20,10,1
970,10,cpp_seq,0.015771,0.000078,0.000085,0.015935,20,10,1
970,10,cpp_par,0.004217,0.000048,0.000085,0.004350,20,10,1
970,10,cpp_adv,0.004765,0.000051,0.000088,0.004905,20,10,1
971,10,seq,0.328283,0.000272,0.000185,0.328739,20,10,0
971,10,par,0.146968,0.039664,0.085558,0.272191,20,10,0
971,10,weights,0.130831,0.042221,0.080209,0.253262,20,10,0
971,10,cpp_seq,0.006537,0.000060,0.000027,0.006625,20,10,0
971,10,cpp_par,0.003571,0.000052,0.000063,0.003686,20,10,0
971,10,cpp_adv,0.003540,0.000033,0.000025,0.003599,20,10,0
972,10,seq,0.209065,0.000266,0.000124,0.209456,20,8,0
972,10,par,0.103603,0.038855,0.038123,0.180581,20,8,0
972,10,weights,0.105685,0.034500,0.000293,0.140477,20,8,0
972,10,cpp_seq,0.003868,0.000061,0.000018,0.003948,20,8,0
972,10,cpp_par,0.002192,0.000033,0.000017,0.002242,20,8,0
972,10,cpp_adv,0.001997,0.000032,0.000017,0.002047,20,8,0
973,10,seq,58.628219,0.000311,0.246555,58.875085,40,80,1024
973,10,par,0.111760,0.051780,0.553621,0.717161,40,80,1024
973,10,weights,0.093723,0.035725,0.476383,0.605831,40,80,1024
973,10,cpp_seq,0.003996,0.000087,0.038782,0.042867,40,80,1024
973,10,cpp_par,0.005012,0.000039,0.039836,0.044889,40,80,1024
973,10,cpp_adv,0.002055,0.000040,0.041843,0.043939,40,80,1024
974,10,seq,0.371772,0.000293,3.067634,3.439699,50,126,9959
974,10,par,0.207419,0.037667,1.661457,1.906544,50,126,9959
974,10,weights,0.228339,0.038238,1.569658,1.836236,50,126,9959
974,10,cpp_seq,0.008408,0.000105,0.418502,0.427017,50,126,9959
974,10,cpp_par,0.005694,0.000054,0.422902,0.428652,50,126,9959
974,10,cpp_adv,0.005292,0.000053,0.436262,0.441609,50,126,9959
975,10,seq,0.373794,0.000277,0.286455,0.660526,40,80,1024
975,10,par,0.167456,0.036576,0.440802,0.644833,40,80,1024
975,10,weights,35.936989,0.076816,0.564613,36.578418,40,80,1024
975,10,cpp_seq,0.010541,0.000075,0.038687,0.049305,40,80,1024
975,10,cpp_par,0.011299,0.000056,0.039632,0.050988,40,80,1024
975,10,cpp_adv,0.006869,0.000044,0.043795,0.050710,40,80,1024
976,10,seq,0.446397,0.000290,0.000397,0.447083,30,23,1
976,10,par,0.179519,0.038096,0.343506,0.561121,30,23,1
976,10,weights,0.177910,0.039536,0.368993,0.586439,30,23,1
976,10,cpp_seq,0.019733,0.000065,0.000117,0.019916,30,23,1
976,10,cpp_par,0.010296,0.000053,0.000170,0.010520,30,23,1
976,10,cpp_adv,0.010078,0.000036,0.000133,0.010248,30,23,1
977,10,seq,0.223533,0.000275,0.000120,0.223928,20,4,0
977,10,par,0.130506,0.048232,0.041614,0.220352,20,4,0
977,10,weights,0.101246,0.035351,0.000292,0.136889,20,4,0
977,10,cpp_seq,0.003905,0.000055,0.000016,0.003976,20,4,0
977,10,cpp_par,0.002169,0.000032,0.000016,0.002217,20,4,0
977,10,cpp_adv,0.002047,0.000032,0.000016,0.002095,20,4,0
978,10,seq,56.792954,0.000528,0.257240,57.050722,40,80,1024
978,10,par,0.106205,0.038267,0.454148,0.598621,40,80,1024
978,10,weights,0.223553,0.039020,0.440526,0.703099,40,80,1024
978,10,cpp_seq,0.006419,0.000077,0.039284,0.045781,40,80,1024
978,10,cpp_par,0.007527,0.000043,0.040060,0.047631,40,80,1024
978,10,cpp_adv,0.002857,0.000041,0.038595,0.041493,40,80,1024
979,10,seq,0.281562,0.000323,1.800119,2.082004,50,120,5976
979,10,par,0.117298,0.037065,1.148609,1.302973,50,120,5976
979,10,weights,0.211678,0.037091,0.958314,1.207082,50,120,5976
979,10,cpp_seq,0.004919,0.000083,0.246627,0.251630,50,120,5976
979,10,cpp_par,0.002904,0.000044,0.247011,0.249960,50,120,5976
979,10,cpp_adv,0.002779,0.000044,0.242612,0.245435,50,120,5976
980,10,seq,0.199514,0.000258,0.000362,0.200134,20,20,1
980,10,par,0.091058,0.037324,45.590581,45.718963,20,20,1
980,10,weights,0.110362,0.037378,0.334916,0.482655,20,20,1
980,10,cpp_seq,0.006565,0.000061,0.000110,0.006737,20,20,1
980,10,cpp_par,0.003666,0.000033,0.000109,0.003810,20,20,1
980,10,cpp_adv,0.003448,0.000054,0.000131,0.003634,20,20,1
981,10,seq,0.616193,0.000400,0.002266,0.618858,40,50,2
981,10,par,0.210777,0.035407,0.363636,0.609819,40,50,2
981,10,weights,0.191794,0.036267,0.378945,0.607005,40,50,2
981,10,cpp_seq,0.018719,0.000072,0.000491,0.019284,40,50,2
981,10,cpp_par,0.009723,0.000042,0.000514,0.010279,40,50,2
981,10,cpp_adv,0.009440,0.000042,0.000500,0.009983,40,50,2
982,10,seq,0.181626,0.000291,0.025091,0.207009,30,50,177
982,10,par,0.102856,0.044578,0.332682,0.480116,30,50,177
982,10,weights,0.093514,0.035346,0.333428,0.462288,30,50,177
982,10,cpp_seq,0.024686,0.000131,0.013099,0.037918,30,50,177
982,10,cpp_par,0.004566,0.000055,0.005959,0.010581,30,50,177
982,10,cpp_adv,0.003852,0.000039,0.005956,0.009849,30,50,177
983,10,seq,0.217841,0.001196,0.017969,0.237007,30,46,66
983,10,par,0.116873,0.036566,0.472082,0.625521,30,46,66
983,10,weights,0.142178,0.052564,0.550667,0.745409,30,46,66
983,10,cpp_seq,0.005050,0.000083,0.003256,0.008390,30,46,66
983,10,cpp_par,0.006687,0.000048,0.003075,0.009812,30,46,66
983,10,cpp_adv,0.007976,0.000111,0.003555,0.011643,30,46,66
984,10,seq,0.193494,0.000253,0.000372,0.194118,20,20,1
984,10,par,0.103958,0.042524,0.352052,0.498533,20,20,1
984,10,weights,0.104349,0.038405,0.434221,0.576976,20,20,1
984,10,cpp_seq,0.005804,0.000075,0.000112,0.005991,20,20,1
984,10,cpp_par,0.003293,0.000034,0.000110,0.003438,20,20,1
984,10,cpp_adv,0.003190,0.000034,0.000109,0.003333,20,20,1
985,10,seq,0.235203,0.000274,0.002268,0.237745,40,50,2
985,10,par,57.794454,0.049196,0.394862,58.238512,40,50,2
985,10,weights,0.138972,0.042227,0.505266,0.686466,40,50,2
985,10,cpp_seq,0.005658,0.000072,0.000506,0.006238,40,50,2
985,10,cpp_par,0.003842,0.000048,0.000500,0.004391,40,50,2
985,10,cpp_adv,0.010176,0.000090,0.000504,0.010771,40,50,2
986,10,seq,0.297047,0.000277,0.000285,0.297608,20,10,1
986,10,par,0.107580,0.036050,0.367824,0.511454,20,10,1
986,10,weights,0.117184,0.042637,0.339374,0.499195,20,10,1
986,10,cpp_seq,0.007468,0.000058,0.000065,0.007592,20,10,1
986,10,cpp_par,0.003926,0.000034,0.000064,0.004023,20,10,1
986,10,cpp_adv,0.003550,0.000032,0.000075,0.003657,20,10,1
987,10,seq,0.462112,0.000287,2.404660,2.867059,50,124,8256
987,10,par,0.249191,0.039012,1.370807,1.659010,50,124,8256
987,10,weights,0.288259,0.037393,55.029986,55.355637,50,124,8256
987,10,cpp_seq,0.015079,0.000081,0.315471,0.330633,50,124,8256
987,10,cpp_par,0.008383,0.000045,0.318188,0.326617,50,124,8256
987,10,cpp_adv,0.007750,0.000045,0.329030,0.336826,50,124,8256
988,10,seq,0.195716,0.000477,0.000589,0.196781,20,20,1
988,10,par,0.094146,0.036028,0.362159,0.492333,20,20,1
988,10,weights,0.097359,0.040351,0.370855,0.508564,20,20,1
988,10,cpp_seq,0.007108,0.000059,0.000108,0.007276,20,20,1
988,10,cpp_par,0.003625,0.000033,0.000107,0.003766,20,20,1
988,10,cpp_adv,0.004113,0.000035,0.000111,0.004259,20,20,1
989,10,seq,0.236961,0.000349,0.245943,0.483253,40,80,1024
989,10,par,0.105267,0.039580,0.432353,0.577200,40,80,1024
989,10,weights,0.103029,0.037285,0.516220,0.656533,40,80,1024
989,10,cpp_seq,0.003285,0.000074,0.039187,0.042547,40,80,1024
989,10,cpp_par,0.004452,0.000040,0.038883,0.043376,40,80,1024
989,10,cpp_adv,0.001685,0.000042,0.040563,0.042291,40,80,1024
990,10,seq,45.187640,0.000283,0.000451,45.188374,20,20,1
990,10,par,0.144500,0.035527,0.392608,0.572635,20,20,1
990,10,weights,0.154527,0.040446,0.397338,0.592310,20,20,1
990,10,cpp_seq,0.011057,0.000077,0.000113,0.011249,20,20,1
990,10,cpp_par,0.005794,0.000034,0.000233,0.006062,20,20,1
990,10,cpp_adv,0.005650,0.000033,0.000109,0.005792,20,20,1
991,10,seq,0.240358,0.000287,0.000119,0.240764,20,2,0
991,10,par,0.105296,0.036152,0.033281,0.174730,20,2,0
991,10,weights,0.103751,0.040990,0.000259,0.145000,20,2,0
991,10,cpp_seq,0.004433,0.000057,0.000018,0.004509,20,2,0
991,10,cpp_par,0.002458,0.000032,0.000017,0.002507,20,2,0
991,10,cpp_adv,0.002263,0.000032,0.000016,0.002311,20,2,0
992,10,seq,0.198625,0.000327,0.028777,0.227729,30,52,240
992,10,par,0.091061,0.038541,0.393743,0.523346,30,52,240
992,10,weights,0.105536,0.036267,58.733244,58.875046,30,52,240
992,10,cpp_seq,0.007900,0.000066,0.006742,0.014710,30,52,240
992,10,cpp_par,0.004605,0.000037,0.006202,0.010845,30,52,240
992,10,cpp_adv,0.004412,0.000038,0.006034,0.010485,30,52,240
993,10,seq,0.183237,0.000276,0.000417,0.183931,20,20,1
993,10,par,0.095458,0.047638,0.323403,0.466499,20,20,1
993,10,weights,0.192602,0.039768,0.314954,0.547325,20,20,1
993,10,cpp_seq,0.004813,0.000060,0.000111,0.004985,20,20,1
993,10,cpp_par,0.002614,0.000115,0.000108,0.002838,20,20,1
993,10,cpp_adv,0.002509,0.000033,0.000109,0.002653,20,20,1
994,10,seq,0.375479,0.000300,0.219552,0.595332,40,80,1024
994,10,par,0.151443,0.036910,0.460613,0.648966,40,80,1024
994,10,weights,0.144789,0.036913,0.530928,0.712630,40,80,1024
994,10,cpp_seq,0.012622,0.000126,0.042169,0.054919,40,80,1024
994,10,cpp_par,0.009903,0.000041,0.039937,0.049883,40,80,1024
994,10,cpp_adv,0.008795,0.000050,0.038773,0.047620,40,80,1024
995,10,seq,56.144439,0.000483,0.000355,56.145277,20,13,0
995,10,par,0.106973,0.036586,0.038770,0.182329,20,13,0
995,10,weights,0.094861,0.046850,0.034758,0.176469,20,13,0
995,10,cpp_seq,0.006855,0.000060,0.000021,0.006936,20,13,0
995,10,cpp_par,0.003759,0.000033,0.000019,0.003812,20,13,0
995,10,cpp_adv,0.003471,0.000035,0.000020,0.003526,20,13,0
996,10,seq,0.199620,0.000260,0.000175,0.200054,20,12,0
996,10,par,0.112888,0.045273,0.043811,0.201972,20,12,0
996,10,weights,0.178919,0.042504,0.035185,0.256608,20,12,0
996,10,cpp_seq,0.004219,0.000058,0.000020,0.004297,20,12,0
996,10,cpp_par,0.002258,0.000032,0.000017,0.002308,20,12,0
996,10,cpp_adv,0.002398,0.000033,0.000018,0.002449,20,12,0
997,10,seq,0.173149,0.000273,0.000233,0.173654,20,10,0
997,10,par,0.088434,0.034673,0.068937,0.192045,20,10,0
997,10,weights,0.088345,0.036106,0.069882,0.194333,20,10,0
997,10,cpp_seq,0.005938,0.000058,0.000023,0.006020,20,10,0
997,10,cpp_par,0.003246,0.000038,0.000024,0.003309,20,10,0
997,10,cpp_adv,0.003113,0.000033,0.000023,0.003169,20,10,0
998,10,seq,0.322810,0.000280,0.000251,0.323341,20,12,1
998,10,par,0.139201,0.035720,0.336461,0.511382,20,12,1
998,10,weights,0.119464,0.036485,0.348528,0.504476,20,12,1
998,10,cpp_seq,0.009889,0.000060,0.000067,0.010017,20,12,1
998,10,cpp_par,0.005085,0.000033,0.000064,0.005182,20,12,1
998,10,cpp_adv,0.004964,0.000033,0.000065,0.005062,20,12,1
999,10,seq,0.184854,0.000271,0.000359,0.185485,20,20,1
999,10,par,0.093982,0.035827,0.312979,0.442788,20,20,1
999,10,weights,0.093013,0.035488,0.316290,0.444791,20,20,1
999,10,cpp_seq,0.004666,0.000060,0.000110,0.004837,20,20,1
999,10,cpp_par,0.002833,0.000035,0.000111,0.002980,20,20,1
999,10,cpp_adv,0.002490,0.000033,0.000108,0.002631,20,20,1
1000,10,seq,0.160480,0.000240,0.000091,0.160811,20,3,0
1000,10,par,0.085660,0.035151,0.032883,0.153695,20,3,0
1000,10,weights,58.539126,0.041940,0.000414,58.581479,20,3,0
1000,10,cpp_seq,0.004119,0.000056,0.000016,0.004192,20,3,0
1000,10,cpp_par,0.002416,0.000032,0.000015,0.002464,20,3,0
1000,10,cpp_adv,0.002109,0.000031,0.000014,0.002154,20,3,0
