sample,n_nets,perfil,t_p1,t_p2,t_p3,total_t,n_attractors,n_pairs,n_fields
1,10,seq,0.232328,0.000277,0.057287,0.289892,38,68,1024
1,10,par,0.100296,0.019267,0.174352,0.293915,38,68,1024
1,10,weights,0.091740,0.018921,0.176372,0.287032,38,68,1024
1,10,cpp_seq,0.003882,0.000065,0.011962,0.015911,38,68,1024
1,10,cpp_par,0.005378,0.000038,0.011707,0.017124,38,68,1024
1,10,cpp_adv,0.004652,0.000039,0.011443,0.016135,38,68,1024
2,10,seq,0.293144,0.000258,0.000093,0.293494,19,2,0
2,10,par,0.117221,0.019004,0.017474,0.153699,19,2,0
2,10,weights,0.101883,0.020255,0.000278,0.122416,19,2,0
2,10,cpp_seq,0.005624,0.000050,0.000015,0.005689,19,2,0
2,10,cpp_par,0.003014,0.000031,0.000015,0.003060,19,2,0
2,10,cpp_adv,0.003181,0.000054,0.000016,0.003251,19,2,0
3,10,seq,0.292122,0.000266,0.000341,0.292728,19,17,1
3,10,par,0.109682,0.019076,0.149179,0.277937,19,17,1
3,10,weights,0.109398,0.021718,0.148735,0.279851,19,17,1
3,10,cpp_seq,0.011006,0.000058,0.000064,0.011129,19,17,1
3,10,cpp_par,0.005636,0.000036,0.000069,0.005742,19,17,1
3,10,cpp_adv,0.005406,0.000034,0.000078,0.005518,19,17,1
4,10,seq,0.212781,0.000274,0.000378,0.213433,29,27,2
4,10,par,0.089972,0.020670,0.150249,0.260891,29,27,2
4,10,weights,0.081804,0.021987,0.159998,0.263789,29,27,2
4,10,cpp_seq,0.002703,0.000057,0.000121,0.002882,29,27,2
4,10,cpp_par,0.001662,0.000033,0.000093,0.001788,29,27,2
4,10,cpp_adv,0.001739,0.000037,0.000095,0.001871,29,27,2
5,10,seq,0.413860,0.000478,0.054343,0.468681,38,68,1024
5,10,par,0.121595,0.022299,0.187645,0.331539,38,68,1024
5,10,weights,0.124594,0.026347,0.182068,0.333009,38,68,1024
5,10,cpp_seq,0.006249,0.000068,0.012020,0.018338,38,68,1024
5,10,cpp_par,0.006129,0.000037,0.011735,0.017902,38,68,1024
5,10,cpp_adv,0.005782,0.000038,0.011379,0.017200,38,68,1024
6,10,seq,0.241846,0.000276,0.000125,0.242247,19,8,0
6,10,par,0.095348,0.024405,0.020271,0.140023,19,8,0
6,10,weights,0.099940,0.022993,0.000407,0.123341,19,8,0
6,10,cpp_seq,0.007068,0.000052,0.000018,0.007138,19,8,0
6,10,cpp_par,0.004368,0.000042,0.000022,0.004434,19,8,0
6,10,cpp_adv,0.003553,0.000031,0.000016,0.003601,19,8,0
7,10,seq,0.243886,0.000317,0.000228,0.244431,19,16,0
7,10,par,0.093571,0.028439,0.072148,0.194158,19,16,0
7,10,weights,0.093353,0.020387,0.077410,0.191151,19,16,0
7,10,cpp_seq,0.004383,0.000052,0.000035,0.004471,19,16,0
7,10,cpp_par,0.002770,0.000034,0.000036,0.002841,19,16,0
7,10,cpp_adv,0.002165,0.000031,0.000034,0.002231,19,16,0
8,10,seq,0.208804,0.000284,0.057346,0.266434,38,68,1024
8,10,par,0.084491,0.022545,0.185658,0.292693,38,68,1024
8,10,weights,0.087804,0.019319,0.301870,0.408992,38,68,1024
8,10,cpp_seq,0.004521,0.000066,0.012540,0.017128,38,68,1024
8,10,cpp_par,0.005210,0.000038,0.011765,0.017013,38,68,1024
8,10,cpp_adv,0.005123,0.000042,0.011376,0.016540,38,68,1024
9,10,seq,0.177802,0.000358,0.005610,0.183770,29,40,108
9,10,par,0.068874,0.023758,0.161030,0.253663,29,40,108
9,10,weights,0.078351,0.022267,0.165027,0.265645,29,40,108
9,10,cpp_seq,0.004722,0.000059,0.001409,0.006191,29,40,108
9,10,cpp_par,0.002916,0.000035,0.001385,0.004337,29,40,108
9,10,cpp_adv,0.002694,0.000035,0.001477,0.004207,29,40,108
10,10,seq,0.298364,0.000283,0.055245,0.353892,38,68,1024
10,10,par,0.107923,0.019079,0.189298,0.316299,38,68,1024
10,10,weights,0.111410,0.023321,0.185808,0.320539,38,68,1024
10,10,cpp_seq,0.008738,0.000066,0.012080,0.020885,38,68,1024
10,10,cpp_par,0.007713,0.000039,0.012251,0.020004,38,68,1024
10,10,cpp_adv,0.007031,0.000046,0.012163,0.019241,38,68,1024
11,10,seq,0.200371,0.000289,0.000394,0.201054,28,35,1
11,10,par,0.076125,0.020240,0.151554,0.247919,28,35,1
11,10,weights,0.081470,0.021882,0.162044,0.265396,28,35,1
11,10,cpp_seq,0.005734,0.000059,0.000083,0.005877,28,35,1
11,10,cpp_par,0.002925,0.000037,0.000086,0.003049,28,35,1
11,10,cpp_adv,0.002905,0.000036,0.000084,0.003026,28,35,1
12,10,seq,0.205721,0.000292,0.035767,0.241780,38,64,576
12,10,par,0.079000,0.020125,0.179139,0.278264,38,64,576
12,10,weights,0.082686,0.019594,0.175656,0.277936,38,64,576
12,10,cpp_seq,0.004306,0.000065,0.006944,0.011316,38,64,576
12,10,cpp_par,0.003747,0.000038,0.006331,0.010117,38,64,576
12,10,cpp_adv,0.002006,0.000037,0.006518,0.008562,38,64,576
13,10,seq,0.234448,0.000279,0.028067,0.262794,39,44,12
13,10,par,0.092917,0.023037,0.160721,0.276675,39,44,12
13,10,weights,0.088059,0.023862,0.159154,0.271075,39,44,12
13,10,cpp_seq,0.005149,0.000062,0.000388,0.005599,39,44,12
13,10,cpp_par,0.003058,0.000039,0.000385,0.003483,39,44,12
13,10,cpp_adv,0.002781,0.000038,0.000385,0.003205,39,44,12
14,10,seq,0.173807,0.000257,0.000426,0.174489,28,36,1
14,10,par,0.073071,0.020063,0.149276,0.242410,28,36,1
14,10,weights,0.079621,0.022083,0.152030,0.253735,28,36,1
14,10,cpp_seq,0.006310,0.000076,0.000107,0.006494,28,36,1
14,10,cpp_par,0.006318,0.000047,0.000109,0.006474,28,36,1
14,10,cpp_adv,0.004711,0.000047,0.000128,0.004887,28,36,1
15,10,seq,0.260017,0.000334,0.000162,0.260513,19,4,0
15,10,par,0.098928,0.019892,0.018733,0.137553,19,4,0
15,10,weights,0.090137,0.023058,0.000306,0.113501,19,4,0
15,10,cpp_seq,0.006348,0.000051,0.000016,0.006417,19,4,0
15,10,cpp_par,0.003781,0.000033,0.000016,0.003831,19,4,0
15,10,cpp_adv,0.003505,0.000032,0.000015,0.003553,19,4,0
16,10,seq,0.213139,0.000335,0.000120,0.213594,19,10,0
16,10,par,0.084319,0.021631,0.018154,0.124105,19,10,0
16,10,weights,0.084061,0.019113,0.000308,0.103482,19,10,0
16,10,cpp_seq,0.004491,0.000055,0.000020,0.004566,19,10,0
16,10,cpp_par,0.002392,0.000048,0.000017,0.002458,19,10,0
16,10,cpp_adv,0.002366,0.000034,0.000018,0.002418,19,10,0
17,10,seq,0.227188,0.000287,0.018174,0.245648,38,62,288
17,10,par,0.090931,0.019179,0.167763,0.277874,38,62,288
17,10,weights,0.088842,0.020903,0.166045,0.275791,38,62,288
17,10,cpp_seq,0.003885,0.000065,0.003561,0.007512,38,62,288
17,10,cpp_par,0.002912,0.000040,0.003462,0.006414,38,62,288
17,10,cpp_adv,0.001785,0.000048,0.003462,0.005297,38,62,288
18,10,seq,0.363956,0.000709,0.000723,0.365388,19,17,1
18,10,par,0.144106,0.025824,0.187101,0.357031,19,17,1
18,10,weights,0.155643,0.027906,0.205455,0.389004,19,17,1
18,10,cpp_seq,0.008921,0.000053,0.000064,0.009040,19,17,1
18,10,cpp_par,0.005456,0.000040,0.000068,0.005564,19,17,1
18,10,cpp_adv,0.004203,0.000038,0.000084,0.004325,19,17,1
19,10,seq,0.357358,0.000363,0.000124,0.357845,19,4,0
19,10,par,0.153865,0.023810,0.019097,0.196772,19,4,0
19,10,weights,0.190596,0.032759,0.000349,0.223703,19,4,0
19,10,cpp_seq,0.007379,0.000051,0.000015,0.007447,19,4,0
19,10,cpp_par,0.004273,0.000034,0.000016,0.004323,19,4,0
19,10,cpp_adv,0.003878,0.000034,0.000015,0.003928,19,4,0
20,10,seq,0.255620,0.000253,0.001844,0.257718,39,44,12
20,10,par,0.089122,0.019661,0.152371,0.261154,39,44,12
20,10,weights,0.085581,0.021608,0.163119,0.270308,39,44,12
20,10,cpp_seq,0.006014,0.000065,0.000402,0.006482,39,44,12
20,10,cpp_par,0.002966,0.000054,0.000412,0.003432,39,44,12
20,10,cpp_adv,0.002631,0.000038,0.000386,0.003056,39,44,12
21,10,seq,0.352546,0.000278,0.000442,0.353266,29,30,2
21,10,par,0.131417,0.022101,0.148805,0.302323,29,30,2
21,10,weights,0.124435,0.021621,0.152713,0.298769,29,30,2
21,10,cpp_seq,0.015825,0.000059,0.000106,0.015991,29,30,2
21,10,cpp_par,0.008919,0.000037,0.000107,0.009063,29,30,2
21,10,cpp_adv,0.008084,0.000036,0.000106,0.008227,29,30,2
22,10,seq,0.409034,0.000305,0.025147,0.434486,38,60,432
22,10,par,0.141769,0.019855,0.176426,0.338049,38,60,432
22,10,weights,0.139365,0.020368,0.170641,0.330374,38,60,432
22,10,cpp_seq,0.007209,0.000067,0.005628,0.012904,38,60,432
22,10,cpp_par,0.005277,0.000038,0.005530,0.010845,38,60,432
22,10,cpp_adv,0.004785,0.000042,0.005510,0.010338,38,60,432
23,10,seq,0.267303,0.000314,0.058170,0.325787,38,68,1024
23,10,par,0.100465,0.020311,0.251975,0.372752,38,68,1024
23,10,weights,0.107316,0.023279,0.188483,0.319077,38,68,1024
23,10,cpp_seq,0.011174,0.000069,0.011844,0.023088,38,68,1024
23,10,cpp_par,0.008622,0.000065,0.012273,0.020961,38,68,1024
23,10,cpp_adv,0.008253,0.000057,0.011696,0.020007,38,68,1024
24,10,seq,0.193827,0.000292,0.056779,0.250898,38,68,1024
24,10,par,0.086188,0.019460,0.195593,0.301240,38,68,1024
24,10,weights,0.088226,0.027422,0.296418,0.412067,38,68,1024
24,10,cpp_seq,0.004199,0.000067,0.012648,0.016916,38,68,1024
24,10,cpp_par,0.004889,0.000054,0.011579,0.016522,38,68,1024
24,10,cpp_adv,0.002899,0.000137,0.011846,0.014883,38,68,1024
25,10,seq,0.222223,0.000293,0.559979,0.782495,48,104,9232
25,10,par,0.092492,0.024973,0.484830,0.602295,48,104,9232
25,10,weights,0.090063,0.020292,0.534581,0.644937,48,104,9232
25,10,cpp_seq,0.003641,0.000073,0.107348,0.111064,48,104,9232
25,10,cpp_par,0.002873,0.000071,0.108217,0.111162,48,104,9232
25,10,cpp_adv,0.001894,0.000043,0.107822,0.109760,48,104,9232
26,10,seq,0.458668,0.000304,0.420589,0.879561,48,101,6665
26,10,par,0.138968,0.024627,0.551949,0.715544,48,101,6665
26,10,weights,0.123393,0.024414,0.450983,0.598790,48,101,6665
26,10,cpp_seq,0.018664,0.000089,0.079102,0.097856,48,101,6665
26,10,cpp_par,0.009607,0.000123,0.077733,0.087464,48,101,6665
26,10,cpp_adv,0.010512,0.000073,0.076889,0.087475,48,101,6665
27,10,seq,0.763123,0.000388,0.000146,0.763656,29,12,0
27,10,par,0.139756,0.021989,0.022370,0.184115,29,12,0
27,10,weights,0.204314,0.042199,0.000404,0.246917,29,12,0
27,10,cpp_seq,0.005147,0.000064,0.000019,0.005231,29,12,0
27,10,cpp_par,0.003749,0.000175,0.000024,0.003949,29,12,0
27,10,cpp_adv,0.003058,0.000043,0.000023,0.003125,29,12,0
28,10,seq,0.231208,0.000450,0.000446,0.232104,19,17,1
28,10,par,0.220572,0.033760,0.192665,0.446997,19,17,1
28,10,weights,0.085620,0.023268,0.178952,0.287840,19,17,1
28,10,cpp_seq,0.006322,0.000054,0.000065,0.006441,19,17,1
28,10,cpp_par,0.003712,0.000033,0.000063,0.003808,19,17,1
28,10,cpp_adv,0.003452,0.000033,0.000064,0.003549,19,17,1
29,10,seq,0.354838,0.000290,0.000128,0.355255,29,2,0
29,10,par,0.130233,0.023532,0.019765,0.173530,29,2,0
29,10,weights,0.215290,0.023142,0.000302,0.238733,29,2,0
29,10,cpp_seq,0.007968,0.000055,0.000017,0.008041,29,2,0
29,10,cpp_par,0.004431,0.000036,0.000015,0.004483,29,2,0
29,10,cpp_adv,0.003969,0.000032,0.000014,0.004015,29,2,0
30,10,seq,0.265242,0.000282,0.000310,0.265834,19,17,1
30,10,par,0.098396,0.024499,0.175560,0.298455,19,17,1
30,10,weights,0.091993,0.023297,0.174130,0.289419,19,17,1
30,10,cpp_seq,0.004669,0.000053,0.000065,0.004789,19,17,1
30,10,cpp_par,0.002766,0.000033,0.000064,0.002863,19,17,1
30,10,cpp_adv,0.002689,0.000032,0.000063,0.002785,19,17,1
31,10,seq,0.293622,0.000447,0.055936,0.350005,38,68,1024
31,10,par,0.150705,0.021968,0.204216,0.376889,38,68,1024
31,10,weights,0.122540,0.023575,0.201988,0.348103,38,68,1024
31,10,cpp_seq,0.006361,0.000067,0.012103,0.018532,38,68,1024
31,10,cpp_par,0.006430,0.000038,0.011692,0.018160,38,68,1024
31,10,cpp_adv,0.005943,0.000045,0.011592,0.017580,38,68,1024
32,10,seq,1.347806,0.000258,0.000119,1.348183,19,2,0
32,10,par,0.087474,0.024707,0.019906,0.132088,19,2,0
32,10,weights,0.092914,0.021860,0.000348,0.115122,19,2,0
32,10,cpp_seq,0.005077,0.000051,0.000017,0.005146,19,2,0
32,10,cpp_par,0.002233,0.000039,0.000020,0.002293,19,2,0
32,10,cpp_adv,0.001999,0.000030,0.000015,0.002044,19,2,0
33,10,seq,0.468668,0.000269,0.055217,0.524154,38,68,1024
33,10,par,0.125842,0.022357,0.219696,0.367895,38,68,1024
33,10,weights,0.262448,0.023876,0.199133,0.485458,38,68,1024
33,10,cpp_seq,0.013169,0.000066,0.012277,0.025514,38,68,1024
33,10,cpp_par,0.009611,0.000040,0.012193,0.021845,38,68,1024
33,10,cpp_adv,0.010401,0.000042,0.012588,0.023032,38,68,1024
34,10,seq,0.691904,0.000285,0.001278,0.693468,29,35,11
34,10,par,0.094800,0.023051,0.173597,0.291449,29,35,11
34,10,weights,0.102613,0.024358,0.181156,0.308127,29,35,11
34,10,cpp_seq,0.004364,0.000058,0.000334,0.004757,29,35,11
34,10,cpp_par,0.002773,0.000035,0.000324,0.003133,29,35,11
34,10,cpp_adv,0.002377,0.000035,0.000323,0.002737,29,35,11
35,10,seq,0.284129,0.000250,0.000358,0.284738,19,7,0
35,10,par,0.114429,0.023600,0.083383,0.221412,19,7,0
35,10,weights,0.109346,0.025416,0.087188,0.221950,19,7,0
35,10,cpp_seq,0.009496,0.000086,0.000049,0.009632,19,7,0
35,10,cpp_par,0.005229,0.000031,0.000031,0.005292,19,7,0
35,10,cpp_adv,0.005387,0.000036,0.000040,0.005464,19,7,0
36,10,seq,0.193156,0.000285,0.058913,0.252354,38,68,1024
36,10,par,0.077782,0.021526,0.205193,0.304502,38,68,1024
36,10,weights,0.076688,0.022646,0.211594,0.310928,38,68,1024
36,10,cpp_seq,0.003066,0.000068,0.012068,0.015203,38,68,1024
36,10,cpp_par,0.004686,0.000038,0.011683,0.016409,38,68,1024
36,10,cpp_adv,0.001569,0.000038,0.011769,0.013377,38,68,1024
37,10,seq,0.201613,0.000289,0.000118,0.202020,19,4,0
37,10,par,0.084175,0.023278,0.019028,0.126481,19,4,0
37,10,weights,0.084942,0.022518,0.000291,0.107751,19,4,0
37,10,cpp_seq,0.006181,0.000050,0.000017,0.006250,19,4,0
37,10,cpp_par,0.003596,0.000031,0.000017,0.003645,19,4,0
37,10,cpp_adv,0.003607,0.000033,0.000018,0.003658,19,4,0
38,10,seq,0.356511,0.000321,0.084729,0.441560,38,68,1024
38,10,par,0.133368,0.022688,0.207474,0.363530,38,68,1024
38,10,weights,0.127946,0.025696,0.220832,0.374474,38,68,1024
38,10,cpp_seq,0.011422,0.000089,0.012144,0.023656,38,68,1024
38,10,cpp_par,0.009657,0.000039,0.011635,0.021332,38,68,1024
38,10,cpp_adv,0.008700,0.000069,0.011572,0.020341,38,68,1024
39,10,seq,0.235239,0.000240,0.000118,0.235596,19,8,0
39,10,par,0.092253,0.022032,0.021318,0.135604,19,8,0
39,10,weights,0.091650,0.022357,0.000294,0.114301,19,8,0
39,10,cpp_seq,0.008014,0.000053,0.000019,0.008086,19,8,0
39,10,cpp_par,0.004206,0.000032,0.000018,0.004256,19,8,0
39,10,cpp_adv,0.004096,0.000032,0.000017,0.004145,19,8,0
40,10,seq,0.225743,0.000271,0.000288,0.226303,19,7,0
40,10,par,0.094123,0.023830,0.022714,0.140668,19,7,0
40,10,weights,0.095192,0.021870,0.022091,0.139153,19,7,0
40,10,cpp_seq,0.006466,0.000053,0.000018,0.006537,19,7,0
40,10,cpp_par,0.003820,0.000034,0.000040,0.003896,19,7,0
40,10,cpp_adv,0.003479,0.000031,0.000015,0.003526,19,7,0
41,10,seq,0.251383,0.000512,0.000398,0.252294,19,17,1
41,10,par,0.093489,0.022461,0.174535,0.290485,19,17,1
41,10,weights,0.094349,0.022267,0.170592,0.287208,19,17,1
41,10,cpp_seq,0.005125,0.000055,0.000067,0.005248,19,17,1
41,10,cpp_par,0.002961,0.000034,0.000065,0.003061,19,17,1
41,10,cpp_adv,0.002688,0.000031,0.000062,0.002782,19,17,1
42,10,seq,0.248226,0.000275,0.000208,0.248708,19,10,0
42,10,par,0.095345,0.022972,0.024228,0.142546,19,10,0
42,10,weights,0.099069,0.022376,0.021874,0.143319,19,10,0
42,10,cpp_seq,0.007582,0.000058,0.000025,0.007666,19,10,0
42,10,cpp_par,0.004217,0.000032,0.000019,0.004269,19,10,0
42,10,cpp_adv,0.003889,0.000030,0.000017,0.003937,19,10,0
43,10,seq,0.224433,0.000269,0.000306,0.225007,19,17,1
43,10,par,0.094317,0.021570,0.175367,0.291254,19,17,1
43,10,weights,0.095990,0.024239,0.177607,0.297836,19,17,1
43,10,cpp_seq,0.004632,0.000054,0.000066,0.004752,19,17,1
43,10,cpp_par,0.002783,0.000034,0.000102,0.002921,19,17,1
43,10,cpp_adv,0.002458,0.000032,0.000063,0.002554,19,17,1
44,10,seq,0.270669,0.000350,0.013787,0.284806,29,45,288
44,10,par,0.109277,0.022116,0.202122,0.333516,29,45,288
44,10,weights,0.126699,0.028179,0.241957,0.396835,29,45,288
44,10,cpp_seq,0.005421,0.000062,0.003781,0.009265,29,45,288
44,10,cpp_par,0.004790,0.000042,0.004030,0.008864,29,45,288
44,10,cpp_adv,0.003669,0.000036,0.003613,0.007318,29,45,288
45,10,seq,0.261121,0.000273,0.000334,0.261728,28,36,1
45,10,par,0.116857,0.025703,0.186343,0.328903,28,36,1
45,10,weights,0.098106,0.021924,0.263015,0.383045,28,36,1
45,10,cpp_seq,0.008128,0.000080,0.000138,0.008348,28,36,1
45,10,cpp_par,0.003450,0.000038,0.000113,0.003602,28,36,1
45,10,cpp_adv,0.004011,0.000051,0.000109,0.004172,28,36,1
46,10,seq,0.469850,0.000378,0.000127,0.470355,29,1,0
46,10,par,0.303536,0.051818,0.052903,0.408258,29,1,0
46,10,weights,0.298512,0.024319,0.000329,0.323161,29,1,0
46,10,cpp_seq,0.010013,0.000053,0.000016,0.010083,29,1,0
46,10,cpp_par,0.005218,0.000035,0.000017,0.005270,29,1,0
46,10,cpp_adv,0.005493,0.000033,0.000016,0.005542,29,1,0
47,10,seq,0.219243,0.000269,0.000306,0.219818,19,17,1
47,10,par,0.088605,0.024044,0.170094,0.282743,19,17,1
47,10,weights,0.091930,0.022491,0.175473,0.289893,19,17,1
47,10,cpp_seq,0.005453,0.000067,0.000088,0.005609,19,17,1
47,10,cpp_par,0.003211,0.000034,0.000065,0.003310,19,17,1
47,10,cpp_adv,0.002872,0.000032,0.000063,0.002968,19,17,1
48,10,seq,0.283471,0.000296,0.085852,0.369620,38,68,1024
48,10,par,0.113752,0.023274,0.210665,0.347691,38,68,1024
48,10,weights,0.105003,0.025966,0.205187,0.336156,38,68,1024
48,10,cpp_seq,0.006315,0.000068,0.013101,0.019485,38,68,1024
48,10,cpp_par,0.006602,0.000039,0.012456,0.019099,38,68,1024
48,10,cpp_adv,0.007038,0.000041,0.015296,0.022376,38,68,1024
49,10,seq,0.242402,0.000280,0.062988,0.305671,38,68,1024
49,10,par,0.089437,0.023025,0.215310,0.327772,38,68,1024
49,10,weights,0.103076,0.029861,0.222296,0.355233,38,68,1024
49,10,cpp_seq,0.004394,0.000067,0.014001,0.018463,38,68,1024
49,10,cpp_par,0.005683,0.000043,0.011955,0.017682,38,68,1024
49,10,cpp_adv,0.004940,0.000043,0.012418,0.017403,38,68,1024
50,10,seq,0.240252,0.000329,0.000152,0.240733,19,8,0
50,10,par,0.099922,0.024783,0.026465,0.151170,19,8,0
50,10,weights,0.094945,0.023458,0.000299,0.118702,19,8,0
50,10,cpp_seq,0.009617,0.000055,0.000019,0.009692,19,8,0
50,10,cpp_par,0.004811,0.000095,0.000078,0.004985,19,8,0
50,10,cpp_adv,0.004608,0.000033,0.000017,0.004658,19,8,0
51,10,seq,0.304572,0.000245,0.000124,0.304940,19,8,0
51,10,par,0.112507,0.024896,0.022991,0.160394,19,8,0
51,10,weights,0.114241,0.026357,0.000441,0.141038,19,8,0
51,10,cpp_seq,0.007006,0.000053,0.000019,0.007079,19,8,0
51,10,cpp_par,0.003426,0.000031,0.000016,0.003474,19,8,0
51,10,cpp_adv,0.003324,0.000044,0.000022,0.003391,19,8,0
52,10,seq,0.198177,0.000290,0.085323,0.283790,38,68,1024
52,10,par,0.082128,0.022235,0.218911,0.323273,38,68,1024
52,10,weights,0.083512,0.025086,0.218951,0.327548,38,68,1024
52,10,cpp_seq,0.002986,0.000066,0.013351,0.016405,38,68,1024
52,10,cpp_par,0.004602,0.000038,0.012381,0.017023,38,68,1024
52,10,cpp_adv,0.001637,0.000039,0.011912,0.013590,38,68,1024
53,10,seq,0.203794,0.000268,0.000118,0.204179,19,2,0
53,10,par,0.085581,0.023976,0.025048,0.134606,19,2,0
53,10,weights,0.091737,0.022903,0.000293,0.114932,19,2,0
53,10,cpp_seq,0.004653,0.000052,0.000019,0.004725,19,2,0
53,10,cpp_par,0.003213,0.000043,0.000021,0.003277,19,2,0
53,10,cpp_adv,0.002343,0.000033,0.000018,0.002394,19,2,0
54,10,seq,0.348225,0.000246,0.000118,0.348589,19,2,0
54,10,par,0.145106,0.027548,0.021091,0.193745,19,2,0
54,10,weights,0.122069,0.022585,0.000435,0.145089,19,2,0
54,10,cpp_seq,0.010769,0.000051,0.000016,0.010837,19,2,0
54,10,cpp_par,0.006338,0.000037,0.000017,0.006392,19,2,0
54,10,cpp_adv,0.005568,0.000032,0.000016,0.005617,19,2,0
55,10,seq,0.227268,0.000265,0.000118,0.227651,19,2,0
55,10,par,0.096771,0.027145,0.023029,0.146945,19,2,0
55,10,weights,0.087886,0.024248,0.000294,0.112427,19,2,0
55,10,cpp_seq,0.002505,0.000061,0.000020,0.002586,19,2,0
55,10,cpp_par,0.001725,0.000040,0.000018,0.001784,19,2,0
55,10,cpp_adv,0.001805,0.000055,0.000018,0.001879,19,2,0
56,10,seq,0.549597,0.000298,0.000310,0.550205,19,17,1
56,10,par,0.165222,0.021340,0.176173,0.362734,19,17,1
56,10,weights,0.164521,0.024877,0.172676,0.362074,19,17,1
56,10,cpp_seq,0.016673,0.000057,0.000069,0.016800,19,17,1
56,10,cpp_par,0.009359,0.000035,0.000065,0.009460,19,17,1
56,10,cpp_adv,0.009285,0.000035,0.000065,0.009386,19,17,1
57,10,seq,0.216217,0.000281,0.000119,0.216617,19,5,0
57,10,par,0.095657,0.024452,0.020916,0.141024,19,5,0
57,10,weights,0.085443,0.025604,0.000310,0.111357,19,5,0
57,10,cpp_seq,0.005001,0.000051,0.000018,0.005071,19,5,0
57,10,cpp_par,0.003155,0.000039,0.000017,0.003211,19,5,0
57,10,cpp_adv,0.002840,0.000040,0.000018,0.002899,19,5,0
58,10,seq,0.190355,0.000305,0.001391,0.192051,29,35,11
58,10,par,0.083223,0.025147,0.175013,0.283383,29,35,11
58,10,weights,0.081913,0.023207,0.185433,0.290554,29,35,11
58,10,cpp_seq,0.003004,0.000079,0.000366,0.003450,29,35,11
58,10,cpp_par,0.001923,0.000048,0.000329,0.002301,29,35,11
58,10,cpp_adv,0.002393,0.000046,0.000452,0.002893,29,35,11
59,10,seq,0.235553,0.000264,0.000237,0.236053,19,15,0
59,10,par,0.091701,0.026118,0.070731,0.188549,19,15,0
59,10,weights,0.096039,0.022220,0.065991,0.184250,19,15,0
59,10,cpp_seq,0.007398,0.000053,0.000031,0.007483,19,15,0
59,10,cpp_par,0.003988,0.000033,0.000030,0.004052,19,15,0
59,10,cpp_adv,0.003914,0.000034,0.000032,0.003980,19,15,0
60,10,seq,0.218048,0.000388,0.000395,0.218831,19,15,0
60,10,par,0.092163,0.022306,0.144956,0.259424,19,15,0
60,10,weights,0.086282,0.023852,0.136613,0.246746,19,15,0
60,10,cpp_seq,0.006550,0.000052,0.000047,0.006650,19,15,0
60,10,cpp_par,0.003520,0.000034,0.000048,0.003603,19,15,0
60,10,cpp_adv,0.003908,0.000034,0.000047,0.003990,19,15,0
61,10,seq,0.434317,0.000408,0.000381,0.435106,19,15,0
61,10,par,0.150014,0.023174,0.151290,0.324477,19,15,0
61,10,weights,0.294763,0.024638,0.153901,0.473301,19,15,0
61,10,cpp_seq,0.011814,0.000129,0.000072,0.012016,19,15,0
61,10,cpp_par,0.006415,0.000040,0.000049,0.006504,19,15,0
61,10,cpp_adv,0.005890,0.000032,0.000046,0.005970,19,15,0
62,10,seq,0.232029,0.000352,0.000111,0.232492,19,2,0
62,10,par,0.095379,0.024766,0.027371,0.147515,19,2,0
62,10,weights,0.092906,0.025918,0.000279,0.119103,19,2,0
62,10,cpp_seq,0.004063,0.000051,0.000018,0.004133,19,2,0
62,10,cpp_par,0.002596,0.000033,0.000016,0.002645,19,2,0
62,10,cpp_adv,0.002591,0.000034,0.000019,0.002645,19,2,0
63,10,seq,0.224522,0.000248,0.006589,0.231359,29,41,112
63,10,par,0.083260,0.023173,0.185297,0.291729,29,41,112
63,10,weights,0.096728,0.022463,0.183977,0.303168,29,41,112
63,10,cpp_seq,0.009777,0.000061,0.001685,0.011524,29,41,112
63,10,cpp_par,0.006119,0.000055,0.001904,0.008079,29,41,112
63,10,cpp_adv,0.005186,0.000035,0.001631,0.006853,29,41,112
64,10,seq,0.191700,0.000269,0.000729,0.192697,29,29,4
64,10,par,0.086625,0.022251,0.175360,0.284236,29,29,4
64,10,weights,0.085427,0.022639,0.178516,0.286582,29,29,4
64,10,cpp_seq,0.004287,0.000057,0.000182,0.004527,29,29,4
64,10,cpp_par,0.002658,0.000037,0.000183,0.002879,29,29,4
64,10,cpp_adv,0.002350,0.000034,0.000174,0.002559,29,29,4
65,10,seq,0.201157,0.000323,0.000287,0.201766,19,17,1
65,10,par,0.083791,0.021077,0.167546,0.272413,19,17,1
65,10,weights,0.081984,0.022611,0.180670,0.285265,19,17,1
65,10,cpp_seq,0.005580,0.000052,0.000108,0.005741,19,17,1
65,10,cpp_par,0.002754,0.000031,0.000061,0.002847,19,17,1
65,10,cpp_adv,0.002369,0.000031,0.000121,0.002522,19,17,1
66,10,seq,0.247234,0.000259,0.000283,0.247776,19,11,1
66,10,par,0.231778,0.026204,0.168973,0.426955,19,11,1
66,10,weights,0.104314,0.022707,0.172306,0.299327,19,11,1
66,10,cpp_seq,0.008335,0.000051,0.000152,0.008538,19,11,1
66,10,cpp_par,0.004164,0.000031,0.000054,0.004250,19,11,1
66,10,cpp_adv,0.004185,0.000044,0.000080,0.004312,19,11,1
67,10,seq,0.656268,0.000301,0.057346,0.713915,38,68,1024
67,10,par,0.155013,0.023160,0.202619,0.380792,38,68,1024
67,10,weights,0.089588,0.024681,0.210186,0.324455,38,68,1024
67,10,cpp_seq,0.005355,0.000088,0.012444,0.017888,38,68,1024
67,10,cpp_par,0.005522,0.000038,0.012508,0.018069,38,68,1024
67,10,cpp_adv,0.005529,0.000042,0.011649,0.017221,38,68,1024
68,10,seq,0.443016,0.000269,0.000218,0.443503,19,12,1
68,10,par,0.160913,0.022110,0.172859,0.355883,19,12,1
68,10,weights,0.275456,0.023037,0.168959,0.467452,19,12,1
68,10,cpp_seq,0.018263,0.000066,0.000082,0.018412,19,12,1
68,10,cpp_par,0.009079,0.000032,0.000060,0.009172,19,12,1
68,10,cpp_adv,0.009129,0.000034,0.000060,0.009224,19,12,1
69,10,seq,0.250867,0.000469,0.055328,0.306663,38,68,1024
69,10,par,0.095828,0.024430,0.218373,0.338631,38,68,1024
69,10,weights,0.188800,0.023276,0.210242,0.422319,38,68,1024
69,10,cpp_seq,0.003475,0.000066,0.013269,0.016811,38,68,1024
69,10,cpp_par,0.005020,0.000039,0.011822,0.016881,38,68,1024
69,10,cpp_adv,0.001871,0.000038,0.012725,0.014635,38,68,1024
70,10,seq,1.157590,0.000416,0.000305,1.158310,19,15,0
70,10,par,0.132035,0.024236,0.063101,0.219372,19,15,0
70,10,weights,0.146664,0.052592,0.102943,0.302199,19,15,0
70,10,cpp_seq,0.009602,0.000054,0.000031,0.009688,19,15,0
70,10,cpp_par,0.005178,0.000034,0.000031,0.005244,19,15,0
70,10,cpp_adv,0.005142,0.000049,0.000030,0.005222,19,15,0
71,10,seq,0.223447,0.000320,0.000358,0.224126,19,17,1
71,10,par,0.155333,0.024925,0.180685,0.360944,19,17,1
71,10,weights,0.098222,0.024287,0.189717,0.312226,19,17,1
71,10,cpp_seq,0.004326,0.000054,0.000065,0.004445,19,17,1
71,10,cpp_par,0.003339,0.000047,0.000085,0.003472,19,17,1
71,10,cpp_adv,0.002180,0.000032,0.000063,0.002275,19,17,1
72,10,seq,0.235645,0.000368,0.000161,0.236174,19,4,0
72,10,par,0.139747,0.030128,0.020598,0.190473,19,4,0
72,10,weights,0.095848,0.023684,0.000297,0.119829,19,4,0
72,10,cpp_seq,0.005192,0.000088,0.000021,0.005301,19,4,0
72,10,cpp_par,0.003262,0.000043,0.000023,0.003330,19,4,0
72,10,cpp_adv,0.004052,0.000044,0.000020,0.004117,19,4,0
73,10,seq,0.238649,0.000272,0.000316,0.239236,19,17,1
73,10,par,0.081747,0.024184,0.183358,0.289290,19,17,1
73,10,weights,0.085128,0.022607,0.182326,0.290061,19,17,1
73,10,cpp_seq,0.004676,0.000053,0.000065,0.004795,19,17,1
73,10,cpp_par,0.002792,0.000034,0.000067,0.002894,19,17,1
73,10,cpp_adv,0.002518,0.000032,0.000063,0.002613,19,17,1
74,10,seq,0.361643,0.000268,0.000118,0.362029,19,8,0
74,10,par,0.141183,0.026163,0.022268,0.189614,19,8,0
74,10,weights,0.131166,0.028341,0.000414,0.159921,19,8,0
74,10,cpp_seq,0.008533,0.000054,0.000019,0.008607,19,8,0
74,10,cpp_par,0.004878,0.000035,0.000021,0.004935,19,8,0
74,10,cpp_adv,0.005514,0.000041,0.000019,0.005575,19,8,0
75,10,seq,0.210211,0.000338,0.004131,0.214680,29,38,71
75,10,par,0.069150,0.021307,0.187342,0.277799,29,38,71
75,10,weights,0.071458,0.024417,0.188904,0.284779,29,38,71
75,10,cpp_seq,0.003770,0.000064,0.001009,0.004845,29,38,71
75,10,cpp_par,0.002258,0.000035,0.001290,0.003583,29,38,71
75,10,cpp_adv,0.001950,0.000036,0.000972,0.002958,29,38,71
76,10,seq,0.320611,0.000324,0.019918,0.340853,29,47,432
76,10,par,0.162202,0.026517,0.202388,0.391108,29,47,432
76,10,weights,0.462342,0.023928,0.191946,0.678217,29,47,432
76,10,cpp_seq,0.002719,0.000063,0.005232,0.008015,29,47,432
76,10,cpp_par,0.002723,0.000037,0.005069,0.007830,29,47,432
76,10,cpp_adv,0.001435,0.000035,0.004976,0.006447,29,47,432
77,10,seq,0.296759,0.000306,0.805843,1.102908,48,108,12496
77,10,par,0.113609,0.023501,0.635104,0.772215,48,108,12496
77,10,weights,0.117356,0.025641,0.540234,0.683230,48,108,12496
77,10,cpp_seq,0.014364,0.000097,0.146460,0.160923,48,108,12496
77,10,cpp_par,0.008661,0.000052,0.139988,0.148703,48,108,12496
77,10,cpp_adv,0.008188,0.000051,0.139994,0.148234,48,108,12496
78,10,seq,0.280257,0.000331,0.654933,0.935522,48,107,11200
78,10,par,0.095441,0.024375,0.506863,0.626679,48,107,11200
78,10,weights,0.094689,0.027302,0.561505,0.683496,48,107,11200
78,10,cpp_seq,0.004158,0.000078,0.130741,0.134978,48,107,11200
78,10,cpp_par,0.003186,0.000051,0.127783,0.131021,48,107,11200
78,10,cpp_adv,0.002881,0.000051,0.123275,0.126208,48,107,11200
79,10,seq,0.314309,0.000281,0.086556,0.401146,38,68,1024
79,10,par,0.119689,0.036710,0.350083,0.506482,38,68,1024
79,10,weights,0.104372,0.027756,0.240139,0.372267,38,68,1024
79,10,cpp_seq,0.003257,0.000067,0.013239,0.016565,38,68,1024
79,10,cpp_par,0.004598,0.000047,0.011972,0.016618,38,68,1024
79,10,cpp_adv,0.004351,0.000047,0.013682,0.018081,38,68,1024
80,10,seq,0.238792,0.000269,0.000311,0.239371,19,17,1
80,10,par,0.098035,0.026764,0.208660,0.333459,19,17,1
80,10,weights,0.095493,0.024224,0.193379,0.313097,19,17,1
80,10,cpp_seq,0.005022,0.000056,0.000067,0.005145,19,17,1
80,10,cpp_par,0.002809,0.000040,0.000130,0.002979,19,17,1
80,10,cpp_adv,0.002359,0.000032,0.000063,0.002455,19,17,1
81,10,seq,0.266230,0.000277,0.000427,0.266934,29,20,2
81,10,par,0.100251,0.029374,0.187350,0.316974,29,20,2
81,10,weights,0.112162,0.024310,0.197131,0.333603,29,20,2
81,10,cpp_seq,0.006335,0.000057,0.000103,0.006496,29,20,2
81,10,cpp_par,0.002938,0.000034,0.000099,0.003072,29,20,2
81,10,cpp_adv,0.003053,0.000036,0.000155,0.003245,29,20,2
82,10,seq,0.230972,0.000301,0.059244,0.290517,38,68,1024
82,10,par,0.096603,0.028791,0.231513,0.356907,38,68,1024
82,10,weights,0.105282,0.026151,0.224304,0.355737,38,68,1024
82,10,cpp_seq,0.004878,0.000066,0.012365,0.017310,38,68,1024
82,10,cpp_par,0.005569,0.000039,0.011822,0.017432,38,68,1024
82,10,cpp_adv,0.005365,0.000050,0.011824,0.017239,38,68,1024
83,10,seq,2.843077,0.000296,0.055985,2.899358,38,68,1024
83,10,par,0.126918,0.026093,0.225093,0.378104,38,68,1024
83,10,weights,0.103659,0.028505,0.230883,0.363047,38,68,1024
83,10,cpp_seq,0.005917,0.000066,0.012591,0.018575,38,68,1024
83,10,cpp_par,0.007331,0.000050,0.013504,0.020886,38,68,1024
83,10,cpp_adv,0.002992,0.000038,0.011705,0.014736,38,68,1024
84,10,seq,0.300407,0.000260,0.006121,0.306788,29,41,112
84,10,par,0.099244,0.023642,0.201640,0.324526,29,41,112
84,10,weights,0.104812,0.024665,0.205157,0.334634,29,41,112
84,10,cpp_seq,0.006684,0.000061,0.001715,0.008461,29,41,112
84,10,cpp_par,0.004006,0.000036,0.001659,0.005701,29,41,112
84,10,cpp_adv,0.003720,0.000036,0.001735,0.005492,29,41,112
85,10,seq,0.219371,0.000276,0.019884,0.239530,29,46,432
85,10,par,0.088205,0.029922,0.207643,0.325769,29,46,432
85,10,weights,0.090228,0.023542,0.213452,0.327221,29,46,432
85,10,cpp_seq,0.007612,0.000061,0.005120,0.012794,29,46,432
85,10,cpp_par,0.005536,0.000046,0.005811,0.011395,29,46,432
85,10,cpp_adv,0.004711,0.000035,0.004890,0.009637,29,46,432
86,10,seq,0.192511,0.000270,0.000309,0.193091,19,17,1
86,10,par,0.083532,0.024399,0.207545,0.315477,19,17,1
86,10,weights,0.088311,0.024831,0.199857,0.312999,19,17,1
86,10,cpp_seq,0.006680,0.000064,0.000081,0.006826,19,17,1
86,10,cpp_par,0.003817,0.000033,0.000063,0.003914,19,17,1
86,10,cpp_adv,0.003494,0.000031,0.000062,0.003586,19,17,1
87,10,seq,0.227075,0.000265,0.000302,0.227642,19,17,1
87,10,par,0.088880,0.026816,0.191740,0.307435,19,17,1
87,10,weights,0.086080,0.025603,0.190663,0.302346,19,17,1
87,10,cpp_seq,0.006340,0.000054,0.000064,0.006459,19,17,1
87,10,cpp_par,0.003141,0.000033,0.000066,0.003241,19,17,1
87,10,cpp_adv,0.002751,0.000031,0.000062,0.002845,19,17,1
88,10,seq,0.479268,0.000292,0.010222,0.489782,29,44,228
88,10,par,0.180922,0.022899,0.204654,0.408474,29,44,228
88,10,weights,0.183670,0.026506,0.203977,0.414154,29,44,228
88,10,cpp_seq,0.015833,0.000061,0.002748,0.018644,29,44,228
88,10,cpp_par,0.009063,0.000037,0.002701,0.011801,29,44,228
88,10,cpp_adv,0.008757,0.000036,0.002852,0.011646,29,44,228
89,10,seq,0.257033,0.000328,0.000369,0.257730,19,17,1
89,10,par,0.157814,0.027827,0.188889,0.374530,19,17,1
89,10,weights,0.108456,0.025288,0.183876,0.317619,19,17,1
89,10,cpp_seq,0.007094,0.000052,0.000090,0.007236,19,17,1
89,10,cpp_par,0.004698,0.000154,0.000068,0.004921,19,17,1
89,10,cpp_adv,0.003683,0.000032,0.000064,0.003779,19,17,1
90,10,seq,0.268538,0.000280,0.056069,0.324888,38,68,1024
90,10,par,0.106890,0.026020,0.229646,0.362556,38,68,1024
90,10,weights,0.104601,0.028737,0.230597,0.363935,38,68,1024
90,10,cpp_seq,0.007231,0.000065,0.012239,0.019537,38,68,1024
90,10,cpp_par,0.006247,0.000040,0.011707,0.017995,38,68,1024
90,10,cpp_adv,0.006548,0.000057,0.012405,0.019011,38,68,1024
91,10,seq,0.311264,0.000306,0.008102,0.319672,29,41,120
91,10,par,0.123645,0.027103,0.204183,0.354931,29,41,120
91,10,weights,1.131756,0.025863,0.209520,1.367139,29,41,120
91,10,cpp_seq,0.016946,0.000060,0.002112,0.019119,29,41,120
91,10,cpp_par,0.009560,0.000040,0.002121,0.011722,29,41,120
91,10,cpp_adv,0.008999,0.000037,0.002072,0.011109,29,41,120
92,10,seq,0.384155,0.000270,0.000091,0.384516,19,2,0
92,10,par,0.134014,0.025972,0.021860,0.181846,19,2,0
92,10,weights,0.196254,0.023171,0.000297,0.219722,19,2,0
92,10,cpp_seq,0.011873,0.000060,0.000020,0.011954,19,2,0
92,10,cpp_par,0.006476,0.000033,0.000028,0.006538,19,2,0
92,10,cpp_adv,0.005844,0.000039,0.000015,0.005897,19,2,0
93,10,seq,0.357832,0.000344,0.004050,0.362226,29,38,58
93,10,par,0.136319,0.026442,0.188671,0.351432,29,38,58
93,10,weights,0.136355,0.024840,0.193027,0.354222,29,38,58
93,10,cpp_seq,0.014518,0.000061,0.001074,0.015654,29,38,58
93,10,cpp_par,0.008232,0.000063,0.001377,0.009674,29,38,58
93,10,cpp_adv,0.007598,0.000034,0.001057,0.008690,29,38,58
94,10,seq,0.317301,0.000441,0.746035,1.063776,48,108,12158
94,10,par,0.115741,0.025774,0.565652,0.707166,48,108,12158
94,10,weights,2.104788,0.032053,0.510034,2.646874,48,108,12158
94,10,cpp_seq,0.006088,0.000076,0.165936,0.172101,48,108,12158
94,10,cpp_par,0.004329,0.000048,0.154219,0.158597,48,108,12158
94,10,cpp_adv,0.004967,0.000052,0.144605,0.149625,48,108,12158
95,10,seq,0.346148,0.000429,1.066212,1.412789,48,109,14345
95,10,par,0.135143,0.036949,0.911818,1.083909,48,109,14345
95,10,weights,0.126515,0.037373,0.783561,0.947449,48,109,14345
95,10,cpp_seq,0.007704,0.000093,0.173727,0.181527,48,109,14345
95,10,cpp_par,0.004905,0.000054,0.187377,0.192338,48,109,14345
95,10,cpp_adv,0.004423,0.000052,0.169822,0.174298,48,109,14345
96,10,seq,3.839251,0.000287,0.018316,3.857854,29,43,166
96,10,par,1.451259,0.033513,0.436564,1.921335,29,43,166
96,10,weights,1.347921,0.032817,0.325419,1.706157,29,43,166
96,10,cpp_seq,0.009676,0.000072,0.002740,0.012489,29,43,166
96,10,cpp_par,0.004164,0.000037,0.002796,0.006999,29,43,166
96,10,cpp_adv,0.004173,0.000070,0.002979,0.007225,29,43,166
97,10,seq,1.501957,0.000577,0.389072,1.891607,39,81,5749
97,10,par,0.216477,0.032402,0.549102,0.797981,39,81,5749
97,10,weights,0.357232,0.031307,0.383777,0.772317,39,81,5749
97,10,cpp_seq,0.006852,0.000071,0.070631,0.077556,39,81,5749
97,10,cpp_par,0.003760,0.000047,0.068281,0.072090,39,81,5749
97,10,cpp_adv,0.004012,0.000048,0.069372,0.073434,39,81,5749
98,10,seq,0.265030,0.000270,0.000120,0.265420,19,3,0
98,10,par,0.104606,0.031753,0.036293,0.172653,19,3,0
98,10,weights,0.102626,0.028980,0.000376,0.131982,19,3,0
98,10,cpp_seq,0.003798,0.000065,0.000022,0.003887,19,3,0
98,10,cpp_par,0.002058,0.000032,0.000016,0.002106,19,3,0
98,10,cpp_adv,0.002043,0.000032,0.000015,0.002092,19,3,0
99,10,seq,0.293370,0.000387,0.028533,0.322289,29,48,576
99,10,par,0.137651,0.036434,0.306643,0.480729,29,48,576
99,10,weights,0.122496,0.034058,0.299955,0.456509,29,48,576
99,10,cpp_seq,0.006264,0.000062,0.007719,0.014046,29,48,576
99,10,cpp_par,0.006123,0.000049,0.007878,0.014051,29,48,576
99,10,cpp_adv,0.005156,0.000051,0.007537,0.012744,29,48,576
100,10,seq,0.267349,0.000280,0.000317,0.267946,29,17,1
100,10,par,0.109690,0.036317,0.282708,0.428715,29,17,1
100,10,weights,0.130542,0.032599,0.276011,0.439151,29,17,1
100,10,cpp_seq,0.007046,0.000056,0.000066,0.007169,29,17,1
100,10,cpp_par,0.003779,0.000042,0.000078,0.003900,29,17,1
100,10,cpp_adv,0.004318,0.000070,0.000081,0.004470,29,17,1
101,10,seq,0.171135,0.000353,0.000122,0.171610,19,8,0
101,10,par,0.089539,0.065494,0.037820,0.192853,19,8,0
101,10,weights,0.111004,0.047400,0.000844,0.159248,19,8,0
101,10,cpp_seq,0.002789,0.000077,0.000099,0.002966,19,8,0
101,10,cpp_par,0.002324,0.000131,0.000027,0.002483,19,8,0
101,10,cpp_adv,0.001218,0.000037,0.000019,0.001274,19,8,0
102,10,seq,0.412201,0.000364,0.005202,0.417767,29,39,67
102,10,par,0.169041,0.033174,0.269365,0.471580,29,39,67
102,10,weights,0.158001,0.031276,0.263007,0.452283,29,39,67
102,10,cpp_seq,0.014027,0.000063,0.001052,0.015143,29,39,67
102,10,cpp_par,0.007762,0.000038,0.001083,0.008884,29,39,67
102,10,cpp_adv,0.035907,0.000053,0.001380,0.037340,29,39,67
103,10,seq,0.164407,0.000272,0.000312,0.164990,19,17,1
103,10,par,0.088654,0.033501,0.283869,0.406024,19,17,1
103,10,weights,0.179780,0.031878,0.272526,0.484184,19,17,1
103,10,cpp_seq,0.003750,0.000060,0.000073,0.003884,19,17,1
103,10,cpp_par,0.002161,0.000035,0.000067,0.002263,19,17,1
103,10,cpp_adv,0.001726,0.000032,0.000062,0.001821,19,17,1
104,10,seq,0.866425,0.001733,0.092769,0.960928,38,68,1024
104,10,par,1.452707,0.050770,0.319545,1.823022,38,68,1024
104,10,weights,0.122802,0.035087,0.344409,0.502297,38,68,1024
104,10,cpp_seq,0.003680,0.000068,0.012260,0.016010,38,68,1024
104,10,cpp_par,0.004718,0.000064,0.011828,0.016612,38,68,1024
104,10,cpp_adv,0.001782,0.000039,0.011934,0.013757,38,68,1024
105,10,seq,0.176288,0.000266,0.000283,0.176837,19,17,1
105,10,par,0.126112,0.033566,0.265928,0.425607,19,17,1
105,10,weights,0.144475,0.036970,0.281755,0.463200,19,17,1
105,10,cpp_seq,0.006291,0.000057,0.000069,0.006418,19,17,1
105,10,cpp_par,0.003739,0.000040,0.000067,0.003846,19,17,1
105,10,cpp_adv,0.003136,0.000032,0.000063,0.003232,19,17,1
106,10,seq,1.392055,0.000320,0.342400,1.734775,48,101,4858
106,10,par,0.186014,0.033877,0.442533,0.662424,48,101,4858
106,10,weights,0.187068,0.031955,0.401218,0.620242,48,101,4858
106,10,cpp_seq,0.016461,0.000081,0.055458,0.072002,48,101,4858
106,10,cpp_par,0.008337,0.000045,0.053298,0.061681,48,101,4858
106,10,cpp_adv,0.007843,0.000056,0.053367,0.061268,48,101,4858
107,10,seq,0.262334,0.000450,0.065754,0.328538,38,68,1024
107,10,par,0.110218,0.031856,0.469455,0.611528,38,68,1024
107,10,weights,0.610057,0.036693,0.283807,0.930558,38,68,1024
107,10,cpp_seq,0.004197,0.000097,0.015203,0.019498,38,68,1024
107,10,cpp_par,0.004419,0.000040,0.011775,0.016236,38,68,1024
107,10,cpp_adv,0.002144,0.000041,0.013255,0.015441,38,68,1024
108,10,seq,0.232251,0.000303,0.056999,0.289553,38,68,1024
108,10,par,0.184829,0.031599,0.296013,0.512441,38,68,1024
108,10,weights,0.216257,0.048312,0.325346,0.589915,38,68,1024
108,10,cpp_seq,0.004320,0.000068,0.014797,0.019186,38,68,1024
108,10,cpp_par,0.005532,0.000039,0.012539,0.018111,38,68,1024
108,10,cpp_adv,0.002286,0.000057,0.012221,0.014565,38,68,1024
109,10,seq,3.648228,0.000473,0.577470,4.226170,39,85,7419
109,10,par,0.245366,0.041905,0.608111,0.895381,39,85,7419
109,10,weights,0.245436,0.038063,0.562773,0.846272,39,85,7419
109,10,cpp_seq,0.008313,0.000074,0.088821,0.097210,39,85,7419
109,10,cpp_par,0.005668,0.000052,0.084006,0.089728,39,85,7419
109,10,cpp_adv,0.004435,0.000041,0.083019,0.087496,39,85,7419
110,10,seq,0.490438,0.001099,0.000206,0.491743,19,8,0
110,10,par,0.171932,0.030551,0.022535,0.225018,19,8,0
110,10,weights,0.158177,0.031539,0.000416,0.190131,19,8,0
110,10,cpp_seq,0.013010,0.000076,0.000019,0.013107,19,8,0
110,10,cpp_par,0.007213,0.000033,0.000019,0.007266,19,8,0
110,10,cpp_adv,0.006384,0.000033,0.000018,0.006435,19,8,0
111,10,seq,0.378426,0.000283,0.001735,0.380444,39,44,12
111,10,par,0.142935,0.028357,0.217856,0.389148,39,44,12
111,10,weights,0.194045,0.035400,0.286923,0.516368,39,44,12
111,10,cpp_seq,0.013672,0.000071,0.000418,0.014162,39,44,12
111,10,cpp_par,0.006094,0.000040,0.000391,0.006525,39,44,12
111,10,cpp_adv,0.007451,0.000051,0.000452,0.007955,39,44,12
112,10,seq,0.185626,0.000273,0.000309,0.186209,19,17,1
112,10,par,0.095196,0.025436,0.297966,0.418598,19,17,1
112,10,weights,0.125416,0.034996,0.250382,0.410794,19,17,1
112,10,cpp_seq,0.006212,0.000054,0.000066,0.006332,19,17,1
112,10,cpp_par,0.004899,0.000048,0.000089,0.005037,19,17,1
112,10,cpp_adv,0.002874,0.000032,0.000063,0.002969,19,17,1
113,10,seq,0.699353,0.000282,0.000501,0.700136,29,25,1
113,10,par,0.244101,0.031444,0.259917,0.535461,29,25,1
113,10,weights,0.238796,0.032119,0.224962,0.495877,29,25,1
113,10,cpp_seq,0.026133,0.000075,0.000129,0.026339,29,25,1
113,10,cpp_par,0.012572,0.000041,0.000100,0.012714,29,25,1
113,10,cpp_adv,0.012674,0.000049,0.000133,0.012857,29,25,1
114,10,seq,0.490325,0.000273,0.000119,0.490717,29,4,0
114,10,par,0.165202,0.033454,0.025547,0.224203,29,4,0
114,10,weights,0.162568,0.027428,0.000295,0.190292,29,4,0
114,10,cpp_seq,0.012287,0.000056,0.000033,0.012377,29,4,0
114,10,cpp_par,0.006980,0.000042,0.000023,0.007046,29,4,0
114,10,cpp_adv,0.005815,0.000032,0.000016,0.005863,29,4,0
115,10,seq,0.217588,0.000287,0.000316,0.218191,19,17,1
115,10,par,0.089664,0.027384,0.323354,0.440402,19,17,1
115,10,weights,0.119706,0.028192,0.221444,0.369342,19,17,1
115,10,cpp_seq,0.005622,0.000058,0.000070,0.005752,19,17,1
115,10,cpp_par,0.002916,0.000034,0.000066,0.003016,19,17,1
115,10,cpp_adv,0.002395,0.000031,0.000061,0.002488,19,17,1
116,10,seq,0.240894,0.000361,0.068062,0.309316,38,68,1024
116,10,par,0.102421,0.026688,0.238949,0.368059,38,68,1024
116,10,weights,0.100393,0.026126,0.289021,0.415539,38,68,1024
116,10,cpp_seq,0.005779,0.000097,0.012449,0.018326,38,68,1024
116,10,cpp_par,0.005361,0.000039,0.012237,0.017638,38,68,1024
116,10,cpp_adv,0.002875,0.000052,0.014213,0.017141,38,68,1024
117,10,seq,0.281407,0.000331,0.000139,0.281878,19,13,0
117,10,par,0.108791,0.027014,0.024481,0.160286,19,13,0
117,10,weights,0.113579,0.030711,0.000484,0.144774,19,13,0
117,10,cpp_seq,0.006602,0.000054,0.000019,0.006676,19,13,0
117,10,cpp_par,0.003569,0.000032,0.000017,0.003619,19,13,0
117,10,cpp_adv,0.003685,0.000036,0.000020,0.003742,19,13,0
118,10,seq,0.285367,0.000464,0.000424,0.286255,19,17,1
118,10,par,0.127850,0.032827,0.247742,0.408419,19,17,1
118,10,weights,0.115612,0.037494,0.217389,0.370495,19,17,1
118,10,cpp_seq,0.007128,0.000063,0.000079,0.007270,19,17,1
118,10,cpp_par,0.004392,0.000042,0.000068,0.004504,19,17,1
118,10,cpp_adv,0.003542,0.000034,0.000085,0.003661,19,17,1
119,10,seq,0.224830,0.000338,0.000399,0.225566,19,17,1
119,10,par,0.099723,0.025967,0.294425,0.420116,19,17,1
119,10,weights,0.143561,0.030296,0.219519,0.393376,19,17,1
119,10,cpp_seq,0.005752,0.000074,0.000076,0.005903,19,17,1
119,10,cpp_par,0.003343,0.000049,0.000066,0.003459,19,17,1
119,10,cpp_adv,0.002773,0.000032,0.000062,0.002867,19,17,1
120,10,seq,0.309535,0.000242,0.081345,0.391122,38,68,1024
120,10,par,0.116260,0.028067,0.278426,0.422753,38,68,1024
120,10,weights,0.115588,0.029045,0.233171,0.377805,38,68,1024
120,10,cpp_seq,0.007290,0.000102,0.011925,0.019319,38,68,1024
120,10,cpp_par,0.008422,0.000040,0.011961,0.020424,38,68,1024
120,10,cpp_adv,0.006339,0.000042,0.011851,0.018233,38,68,1024
121,10,seq,0.288871,0.000382,0.000161,0.289415,19,8,0
121,10,par,0.127986,0.025939,0.028272,0.182197,19,8,0
121,10,weights,0.120783,0.034171,0.000300,0.155254,19,8,0
121,10,cpp_seq,0.010377,0.000053,0.000019,0.010450,19,8,0
121,10,cpp_par,0.005215,0.000034,0.000019,0.005269,19,8,0
121,10,cpp_adv,0.006505,0.000042,0.000021,0.006568,19,8,0
122,10,seq,1.405446,0.000377,0.000316,1.406138,19,17,1
122,10,par,0.093390,0.027142,0.220922,0.341454,19,17,1
122,10,weights,0.093393,0.025463,0.200678,0.319534,19,17,1
122,10,cpp_seq,0.005165,0.000054,0.000064,0.005283,19,17,1
122,10,cpp_par,0.002875,0.000033,0.000064,0.002973,19,17,1
122,10,cpp_adv,0.003255,0.000040,0.000077,0.003373,19,17,1
123,10,seq,0.214248,0.000274,0.000337,0.214860,19,17,1
123,10,par,0.087613,0.026499,0.225863,0.339976,19,17,1
123,10,weights,0.093266,0.029927,0.226465,0.349659,19,17,1
123,10,cpp_seq,0.004549,0.000058,0.000069,0.004678,19,17,1
123,10,cpp_par,0.002506,0.000068,0.000067,0.002642,19,17,1
123,10,cpp_adv,0.002496,0.000034,0.000065,0.002595,19,17,1
124,10,seq,0.225831,0.000547,0.000323,0.226701,19,17,1
124,10,par,0.226451,0.030253,0.195597,0.452301,19,17,1
124,10,weights,0.122593,0.035827,0.234602,0.393023,19,17,1
124,10,cpp_seq,0.008174,0.000062,0.000088,0.008325,19,17,1
124,10,cpp_par,0.004091,0.000033,0.000111,0.004237,19,17,1
124,10,cpp_adv,0.004270,0.000048,0.000088,0.004407,19,17,1
125,10,seq,0.376255,0.000296,0.061385,0.437937,38,68,1024
125,10,par,0.109247,0.028916,0.248412,0.386575,38,68,1024
125,10,weights,0.570276,0.028162,0.242470,0.840908,38,68,1024
125,10,cpp_seq,0.005535,0.000070,0.012729,0.018335,38,68,1024
125,10,cpp_par,0.005663,0.000039,0.011915,0.017619,38,68,1024
125,10,cpp_adv,0.005579,0.000041,0.011850,0.017471,38,68,1024
126,10,seq,0.251933,0.000465,0.000168,0.252567,19,3,0
126,10,par,0.112273,0.026849,0.035863,0.174985,19,3,0
126,10,weights,0.209023,0.035228,0.000942,0.245193,19,3,0
126,10,cpp_seq,0.007236,0.000055,0.000020,0.007312,19,3,0
126,10,cpp_par,0.005020,0.000043,0.000023,0.005087,19,3,0
126,10,cpp_adv,0.004296,0.000035,0.000018,0.004350,19,3,0
127,10,seq,0.374710,0.000553,0.000385,0.375648,28,33,0
127,10,par,0.252778,0.026092,0.028713,0.307584,28,33,0
127,10,weights,0.161985,0.031696,0.029183,0.222864,28,33,0
127,10,cpp_seq,0.014303,0.000063,0.000028,0.014395,28,33,0
127,10,cpp_par,0.006703,0.000038,0.000025,0.006767,28,33,0
127,10,cpp_adv,0.008730,0.000077,0.000026,0.008834,28,33,0
128,10,seq,0.396585,0.000334,0.061728,0.458648,38,68,1024
128,10,par,0.153716,0.025124,0.257876,0.436716,38,68,1024
128,10,weights,0.137636,0.034153,0.245116,0.416905,38,68,1024
128,10,cpp_seq,0.009661,0.000089,0.013897,0.023649,38,68,1024
128,10,cpp_par,0.008115,0.000039,0.012030,0.020186,38,68,1024
128,10,cpp_adv,0.007559,0.000063,0.011951,0.019574,38,68,1024
129,10,seq,1.479418,0.000341,0.000231,1.479989,29,15,0
129,10,par,0.194289,0.029679,0.026877,0.250846,29,15,0
129,10,weights,0.156828,0.025169,0.023124,0.205121,29,15,0
129,10,cpp_seq,0.014729,0.000057,0.000022,0.014809,29,15,0
129,10,cpp_par,0.007962,0.000198,0.000027,0.008188,29,15,0
129,10,cpp_adv,0.007460,0.000059,0.000025,0.007545,29,15,0
130,10,seq,0.355131,0.000407,0.007057,0.362594,39,57,37
130,10,par,0.109358,0.028858,0.236668,0.374884,39,57,37
130,10,weights,0.106111,0.027891,0.210737,0.344738,39,57,37
130,10,cpp_seq,0.008478,0.000086,0.001006,0.009572,39,57,37
130,10,cpp_par,0.003009,0.000040,0.000903,0.003953,39,57,37
130,10,cpp_adv,0.002880,0.000059,0.000981,0.003920,39,57,37
131,10,seq,0.243085,0.000292,0.000338,0.243715,19,17,1
131,10,par,0.187851,0.024694,0.288363,0.500908,19,17,1
131,10,weights,0.995317,0.029327,0.192576,1.217220,19,17,1
131,10,cpp_seq,0.012725,0.000055,0.000065,0.012845,19,17,1
131,10,cpp_par,0.010601,0.000046,0.000084,0.010732,19,17,1
131,10,cpp_adv,0.007470,0.000040,0.000147,0.007658,19,17,1
132,10,seq,0.203555,0.000359,0.019999,0.223913,29,46,384
132,10,par,0.097533,0.025554,0.243794,0.366882,29,46,384
132,10,weights,0.091547,0.024167,0.229160,0.344874,29,46,384
132,10,cpp_seq,0.007156,0.000061,0.004563,0.011781,29,46,384
132,10,cpp_par,0.005477,0.000040,0.004375,0.009894,29,46,384
132,10,cpp_adv,0.003337,0.000035,0.004359,0.007732,29,46,384
133,10,seq,0.171341,0.000270,0.000310,0.171921,19,17,1
133,10,par,0.075146,0.027904,0.214409,0.317459,19,17,1
133,10,weights,0.083306,0.028472,0.217330,0.329109,19,17,1
133,10,cpp_seq,0.003142,0.000055,0.000066,0.003264,19,17,1
133,10,cpp_par,0.001789,0.000048,0.000065,0.001903,19,17,1
133,10,cpp_adv,0.001488,0.000032,0.000066,0.001587,19,17,1
134,10,seq,0.298996,0.000260,0.000150,0.299406,29,12,0
134,10,par,0.195229,0.027243,0.026537,0.249009,29,12,0
134,10,weights,0.102023,0.027291,0.000388,0.129701,29,12,0
134,10,cpp_seq,0.004745,0.000055,0.000018,0.004818,29,12,0
134,10,cpp_par,0.003105,0.000033,0.000016,0.003155,29,12,0
134,10,cpp_adv,0.002921,0.000038,0.000020,0.002979,29,12,0
135,10,seq,0.210571,0.000275,0.000316,0.211162,19,17,1
135,10,par,0.237258,0.027744,0.221739,0.486741,19,17,1
135,10,weights,0.183960,0.026968,0.221648,0.432576,19,17,1
135,10,cpp_seq,0.006739,0.000055,0.000064,0.006858,19,17,1
135,10,cpp_par,0.003326,0.000034,0.000065,0.003426,19,17,1
135,10,cpp_adv,0.003014,0.000030,0.000060,0.003105,19,17,1
136,10,seq,0.249871,0.000267,0.000307,0.250445,19,17,1
136,10,par,0.107218,0.027901,0.213828,0.348947,19,17,1
136,10,weights,0.124738,0.028495,0.195154,0.348387,19,17,1
136,10,cpp_seq,0.002761,0.000055,0.000066,0.002884,19,17,1
136,10,cpp_par,0.002217,0.000036,0.000077,0.002330,19,17,1
136,10,cpp_adv,0.001467,0.000031,0.000062,0.001561,19,17,1
137,10,seq,0.321605,0.000306,0.008395,0.330306,29,40,105
137,10,par,0.090853,0.035116,0.321305,0.447274,29,40,105
137,10,weights,0.128031,0.035873,0.220811,0.384716,29,40,105
137,10,cpp_seq,0.002816,0.000064,0.001612,0.004493,29,40,105
137,10,cpp_par,0.001806,0.000052,0.001790,0.003649,29,40,105
137,10,cpp_adv,0.001493,0.000036,0.001511,0.003041,29,40,105
138,10,seq,0.216319,0.000387,0.000121,0.216828,19,2,0
138,10,par,0.193141,0.061733,0.043510,0.298384,19,2,0
138,10,weights,0.123956,0.029036,0.000309,0.153300,19,2,0
138,10,cpp_seq,0.005398,0.000065,0.000024,0.005488,19,2,0
138,10,cpp_par,0.003398,0.000046,0.000026,0.003471,19,2,0
138,10,cpp_adv,0.003304,0.000042,0.000022,0.003370,19,2,0
139,10,seq,0.347848,0.000309,0.064184,0.412340,38,68,1024
139,10,par,0.128533,0.037206,0.257963,0.423703,38,68,1024
139,10,weights,0.255392,0.028624,0.247971,0.531987,38,68,1024
139,10,cpp_seq,0.002965,0.000065,0.013392,0.016423,38,68,1024
139,10,cpp_par,0.004682,0.000050,0.012508,0.017242,38,68,1024
139,10,cpp_adv,0.001607,0.000039,0.011843,0.013489,38,68,1024
140,10,seq,0.207706,0.000272,0.001298,0.209276,29,35,11
140,10,par,0.091489,0.024101,0.205403,0.320993,29,35,11
140,10,weights,0.093485,0.028134,0.202520,0.324139,29,35,11
140,10,cpp_seq,0.004579,0.000058,0.000342,0.004980,29,35,11
140,10,cpp_par,0.003502,0.000186,0.000409,0.004099,29,35,11
140,10,cpp_adv,0.003901,0.000038,0.000456,0.004395,29,35,11
141,10,seq,0.332194,0.000263,0.000386,0.332844,29,25,1
141,10,par,0.100343,0.026997,0.200416,0.327756,29,25,1
141,10,weights,0.105486,0.026319,0.191840,0.323646,29,25,1
141,10,cpp_seq,0.006133,0.000060,0.000100,0.006294,29,25,1
141,10,cpp_par,0.002604,0.000035,0.000095,0.002735,29,25,1
141,10,cpp_adv,0.002427,0.000033,0.000091,0.002552,29,25,1
142,10,seq,0.445277,0.000411,0.062138,0.507827,38,68,1024
142,10,par,0.121811,0.034839,0.301400,0.458050,38,68,1024
142,10,weights,0.215468,0.027318,0.252842,0.495629,38,68,1024
142,10,cpp_seq,0.008553,0.000069,0.013817,0.022441,38,68,1024
142,10,cpp_par,0.007349,0.000039,0.012581,0.019971,38,68,1024
142,10,cpp_adv,0.006547,0.000052,0.011893,0.018493,38,68,1024
143,10,seq,0.536062,0.000295,0.002081,0.538438,39,44,12
143,10,par,0.104930,0.034380,0.249048,0.388357,39,44,12
143,10,weights,0.122201,0.029216,0.219746,0.371163,39,44,12
143,10,cpp_seq,0.006094,0.000063,0.000388,0.006546,39,44,12
143,10,cpp_par,0.003026,0.000037,0.000385,0.003449,39,44,12
143,10,cpp_adv,0.002809,0.000039,0.000386,0.003236,39,44,12
144,10,seq,0.383058,0.000304,0.016547,0.399909,38,62,288
144,10,par,0.147750,0.025961,0.239420,0.413131,38,62,288
144,10,weights,0.225732,0.030305,0.211807,0.467844,38,62,288
144,10,cpp_seq,0.011163,0.000160,0.003309,0.014634,38,62,288
144,10,cpp_par,0.007418,0.000059,0.003451,0.010929,38,62,288
144,10,cpp_adv,0.006283,0.000041,0.003303,0.009627,38,62,288
145,10,seq,0.427629,0.000280,0.000119,0.428029,19,1,0
145,10,par,0.145069,0.027033,0.024351,0.196454,19,1,0
145,10,weights,0.242782,0.025763,0.000358,0.268903,19,1,0
145,10,cpp_seq,0.012038,0.000056,0.000018,0.012113,19,1,0
145,10,cpp_par,0.006042,0.000032,0.000015,0.006090,19,1,0
145,10,cpp_adv,0.007247,0.000049,0.000016,0.007313,19,1,0
146,10,seq,0.233300,0.000266,0.000122,0.233687,19,4,0
146,10,par,0.266832,0.028010,0.026479,0.321321,19,4,0
146,10,weights,0.114777,0.026695,0.000422,0.141894,19,4,0
146,10,cpp_seq,0.004712,0.000053,0.000017,0.004783,19,4,0
146,10,cpp_par,0.002523,0.000032,0.000016,0.002570,19,4,0
146,10,cpp_adv,0.002011,0.000030,0.000014,0.002055,19,4,0
147,10,seq,0.490320,0.000383,0.000134,0.490838,19,2,0
147,10,par,0.158229,0.024252,0.021632,0.204114,19,2,0
147,10,weights,0.214414,0.034380,0.000377,0.249172,19,2,0
147,10,cpp_seq,0.011017,0.000052,0.000016,0.011086,19,2,0
147,10,cpp_par,0.006609,0.000032,0.000016,0.006658,19,2,0
147,10,cpp_adv,0.006646,0.000035,0.000016,0.006698,19,2,0
148,10,seq,0.258453,0.000356,0.766820,1.025628,48,107,11616
148,10,par,0.097778,0.025979,0.590914,0.714670,48,107,11616
148,10,weights,0.104016,0.026247,0.573100,0.703362,48,107,11616
148,10,cpp_seq,0.003749,0.000076,0.198659,0.202487,48,107,11616
148,10,cpp_par,0.003711,0.000068,0.140628,0.144409,48,107,11616
148,10,cpp_adv,0.003496,0.000076,0.169309,0.172883,48,107,11616
149,10,seq,0.234859,0.000371,0.000132,0.235363,19,9,0
149,10,par,0.102645,0.038077,0.033292,0.174014,19,9,0
149,10,weights,0.109149,0.040902,0.001260,0.151312,19,9,0
149,10,cpp_seq,0.006606,0.000052,0.000018,0.006677,19,9,0
149,10,cpp_par,0.003881,0.000045,0.000025,0.003953,19,9,0
149,10,cpp_adv,0.004708,0.000035,0.000018,0.004762,19,9,0
150,10,seq,0.236251,0.000279,0.001279,0.237809,29,35,11
150,10,par,0.090253,0.025450,0.211430,0.327133,29,35,11
150,10,weights,0.090662,0.029878,0.243992,0.364531,29,35,11
150,10,cpp_seq,0.006683,0.000061,0.000333,0.007078,29,35,11
150,10,cpp_par,0.002837,0.000037,0.000328,0.003203,29,35,11
150,10,cpp_adv,0.002366,0.000035,0.000324,0.002725,29,35,11
151,10,seq,0.366822,0.000290,0.026095,0.393207,38,62,432
151,10,par,0.152981,0.039259,0.287243,0.479483,38,62,432
151,10,weights,0.157251,0.031128,0.234580,0.422959,38,62,432
151,10,cpp_seq,0.010660,0.000069,0.005183,0.015914,38,62,432
151,10,cpp_par,0.006616,0.000053,0.005497,0.012168,38,62,432
151,10,cpp_adv,0.007814,0.000052,0.006737,0.014605,38,62,432
152,10,seq,0.262009,0.000305,0.061610,0.323923,38,68,1024
152,10,par,0.123599,0.028353,0.295941,0.447894,38,68,1024
152,10,weights,0.115548,0.029681,0.276174,0.421404,38,68,1024
152,10,cpp_seq,0.004689,0.000082,0.012359,0.017132,38,68,1024
152,10,cpp_par,0.006305,0.000046,0.013440,0.019792,38,68,1024
152,10,cpp_adv,0.005169,0.000042,0.012077,0.017289,38,68,1024
153,10,seq,0.573352,0.000265,0.000224,0.573841,19,11,0
153,10,par,0.129347,0.028767,0.022917,0.181031,19,11,0
153,10,weights,0.116889,0.030139,0.024021,0.171049,19,11,0
153,10,cpp_seq,0.004782,0.000052,0.000020,0.004855,19,11,0
153,10,cpp_par,0.002868,0.000034,0.000021,0.002924,19,11,0
153,10,cpp_adv,0.003764,0.000047,0.000025,0.003837,19,11,0
154,10,seq,0.257985,0.000414,0.021139,0.279538,38,58,324
154,10,par,0.107588,0.025974,0.231377,0.364939,38,58,324
154,10,weights,0.103678,0.028354,0.220505,0.352537,38,58,324
154,10,cpp_seq,0.005333,0.000066,0.004661,0.010061,38,58,324
154,10,cpp_par,0.004034,0.000045,0.004624,0.008705,38,58,324
154,10,cpp_adv,0.002718,0.000039,0.004530,0.007287,38,58,324
155,10,seq,0.242934,0.000268,0.000100,0.243302,29,1,0
155,10,par,0.113187,0.029036,0.024416,0.166638,29,1,0
155,10,weights,0.099997,0.029327,0.000306,0.129631,29,1,0
155,10,cpp_seq,0.004325,0.000055,0.000018,0.004399,29,1,0
155,10,cpp_par,0.003126,0.000044,0.000020,0.003192,29,1,0
155,10,cpp_adv,0.002209,0.000032,0.000015,0.002255,29,1,0
156,10,seq,0.213842,0.000272,0.000312,0.214426,19,17,1
156,10,par,0.090692,0.026808,0.256463,0.373962,19,17,1
156,10,weights,0.100227,0.036890,0.254851,0.391967,19,17,1
156,10,cpp_seq,0.005647,0.000082,0.000171,0.005901,19,17,1
156,10,cpp_par,0.003834,0.000071,0.000090,0.003996,19,17,1
156,10,cpp_adv,0.004535,0.000052,0.000096,0.004684,19,17,1
157,10,seq,0.507601,0.000323,1.142251,1.650176,48,112,17711
157,10,par,0.176836,0.024776,0.795888,0.997499,48,112,17711
157,10,weights,0.180521,0.025534,0.896577,1.102632,48,112,17711
157,10,cpp_seq,0.022445,0.000079,0.215322,0.237847,48,112,17711
157,10,cpp_par,0.011729,0.000064,0.206370,0.218166,48,112,17711
157,10,cpp_adv,0.011590,0.000074,0.200580,0.212246,48,112,17711
158,10,seq,0.379950,0.000306,0.000142,0.380398,19,4,0
158,10,par,0.109062,0.035861,0.040254,0.185177,19,4,0
158,10,weights,0.127162,0.033838,0.000361,0.161361,19,4,0
158,10,cpp_seq,0.004479,0.000052,0.000016,0.004549,19,4,0
158,10,cpp_par,0.002497,0.000031,0.000016,0.002545,19,4,0
158,10,cpp_adv,0.003003,0.000032,0.000016,0.003051,19,4,0
159,10,seq,0.298971,0.000315,0.858559,1.157844,48,108,12542
159,10,par,0.115786,0.036153,0.765167,0.917106,48,108,12542
159,10,weights,0.108620,0.032058,0.664846,0.805525,48,108,12542
159,10,cpp_seq,0.004637,0.000074,0.158981,0.163693,48,108,12542
159,10,cpp_par,0.004173,0.000058,0.156388,0.160621,48,108,12542
159,10,cpp_adv,0.003364,0.000050,0.150901,0.154316,48,108,12542
160,10,seq,0.478214,0.000350,0.000449,0.479014,19,17,1
160,10,par,0.198277,0.054243,0.310210,0.562731,19,17,1
160,10,weights,0.161439,0.038661,0.273934,0.474035,19,17,1
160,10,cpp_seq,0.009717,0.000072,0.000087,0.009879,19,17,1
160,10,cpp_par,0.004748,0.000034,0.000065,0.004848,19,17,1
160,10,cpp_adv,0.004840,0.000039,0.000070,0.004950,19,17,1
161,10,seq,0.685903,0.000351,0.000140,0.686394,19,4,0
161,10,par,0.127358,0.043695,0.037322,0.208375,19,4,0
161,10,weights,0.120645,0.037027,0.000338,0.158010,19,4,0
161,10,cpp_seq,0.003796,0.000052,0.000016,0.003864,19,4,0
161,10,cpp_par,0.002179,0.000031,0.000014,0.002224,19,4,0
161,10,cpp_adv,0.002349,0.000040,0.000019,0.002408,19,4,0
162,10,seq,0.304259,0.000461,0.000169,0.304888,19,8,0
162,10,par,0.131600,0.032275,0.030597,0.194472,19,8,0
162,10,weights,0.133697,0.032246,0.000300,0.166243,19,8,0
162,10,cpp_seq,0.009189,0.000054,0.000018,0.009261,19,8,0
162,10,cpp_par,0.004195,0.000033,0.000017,0.004245,19,8,0
162,10,cpp_adv,0.005684,0.000038,0.000020,0.005743,19,8,0
163,10,seq,0.442261,0.000352,0.004677,0.447291,38,50,42
163,10,par,0.154167,0.028656,0.253822,0.436645,38,50,42
163,10,weights,0.170015,0.030076,0.273169,0.473260,38,50,42
163,10,cpp_seq,0.013991,0.000062,0.000944,0.014998,38,50,42
163,10,cpp_par,0.008959,0.000041,0.000998,0.009999,38,50,42
163,10,cpp_adv,0.006956,0.000069,0.001016,0.008042,38,50,42
164,10,seq,0.198004,0.000260,0.000119,0.198383,19,2,0
164,10,par,0.091051,0.026740,0.029040,0.146831,19,2,0
164,10,weights,0.103755,0.034531,0.000308,0.138594,19,2,0
164,10,cpp_seq,0.004180,0.000064,0.000020,0.004266,19,2,0
164,10,cpp_par,0.003123,0.000041,0.000018,0.003182,19,2,0
164,10,cpp_adv,0.002721,0.000039,0.000019,0.002780,19,2,0
165,10,seq,0.288321,0.000342,0.011261,0.299924,29,45,240
165,10,par,0.114391,0.031785,0.284564,0.430740,29,45,240
165,10,weights,0.127091,0.032213,0.319351,0.478655,29,45,240
165,10,cpp_seq,0.003314,0.000069,0.002792,0.006176,29,45,240
165,10,cpp_par,0.003037,0.000055,0.003155,0.006248,29,45,240
165,10,cpp_adv,0.002145,0.000036,0.002578,0.004760,29,45,240
166,10,seq,0.398811,0.000301,0.000412,0.399525,29,21,1
166,10,par,0.156322,0.029071,0.263710,0.449103,29,21,1
166,10,weights,0.212496,0.038501,0.261979,0.512976,29,21,1
166,10,cpp_seq,0.006851,0.000061,0.000073,0.006985,29,21,1
166,10,cpp_par,0.003361,0.000034,0.000069,0.003464,29,21,1
166,10,cpp_adv,0.003250,0.000034,0.000070,0.003355,29,21,1
167,10,seq,0.208802,0.000275,0.000276,0.209353,19,17,1
167,10,par,0.098168,0.046619,0.325978,0.470765,19,17,1
167,10,weights,0.116221,0.034846,0.247379,0.398446,19,17,1
167,10,cpp_seq,0.003857,0.000054,0.000065,0.003977,19,17,1
167,10,cpp_par,0.002641,0.000033,0.000072,0.002748,19,17,1
167,10,cpp_adv,0.002071,0.000032,0.000063,0.002166,19,17,1
168,10,seq,0.152612,0.000438,0.000361,0.153411,19,17,1
168,10,par,0.088611,0.031754,0.250079,0.370444,19,17,1
168,10,weights,0.088758,0.034293,0.259935,0.382986,19,17,1
168,10,cpp_seq,0.005552,0.000056,0.000068,0.005678,19,17,1
168,10,cpp_par,0.003286,0.000046,0.000086,0.003420,19,17,1
168,10,cpp_adv,0.002821,0.000043,0.000087,0.002952,19,17,1
169,10,seq,0.569921,0.000444,0.020029,0.590394,29,47,384
169,10,par,0.207589,0.028435,0.272383,0.508406,29,47,384
169,10,weights,0.255889,0.031890,0.264794,0.552573,29,47,384
169,10,cpp_seq,0.011889,0.000063,0.004267,0.016220,29,47,384
169,10,cpp_par,0.010361,0.000040,0.004300,0.014703,29,47,384
169,10,cpp_adv,0.007203,0.000045,0.004594,0.011843,29,47,384
170,10,seq,0.592358,0.000305,0.000122,0.592785,29,4,0
170,10,par,0.194475,0.028572,0.029821,0.252868,29,4,0
170,10,weights,0.174968,0.030828,0.000356,0.206152,29,4,0
170,10,cpp_seq,0.015249,0.000054,0.000019,0.015323,29,4,0
170,10,cpp_par,0.008258,0.000039,0.000026,0.008324,29,4,0
170,10,cpp_adv,0.007891,0.000047,0.000018,0.007957,29,4,0
171,10,seq,0.275977,0.000307,0.000497,0.276780,29,30,2
171,10,par,0.116590,0.037873,0.354789,0.509253,29,30,2
171,10,weights,0.209712,0.038011,0.296645,0.544368,29,30,2
171,10,cpp_seq,0.005192,0.000072,0.000119,0.005383,29,30,2
171,10,cpp_par,0.003013,0.000038,0.000110,0.003161,29,30,2
171,10,cpp_adv,0.002637,0.000037,0.000110,0.002785,29,30,2
172,10,seq,0.423118,0.000276,0.000120,0.423514,19,8,0
172,10,par,0.140095,0.036597,0.030137,0.206829,19,8,0
172,10,weights,0.172898,0.045442,0.000662,0.219002,19,8,0
172,10,cpp_seq,0.015886,0.000065,0.000019,0.015971,19,8,0
172,10,cpp_par,0.008182,0.000039,0.000019,0.008241,19,8,0
172,10,cpp_adv,0.006802,0.000083,0.000028,0.006915,19,8,0
173,10,seq,0.291836,0.000463,0.000184,0.292483,19,8,0
173,10,par,0.122727,0.036186,0.034179,0.193092,19,8,0
173,10,weights,0.109132,0.033606,0.000579,0.143317,19,8,0
173,10,cpp_seq,0.003035,0.000056,0.000021,0.003113,19,8,0
173,10,cpp_par,0.001509,0.000032,0.000016,0.001557,19,8,0
173,10,cpp_adv,0.001508,0.000032,0.000018,0.001559,19,8,0
174,10,seq,0.201940,0.000279,0.000310,0.202529,19,17,1
174,10,par,0.097166,0.030317,0.267510,0.394993,19,17,1
174,10,weights,0.091183,0.027975,0.244412,0.363570,19,17,1
174,10,cpp_seq,0.009006,0.000059,0.000085,0.009151,19,17,1
174,10,cpp_par,0.004374,0.000037,0.000074,0.004485,19,17,1
174,10,cpp_adv,0.003909,0.000034,0.000067,0.004011,19,17,1
175,10,seq,0.269300,0.000262,0.000139,0.269701,19,8,0
175,10,par,0.099362,0.027856,0.032221,0.159439,19,8,0
175,10,weights,0.103776,0.031752,0.000354,0.135882,19,8,0
175,10,cpp_seq,0.005711,0.000053,0.000018,0.005783,19,8,0
175,10,cpp_par,0.003068,0.000032,0.000016,0.003117,19,8,0
175,10,cpp_adv,0.002969,0.000045,0.000024,0.003039,19,8,0
176,10,seq,0.256421,0.000290,0.059800,0.316510,38,68,1024
176,10,par,0.125713,0.034161,0.299257,0.459131,38,68,1024
176,10,weights,0.122066,0.036422,0.283196,0.441684,38,68,1024
176,10,cpp_seq,0.008247,0.000069,0.012415,0.020732,38,68,1024
176,10,cpp_par,0.007878,0.000041,0.013360,0.021281,38,68,1024
176,10,cpp_adv,0.007282,0.000046,0.012435,0.019764,38,68,1024
177,10,seq,0.387637,0.000419,0.000437,0.388492,19,17,1
177,10,par,0.173944,0.040298,0.281981,0.496224,19,17,1
177,10,weights,0.126400,0.035781,0.264646,0.426827,19,17,1
177,10,cpp_seq,0.009394,0.000055,0.000065,0.009515,19,17,1
177,10,cpp_par,0.004317,0.000034,0.000135,0.004487,19,17,1
177,10,cpp_adv,0.004528,0.000043,0.000084,0.004656,19,17,1
178,10,seq,3.242657,0.000403,0.077696,3.320756,38,68,1024
178,10,par,0.172242,0.031308,0.318789,0.522338,38,68,1024
178,10,weights,0.298177,0.041011,0.296822,0.636010,38,68,1024
178,10,cpp_seq,0.007076,0.000095,0.012812,0.019985,38,68,1024
178,10,cpp_par,0.007789,0.000096,0.018929,0.026816,38,68,1024
178,10,cpp_adv,0.006112,0.000041,0.012173,0.018327,38,68,1024
179,10,seq,0.243387,0.000339,0.363612,0.607339,39,81,6101
179,10,par,0.113666,0.033589,0.507062,0.654317,39,81,6101
179,10,weights,0.121548,0.056855,0.444094,0.622497,39,81,6101
179,10,cpp_seq,0.004737,0.000069,0.076560,0.081368,39,81,6101
179,10,cpp_par,0.004123,0.000042,0.070400,0.074567,39,81,6101
179,10,cpp_adv,0.002621,0.000040,0.068512,0.071175,39,81,6101
180,10,seq,0.268874,0.000355,1.007570,1.276799,48,109,14576
180,10,par,0.216014,0.050553,0.934264,1.200831,48,109,14576
180,10,weights,0.100038,0.032717,0.840511,0.973265,48,109,14576
180,10,cpp_seq,0.003745,0.000075,0.177885,0.181707,48,109,14576
180,10,cpp_par,0.002948,0.000067,0.175074,0.178090,48,109,14576
180,10,cpp_adv,0.002888,0.000052,0.166372,0.169312,48,109,14576
181,10,seq,1.775538,0.000275,0.000375,1.776188,29,27,2
181,10,par,0.176358,0.028682,0.257112,0.462153,29,27,2
181,10,weights,0.526207,0.036052,0.255709,0.817968,29,27,2
181,10,cpp_seq,0.011113,0.000061,0.000099,0.011274,29,27,2
181,10,cpp_par,0.006287,0.000036,0.000097,0.006420,29,27,2
181,10,cpp_adv,0.006099,0.000036,0.000097,0.006233,29,27,2
182,10,seq,0.204142,0.000364,0.000126,0.204632,19,0,0
182,10,par,0.087880,0.032987,0.029483,0.150351,19,0,0
182,10,weights,0.198832,0.028119,0.000360,0.227311,19,0,0
182,10,cpp_seq,0.004062,0.000049,0.000015,0.004127,19,0,0
182,10,cpp_par,0.002366,0.000048,0.000015,0.002431,19,0,0
182,10,cpp_adv,0.001627,0.000029,0.000013,0.001669,19,0,0
183,10,seq,0.177133,0.000261,0.000073,0.177468,19,8,0
183,10,par,0.083138,0.027501,0.023903,0.134542,19,8,0
183,10,weights,0.208146,0.028818,0.000304,0.237269,19,8,0
183,10,cpp_seq,0.005745,0.000070,0.000019,0.005834,19,8,0
183,10,cpp_par,0.003137,0.000031,0.000015,0.003183,19,8,0
183,10,cpp_adv,0.003004,0.000031,0.000015,0.003050,19,8,0
184,10,seq,0.214471,0.000248,0.000091,0.214810,19,13,0
184,10,par,0.089170,0.025512,0.024712,0.139394,19,13,0
184,10,weights,0.214652,0.027757,0.000355,0.242765,19,13,0
184,10,cpp_seq,0.006664,0.000051,0.000017,0.006734,19,13,0
184,10,cpp_par,0.003806,0.000032,0.000017,0.003857,19,13,0
184,10,cpp_adv,0.003318,0.000031,0.000014,0.003363,19,13,0
185,10,seq,0.312149,0.000284,0.047718,0.360151,38,52,256
185,10,par,0.168440,0.030662,0.321725,0.520827,38,52,256
185,10,weights,0.273117,0.097797,0.948630,1.319544,38,52,256
185,10,cpp_seq,0.009014,0.000062,0.004928,0.014005,38,52,256
185,10,cpp_par,0.007651,0.000056,0.006041,0.013751,38,52,256
185,10,cpp_adv,0.005513,0.000040,0.005769,0.011323,38,52,256
186,10,seq,2.730573,0.000319,0.000351,2.731244,19,17,1
186,10,par,0.137889,0.045095,0.282319,0.465303,19,17,1
186,10,weights,0.110340,0.034226,0.291158,0.435724,19,17,1
186,10,cpp_seq,0.006153,0.000053,0.000065,0.006272,19,17,1
186,10,cpp_par,0.004452,0.000055,0.000088,0.004596,19,17,1
186,10,cpp_adv,0.003360,0.000032,0.000063,0.003456,19,17,1
187,10,seq,0.189381,0.000330,0.000348,0.190060,19,17,1
187,10,par,0.085563,0.032958,0.223872,0.342394,19,17,1
187,10,weights,0.080884,0.027018,0.229666,0.337568,19,17,1
187,10,cpp_seq,0.004155,0.000053,0.000063,0.004272,19,17,1
187,10,cpp_par,0.002307,0.000047,0.000061,0.002415,19,17,1
187,10,cpp_adv,0.002284,0.000033,0.000063,0.002381,19,17,1
188,10,seq,0.213814,0.000509,0.010966,0.225289,29,43,157
188,10,par,0.112394,0.111050,0.311763,0.535207,29,43,157
188,10,weights,0.091381,0.031374,0.238043,0.360797,29,43,157
188,10,cpp_seq,0.004945,0.000106,0.002129,0.007182,29,43,157
188,10,cpp_par,0.003339,0.000036,0.002364,0.005739,29,43,157
188,10,cpp_adv,0.003006,0.000037,0.002170,0.005214,29,43,157
189,10,seq,0.247596,0.000524,0.061420,0.309541,38,68,1024
189,10,par,0.110908,0.033221,0.263444,0.407574,38,68,1024
189,10,weights,0.107377,0.032484,0.277663,0.417524,38,68,1024
189,10,cpp_seq,0.005304,0.000065,0.012832,0.018203,38,68,1024
189,10,cpp_par,0.005738,0.000039,0.011907,0.017684,38,68,1024
189,10,cpp_adv,0.004099,0.000132,0.012381,0.016613,38,68,1024
190,10,seq,0.210937,0.000297,0.000123,0.211357,19,8,0
190,10,par,0.124190,0.069097,0.035806,0.229093,19,8,0
190,10,weights,0.110777,0.032586,0.000291,0.143654,19,8,0
190,10,cpp_seq,0.005952,0.000053,0.000018,0.006025,19,8,0
190,10,cpp_par,0.002911,0.000032,0.000017,0.002961,19,8,0
190,10,cpp_adv,0.002730,0.000036,0.000017,0.002783,19,8,0
191,10,seq,0.216779,0.000266,0.000260,0.217304,19,16,0
191,10,par,0.104723,0.033199,0.186669,0.324592,19,16,0
191,10,weights,0.095017,0.030335,0.200351,0.325704,19,16,0
191,10,cpp_seq,0.007506,0.000054,0.000048,0.007609,19,16,0
191,10,cpp_par,0.004421,0.000044,0.000064,0.004530,19,16,0
191,10,cpp_adv,0.005703,0.000036,0.000049,0.005788,19,16,0
192,10,seq,0.296368,0.000280,0.001260,0.297908,29,35,11
192,10,par,0.128685,0.038504,0.248791,0.415980,29,35,11
192,10,weights,0.131090,0.033060,0.254203,0.418353,29,35,11
192,10,cpp_seq,0.007672,0.000068,0.000356,0.008097,29,35,11
192,10,cpp_par,0.004653,0.000038,0.000326,0.005017,29,35,11
192,10,cpp_adv,0.006634,0.000051,0.000415,0.007102,29,35,11
193,10,seq,0.497642,0.000548,0.000738,0.498928,19,1,0
193,10,par,0.144916,0.040076,0.038187,0.223179,19,1,0
193,10,weights,0.201732,0.037368,0.000369,0.239469,19,1,0
193,10,cpp_seq,0.019583,0.000097,0.000035,0.019716,19,1,0
193,10,cpp_par,0.008339,0.000047,0.000023,0.008410,19,1,0
193,10,cpp_adv,0.006060,0.000181,0.000029,0.006271,19,1,0
194,10,seq,0.377317,0.000362,0.028244,0.405923,29,48,512
194,10,par,0.154448,0.034881,0.275938,0.465268,29,48,512
194,10,weights,0.166656,0.034115,0.259688,0.460459,29,48,512
194,10,cpp_seq,0.013185,0.000061,0.005692,0.018939,29,48,512
194,10,cpp_par,0.011652,0.000089,0.006092,0.017835,29,48,512
194,10,cpp_adv,0.007896,0.000048,0.005558,0.013502,29,48,512
195,10,seq,0.217010,0.000512,0.000660,0.218182,19,16,1
195,10,par,0.106973,0.048471,0.366028,0.521471,19,16,1
195,10,weights,2.130767,0.049385,0.308411,2.488562,19,16,1
195,10,cpp_seq,0.003067,0.000058,0.000069,0.003195,19,16,1
195,10,cpp_par,0.001875,0.000034,0.000065,0.001974,19,16,1
195,10,cpp_adv,0.001479,0.000032,0.000076,0.001587,19,16,1
196,10,seq,0.356078,0.000288,0.000124,0.356489,29,3,0
196,10,par,0.118052,0.031679,0.027983,0.177714,29,3,0
196,10,weights,0.127677,0.031371,0.000390,0.159437,29,3,0
196,10,cpp_seq,0.007512,0.000056,0.000017,0.007585,29,3,0
196,10,cpp_par,0.003387,0.000033,0.000028,0.003449,29,3,0
196,10,cpp_adv,0.003208,0.000033,0.000015,0.003257,29,3,0
197,10,seq,0.322310,0.000287,0.000223,0.322820,19,5,0
197,10,par,0.101686,0.035375,0.039285,0.176346,19,5,0
197,10,weights,0.144050,0.041246,0.031263,0.216559,19,5,0
197,10,cpp_seq,0.004603,0.000055,0.000019,0.004678,19,5,0
197,10,cpp_par,0.002719,0.000082,0.000021,0.002824,19,5,0
197,10,cpp_adv,0.002184,0.000032,0.000016,0.002232,19,5,0
198,10,seq,0.228341,0.000269,0.000121,0.228731,19,3,0
198,10,par,0.148536,0.030360,0.026440,0.205337,19,3,0
198,10,weights,0.098287,0.028806,0.000311,0.127404,19,3,0
198,10,cpp_seq,0.004215,0.000053,0.000017,0.004286,19,3,0
198,10,cpp_par,0.002986,0.000032,0.000016,0.003034,19,3,0
198,10,cpp_adv,0.002261,0.000037,0.000037,0.002336,19,3,0
199,10,seq,0.221887,0.000260,0.000094,0.222241,19,8,0
199,10,par,0.163568,0.034185,0.027862,0.225616,19,8,0
199,10,weights,1.430943,0.086318,0.000362,1.517623,19,8,0
199,10,cpp_seq,0.007395,0.000063,0.000022,0.007481,19,8,0
199,10,cpp_par,0.003293,0.000037,0.000021,0.003351,19,8,0
199,10,cpp_adv,0.004217,0.000049,0.000022,0.004290,19,8,0
200,10,seq,0.315436,0.000446,0.059474,0.375356,38,68,1024
200,10,par,0.119800,0.028642,0.289624,0.438067,38,68,1024
200,10,weights,0.134824,0.038488,0.271400,0.444713,38,68,1024
200,10,cpp_seq,0.010230,0.000068,0.012450,0.022749,38,68,1024
200,10,cpp_par,0.007475,0.000039,0.012019,0.019535,38,68,1024
200,10,cpp_adv,0.006936,0.000041,0.011550,0.018529,38,68,1024
201,10,seq,0.288065,0.000351,0.000297,0.288713,19,13,0
201,10,par,0.172460,0.070900,0.095924,0.339283,19,13,0
201,10,weights,0.144314,0.044442,0.075712,0.264469,19,13,0
201,10,cpp_seq,0.007741,0.000078,0.000039,0.007860,19,13,0
201,10,cpp_par,0.005933,0.000053,0.000028,0.006016,19,13,0
201,10,cpp_adv,0.003695,0.000046,0.000033,0.003775,19,13,0
202,10,seq,0.373055,0.000282,0.000209,0.373546,29,13,0
202,10,par,0.157266,0.032001,0.031565,0.220832,29,13,0
202,10,weights,0.139598,0.030032,0.025955,0.195584,29,13,0
202,10,cpp_seq,0.010292,0.000055,0.000021,0.010369,29,13,0
202,10,cpp_par,0.005911,0.000036,0.000022,0.005970,29,13,0
202,10,cpp_adv,0.005318,0.000034,0.000020,0.005373,29,13,0
203,10,seq,0.237793,0.000311,0.058077,0.296181,38,68,1024
203,10,par,0.097474,0.029225,0.269088,0.395786,38,68,1024
203,10,weights,0.096038,0.028868,0.272693,0.397599,38,68,1024
203,10,cpp_seq,0.003461,0.000068,0.012268,0.015798,38,68,1024
203,10,cpp_par,0.004697,0.000055,0.011990,0.016743,38,68,1024
203,10,cpp_adv,0.001877,0.000039,0.012597,0.014514,38,68,1024
204,10,seq,0.252045,0.000299,0.000343,0.252687,19,17,1
204,10,par,0.111508,0.039962,0.319471,0.470941,19,17,1
204,10,weights,0.122670,0.035987,0.272194,0.430852,19,17,1
204,10,cpp_seq,0.003246,0.000062,0.000073,0.003382,19,17,1
204,10,cpp_par,0.001929,0.000059,0.000072,0.002061,19,17,1
204,10,cpp_adv,0.001497,0.000053,0.000065,0.001615,19,17,1
205,10,seq,0.259340,0.000338,0.000315,0.259993,19,17,1
205,10,par,0.123953,0.030271,0.248565,0.402789,19,17,1
205,10,weights,0.129044,0.031564,0.246294,0.406902,19,17,1
205,10,cpp_seq,0.011153,0.000056,0.000067,0.011277,19,17,1
205,10,cpp_par,0.007360,0.000038,0.000066,0.007465,19,17,1
205,10,cpp_adv,0.005539,0.000032,0.000063,0.005636,19,17,1
206,10,seq,0.366675,0.000288,0.000318,0.367281,19,17,1
206,10,par,0.158767,0.031712,0.250320,0.440799,19,17,1
206,10,weights,0.148451,0.031002,0.227870,0.407322,19,17,1
206,10,cpp_seq,0.016758,0.000059,0.000081,0.016899,19,17,1
206,10,cpp_par,0.008981,0.000045,0.000078,0.009105,19,17,1
206,10,cpp_adv,0.008810,0.000035,0.000066,0.008911,19,17,1
207,10,seq,0.543627,0.000277,0.003786,0.547690,29,34,48
207,10,par,0.186590,0.029131,0.228917,0.444638,29,34,48
207,10,weights,0.174361,0.030367,0.246090,0.450817,29,34,48
207,10,cpp_seq,0.023788,0.000062,0.001212,0.025064,29,34,48
207,10,cpp_par,0.013818,0.000037,0.001253,0.015109,29,34,48
207,10,cpp_adv,0.012519,0.000057,0.001364,0.013941,29,34,48
208,10,seq,0.264255,0.000329,0.000105,0.264689,19,8,0
208,10,par,0.115295,0.033066,0.031985,0.180347,19,8,0
208,10,weights,0.119599,0.035096,0.000309,0.155004,19,8,0
208,10,cpp_seq,0.009899,0.000053,0.000018,0.009971,19,8,0
208,10,cpp_par,0.005315,0.000034,0.000019,0.005368,19,8,0
208,10,cpp_adv,0.004791,0.000033,0.000018,0.004843,19,8,0
209,10,seq,0.315301,0.000347,0.000122,0.315771,19,2,0
209,10,par,0.143975,0.051827,0.038755,0.234558,19,2,0
209,10,weights,0.156722,0.039200,0.000377,0.196298,19,2,0
209,10,cpp_seq,0.011705,0.000056,0.000018,0.011780,19,2,0
209,10,cpp_par,0.006145,0.000047,0.000025,0.006217,19,2,0
209,10,cpp_adv,0.005180,0.000034,0.000019,0.005235,19,2,0
210,10,seq,0.294065,0.000368,0.000350,0.294784,19,17,1
210,10,par,0.124060,0.030504,0.248986,0.403549,19,17,1
210,10,weights,0.167589,0.038898,0.322786,0.529273,19,17,1
210,10,cpp_seq,0.017064,0.000070,0.000084,0.017219,19,17,1
210,10,cpp_par,0.009033,0.000045,0.000081,0.009161,19,17,1
210,10,cpp_adv,0.014165,0.000051,0.000085,0.014302,19,17,1
211,10,seq,0.288645,0.000308,0.000233,0.289185,19,12,0
211,10,par,0.176816,0.072663,0.054899,0.304378,19,12,0
211,10,weights,0.117331,0.047738,0.000569,0.165638,19,12,0
211,10,cpp_seq,0.006487,0.000062,0.000022,0.006572,19,12,0
211,10,cpp_par,0.004621,0.000048,0.000029,0.004701,19,12,0
211,10,cpp_adv,0.003838,0.000046,0.000018,0.003903,19,12,0
212,10,seq,0.529367,0.000271,0.000235,0.529873,19,14,0
212,10,par,0.173946,0.037659,0.187738,0.399343,19,14,0
212,10,weights,0.200085,0.031473,0.203105,0.434664,19,14,0
212,10,cpp_seq,0.021319,0.000057,0.000043,0.021420,19,14,0
212,10,cpp_par,0.009714,0.000034,0.000042,0.009790,19,14,0
212,10,cpp_adv,0.009457,0.000034,0.000042,0.009533,19,14,0
213,10,seq,0.191117,0.000266,0.000308,0.191691,19,17,1
213,10,par,0.095322,0.031666,0.221178,0.348167,19,17,1
213,10,weights,0.079011,0.028843,0.243135,0.350989,19,17,1
213,10,cpp_seq,0.005536,0.000054,0.000065,0.005656,19,17,1
213,10,cpp_par,0.002856,0.000042,0.000067,0.002966,19,17,1
213,10,cpp_adv,0.003116,0.000038,0.000067,0.003221,19,17,1
214,10,seq,0.388539,0.000277,0.009412,0.398228,29,43,186
214,10,par,0.152853,0.030234,0.226264,0.409351,29,43,186
214,10,weights,0.154201,0.028542,0.224841,0.407585,29,43,186
214,10,cpp_seq,0.008186,0.000062,0.002558,0.010807,29,43,186
214,10,cpp_par,0.004846,0.000036,0.002466,0.007348,29,43,186
214,10,cpp_adv,0.004945,0.000037,0.002453,0.007435,29,43,186
215,10,seq,0.367333,0.000275,0.000376,0.367984,29,26,1
215,10,par,0.149099,0.035397,0.223906,0.408402,29,26,1
215,10,weights,0.164369,0.044429,0.417929,0.626727,29,26,1
215,10,cpp_seq,0.005475,0.000059,0.000094,0.005629,29,26,1
215,10,cpp_par,0.003015,0.000034,0.000092,0.003142,29,26,1
215,10,cpp_adv,0.002710,0.000033,0.000092,0.002835,29,26,1
216,10,seq,0.230398,0.000266,0.060615,0.291279,38,68,1024
216,10,par,0.107889,0.031644,0.266391,0.405924,38,68,1024
216,10,weights,0.101397,0.031018,0.257768,0.390183,38,68,1024
216,10,cpp_seq,0.004905,0.000084,0.012146,0.017136,38,68,1024
216,10,cpp_par,0.004962,0.000041,0.011767,0.016773,38,68,1024
216,10,cpp_adv,0.004573,0.000049,0.011948,0.016570,38,68,1024
217,10,seq,0.229969,0.000262,0.000115,0.230346,19,8,0
217,10,par,0.096691,0.030632,0.027892,0.155215,19,8,0
217,10,weights,0.096178,0.031287,0.000347,0.127812,19,8,0
217,10,cpp_seq,0.003160,0.000052,0.000018,0.003232,19,8,0
217,10,cpp_par,0.001744,0.000032,0.000016,0.001793,19,8,0
217,10,cpp_adv,0.001399,0.000032,0.000016,0.001448,19,8,0
218,10,seq,0.213098,0.000346,0.057054,0.270498,38,68,1024
218,10,par,0.100619,0.031142,0.270550,0.402312,38,68,1024
218,10,weights,0.089355,0.027328,0.249829,0.366511,38,68,1024
218,10,cpp_seq,0.005661,0.000066,0.011823,0.017552,38,68,1024
218,10,cpp_par,0.005806,0.000040,0.011800,0.017647,38,68,1024
218,10,cpp_adv,0.005516,0.000044,0.011785,0.017347,38,68,1024
219,10,seq,0.341297,0.000313,0.000259,0.341869,19,7,0
219,10,par,0.190860,0.051119,0.041000,0.282979,19,7,0
219,10,weights,0.140805,0.033104,0.032266,0.206175,19,7,0
219,10,cpp_seq,0.008576,0.000058,0.000021,0.008656,19,7,0
219,10,cpp_par,0.004717,0.000034,0.000019,0.004771,19,7,0
219,10,cpp_adv,0.004258,0.000032,0.000016,0.004307,19,7,0
220,10,seq,0.427132,0.000554,0.000347,0.428032,29,11,0
220,10,par,0.170073,0.038148,0.039031,0.247252,29,11,0
220,10,weights,0.133797,0.047150,0.035163,0.216110,29,11,0
220,10,cpp_seq,0.005819,0.000071,0.000032,0.005924,29,11,0
220,10,cpp_par,0.003273,0.000037,0.000022,0.003334,29,11,0
220,10,cpp_adv,0.002446,0.000033,0.000019,0.002499,29,11,0
221,10,seq,0.351210,0.000282,0.000319,0.351811,19,17,1
221,10,par,0.117391,0.029739,0.274260,0.421390,19,17,1
221,10,weights,0.200118,0.033694,0.290039,0.523852,19,17,1
221,10,cpp_seq,0.010443,0.000070,0.000088,0.010603,19,17,1
221,10,cpp_par,0.005866,0.000033,0.000065,0.005965,19,17,1
221,10,cpp_adv,0.005520,0.000035,0.000065,0.005620,19,17,1
222,10,seq,0.499321,0.000294,0.060799,0.560415,38,68,1024
222,10,par,0.221782,0.030221,0.378908,0.630911,38,68,1024
222,10,weights,0.317528,0.026400,0.263779,0.607708,38,68,1024
222,10,cpp_seq,0.017674,0.000070,0.016415,0.034161,38,68,1024
222,10,cpp_par,0.011610,0.000040,0.011992,0.023643,38,68,1024
222,10,cpp_adv,0.011183,0.000044,0.012479,0.023707,38,68,1024
223,10,seq,0.481858,0.000310,0.348078,0.830245,39,81,6283
223,10,par,0.249749,0.060424,0.406760,0.716933,39,81,6283
223,10,weights,0.239207,0.031078,0.555175,0.825460,39,81,6283
223,10,cpp_seq,0.014490,0.000071,0.071946,0.086509,39,81,6283
223,10,cpp_par,0.007963,0.000057,0.081296,0.089318,39,81,6283
223,10,cpp_adv,0.013467,0.000071,0.152584,0.166124,39,81,6283
224,10,seq,0.248225,0.000269,0.000255,0.248749,19,17,1
224,10,par,0.147641,0.047182,0.282005,0.476827,19,17,1
224,10,weights,0.106836,0.032809,0.251364,0.391010,19,17,1
224,10,cpp_seq,0.007453,0.000079,0.000099,0.007632,19,17,1
224,10,cpp_par,0.004298,0.000037,0.000072,0.004409,19,17,1
224,10,cpp_adv,0.003514,0.000043,0.000077,0.003635,19,17,1
225,10,seq,0.303681,0.000333,1.024210,1.328224,48,110,14960
225,10,par,0.122780,0.031319,1.050630,1.204729,48,110,14960
225,10,weights,0.209745,0.088315,1.430054,1.728114,48,110,14960
225,10,cpp_seq,0.006833,0.000081,0.179129,0.186045,48,110,14960
225,10,cpp_par,0.005333,0.000051,0.209415,0.214801,48,110,14960
225,10,cpp_adv,0.004540,0.000051,0.174217,0.178809,48,110,14960
226,10,seq,0.405864,0.000280,0.000126,0.406271,29,5,0
226,10,par,0.356921,0.046260,0.034916,0.438097,29,5,0
226,10,weights,0.995219,0.036354,0.000315,1.031888,29,5,0
226,10,cpp_seq,0.012057,0.000059,0.000096,0.012214,29,5,0
226,10,cpp_par,0.009933,0.000046,0.000020,0.010000,29,5,0
226,10,cpp_adv,0.007452,0.000041,0.000018,0.007512,29,5,0
227,10,seq,0.295444,0.000388,0.005918,0.301750,39,44,12
227,10,par,0.200674,0.079850,0.355752,0.636276,39,44,12
227,10,weights,0.167721,0.039146,0.418373,0.625240,39,44,12
227,10,cpp_seq,0.010013,0.000132,0.001658,0.011805,39,44,12
227,10,cpp_par,0.005791,0.000060,0.000711,0.006563,39,44,12
227,10,cpp_adv,0.003003,0.000049,0.000431,0.003483,39,44,12
228,10,seq,0.341767,0.000504,0.000728,0.343000,19,17,1
228,10,par,0.177214,0.044345,0.282099,0.503658,19,17,1
228,10,weights,0.121231,0.044981,0.237362,0.403574,19,17,1
228,10,cpp_seq,0.004317,0.000059,0.000071,0.004448,19,17,1
228,10,cpp_par,0.002402,0.000049,0.000076,0.002527,19,17,1
228,10,cpp_adv,0.002417,0.000054,0.000067,0.002540,19,17,1
229,10,seq,0.312830,0.000298,0.057713,0.370841,38,68,1024
229,10,par,0.127232,0.031693,0.347094,0.506019,38,68,1024
229,10,weights,0.127845,0.033946,0.273322,0.435113,38,68,1024
229,10,cpp_seq,0.007984,0.000066,0.013461,0.021511,38,68,1024
229,10,cpp_par,0.010424,0.000056,0.012992,0.023473,38,68,1024
229,10,cpp_adv,0.008085,0.000043,0.013187,0.021317,38,68,1024
230,10,seq,0.362827,0.000530,0.362536,0.725892,48,102,5932
230,10,par,0.134832,0.036059,0.426577,0.597468,48,102,5932
230,10,weights,0.148839,0.062153,0.604290,0.815282,48,102,5932
230,10,cpp_seq,0.008738,0.000074,0.068403,0.077216,48,102,5932
230,10,cpp_par,0.009390,0.000058,0.082167,0.091616,48,102,5932
230,10,cpp_adv,0.005869,0.000046,-0.594851,-0.588935,48,102,5932
231,10,seq,0.239994,0.000269,0.000298,0.240561,19,17,1
231,10,par,0.110109,0.039681,0.310765,0.460554,19,17,1
231,10,weights,0.096249,0.027958,0.226032,0.350239,19,17,1
231,10,cpp_seq,0.006433,0.000055,0.000136,0.006624,19,17,1
231,10,cpp_par,0.003647,0.000032,0.000062,0.003742,19,17,1
231,10,cpp_adv,0.003925,0.000039,0.000118,0.004083,19,17,1
232,10,seq,0.228223,0.000265,0.000147,0.228634,19,8,0
232,10,par,0.118472,0.034510,0.034080,0.187062,19,8,0
232,10,weights,0.104687,0.030815,0.000306,0.135808,19,8,0
232,10,cpp_seq,0.005863,0.000053,0.000018,0.005935,19,8,0
232,10,cpp_par,0.003392,0.000033,0.000018,0.003444,19,8,0
232,10,cpp_adv,0.002903,0.000030,0.000014,0.002948,19,8,0
233,10,seq,0.204131,0.000291,0.000638,0.205060,19,17,1
233,10,par,0.090484,0.031176,0.226856,0.348515,19,17,1
233,10,weights,0.094747,0.028721,0.214657,0.338125,19,17,1
233,10,cpp_seq,0.005193,0.000054,0.000064,0.005313,19,17,1
233,10,cpp_par,0.003087,0.000033,0.000078,0.003199,19,17,1
233,10,cpp_adv,0.002713,0.000033,0.000063,0.002810,19,17,1
234,10,seq,0.269466,0.000394,1.019533,1.289394,48,112,17711
234,10,par,2.317905,0.042454,0.935968,3.296327,48,112,17711
234,10,weights,0.351294,0.036357,1.055129,1.442780,48,112,17711
234,10,cpp_seq,0.008370,0.000099,0.218771,0.227242,48,112,17711
234,10,cpp_par,0.004668,0.000055,0.205060,0.209784,48,112,17711
234,10,cpp_adv,0.004132,0.000061,0.226891,0.231085,48,112,17711
235,10,seq,0.249496,0.000304,0.006284,0.256084,39,52,61
235,10,par,0.101646,0.035724,0.233677,0.371047,39,52,61
235,10,weights,0.152484,0.029876,0.296788,0.479148,39,52,61
235,10,cpp_seq,0.006761,0.000068,0.001727,0.008557,39,52,61
235,10,cpp_par,0.008410,0.000039,0.001434,0.009883,39,52,61
235,10,cpp_adv,0.002362,0.000069,0.001405,0.003836,39,52,61
236,10,seq,0.391265,0.000447,0.000453,0.392165,29,17,1
236,10,par,0.146103,0.055690,0.257966,0.459759,29,17,1
236,10,weights,0.130672,0.032458,0.228526,0.391657,29,17,1
236,10,cpp_seq,0.009248,0.000059,0.000066,0.009374,29,17,1
236,10,cpp_par,0.004542,0.000033,0.000064,0.004639,29,17,1
236,10,cpp_adv,0.004670,0.000047,0.000085,0.004802,29,17,1
237,10,seq,0.286400,0.000262,0.000117,0.286779,19,8,0
237,10,par,0.120345,0.032290,0.026220,0.178855,19,8,0
237,10,weights,0.123991,0.028840,0.000351,0.153183,19,8,0
237,10,cpp_seq,0.003481,0.000053,0.000022,0.003557,19,8,0
237,10,cpp_par,0.002092,0.000032,0.000016,0.002140,19,8,0
237,10,cpp_adv,0.001743,0.000030,0.000015,0.001789,19,8,0
238,10,seq,0.376021,0.000274,0.000924,0.377219,29,32,8
238,10,par,0.157827,0.031121,0.262405,0.451352,29,32,8
238,10,weights,0.146530,0.031663,0.245817,0.424010,29,32,8
238,10,cpp_seq,0.007020,0.000057,0.000231,0.007309,29,32,8
238,10,cpp_par,0.003976,0.000038,0.000248,0.004263,29,32,8
238,10,cpp_adv,0.003390,0.000035,0.000236,0.003662,29,32,8
239,10,seq,0.213335,0.000283,0.000310,0.213928,19,17,1
239,10,par,0.106788,0.034503,0.228493,0.369784,19,17,1
239,10,weights,0.097088,0.027282,0.225303,0.349673,19,17,1
239,10,cpp_seq,0.004424,0.000053,0.000065,0.004542,19,17,1
239,10,cpp_par,0.003015,0.000059,0.000126,0.003201,19,17,1
239,10,cpp_adv,0.002108,0.000057,0.000064,0.002229,19,17,1
240,10,seq,0.208668,0.000268,0.000118,0.209054,19,8,0
240,10,par,0.093902,0.030027,0.028291,0.152221,19,8,0
240,10,weights,0.094662,0.027412,0.000320,0.122394,19,8,0
240,10,cpp_seq,0.006942,0.000054,0.000019,0.007016,19,8,0
240,10,cpp_par,0.004236,0.000034,0.000019,0.004290,19,8,0
240,10,cpp_adv,0.003652,0.000031,0.000015,0.003698,19,8,0
241,10,seq,0.226064,0.000473,0.060975,0.287512,38,68,1024
241,10,par,0.117126,0.029387,0.351295,0.497809,38,68,1024
241,10,weights,0.118535,0.030414,0.283048,0.431997,38,68,1024
241,10,cpp_seq,0.006337,0.000070,0.012802,0.019210,38,68,1024
241,10,cpp_par,0.006219,0.000041,0.012834,0.019096,38,68,1024
241,10,cpp_adv,0.006656,0.000044,0.012969,0.019669,38,68,1024
242,10,seq,0.242998,0.000291,0.000356,0.243646,19,17,1
242,10,par,0.113733,0.046364,0.312488,0.472586,19,17,1
242,10,weights,0.123227,0.034344,0.234698,0.392269,19,17,1
242,10,cpp_seq,0.005400,0.000059,0.000070,0.005530,19,17,1
242,10,cpp_par,0.002413,0.000034,0.000066,0.002514,19,17,1
242,10,cpp_adv,0.002148,0.000033,0.000063,0.002245,19,17,1
243,10,seq,0.471338,0.000289,0.000396,0.472022,29,21,2
243,10,par,0.180902,0.030666,0.258238,0.469806,29,21,2
243,10,weights,0.291863,0.028678,0.239770,0.560310,29,21,2
243,10,cpp_seq,0.017534,0.000060,0.000109,0.017703,29,21,2
243,10,cpp_par,0.008999,0.000035,0.000108,0.009143,29,21,2
243,10,cpp_adv,0.010105,0.000046,0.000110,0.010262,29,21,2
244,10,seq,0.221642,0.000354,0.000693,0.222690,19,17,1
244,10,par,0.097706,0.028115,0.273019,0.398840,19,17,1
244,10,weights,0.143486,0.033127,0.254548,0.431162,19,17,1
244,10,cpp_seq,0.005319,0.000053,0.000066,0.005439,19,17,1
244,10,cpp_par,0.003034,0.000033,0.000063,0.003130,19,17,1
244,10,cpp_adv,0.002773,0.000037,0.000068,0.002879,19,17,1
245,10,seq,0.240971,0.000325,0.000323,0.241619,19,11,1
245,10,par,0.140436,0.036270,0.278561,0.455266,19,11,1
245,10,weights,0.114350,0.038320,0.228423,0.381093,19,11,1
245,10,cpp_seq,0.005142,0.000053,0.000059,0.005255,19,11,1
245,10,cpp_par,0.002456,0.000032,0.000057,0.002546,19,11,1
245,10,cpp_adv,0.002181,0.000031,0.000056,0.002269,19,11,1
246,10,seq,0.406280,0.000252,0.000355,0.406886,19,17,1
246,10,par,0.170974,0.037829,0.264008,0.472811,19,17,1
246,10,weights,0.270774,0.043596,0.277747,0.592118,19,17,1
246,10,cpp_seq,0.016268,0.000056,0.000069,0.016394,19,17,1
246,10,cpp_par,0.009059,0.000034,0.000065,0.009159,19,17,1
246,10,cpp_adv,0.008254,0.000034,0.000065,0.008353,19,17,1
247,10,seq,0.233545,0.000276,0.000321,0.234143,19,17,1
247,10,par,0.108023,0.063503,0.344914,0.516440,19,17,1
247,10,weights,0.122785,0.057952,0.257265,0.438002,19,17,1
247,10,cpp_seq,0.005442,0.000055,0.000066,0.005564,19,17,1
247,10,cpp_par,0.002836,0.000033,0.000064,0.002934,19,17,1
247,10,cpp_adv,0.003527,0.000034,0.000066,0.003628,19,17,1
248,10,seq,0.258971,0.000430,0.000459,0.259859,29,17,1
248,10,par,0.158062,0.041561,0.262612,0.462234,29,17,1
248,10,weights,0.127108,0.034755,0.335069,0.496932,29,17,1
248,10,cpp_seq,0.011183,0.000076,0.000083,0.011342,29,17,1
248,10,cpp_par,0.004413,0.000038,0.000071,0.004522,29,17,1
248,10,cpp_adv,0.005063,0.000046,0.000084,0.005194,29,17,1
249,10,seq,2.310980,0.000303,0.727330,3.038613,48,108,11662
249,10,par,0.158200,0.039172,0.730026,0.927397,48,108,11662
249,10,weights,0.162644,0.044265,0.628195,0.835104,48,108,11662
249,10,cpp_seq,0.011219,0.000075,0.137619,0.148915,48,108,11662
249,10,cpp_par,0.007385,0.000049,0.126253,0.133688,48,108,11662
249,10,cpp_adv,0.006604,0.000046,0.138203,0.144853,48,108,11662
250,10,seq,0.306079,0.000322,0.000309,0.306710,19,17,1
250,10,par,0.154459,0.040674,0.345599,0.540732,19,17,1
250,10,weights,0.156786,0.056333,0.381910,0.595029,19,17,1
250,10,cpp_seq,0.006573,0.000058,0.000071,0.006703,19,17,1
250,10,cpp_par,0.003382,0.000034,0.000066,0.003483,19,17,1
250,10,cpp_adv,0.002675,0.000032,0.000062,0.002769,19,17,1
251,10,seq,0.364366,0.000297,0.000120,0.364783,19,4,0
251,10,par,0.320382,0.108611,0.106947,0.535940,19,4,0
251,10,weights,0.305271,0.044053,0.000422,0.349747,19,4,0
251,10,cpp_seq,0.010008,0.000053,0.000016,0.010077,19,4,0
251,10,cpp_par,0.006940,0.000037,0.000016,0.006995,19,4,0
251,10,cpp_adv,0.005312,0.000035,0.000019,0.005366,19,4,0
252,10,seq,0.312517,0.000502,0.000213,0.313233,29,20,0
252,10,par,0.206464,0.048119,0.035323,0.289906,29,20,0
252,10,weights,0.139522,0.042885,0.000307,0.182714,29,20,0
252,10,cpp_seq,0.005065,0.000059,0.000024,0.005149,29,20,0
252,10,cpp_par,0.003036,0.000048,0.000023,0.003111,29,20,0
252,10,cpp_adv,0.002559,0.000036,0.000021,0.002617,29,20,0
253,10,seq,0.473139,0.000333,0.069696,0.543168,38,68,1024
253,10,par,0.320632,0.040958,0.506129,0.867719,38,68,1024
253,10,weights,0.233612,0.035152,0.452107,0.720871,38,68,1024
253,10,cpp_seq,0.021615,0.000068,0.013654,0.035339,38,68,1024
253,10,cpp_par,0.012446,0.000046,0.012073,0.024567,38,68,1024
253,10,cpp_adv,0.008223,0.000040,0.012223,0.020486,38,68,1024
254,10,seq,0.293118,0.000620,0.000369,0.294107,19,17,1
254,10,par,0.169116,0.071274,0.331301,0.571690,19,17,1
254,10,weights,0.112738,0.027779,0.233522,0.374040,19,17,1
254,10,cpp_seq,0.005623,0.000054,0.000066,0.005743,19,17,1
254,10,cpp_par,0.004819,0.000045,0.000084,0.004949,19,17,1
254,10,cpp_adv,0.003155,0.000033,0.000064,0.003253,19,17,1
255,10,seq,0.262149,0.000361,0.060833,0.323342,38,68,1024
255,10,par,0.109227,0.032616,0.288729,0.430572,38,68,1024
255,10,weights,0.102618,0.030478,0.261772,0.394868,38,68,1024
255,10,cpp_seq,0.004834,0.000082,0.011937,0.016855,38,68,1024
255,10,cpp_par,0.005410,0.000039,0.012939,0.018389,38,68,1024
255,10,cpp_adv,0.005462,0.000041,0.014725,0.020229,38,68,1024
256,10,seq,0.249010,0.000483,0.000451,0.249944,19,10,1
256,10,par,0.116917,0.031025,0.252945,0.400886,19,10,1
256,10,weights,0.113972,0.035522,0.244198,0.393692,19,10,1
256,10,cpp_seq,0.005206,0.000053,0.000058,0.005318,19,10,1
256,10,cpp_par,0.003048,0.000033,0.000056,0.003138,19,10,1
256,10,cpp_adv,0.003617,0.000046,0.000076,0.003740,19,10,1
257,10,seq,0.449869,0.000568,0.015437,0.465874,38,56,288
257,10,par,0.196443,0.028358,0.260163,0.484963,38,56,288
257,10,weights,0.180956,0.032919,0.259514,0.473388,38,56,288
257,10,cpp_seq,0.014992,0.000068,0.003866,0.018928,38,56,288
257,10,cpp_par,0.008103,0.000060,0.003287,0.011451,38,56,288
257,10,cpp_adv,0.007884,0.000040,0.003407,0.011332,38,56,288
258,10,seq,0.353017,0.000324,0.059799,0.413140,38,68,1024
258,10,par,0.146213,0.032897,0.277892,0.457002,38,68,1024
258,10,weights,0.138617,0.030635,0.407393,0.576645,38,68,1024
258,10,cpp_seq,0.007692,0.000072,0.013143,0.020907,38,68,1024
258,10,cpp_par,0.006814,0.000040,0.012841,0.019697,38,68,1024
258,10,cpp_adv,0.006328,0.000043,0.011791,0.018164,38,68,1024
259,10,seq,0.416145,0.000285,0.000321,0.416751,29,17,0
259,10,par,0.163097,0.028792,0.054767,0.246655,29,17,0
259,10,weights,0.215778,0.032394,0.057086,0.305258,29,17,0
259,10,cpp_seq,0.015442,0.000060,0.000032,0.015534,29,17,0
259,10,cpp_par,0.007200,0.000049,0.000039,0.007290,29,17,0
259,10,cpp_adv,0.006237,0.000044,0.000050,0.006332,29,17,0
260,10,seq,0.264488,0.000364,0.001644,0.266496,29,35,11
260,10,par,0.114914,0.033022,0.246715,0.394651,29,35,11
260,10,weights,0.121722,0.029669,0.297560,0.448950,29,35,11
260,10,cpp_seq,0.008318,0.000113,0.000331,0.008763,29,35,11
260,10,cpp_par,0.004041,0.000046,0.000443,0.004532,29,35,11
260,10,cpp_adv,0.005815,0.000039,0.000359,0.006213,29,35,11
261,10,seq,0.259649,0.000319,0.000160,0.260128,19,6,0
261,10,par,0.119344,0.029192,0.028712,0.177248,19,6,0
261,10,weights,0.100748,0.034642,0.000334,0.135723,19,6,0
261,10,cpp_seq,0.006201,0.000053,0.000018,0.006273,19,6,0
261,10,cpp_par,0.003056,0.000039,0.000133,0.003229,19,6,0
261,10,cpp_adv,0.004485,0.000044,0.000025,0.004555,19,6,0
262,10,seq,0.294951,0.000291,0.061827,0.357069,38,68,1024
262,10,par,0.107027,0.030833,0.296207,0.434067,38,68,1024
262,10,weights,0.120010,0.034532,0.332967,0.487510,38,68,1024
262,10,cpp_seq,0.003237,0.000086,0.012740,0.016065,38,68,1024
262,10,cpp_par,0.004678,0.000047,0.012259,0.016985,38,68,1024
262,10,cpp_adv,0.001610,0.000039,0.012114,0.013763,38,68,1024
263,10,seq,0.284257,0.000438,0.002518,0.287212,29,35,32
263,10,par,0.116358,0.030759,0.263667,0.410783,29,35,32
263,10,weights,0.137850,0.037922,0.234895,0.410666,29,35,32
263,10,cpp_seq,0.008836,0.000059,0.000568,0.009463,29,35,32
263,10,cpp_par,0.005485,0.000038,0.000559,0.006083,29,35,32
263,10,cpp_adv,0.004861,0.000036,0.000589,0.005486,29,35,32
264,10,seq,0.385468,0.000393,0.373567,0.759427,39,83,6743
264,10,par,0.160860,0.027847,0.454199,0.642906,39,83,6743
264,10,weights,0.210447,0.055778,0.462893,0.729118,39,83,6743
264,10,cpp_seq,0.017973,0.000068,0.077948,0.095991,39,83,6743
264,10,cpp_par,0.010107,0.000041,0.077132,0.087281,39,83,6743
264,10,cpp_adv,0.009548,0.000063,0.073864,0.083476,39,83,6743
265,10,seq,0.474012,0.000348,0.012767,0.487127,29,45,288
265,10,par,0.188698,0.036289,0.259462,0.484449,29,45,288
265,10,weights,0.168052,0.035086,0.240877,0.444015,29,45,288
265,10,cpp_seq,0.011727,0.000083,0.007787,0.019598,29,45,288
265,10,cpp_par,0.005742,0.000052,0.003617,0.009412,29,45,288
265,10,cpp_adv,0.005043,0.000036,0.003191,0.008270,29,45,288
266,10,seq,0.284621,0.000281,0.049645,0.334547,38,64,640
266,10,par,0.175449,0.031771,0.325038,0.532258,38,64,640
266,10,weights,0.117709,0.035913,0.287701,0.441323,38,64,640
266,10,cpp_seq,0.005075,0.000080,0.008360,0.013516,38,64,640
266,10,cpp_par,0.004845,0.000039,0.008046,0.012931,38,64,640
266,10,cpp_adv,0.002649,0.000039,0.007991,0.010681,38,64,640
267,10,seq,0.251960,0.000276,0.000515,0.252751,29,28,1
267,10,par,0.227670,0.034302,0.268033,0.530005,29,28,1
267,10,weights,0.121333,0.033049,0.274906,0.429288,29,28,1
267,10,cpp_seq,0.002808,0.000062,0.000103,0.002974,29,28,1
267,10,cpp_par,0.002080,0.000045,0.000129,0.002255,29,28,1
267,10,cpp_adv,0.001501,0.000033,0.000111,0.001647,29,28,1
268,10,seq,0.269252,0.000286,0.057455,0.326993,38,68,1024
268,10,par,0.119738,0.031591,0.282836,0.434165,38,68,1024
268,10,weights,0.111207,0.032529,0.273766,0.417501,38,68,1024
268,10,cpp_seq,0.003523,0.000066,0.012384,0.015974,38,68,1024
268,10,cpp_par,0.004790,0.000038,0.013060,0.017889,38,68,1024
268,10,cpp_adv,0.001775,0.000039,0.011754,0.013569,38,68,1024
269,10,seq,0.313000,0.000274,0.006077,0.319351,28,42,114
269,10,par,0.133392,0.031024,0.248534,0.412950,28,42,114
269,10,weights,0.121920,0.032063,0.241764,0.395747,28,42,114
269,10,cpp_seq,0.009315,0.000059,0.001530,0.010906,28,42,114
269,10,cpp_par,0.005407,0.000035,0.001532,0.006976,28,42,114
269,10,cpp_adv,0.005782,0.000058,0.001833,0.007674,28,42,114
270,10,seq,0.252050,0.000323,0.000249,0.252622,19,14,0
270,10,par,0.099328,0.030633,0.033227,0.163188,19,14,0
270,10,weights,0.118229,0.029888,0.026708,0.174825,19,14,0
270,10,cpp_seq,0.004728,0.000054,0.000021,0.004805,19,14,0
270,10,cpp_par,0.002408,0.000031,0.000018,0.002458,19,14,0
270,10,cpp_adv,0.002173,0.000058,0.000018,0.002250,19,14,0
271,10,seq,0.256186,0.000265,0.000090,0.256541,19,3,0
271,10,par,0.110515,0.035947,0.030509,0.176971,19,3,0
271,10,weights,0.106124,0.030037,0.000468,0.136630,19,3,0
271,10,cpp_seq,0.004199,0.000052,0.000017,0.004270,19,3,0
271,10,cpp_par,0.002757,0.000033,0.000016,0.002806,19,3,0
271,10,cpp_adv,0.002508,0.000033,0.000015,0.002556,19,3,0
272,10,seq,0.225774,0.000263,0.000116,0.226154,19,4,0
272,10,par,0.114256,0.032275,0.026024,0.172555,19,4,0
272,10,weights,0.103914,0.030208,0.000351,0.134473,19,4,0
272,10,cpp_seq,0.004253,0.000052,0.000019,0.004325,19,4,0
272,10,cpp_par,0.002317,0.000031,0.000030,0.002378,19,4,0
272,10,cpp_adv,0.002045,0.000031,0.000015,0.002092,19,4,0
273,10,seq,0.232000,0.000320,0.000300,0.232620,19,17,1
273,10,par,0.116050,0.036737,0.229777,0.382565,19,17,1
273,10,weights,0.103106,0.035405,0.239296,0.377806,19,17,1
273,10,cpp_seq,0.005344,0.000067,0.000065,0.005477,19,17,1
273,10,cpp_par,0.002913,0.000046,0.000063,0.003023,19,17,1
273,10,cpp_adv,0.002994,0.000035,0.000087,0.003117,19,17,1
274,10,seq,0.218320,0.000282,0.000128,0.218730,19,3,0
274,10,par,0.108195,0.032832,0.028407,0.169433,19,3,0
274,10,weights,0.089542,0.029652,0.000355,0.119549,19,3,0
274,10,cpp_seq,0.003821,0.000052,0.000019,0.003892,19,3,0
274,10,cpp_par,0.002325,0.000031,0.000017,0.002374,19,3,0
274,10,cpp_adv,0.002195,0.000033,0.000017,0.002246,19,3,0
275,10,seq,0.223254,0.000252,0.000294,0.223801,19,17,1
275,10,par,0.107110,0.032122,0.231785,0.371018,19,17,1
275,10,weights,0.096673,0.027667,0.346620,0.470960,19,17,1
275,10,cpp_seq,0.005796,0.000055,0.000065,0.005916,19,17,1
275,10,cpp_par,0.003055,0.000034,0.000065,0.003156,19,17,1
275,10,cpp_adv,0.003818,0.000064,0.000089,0.003972,19,17,1
276,10,seq,0.256874,0.000282,0.000411,0.257566,29,22,2
276,10,par,0.133139,0.040430,0.252302,0.425871,29,22,2
276,10,weights,0.133851,0.038580,0.280028,0.452460,29,22,2
276,10,cpp_seq,0.008205,0.000063,0.000146,0.008416,29,22,2
276,10,cpp_par,0.004136,0.000044,0.000111,0.004291,29,22,2
276,10,cpp_adv,0.003276,0.000040,0.000113,0.003430,29,22,2
277,10,seq,0.222899,0.000407,0.065246,0.288552,38,68,1024
277,10,par,0.096794,0.028995,0.280015,0.405803,38,68,1024
277,10,weights,0.121553,0.031762,0.273168,0.426484,38,68,1024
277,10,cpp_seq,0.003318,0.000071,0.012429,0.015819,38,68,1024
277,10,cpp_par,0.005357,0.000041,0.012372,0.017772,38,68,1024
277,10,cpp_adv,0.004614,0.000044,0.012521,0.017180,38,68,1024
278,10,seq,0.388737,0.000271,0.000306,0.389314,19,17,1
278,10,par,0.155198,0.032450,0.240824,0.428473,19,17,1
278,10,weights,0.154412,0.034752,0.246596,0.435761,19,17,1
278,10,cpp_seq,0.007454,0.000053,0.000064,0.007572,19,17,1
278,10,cpp_par,0.004876,0.000038,0.000068,0.004982,19,17,1
278,10,cpp_adv,0.004042,0.000034,0.000066,0.004142,19,17,1
279,10,seq,0.325436,0.000308,0.505291,0.831034,48,104,7916
279,10,par,0.143920,0.029198,0.527521,0.700639,48,104,7916
279,10,weights,0.145874,0.032962,0.815502,0.994339,48,104,7916
279,10,cpp_seq,0.018098,0.000073,0.093681,0.111853,48,104,7916
279,10,cpp_par,0.008220,0.000046,0.086748,0.095016,48,104,7916
279,10,cpp_adv,0.007229,0.000043,0.085908,0.093181,48,104,7916
280,10,seq,0.283755,0.000258,0.000117,0.284130,19,3,0
280,10,par,0.133193,0.032569,0.032930,0.198692,19,3,0
280,10,weights,0.130733,0.034098,0.000538,0.165370,19,3,0
280,10,cpp_seq,0.006442,0.000069,0.000024,0.006536,19,3,0
280,10,cpp_par,0.003497,0.000069,0.000023,0.003590,19,3,0
280,10,cpp_adv,0.002990,0.000031,0.000015,0.003036,19,3,0
281,10,seq,0.318474,0.000319,0.461023,0.779816,48,103,6912
281,10,par,0.142643,0.047516,0.527443,0.717602,48,103,6912
281,10,weights,0.134988,0.034575,0.466919,0.636481,48,103,6912
281,10,cpp_seq,0.004011,0.000076,0.082886,0.086975,48,103,6912
281,10,cpp_par,0.002627,0.000043,0.078872,0.081544,48,103,6912
281,10,cpp_adv,0.002454,0.000051,0.082523,0.085029,48,103,6912
282,10,seq,0.268898,0.000265,0.019059,0.288221,29,46,432
282,10,par,0.130255,0.031037,0.280353,0.441645,29,46,432
282,10,weights,0.117211,0.059939,0.341962,0.519112,29,46,432
282,10,cpp_seq,0.004197,0.000077,0.005634,0.009911,29,46,432
282,10,cpp_par,0.003520,0.000043,0.005339,0.008903,29,46,432
282,10,cpp_adv,0.002647,0.000036,0.004711,0.007395,29,46,432
283,10,seq,0.238547,0.000312,0.000317,0.239176,19,17,1
283,10,par,0.108054,0.033705,0.254446,0.396205,19,17,1
283,10,weights,0.116072,0.032878,0.243986,0.392937,19,17,1
283,10,cpp_seq,0.007579,0.000056,0.000067,0.007702,19,17,1
283,10,cpp_par,0.003965,0.000032,0.000064,0.004062,19,17,1
283,10,cpp_adv,0.004239,0.000045,0.000088,0.004374,19,17,1
284,10,seq,0.305696,0.000382,0.000635,0.306713,28,39,1
284,10,par,0.190356,0.029112,0.244072,0.463540,28,39,1
284,10,weights,0.105305,0.035052,0.264479,0.404836,28,39,1
284,10,cpp_seq,0.004995,0.000071,0.000088,0.005155,28,39,1
284,10,cpp_par,0.004068,0.000046,0.000114,0.004229,28,39,1
284,10,cpp_adv,0.002515,0.000034,0.000107,0.002656,28,39,1
285,10,seq,0.268783,0.000285,0.000398,0.269466,19,17,1
285,10,par,0.236101,0.031189,0.292269,0.559559,19,17,1
285,10,weights,0.116446,0.031897,0.242667,0.391010,19,17,1
285,10,cpp_seq,0.006043,0.000053,0.000065,0.006163,19,17,1
285,10,cpp_par,0.002851,0.000034,0.000066,0.002952,19,17,1
285,10,cpp_adv,0.002424,0.000032,0.000062,0.002518,19,17,1
286,10,seq,1.398010,0.000488,0.645367,2.043865,48,106,9982
286,10,par,0.125612,0.033220,0.524224,0.683056,48,106,9982
286,10,weights,0.220576,0.032871,0.563196,0.816642,48,106,9982
286,10,cpp_seq,0.008082,0.000072,0.127317,0.135472,48,106,9982
286,10,cpp_par,0.005468,0.000053,0.114363,0.119885,48,106,9982
286,10,cpp_adv,0.005122,0.000053,0.124005,0.129181,48,106,9982
287,10,seq,0.383365,0.000278,0.000239,0.383882,19,11,1
287,10,par,0.153412,0.032096,0.260831,0.446338,19,11,1
287,10,weights,0.180223,0.032831,0.275175,0.488229,19,11,1
287,10,cpp_seq,0.009580,0.000054,0.000082,0.009716,19,11,1
287,10,cpp_par,0.004319,0.000033,0.000059,0.004413,19,11,1
287,10,cpp_adv,0.004324,0.000034,0.000090,0.004449,19,11,1
288,10,seq,0.341873,0.000594,0.000161,0.342628,29,12,0
288,10,par,0.123822,0.034735,0.025464,0.184021,29,12,0
288,10,weights,0.136020,0.032312,0.000417,0.168749,29,12,0
288,10,cpp_seq,0.005085,0.000057,0.000018,0.005162,29,12,0
288,10,cpp_par,0.002875,0.000035,0.000017,0.002928,29,12,0
288,10,cpp_adv,0.003270,0.000114,0.000022,0.003407,29,12,0
289,10,seq,0.295386,0.000246,0.000268,0.295900,29,17,1
289,10,par,0.120118,0.031097,0.260423,0.411638,29,17,1
289,10,weights,0.116087,0.040939,0.231835,0.388861,29,17,1
289,10,cpp_seq,0.009067,0.000071,0.000086,0.009225,29,17,1
289,10,cpp_par,0.004486,0.000034,0.000064,0.004585,29,17,1
289,10,cpp_adv,0.004393,0.000037,0.000066,0.004496,29,17,1
290,10,seq,0.255393,0.000421,0.000173,0.255987,19,5,0
290,10,par,0.097675,0.030925,0.027941,0.156541,19,5,0
290,10,weights,0.104238,0.027298,0.000362,0.131898,19,5,0
290,10,cpp_seq,0.007625,0.000076,0.000019,0.007720,19,5,0
290,10,cpp_par,0.006315,0.000042,0.000022,0.006380,19,5,0
290,10,cpp_adv,0.003954,0.000031,0.000016,0.004000,19,5,0
291,10,seq,0.273910,0.000270,0.000361,0.274542,19,17,1
291,10,par,0.121634,0.040809,0.231656,0.394098,19,17,1
291,10,weights,0.110676,0.040146,0.257394,0.408217,19,17,1
291,10,cpp_seq,0.008902,0.000056,0.000065,0.009024,19,17,1
291,10,cpp_par,0.004828,0.000033,0.000063,0.004925,19,17,1
291,10,cpp_adv,0.004267,0.000031,0.000062,0.004360,19,17,1
292,10,seq,0.269472,0.000287,0.057793,0.327552,38,68,1024
292,10,par,0.121445,0.029782,0.275534,0.426761,38,68,1024
292,10,weights,0.118812,0.031180,0.278650,0.428643,38,68,1024
292,10,cpp_seq,0.007501,0.000069,0.012067,0.019639,38,68,1024
292,10,cpp_par,0.010066,0.000054,0.013301,0.023423,38,68,1024
292,10,cpp_adv,0.006317,0.000047,0.011811,0.018176,38,68,1024
293,10,seq,0.248056,0.000454,0.060648,0.309157,38,68,1024
293,10,par,0.142853,0.059355,0.387660,0.589867,38,68,1024
293,10,weights,0.123400,0.027738,0.272317,0.423455,38,68,1024
293,10,cpp_seq,0.004715,0.000067,0.012389,0.017171,38,68,1024
293,10,cpp_par,0.005776,0.000040,0.011950,0.017768,38,68,1024
293,10,cpp_adv,0.005560,0.000059,0.011684,0.017305,38,68,1024
294,10,seq,0.300450,0.000502,0.021460,0.322412,29,43,216
294,10,par,0.120426,0.030774,0.262803,0.414003,29,43,216
294,10,weights,0.221295,0.029443,0.250196,0.500934,29,43,216
294,10,cpp_seq,0.004948,0.000060,0.003539,0.008548,29,43,216
294,10,cpp_par,0.004678,0.000039,0.003572,0.008290,29,43,216
294,10,cpp_adv,0.003179,0.000035,0.003283,0.006498,29,43,216
295,10,seq,0.212539,0.000410,0.000588,0.213538,19,17,1
295,10,par,0.134651,0.032646,0.251571,0.418868,19,17,1
295,10,weights,0.111721,0.032261,0.231342,0.375324,19,17,1
295,10,cpp_seq,0.006320,0.000054,0.000156,0.006531,19,17,1
295,10,cpp_par,0.003889,0.000042,0.000087,0.004018,19,17,1
295,10,cpp_adv,0.003452,0.000033,0.000063,0.003548,19,17,1
296,10,seq,0.262717,0.000279,0.003195,0.266191,29,39,55
296,10,par,0.114709,0.044635,0.287147,0.446491,29,39,55
296,10,weights,0.109850,0.030107,0.237582,0.377539,29,39,55
296,10,cpp_seq,0.007544,0.000058,0.000870,0.008474,29,39,55
296,10,cpp_par,0.004554,0.000050,0.000981,0.005586,29,39,55
296,10,cpp_adv,0.003598,0.000037,0.000795,0.004430,29,39,55
297,10,seq,0.218026,0.000371,0.013701,0.232097,29,44,240
297,10,par,0.090717,0.036973,0.259771,0.387460,29,44,240
297,10,weights,0.093452,0.031355,0.264537,0.389345,29,44,240
297,10,cpp_seq,0.005432,0.000079,0.003088,0.008602,29,44,240
297,10,cpp_par,0.003463,0.000037,0.003360,0.006861,29,44,240
297,10,cpp_adv,0.003357,0.000036,0.003424,0.006818,29,44,240
298,10,seq,0.403506,0.000277,0.056614,0.460397,38,68,1024
298,10,par,0.236107,0.029310,0.269503,0.534920,38,68,1024
298,10,weights,0.153373,0.032399,0.269385,0.455158,38,68,1024
298,10,cpp_seq,0.012931,0.000069,0.012226,0.025228,38,68,1024
298,10,cpp_par,0.013086,0.000054,0.013249,0.026391,38,68,1024
298,10,cpp_adv,0.014113,0.000041,0.014984,0.029139,38,68,1024
299,10,seq,0.380965,0.000263,0.000312,0.381540,19,17,1
299,10,par,0.153767,0.029928,0.254041,0.437736,19,17,1
299,10,weights,0.200348,0.028975,0.301033,0.530356,19,17,1
299,10,cpp_seq,0.015908,0.000058,0.000066,0.016032,19,17,1
299,10,cpp_par,0.015162,0.000038,0.000072,0.015273,19,17,1
299,10,cpp_adv,0.008190,0.000035,0.000074,0.008300,19,17,1
300,10,seq,0.775652,0.000305,0.000173,0.776130,19,5,0
300,10,par,0.122847,0.028299,0.028199,0.179345,19,5,0
300,10,weights,0.112780,0.031987,0.027965,0.172732,19,5,0
300,10,cpp_seq,0.004536,0.000053,0.000019,0.004609,19,5,0
300,10,cpp_par,0.002269,0.000031,0.000015,0.002316,19,5,0
300,10,cpp_adv,0.002051,0.000030,0.000015,0.002097,19,5,0
301,10,seq,0.249463,0.000276,0.000232,0.249972,19,16,0
301,10,par,0.098669,0.036843,0.142047,0.277558,19,16,0
301,10,weights,0.099416,0.039136,0.159856,0.298408,19,16,0
301,10,cpp_seq,0.005582,0.000055,0.000043,0.005681,19,16,0
301,10,cpp_par,0.003638,0.000056,0.000044,0.003738,19,16,0
301,10,cpp_adv,0.002753,0.000031,0.000039,0.002824,19,16,0
302,10,seq,0.290327,0.000303,0.387952,0.678582,48,101,5059
302,10,par,0.137750,0.031052,0.472854,0.641656,48,101,5059
302,10,weights,0.124744,0.033347,0.405963,0.564054,48,101,5059
302,10,cpp_seq,0.006736,0.000074,0.070827,0.077638,48,101,5059
302,10,cpp_par,0.003936,0.000044,0.064588,0.068569,48,101,5059
302,10,cpp_adv,0.003910,0.000042,0.066831,0.070785,48,101,5059
303,10,seq,0.284944,0.003760,0.045924,0.334629,38,58,288
303,10,par,0.132084,0.033747,0.269202,0.435033,38,58,288
303,10,weights,0.102490,0.037135,0.251443,0.391068,38,58,288
303,10,cpp_seq,0.007298,0.000064,0.003460,0.010823,38,58,288
303,10,cpp_par,0.002959,0.000039,0.003431,0.006430,38,58,288
303,10,cpp_adv,0.002373,0.000038,0.003311,0.005723,38,58,288
304,10,seq,0.235976,0.000379,0.000513,0.236867,19,17,1
304,10,par,0.109252,0.031740,0.247457,0.388450,19,17,1
304,10,weights,0.108886,0.030418,0.235381,0.374685,19,17,1
304,10,cpp_seq,0.005026,0.000054,0.000065,0.005146,19,17,1
304,10,cpp_par,0.003151,0.000036,0.000067,0.003254,19,17,1
304,10,cpp_adv,0.002622,0.000031,0.000062,0.002716,19,17,1
305,10,seq,0.281102,0.000312,0.000132,0.281545,19,3,0
305,10,par,0.174777,0.028933,0.027017,0.230727,19,3,0
305,10,weights,0.117523,0.043463,0.000433,0.161418,19,3,0
305,10,cpp_seq,0.014308,0.000055,0.000017,0.014380,19,3,0
305,10,cpp_par,0.007267,0.000068,0.000022,0.007359,19,3,0
305,10,cpp_adv,0.006928,0.000041,0.000019,0.006989,19,3,0
306,10,seq,0.328345,0.000279,0.005173,0.333797,29,40,88
306,10,par,0.236881,0.041261,0.307216,0.585358,29,40,88
306,10,weights,0.134201,0.028761,0.235235,0.398197,29,40,88
306,10,cpp_seq,0.009083,0.000062,0.001282,0.010427,29,40,88
306,10,cpp_par,0.004903,0.000035,0.001236,0.006175,29,40,88
306,10,cpp_adv,0.004689,0.000036,0.001180,0.005905,29,40,88
307,10,seq,0.429579,0.000296,0.057447,0.487322,38,68,1024
307,10,par,0.168697,0.029972,0.279292,0.477961,38,68,1024
307,10,weights,0.164672,0.031720,0.277913,0.474305,38,68,1024
307,10,cpp_seq,0.015213,0.000065,0.013339,0.028617,38,68,1024
307,10,cpp_par,0.010316,0.000040,0.012686,0.023043,38,68,1024
307,10,cpp_adv,0.009945,0.000042,0.012630,0.022616,38,68,1024
308,10,seq,0.277954,0.000285,0.001292,0.279532,29,35,11
308,10,par,0.114996,0.029617,0.254624,0.399238,29,35,11
308,10,weights,0.123013,0.034414,0.228574,0.386001,29,35,11
308,10,cpp_seq,0.007775,0.000058,0.000318,0.008151,29,35,11
308,10,cpp_par,0.004566,0.000038,0.000330,0.004935,29,35,11
308,10,cpp_adv,0.003895,0.000035,0.000325,0.004256,29,35,11
309,10,seq,0.434159,0.000332,0.060335,0.494826,38,68,1024
309,10,par,0.163844,0.029114,0.326662,0.519619,38,68,1024
309,10,weights,0.176941,0.030781,0.284207,0.491929,38,68,1024
309,10,cpp_seq,0.013271,0.000159,0.013177,0.026608,38,68,1024
309,10,cpp_par,0.010229,0.000039,0.012360,0.022630,38,68,1024
309,10,cpp_adv,0.010412,0.000042,0.012108,0.022563,38,68,1024
310,10,seq,0.318341,0.000258,0.000117,0.318715,19,2,0
310,10,par,0.132203,0.030838,0.028802,0.191843,19,2,0
310,10,weights,0.124467,0.046656,0.000303,0.171426,19,2,0
310,10,cpp_seq,0.010667,0.000052,0.000020,0.010739,19,2,0
310,10,cpp_par,0.006357,0.000032,0.000016,0.006406,19,2,0
310,10,cpp_adv,0.006605,0.000034,0.000016,0.006655,19,2,0
311,10,seq,0.250999,0.000268,0.000117,0.251383,29,4,0
311,10,par,0.107766,0.036751,0.032235,0.176751,29,4,0
311,10,weights,0.123897,0.034490,0.000449,0.158836,29,4,0
311,10,cpp_seq,0.004737,0.000052,0.000016,0.004807,29,4,0
311,10,cpp_par,0.002846,0.000043,0.000020,0.002910,29,4,0
311,10,cpp_adv,0.002576,0.000032,0.000015,0.002623,29,4,0
312,10,seq,0.238011,0.000288,0.000120,0.238419,29,1,0
312,10,par,0.109256,0.032886,0.029487,0.171628,29,1,0
312,10,weights,0.106887,0.035097,0.000324,0.142308,29,1,0
312,10,cpp_seq,0.004325,0.000053,0.000017,0.004396,29,1,0
312,10,cpp_par,0.002430,0.000032,0.000015,0.002477,29,1,0
312,10,cpp_adv,0.003016,0.000104,0.000017,0.003138,29,1,0
313,10,seq,0.267487,0.000278,0.049331,0.317096,38,66,768
313,10,par,0.111041,0.030574,0.316742,0.458356,38,66,768
313,10,weights,0.145351,0.037771,0.268019,0.451142,38,66,768
313,10,cpp_seq,0.006106,0.000066,0.008933,0.015107,38,66,768
313,10,cpp_par,0.005393,0.000039,0.008988,0.014421,38,66,768
313,10,cpp_adv,0.004745,0.000043,0.013600,0.018388,38,66,768
314,10,seq,0.282367,0.000331,0.484681,0.767379,48,103,7200
314,10,par,0.124425,0.029978,0.448765,0.603168,48,103,7200
314,10,weights,0.122878,0.032820,0.655256,0.810953,48,103,7200
314,10,cpp_seq,0.007474,0.000076,0.093094,0.100647,48,103,7200
314,10,cpp_par,0.004425,0.000052,0.084864,0.089344,48,103,7200
314,10,cpp_adv,0.005370,0.000060,0.084709,0.090143,48,103,7200
315,10,seq,0.360240,0.000262,0.000117,0.360619,19,6,0
315,10,par,0.104780,0.033330,0.033645,0.171754,19,6,0
315,10,weights,0.199060,0.044593,0.000359,0.244012,19,6,0
315,10,cpp_seq,0.007232,0.000066,0.000024,0.007323,19,6,0
315,10,cpp_par,0.003483,0.000033,0.000018,0.003535,19,6,0
315,10,cpp_adv,0.003183,0.000042,0.000027,0.003253,19,6,0
316,10,seq,0.320559,0.000271,0.020157,0.340987,38,58,324
316,10,par,0.119170,0.029505,0.265944,0.414620,38,58,324
316,10,weights,0.183686,0.036077,0.289404,0.509167,38,58,324
316,10,cpp_seq,0.005804,0.000065,0.004173,0.010044,38,58,324
316,10,cpp_par,0.004618,0.000040,0.005390,0.010050,38,58,324
316,10,cpp_adv,0.003587,0.000039,0.004847,0.008474,38,58,324
317,10,seq,0.180915,0.000281,0.000359,0.181555,19,17,1
317,10,par,0.134200,0.046488,0.327117,0.507805,19,17,1
317,10,weights,0.093095,0.037915,0.232949,0.363959,19,17,1
317,10,cpp_seq,0.007770,0.000072,0.000089,0.007933,19,17,1
317,10,cpp_par,0.006444,0.000065,0.000160,0.006670,19,17,1
317,10,cpp_adv,0.004174,0.000035,0.000066,0.004275,19,17,1
318,10,seq,0.272077,0.000448,0.000527,0.273051,29,28,1
318,10,par,0.127015,0.034350,0.250408,0.411773,29,28,1
318,10,weights,0.282782,0.027504,0.249284,0.559570,29,28,1
318,10,cpp_seq,0.002805,0.000062,0.000098,0.002966,29,28,1
318,10,cpp_par,0.002052,0.000056,0.000114,0.002223,29,28,1
318,10,cpp_adv,0.001578,0.000043,0.000188,0.001810,29,28,1
319,10,seq,0.219948,0.000283,0.000305,0.220536,19,17,1
319,10,par,0.095081,0.031604,0.239164,0.365849,19,17,1
319,10,weights,0.108687,0.035656,0.233316,0.377659,19,17,1
319,10,cpp_seq,0.004332,0.000055,0.000066,0.004454,19,17,1
319,10,cpp_par,0.002515,0.000071,0.000081,0.002668,19,17,1
319,10,cpp_adv,0.002350,0.000032,0.000063,0.002446,19,17,1
320,10,seq,0.262311,0.000308,0.000467,0.263086,29,17,1
320,10,par,0.115113,0.043003,0.236878,0.394994,29,17,1
320,10,weights,0.113439,0.029712,0.237326,0.380477,29,17,1
320,10,cpp_seq,0.009226,0.000066,0.000066,0.009359,29,17,1
320,10,cpp_par,0.005407,0.000036,0.000067,0.005510,29,17,1
320,10,cpp_adv,0.004694,0.000034,0.000065,0.004795,29,17,1
321,10,seq,0.212264,0.000365,0.000133,0.212761,19,4,0
321,10,par,0.092382,0.029691,0.029839,0.151912,19,4,0
321,10,weights,0.099447,0.028884,0.000301,0.128633,19,4,0
321,10,cpp_seq,0.005026,0.000053,0.000015,0.005095,19,4,0
321,10,cpp_par,0.002353,0.000039,0.000020,0.002413,19,4,0
321,10,cpp_adv,0.002504,0.000040,0.000019,0.002564,19,4,0
322,10,seq,0.212361,0.000259,0.000122,0.212743,19,4,0
322,10,par,0.093869,0.028869,0.026937,0.149675,19,4,0
322,10,weights,0.138078,0.036757,0.000385,0.175219,19,4,0
322,10,cpp_seq,0.004224,0.000057,0.000017,0.004300,19,4,0
322,10,cpp_par,0.002323,0.000031,0.000015,0.002370,19,4,0
322,10,cpp_adv,0.001910,0.000030,0.000013,0.001953,19,4,0
323,10,seq,0.347880,0.000404,0.000165,0.348449,19,10,0
323,10,par,0.142862,0.031910,0.025879,0.200651,19,10,0
323,10,weights,0.143645,0.035970,0.000301,0.179916,19,10,0
323,10,cpp_seq,0.004416,0.000053,0.000016,0.004487,19,10,0
323,10,cpp_par,0.002801,0.000032,0.000015,0.002849,19,10,0
323,10,cpp_adv,0.002245,0.000030,0.000013,0.002289,19,10,0
324,10,seq,0.201764,0.000316,0.000286,0.202366,19,12,1
324,10,par,0.096420,0.040887,0.281228,0.418534,19,12,1
324,10,weights,0.095409,0.029367,0.241108,0.365884,19,12,1
324,10,cpp_seq,0.004663,0.000073,0.000075,0.004812,19,12,1
324,10,cpp_par,0.002664,0.000032,0.000058,0.002755,19,12,1
324,10,cpp_adv,0.002747,0.000037,0.000083,0.002868,19,12,1
325,10,seq,0.216493,0.000265,0.000259,0.217017,19,17,1
325,10,par,0.094790,0.047829,0.238865,0.381483,19,17,1
325,10,weights,0.096417,0.028038,0.237193,0.361648,19,17,1
325,10,cpp_seq,0.003768,0.000059,0.000068,0.003896,19,17,1
325,10,cpp_par,0.002993,0.000044,0.000084,0.003122,19,17,1
325,10,cpp_adv,0.001832,0.000031,0.000061,0.001925,19,17,1
326,10,seq,0.310609,0.000287,0.068070,0.378967,38,68,1024
326,10,par,0.128651,0.032034,0.285006,0.445692,38,68,1024
326,10,weights,0.200018,0.028796,0.281835,0.510650,38,68,1024
326,10,cpp_seq,0.011203,0.000072,0.012254,0.023531,38,68,1024
326,10,cpp_par,0.007800,0.000040,0.011855,0.019697,38,68,1024
326,10,cpp_adv,0.007681,0.000045,0.011962,0.019689,38,68,1024
327,10,seq,0.392065,0.000464,0.000176,0.392705,19,4,0
327,10,par,0.152694,0.029015,0.028342,0.210051,19,4,0
327,10,weights,0.159444,0.029848,0.000474,0.189766,19,4,0
327,10,cpp_seq,0.014307,0.000054,0.000016,0.014377,19,4,0
327,10,cpp_par,0.007831,0.000034,0.000016,0.007881,19,4,0
327,10,cpp_adv,0.008495,0.000034,0.000015,0.008545,19,4,0
328,10,seq,0.244215,0.000294,0.000418,0.244927,19,17,1
328,10,par,0.115410,0.046010,0.266275,0.427695,19,17,1
328,10,weights,0.112274,0.032664,0.428398,0.573336,19,17,1
328,10,cpp_seq,0.007521,0.000056,0.000065,0.007643,19,17,1
328,10,cpp_par,0.004909,0.000037,0.000067,0.005014,19,17,1
328,10,cpp_adv,0.003697,0.000058,0.000064,0.003819,19,17,1
329,10,seq,0.385526,0.000549,0.000734,0.386810,29,26,2
329,10,par,0.158600,0.034871,0.277614,0.471085,29,26,2
329,10,weights,0.170931,0.030952,0.294601,0.496484,29,26,2
329,10,cpp_seq,0.004446,0.000056,0.000093,0.004596,29,26,2
329,10,cpp_par,0.002964,0.000037,0.000096,0.003098,29,26,2
329,10,cpp_adv,0.002777,0.000049,0.000211,0.003039,29,26,2
330,10,seq,0.235645,0.000443,0.000482,0.236569,19,17,1
330,10,par,0.126264,0.053169,0.250115,0.429548,19,17,1
330,10,weights,0.116114,0.033442,0.259653,0.409209,19,17,1
330,10,cpp_seq,0.006674,0.000067,0.000085,0.006828,19,17,1
330,10,cpp_par,0.003618,0.000034,0.000067,0.003720,19,17,1
330,10,cpp_adv,0.003106,0.000032,0.000063,0.003202,19,17,1
331,10,seq,0.218190,0.000279,0.000309,0.218778,19,17,1
331,10,par,0.087073,0.034245,0.280366,0.401684,19,17,1
331,10,weights,0.107245,0.033375,0.236586,0.377205,19,17,1
331,10,cpp_seq,0.005913,0.000054,0.000065,0.006033,19,17,1
331,10,cpp_par,0.003116,0.000032,0.000060,0.003208,19,17,1
331,10,cpp_adv,0.002963,0.000094,0.000074,0.003131,19,17,1
332,10,seq,0.326236,0.000249,0.000121,0.326605,19,12,0
332,10,par,0.125574,0.030299,0.027570,0.183444,19,12,0
332,10,weights,0.120903,0.034487,0.000291,0.155681,19,12,0
332,10,cpp_seq,0.005970,0.000055,0.000021,0.006047,19,12,0
332,10,cpp_par,0.007950,0.000213,0.000034,0.008198,19,12,0
332,10,cpp_adv,0.003316,0.000041,0.000022,0.003380,19,12,0
333,10,seq,0.205808,0.000357,0.000321,0.206485,19,17,1
333,10,par,0.092845,0.032388,0.241937,0.367171,19,17,1
333,10,weights,0.119417,0.043348,0.256507,0.419273,19,17,1
333,10,cpp_seq,0.005527,0.000057,0.000097,0.005682,19,17,1
333,10,cpp_par,0.004565,0.000077,0.000086,0.004728,19,17,1
333,10,cpp_adv,0.002674,0.000032,0.000063,0.002769,19,17,1
334,10,seq,0.290708,0.000453,0.000507,0.291668,19,17,1
334,10,par,0.170154,0.031578,0.233619,0.435351,19,17,1
334,10,weights,0.121749,0.031108,0.232469,0.385326,19,17,1
334,10,cpp_seq,0.003417,0.000070,0.000067,0.003554,19,17,1
334,10,cpp_par,0.002231,0.000034,0.000065,0.002331,19,17,1
334,10,cpp_adv,0.001972,0.000046,0.000104,0.002123,19,17,1
335,10,seq,0.252994,0.000310,0.000293,0.253597,19,13,1
335,10,par,0.104588,0.028793,0.246100,0.379481,19,13,1
335,10,weights,0.132677,0.033960,0.241938,0.408575,19,13,1
335,10,cpp_seq,0.004891,0.000056,0.000063,0.005011,19,13,1
335,10,cpp_par,0.002606,0.000031,0.000059,0.002697,19,13,1
335,10,cpp_adv,0.002527,0.000036,0.000062,0.002625,19,13,1
336,10,seq,0.230042,0.000289,0.000311,0.230643,19,17,1
336,10,par,0.105502,0.031797,0.236947,0.374246,19,17,1
336,10,weights,0.116170,0.029935,0.231774,0.377880,19,17,1
336,10,cpp_seq,0.006630,0.000054,0.000065,0.006750,19,17,1
336,10,cpp_par,0.003622,0.000033,0.000062,0.003718,19,17,1
336,10,cpp_adv,0.004238,0.000035,0.000067,0.004340,19,17,1
337,10,seq,0.279393,0.000264,0.057113,0.336771,38,68,1024
337,10,par,0.111336,0.035363,0.423203,0.569902,38,68,1024
337,10,weights,0.170485,0.033580,0.280445,0.484510,38,68,1024
337,10,cpp_seq,0.003596,0.004009,0.016471,0.024079,38,68,1024
337,10,cpp_par,0.004653,0.000038,0.013233,0.017925,38,68,1024
337,10,cpp_adv,0.001711,0.000038,0.012236,0.013987,38,68,1024
338,10,seq,0.255048,0.000408,0.000485,0.255941,19,17,1
338,10,par,0.116783,0.040644,0.244607,0.402034,19,17,1
338,10,weights,0.109114,0.046385,0.230525,0.386025,19,17,1
338,10,cpp_seq,0.006546,0.000108,0.000063,0.006719,19,17,1
338,10,cpp_par,0.004097,0.000051,0.000097,0.004246,19,17,1
338,10,cpp_adv,0.006528,0.000037,0.000093,0.006658,19,17,1
339,10,seq,0.406897,0.000262,0.000091,0.407250,19,2,0
339,10,par,0.164184,0.028548,0.028250,0.220982,19,2,0
339,10,weights,0.166706,0.108758,0.000366,0.275830,19,2,0
339,10,cpp_seq,0.017394,0.000072,0.000023,0.017490,19,2,0
339,10,cpp_par,0.010665,0.000044,0.000021,0.010732,19,2,0
339,10,cpp_adv,0.005288,0.000033,0.000015,0.005337,19,2,0
340,10,seq,0.218917,0.000292,0.000115,0.219324,19,8,0
340,10,par,0.108104,0.031640,0.032245,0.171988,19,8,0
340,10,weights,0.096253,0.027413,0.000323,0.123989,19,8,0
340,10,cpp_seq,0.003514,0.000052,0.000017,0.003584,19,8,0
340,10,cpp_par,0.003103,0.000041,0.000026,0.003172,19,8,0
340,10,cpp_adv,0.003061,0.000044,0.000023,0.003130,19,8,0
341,10,seq,1.000741,0.000404,0.000449,1.001594,19,17,1
341,10,par,0.116756,0.037836,0.323321,0.477912,19,17,1
341,10,weights,0.096784,0.040517,0.225995,0.363296,19,17,1
341,10,cpp_seq,0.008592,0.000072,0.000086,0.008752,19,17,1
341,10,cpp_par,0.002871,0.000033,0.000062,0.002967,19,17,1
341,10,cpp_adv,0.002645,0.000034,0.000063,0.002743,19,17,1
342,10,seq,0.384978,0.000340,0.000102,0.385421,29,3,0
342,10,par,0.152859,0.030646,0.026338,0.209843,29,3,0
342,10,weights,0.144147,0.037320,0.000301,0.181768,29,3,0
342,10,cpp_seq,0.012241,0.000053,0.000019,0.012314,29,3,0
342,10,cpp_par,0.007155,0.000034,0.000019,0.007209,29,3,0
342,10,cpp_adv,0.006480,0.000047,0.000018,0.006546,29,3,0
343,10,seq,0.217452,0.000276,0.000361,0.218088,19,10,1
343,10,par,0.105953,0.030023,0.257822,0.393798,19,10,1
343,10,weights,0.130188,0.031669,0.240160,0.402017,19,10,1
343,10,cpp_seq,0.004794,0.000054,0.000093,0.004943,19,10,1
343,10,cpp_par,0.002385,0.000031,0.000055,0.002473,19,10,1
343,10,cpp_adv,0.002212,0.000031,0.000055,0.002299,19,10,1
344,10,seq,0.273266,0.000371,0.000405,0.274042,19,17,1
344,10,par,0.112856,0.036297,0.237030,0.386184,19,17,1
344,10,weights,0.127908,0.032843,0.226330,0.387080,19,17,1
344,10,cpp_seq,0.009501,0.000053,0.000064,0.009620,19,17,1
344,10,cpp_par,0.004936,0.000047,0.000092,0.005076,19,17,1
344,10,cpp_adv,0.004623,0.000034,0.000065,0.004722,19,17,1
345,10,seq,0.232302,0.000700,0.000538,0.233539,29,17,1
345,10,par,0.100122,0.034570,0.226464,0.361156,29,17,1
345,10,weights,0.116134,0.038275,0.237068,0.391477,29,17,1
345,10,cpp_seq,0.005401,0.000058,0.000067,0.005527,29,17,1
345,10,cpp_par,0.002980,0.000051,0.000066,0.003098,29,17,1
345,10,cpp_adv,0.002523,0.000032,0.000062,0.002618,29,17,1
346,10,seq,0.239393,0.000358,0.060669,0.300420,38,68,1024
346,10,par,0.108835,0.032133,0.284885,0.425852,38,68,1024
346,10,weights,0.100767,0.029606,0.276710,0.407084,38,68,1024
346,10,cpp_seq,0.004815,0.000067,0.012146,0.017030,38,68,1024
346,10,cpp_par,0.005008,0.000039,0.011999,0.017047,38,68,1024
346,10,cpp_adv,0.004977,0.000044,0.012392,0.017413,38,68,1024
347,10,seq,0.421663,0.000610,0.000170,0.422443,29,3,0
347,10,par,0.213690,0.036380,0.029049,0.279119,29,3,0
347,10,weights,0.159576,0.027518,0.000300,0.187395,29,3,0
347,10,cpp_seq,0.008199,0.000053,0.000019,0.008272,29,3,0
347,10,cpp_par,0.004796,0.000043,0.000023,0.004863,29,3,0
347,10,cpp_adv,0.004358,0.000032,0.000017,0.004408,29,3,0
348,10,seq,0.208791,0.000269,0.000306,0.209366,19,17,1
348,10,par,0.084823,0.028980,0.246925,0.360729,19,17,1
348,10,weights,0.137349,0.042158,0.312334,0.491841,19,17,1
348,10,cpp_seq,0.005864,0.000054,0.000065,0.005984,19,17,1
348,10,cpp_par,0.003404,0.000047,0.000063,0.003514,19,17,1
348,10,cpp_adv,0.003499,0.000035,0.000090,0.003624,19,17,1
349,10,seq,0.433957,0.000320,0.000282,0.434559,19,13,0
349,10,par,0.185230,0.031231,0.133446,0.349906,19,13,0
349,10,weights,0.174986,0.029596,0.118731,0.323312,19,13,0
349,10,cpp_seq,0.015473,0.001397,0.006965,0.023839,19,13,0
349,10,cpp_par,0.008547,0.000040,0.000045,0.008632,19,13,0
349,10,cpp_adv,0.007099,0.000036,0.000035,0.007171,19,13,0
350,10,seq,0.293169,0.000269,0.000315,0.293753,19,11,1
350,10,par,0.149077,0.036047,0.265250,0.450374,19,11,1
350,10,weights,0.124131,0.033459,0.246919,0.404508,19,11,1
350,10,cpp_seq,0.007866,0.000060,0.000066,0.007994,19,11,1
350,10,cpp_par,0.004163,0.000033,0.000058,0.004254,19,11,1
350,10,cpp_adv,0.003799,0.000030,0.000054,0.003883,19,11,1
351,10,seq,0.268447,0.000279,0.067697,0.336424,38,68,1024
351,10,par,0.109325,0.031005,0.293444,0.433773,38,68,1024
351,10,weights,0.118071,0.035641,0.322686,0.476397,38,68,1024
351,10,cpp_seq,0.007084,0.000084,0.012971,0.020141,38,68,1024
351,10,cpp_par,0.006986,0.000085,0.011950,0.019022,38,68,1024
351,10,cpp_adv,0.007376,0.000050,0.013189,0.020617,38,68,1024
352,10,seq,0.205468,0.000269,0.000121,0.205858,19,8,0
352,10,par,0.094454,0.034316,0.044175,0.172945,19,8,0
352,10,weights,0.104748,0.038345,0.000397,0.143490,19,8,0
352,10,cpp_seq,0.004972,0.000075,0.000022,0.005071,19,8,0
352,10,cpp_par,0.002539,0.000034,0.000016,0.002589,19,8,0
352,10,cpp_adv,0.001982,0.000030,0.000014,0.002026,19,8,0
353,10,seq,0.423975,0.000287,0.011829,0.436091,39,56,134
353,10,par,0.163393,0.035494,0.378988,0.577875,39,56,134
353,10,weights,0.253811,0.056588,0.283524,0.593922,39,56,134
353,10,cpp_seq,0.004971,0.000069,0.002448,0.007488,39,56,134
353,10,cpp_par,0.003474,0.000046,0.002348,0.005869,39,56,134
353,10,cpp_adv,0.002823,0.000039,0.002273,0.005136,39,56,134
354,10,seq,0.196752,0.000419,0.000372,0.197544,19,10,1
354,10,par,0.098391,0.037331,0.268012,0.403734,19,10,1
354,10,weights,0.101615,0.031068,0.230603,0.363286,19,10,1
354,10,cpp_seq,0.005601,0.000056,0.000060,0.005718,19,10,1
354,10,cpp_par,0.002695,0.000032,0.000056,0.002784,19,10,1
354,10,cpp_adv,0.002335,0.000031,0.000055,0.002421,19,10,1
355,10,seq,0.204604,0.000337,0.005815,0.210757,38,60,96
355,10,par,0.095932,0.029604,0.253259,0.378795,38,60,96
355,10,weights,0.100261,0.033810,0.262704,0.396775,38,60,96
355,10,cpp_seq,0.004563,0.000085,0.001578,0.006228,38,60,96
355,10,cpp_par,0.002136,0.000038,0.001126,0.003301,38,60,96
355,10,cpp_adv,0.001874,0.000037,0.001106,0.003017,38,60,96
356,10,seq,0.286050,0.000336,0.011435,0.297822,28,46,200
356,10,par,0.145764,0.058728,0.270070,0.474562,28,46,200
356,10,weights,0.117464,0.032217,0.247473,0.397154,28,46,200
356,10,cpp_seq,0.006714,0.000061,0.002633,0.009409,28,46,200
356,10,cpp_par,0.004211,0.000035,0.002571,0.006817,28,46,200
356,10,cpp_adv,0.003914,0.000036,0.002592,0.006543,28,46,200
357,10,seq,0.210481,0.000264,0.000116,0.210860,19,2,0
357,10,par,0.089892,0.028846,0.028441,0.147179,19,2,0
357,10,weights,0.098029,0.031685,0.000421,0.130134,19,2,0
357,10,cpp_seq,0.003756,0.000053,0.000017,0.003827,19,2,0
357,10,cpp_par,0.002312,0.000032,0.000015,0.002361,19,2,0
357,10,cpp_adv,0.002672,0.000038,0.000018,0.002729,19,2,0
358,10,seq,0.348877,0.000307,0.779953,1.129137,48,108,12220
358,10,par,0.135584,0.040134,0.677595,0.853313,48,108,12220
358,10,weights,0.141067,0.031136,0.755258,0.927461,48,108,12220
358,10,cpp_seq,0.017818,0.000073,0.144959,0.162852,48,108,12220
358,10,cpp_par,0.009968,0.000052,0.153436,0.163458,48,108,12220
358,10,cpp_adv,0.010545,0.000048,0.143845,0.154439,48,108,12220
359,10,seq,0.402565,0.000412,0.002048,0.405025,29,35,11
359,10,par,0.183282,0.039895,0.269823,0.493000,29,35,11
359,10,weights,0.132499,0.030643,0.251562,0.414704,29,35,11
359,10,cpp_seq,0.008706,0.000066,0.000352,0.009125,29,35,11
359,10,cpp_par,0.004734,0.000035,0.000327,0.005097,29,35,11
359,10,cpp_adv,0.004667,0.000037,0.000356,0.005060,29,35,11
360,10,seq,0.343933,0.000302,0.523568,0.867803,48,103,7915
360,10,par,0.257182,0.041341,0.512931,0.811455,48,103,7915
360,10,weights,0.243718,0.040196,0.632914,0.916828,48,103,7915
360,10,cpp_seq,0.007928,0.000071,0.094562,0.102562,48,103,7915
360,10,cpp_par,0.005232,0.000052,0.091518,0.096804,48,103,7915
360,10,cpp_adv,0.004452,0.000046,0.090429,0.094929,48,103,7915
361,10,seq,0.262939,0.000297,0.482924,0.746161,39,85,7423
361,10,par,0.131158,0.033548,0.490303,0.655009,39,85,7423
361,10,weights,0.127232,0.042198,0.541804,0.711234,39,85,7423
361,10,cpp_seq,0.005783,0.000069,0.084530,0.090383,39,85,7423
361,10,cpp_par,0.003790,0.000061,0.096207,0.100058,39,85,7423
361,10,cpp_adv,0.003219,0.000041,0.088220,0.091480,39,85,7423
362,10,seq,0.233504,0.000297,0.000362,0.234163,29,21,1
362,10,par,0.113322,0.029275,0.205336,0.347933,29,21,1
362,10,weights,0.123280,0.027182,0.205812,0.356274,29,21,1
362,10,cpp_seq,0.003322,0.000058,0.000082,0.003463,29,21,1
362,10,cpp_par,0.002259,0.000034,0.000080,0.002373,29,21,1
362,10,cpp_adv,0.001969,0.000071,0.000083,0.002125,29,21,1
363,10,seq,0.327432,0.001127,0.072048,0.400607,38,68,1024
363,10,par,0.121034,0.034272,0.285171,0.440478,38,68,1024
363,10,weights,0.112916,0.027538,0.251064,0.391519,38,68,1024
363,10,cpp_seq,0.003328,0.000067,0.012130,0.015527,38,68,1024
363,10,cpp_par,0.004698,0.000038,0.012431,0.017168,38,68,1024
363,10,cpp_adv,0.001822,0.000040,0.011918,0.013780,38,68,1024
364,10,seq,0.280251,0.000240,0.000091,0.280581,19,6,0
364,10,par,0.112617,0.030197,0.032267,0.175082,19,6,0
364,10,weights,0.112952,0.031967,0.000310,0.145229,19,6,0
364,10,cpp_seq,0.005720,0.000054,0.000039,0.005814,19,6,0
364,10,cpp_par,0.003406,0.000032,0.000018,0.003457,19,6,0
364,10,cpp_adv,0.002917,0.000030,0.000015,0.002963,19,6,0
365,10,seq,0.222041,0.000355,0.059743,0.282139,38,68,1024
365,10,par,0.108752,0.025512,0.254620,0.388884,38,68,1024
365,10,weights,0.097815,0.026227,0.371087,0.495129,38,68,1024
365,10,cpp_seq,0.006976,0.000119,0.011994,0.019091,38,68,1024
365,10,cpp_par,0.006621,0.000039,0.014988,0.021649,38,68,1024
365,10,cpp_adv,0.006586,0.000056,0.012333,0.018976,38,68,1024
366,10,seq,1.149973,0.000388,0.000282,1.150642,19,17,1
366,10,par,0.186848,0.025610,0.217644,0.430102,19,17,1
366,10,weights,0.220984,0.027511,0.207044,0.455540,19,17,1
366,10,cpp_seq,0.016564,0.000054,0.000082,0.016701,19,17,1
366,10,cpp_par,0.012842,0.000044,0.000085,0.012972,19,17,1
366,10,cpp_adv,0.008924,0.000034,0.000065,0.009024,19,17,1
367,10,seq,0.301740,0.000289,0.001675,0.303704,29,35,11
367,10,par,0.124370,0.030679,0.266902,0.421951,29,35,11
367,10,weights,0.143559,0.028447,0.239745,0.411751,29,35,11
367,10,cpp_seq,0.008059,0.000061,0.000325,0.008446,29,35,11
367,10,cpp_par,0.004354,0.000034,0.000320,0.004709,29,35,11
367,10,cpp_adv,0.004181,0.000034,0.000317,0.004534,29,35,11
368,10,seq,0.239573,0.000286,0.000317,0.240176,19,17,1
368,10,par,0.106831,0.026468,0.205224,0.338524,19,17,1
368,10,weights,0.102865,0.025336,0.214301,0.342502,19,17,1
368,10,cpp_seq,0.005694,0.000055,0.000075,0.005825,19,17,1
368,10,cpp_par,0.003953,0.000049,0.000087,0.004089,19,17,1
368,10,cpp_adv,0.002851,0.000032,0.000062,0.002946,19,17,1
369,10,seq,0.246515,0.000283,0.000170,0.246968,19,7,0
369,10,par,1.446449,0.024751,0.023070,1.494270,19,7,0
369,10,weights,0.094682,0.028679,0.000313,0.123674,19,7,0
369,10,cpp_seq,0.003631,0.000102,0.000019,0.003753,19,7,0
369,10,cpp_par,0.002625,0.000033,0.000018,0.002677,19,7,0
369,10,cpp_adv,0.001942,0.000030,0.000014,0.001986,19,7,0
370,10,seq,0.401527,0.000392,0.000132,0.402050,19,4,0
370,10,par,0.177923,0.024843,0.023441,0.226207,19,4,0
370,10,weights,0.163217,0.027528,0.000367,0.191112,19,4,0
370,10,cpp_seq,0.014902,0.000079,0.000021,0.015003,19,4,0
370,10,cpp_par,0.008013,0.000042,0.000017,0.008073,19,4,0
370,10,cpp_adv,0.011448,0.000044,0.000021,0.011513,19,4,0
371,10,seq,0.227855,0.000284,0.007483,0.235623,28,44,126
371,10,par,0.104022,0.030251,0.224905,0.359178,28,44,126
371,10,weights,0.112984,0.027451,0.224658,0.365094,28,44,126
371,10,cpp_seq,0.004317,0.000074,0.001837,0.006230,28,44,126
371,10,cpp_par,0.003120,0.000054,0.001952,0.005127,28,44,126
371,10,cpp_adv,0.002847,0.000036,0.001885,0.004768,28,44,126
372,10,seq,0.248770,0.000285,0.005287,0.254342,28,42,114
372,10,par,0.115865,0.030681,0.360169,0.506715,28,42,114
372,10,weights,0.133403,0.028290,0.216129,0.377822,28,42,114
372,10,cpp_seq,0.005245,0.000059,0.001453,0.006758,28,42,114
372,10,cpp_par,0.003520,0.000036,0.001466,0.005023,28,42,114
372,10,cpp_adv,0.003008,0.000034,0.001425,0.004469,28,42,114
373,10,seq,0.396243,0.000276,0.000178,0.396697,29,13,0
373,10,par,0.144359,0.027383,0.025325,0.197067,29,13,0
373,10,weights,0.159276,0.039811,0.028826,0.227913,29,13,0
373,10,cpp_seq,0.009714,0.000056,0.000022,0.009793,29,13,0
373,10,cpp_par,0.007161,0.000048,0.000025,0.007234,29,13,0
373,10,cpp_adv,0.004666,0.000035,0.000021,0.004723,29,13,0
374,10,seq,0.443005,0.000348,0.360309,0.803662,48,101,4914
374,10,par,0.173203,0.025642,0.478091,0.676936,48,101,4914
374,10,weights,0.213562,0.026537,0.382916,0.623015,48,101,4914
374,10,cpp_seq,0.019014,0.000077,0.070754,0.089846,48,101,4914
374,10,cpp_par,0.010042,0.000046,0.065188,0.075276,48,101,4914
374,10,cpp_adv,0.008554,0.000042,0.066855,0.075452,48,101,4914
375,10,seq,0.291312,0.000415,0.101965,0.393692,38,68,1024
375,10,par,0.120868,0.038057,0.291889,0.450815,38,68,1024
375,10,weights,0.121108,0.040799,0.285220,0.447127,38,68,1024
375,10,cpp_seq,0.006033,0.000066,0.013178,0.019278,38,68,1024
375,10,cpp_par,0.006118,0.000041,0.011894,0.018054,38,68,1024
375,10,cpp_adv,0.009665,0.000071,0.016863,0.026601,38,68,1024
376,10,seq,0.280607,0.000357,0.000135,0.281099,19,2,0
376,10,par,0.121675,0.031049,0.028300,0.181024,19,2,0
376,10,weights,0.146081,0.030969,0.000554,0.177605,19,2,0
376,10,cpp_seq,0.011951,0.000051,0.000016,0.012020,19,2,0
376,10,cpp_par,0.006901,0.000040,0.000017,0.006959,19,2,0
376,10,cpp_adv,0.006223,0.000032,0.000015,0.006270,19,2,0
377,10,seq,0.272083,0.000298,0.016415,0.288796,38,60,240
377,10,par,0.124194,0.033427,0.252233,0.409854,38,60,240
377,10,weights,0.128899,0.031223,0.254338,0.414460,38,60,240
377,10,cpp_seq,0.005654,0.000066,0.003252,0.008974,38,60,240
377,10,cpp_par,0.003827,0.000044,0.003035,0.006907,38,60,240
377,10,cpp_adv,0.002570,0.000038,0.002855,0.005464,38,60,240
378,10,seq,0.243313,0.000243,0.000105,0.243661,19,8,0
378,10,par,0.124896,0.032679,0.072111,0.229686,19,8,0
378,10,weights,0.167528,0.036085,0.000311,0.203925,19,8,0
378,10,cpp_seq,0.006666,0.000056,0.000020,0.006743,19,8,0
378,10,cpp_par,0.003956,0.000034,0.000019,0.004010,19,8,0
378,10,cpp_adv,0.003584,0.000031,0.000016,0.003632,19,8,0
379,10,seq,0.472307,0.000348,0.773970,1.246625,48,108,11700
379,10,par,0.173805,0.029259,0.635217,0.838281,48,108,11700
379,10,weights,0.163206,0.032115,0.579844,0.775165,48,108,11700
379,10,cpp_seq,0.020298,0.000075,0.148333,0.168707,48,108,11700
379,10,cpp_par,0.011809,0.000051,0.140993,0.152854,48,108,11700
379,10,cpp_adv,0.010452,0.000051,0.141424,0.151929,48,108,11700
380,10,seq,0.310357,0.000262,0.000122,0.310741,19,8,0
380,10,par,0.132333,0.030876,0.023970,0.187179,19,8,0
380,10,weights,0.125881,0.043355,0.000304,0.169540,19,8,0
380,10,cpp_seq,0.010228,0.000052,0.000018,0.010299,19,8,0
380,10,cpp_par,0.006011,0.000039,0.000022,0.006073,19,8,0
380,10,cpp_adv,0.006561,0.000037,0.000017,0.006616,19,8,0
381,10,seq,0.265732,0.000488,0.006637,0.272858,28,42,133
381,10,par,0.151117,0.070905,0.398749,0.620772,28,42,133
381,10,weights,0.151677,0.034025,0.258790,0.444492,28,42,133
381,10,cpp_seq,0.009471,0.000061,0.001525,0.011058,28,42,133
381,10,cpp_par,0.005807,0.000045,0.001530,0.007384,28,42,133
381,10,cpp_adv,0.004716,0.000038,0.001515,0.006270,28,42,133
382,10,seq,0.192251,0.000304,0.000093,0.192648,19,4,0
382,10,par,0.099909,0.031286,0.031926,0.163120,19,4,0
382,10,weights,0.117240,0.046643,0.000522,0.164405,19,4,0
382,10,cpp_seq,0.003719,0.000059,0.000018,0.003797,19,4,0
382,10,cpp_par,0.002692,0.000147,0.000017,0.002856,19,4,0
382,10,cpp_adv,0.002564,0.000033,0.000016,0.002613,19,4,0
383,10,seq,0.262198,0.000415,0.000475,0.263088,19,17,1
383,10,par,0.147072,0.034057,0.261670,0.442799,19,17,1
383,10,weights,0.102444,0.029044,0.233308,0.364796,19,17,1
383,10,cpp_seq,0.007197,0.000055,0.000066,0.007318,19,17,1
383,10,cpp_par,0.003230,0.000040,0.000117,0.003388,19,17,1
383,10,cpp_adv,0.004503,0.000047,0.000099,0.004650,19,17,1
384,10,seq,0.504144,0.000261,0.000117,0.504521,19,12,0
384,10,par,0.148730,0.043948,0.034558,0.227237,19,12,0
384,10,weights,0.110606,0.033206,0.000384,0.144196,19,12,0
384,10,cpp_seq,0.006925,0.000054,0.000018,0.006998,19,12,0
384,10,cpp_par,0.003788,0.000038,0.000021,0.003846,19,12,0
384,10,cpp_adv,0.004839,0.000044,0.000021,0.004905,19,12,0
385,10,seq,0.270552,0.000396,0.000389,0.271337,19,17,1
385,10,par,0.131537,0.031283,0.268047,0.430867,19,17,1
385,10,weights,0.151428,0.039944,0.268870,0.460243,19,17,1
385,10,cpp_seq,0.005422,0.000054,0.000067,0.005545,19,17,1
385,10,cpp_par,0.002671,0.000032,0.000062,0.002765,19,17,1
385,10,cpp_adv,0.002791,0.000036,0.000071,0.002899,19,17,1
386,10,seq,0.387078,0.000303,0.879639,1.267021,48,108,12880
386,10,par,0.190790,0.028276,0.706842,0.925907,48,108,12880
386,10,weights,0.146800,0.028959,0.605636,0.781395,48,108,12880
386,10,cpp_seq,0.005394,0.000074,0.159354,0.164824,48,108,12880
386,10,cpp_par,0.004150,0.000052,0.148700,0.152903,48,108,12880
386,10,cpp_adv,0.003952,0.000053,0.152977,0.156983,48,108,12880
387,10,seq,0.229716,0.000385,0.000315,0.230416,19,7,0
387,10,par,0.112766,0.055183,0.035619,0.203568,19,7,0
387,10,weights,0.105767,0.049591,0.068349,0.223707,19,7,0
387,10,cpp_seq,0.006106,0.000076,0.000026,0.006209,19,7,0
387,10,cpp_par,0.004918,0.000041,0.000022,0.004983,19,7,0
387,10,cpp_adv,0.001964,0.000031,0.000016,0.002011,19,7,0
388,10,seq,0.407461,0.000242,0.000072,0.407775,19,13,0
388,10,par,0.365365,0.031437,0.028131,0.424934,19,13,0
388,10,weights,0.275488,0.028886,0.000319,0.304693,19,13,0
388,10,cpp_seq,0.011098,0.000053,0.000018,0.011171,19,13,0
388,10,cpp_par,0.007567,0.000046,0.000023,0.007637,19,13,0
388,10,cpp_adv,0.005829,0.000032,0.000016,0.005877,19,13,0
389,10,seq,0.276620,0.000432,0.000500,0.277552,19,17,1
389,10,par,0.120069,0.034096,0.232520,0.386684,19,17,1
389,10,weights,0.101428,0.035813,0.233263,0.370504,19,17,1
389,10,cpp_seq,0.006190,0.000050,0.000061,0.006301,19,17,1
389,10,cpp_par,0.003545,0.000031,0.000059,0.003635,19,17,1
389,10,cpp_adv,0.004530,0.000033,0.000064,0.004628,19,17,1
390,10,seq,0.189742,0.000245,0.000104,0.190092,19,8,0
390,10,par,0.092370,0.027771,0.029060,0.149201,19,8,0
390,10,weights,0.091446,0.028511,0.000295,0.120251,19,8,0
390,10,cpp_seq,0.008966,0.000063,0.000019,0.009050,19,8,0
390,10,cpp_par,0.004771,0.000034,0.000018,0.004824,19,8,0
390,10,cpp_adv,0.005753,0.000039,0.000020,0.005813,19,8,0
391,10,seq,0.265721,0.000297,0.068654,0.334672,38,68,1024
391,10,par,0.106647,0.032223,0.289857,0.428727,38,68,1024
391,10,weights,0.104818,0.029622,0.280237,0.414676,38,68,1024
391,10,cpp_seq,0.006494,0.000087,0.012092,0.018674,38,68,1024
391,10,cpp_par,0.006382,0.000040,0.011929,0.018352,38,68,1024
391,10,cpp_adv,0.003152,0.000040,0.011992,0.015185,38,68,1024
392,10,seq,0.346251,0.000312,0.000311,0.346874,19,5,0
392,10,par,0.142914,0.028502,0.028143,0.199559,19,5,0
392,10,weights,0.144537,0.030425,0.027006,0.201967,19,5,0
392,10,cpp_seq,0.008060,0.000051,0.000018,0.008130,19,5,0
392,10,cpp_par,0.005137,0.000034,0.000018,0.005190,19,5,0
392,10,cpp_adv,0.004209,0.000032,0.000017,0.004258,19,5,0
393,10,seq,0.243161,0.000320,0.000360,0.243842,19,17,1
393,10,par,0.100017,0.034282,0.234035,0.368334,19,17,1
393,10,weights,0.108779,0.032365,0.225323,0.366468,19,17,1
393,10,cpp_seq,0.004509,0.000053,0.000065,0.004627,19,17,1
393,10,cpp_par,0.003082,0.000037,0.000065,0.003185,19,17,1
393,10,cpp_adv,0.002342,0.000032,0.000062,0.002437,19,17,1
394,10,seq,0.371213,0.000284,0.000120,0.371617,19,2,0
394,10,par,0.139695,0.036494,0.032734,0.208922,19,2,0
394,10,weights,0.139637,0.033189,0.000342,0.173168,19,2,0
394,10,cpp_seq,0.007551,0.000051,0.000016,0.007620,19,2,0
394,10,cpp_par,0.004045,0.000031,0.000014,0.004090,19,2,0
394,10,cpp_adv,0.004264,0.000031,0.000016,0.004311,19,2,0
395,10,seq,0.206743,0.000266,0.000307,0.207315,19,17,1
395,10,par,0.114900,0.028372,0.226067,0.369338,19,17,1
395,10,weights,0.117242,0.039305,0.355480,0.512027,19,17,1
395,10,cpp_seq,0.006100,0.000063,0.000082,0.006246,19,17,1
395,10,cpp_par,0.002989,0.000044,0.000066,0.003100,19,17,1
395,10,cpp_adv,0.002503,0.000054,0.000076,0.002634,19,17,1
396,10,seq,0.245879,0.000288,0.000282,0.246448,19,16,0
396,10,par,0.098173,0.029618,0.059478,0.187269,19,16,0
396,10,weights,0.092608,0.034258,0.059843,0.186709,19,16,0
396,10,cpp_seq,0.005820,0.000056,0.000027,0.005904,19,16,0
396,10,cpp_par,0.003387,0.000040,0.000037,0.003464,19,16,0
396,10,cpp_adv,0.003809,0.000035,0.000026,0.003871,19,16,0
397,10,seq,0.358116,0.000362,0.001296,0.359774,29,35,11
397,10,par,0.151558,0.035867,0.245330,0.432756,29,35,11
397,10,weights,0.165048,0.034843,0.245875,0.445767,29,35,11
397,10,cpp_seq,0.006199,0.000060,0.000326,0.006587,29,35,11
397,10,cpp_par,0.003658,0.000038,0.000367,0.004064,29,35,11
397,10,cpp_adv,0.003005,0.000045,0.000412,0.003463,29,35,11
398,10,seq,0.281353,0.000342,0.057271,0.338965,38,68,1024
398,10,par,0.125565,0.033660,0.293867,0.453091,38,68,1024
398,10,weights,0.151955,0.032701,0.273899,0.458555,38,68,1024
398,10,cpp_seq,0.003539,0.000067,0.012648,0.016255,38,68,1024
398,10,cpp_par,0.004770,0.000053,0.015705,0.020529,38,68,1024
398,10,cpp_adv,0.001630,0.000039,0.011753,0.013423,38,68,1024
399,10,seq,0.241584,0.000285,0.014359,0.256228,29,46,320
399,10,par,0.092561,0.027933,0.240678,0.361173,29,46,320
399,10,weights,0.225810,0.034194,0.240365,0.500369,29,46,320
399,10,cpp_seq,0.006763,0.000061,0.003495,0.010321,29,46,320
399,10,cpp_par,0.004208,0.000036,0.003428,0.007673,29,46,320
399,10,cpp_adv,0.003897,0.000036,0.003487,0.007421,29,46,320
400,10,seq,0.418516,0.000289,0.057193,0.475998,38,68,1024
400,10,par,0.201038,0.028790,0.267291,0.497120,38,68,1024
400,10,weights,0.163721,0.029250,0.285938,0.478910,38,68,1024
400,10,cpp_seq,0.015024,0.000066,0.012282,0.027373,38,68,1024
400,10,cpp_par,0.013367,0.000056,0.012363,0.025787,38,68,1024
400,10,cpp_adv,0.011216,0.000041,0.012446,0.023705,38,68,1024
401,10,seq,0.212205,0.000305,0.056905,0.269415,38,68,1024
401,10,par,0.142891,0.028395,0.309733,0.481019,38,68,1024
401,10,weights,0.097886,0.032707,0.296915,0.427507,38,68,1024
401,10,cpp_seq,0.006316,0.000089,0.012004,0.018411,38,68,1024
401,10,cpp_par,0.006552,0.000041,0.011868,0.018462,38,68,1024
401,10,cpp_adv,0.003071,0.000039,0.013221,0.016332,38,68,1024
402,10,seq,1.748240,0.000382,0.518682,2.267304,48,105,8452
402,10,par,0.189921,0.028563,0.471864,0.690348,48,105,8452
402,10,weights,0.151418,0.029547,0.701325,0.882290,48,105,8452
402,10,cpp_seq,0.012624,0.000075,0.107120,0.119821,48,105,8452
402,10,cpp_par,0.006561,0.000044,0.101290,0.107896,48,105,8452
402,10,cpp_adv,0.006577,0.000044,0.105601,0.112223,48,105,8452
403,10,seq,0.280678,0.000407,0.475085,0.756169,48,102,5864
403,10,par,0.145936,0.038372,0.480273,0.664581,48,102,5864
403,10,weights,0.117987,0.036766,0.472052,0.626806,48,102,5864
403,10,cpp_seq,0.008433,0.000072,0.072329,0.080836,48,102,5864
403,10,cpp_par,0.004119,0.000100,0.070855,0.075075,48,102,5864
403,10,cpp_adv,0.003371,0.000043,0.068455,0.071870,48,102,5864
404,10,seq,0.507943,0.000251,0.000346,0.508540,29,20,2
404,10,par,0.215423,0.033122,0.247283,0.495828,29,20,2
404,10,weights,0.196667,0.029295,0.288025,0.513987,29,20,2
404,10,cpp_seq,0.025775,0.000073,0.000125,0.025975,29,20,2
404,10,cpp_par,0.010239,0.000038,0.000108,0.010385,29,20,2
404,10,cpp_adv,0.010205,0.000039,0.000150,0.010395,29,20,2
405,10,seq,0.527164,0.000300,0.000414,0.527879,29,20,2
405,10,par,0.196314,0.029310,0.231584,0.457208,29,20,2
405,10,weights,0.204960,0.030317,0.230273,0.465550,29,20,2
405,10,cpp_seq,0.014088,0.000079,0.000143,0.014312,29,20,2
405,10,cpp_par,0.007312,0.000037,0.000104,0.007453,29,20,2
405,10,cpp_adv,0.008014,0.000038,0.000130,0.008182,29,20,2
406,10,seq,0.263262,0.000312,0.025739,0.289313,38,60,432
406,10,par,0.105094,0.038831,0.276979,0.420904,38,60,432
406,10,weights,0.101525,0.028529,0.252465,0.382520,38,60,432
406,10,cpp_seq,0.005315,0.000086,0.005452,0.010855,38,60,432
406,10,cpp_par,0.003901,0.000039,0.005334,0.009275,38,60,432
406,10,cpp_adv,0.003533,0.000102,0.005646,0.009282,38,60,432
407,10,seq,0.214389,0.000279,0.001349,0.216016,29,35,11
407,10,par,0.100851,0.028224,0.277603,0.406677,29,35,11
407,10,weights,0.115076,0.032238,0.241308,0.388622,29,35,11
407,10,cpp_seq,0.003989,0.000071,0.000352,0.004413,29,35,11
407,10,cpp_par,0.002216,0.000035,0.000320,0.002571,29,35,11
407,10,cpp_adv,0.002270,0.000039,0.000347,0.002657,29,35,11
408,10,seq,0.248136,0.000341,0.000273,0.248749,19,17,1
408,10,par,0.110513,0.032212,0.317834,0.460559,19,17,1
408,10,weights,0.103066,0.033261,0.239996,0.376322,19,17,1
408,10,cpp_seq,0.006374,0.000058,0.000068,0.006501,19,17,1
408,10,cpp_par,0.003735,0.000033,0.000064,0.003833,19,17,1
408,10,cpp_adv,0.003315,0.000032,0.000062,0.003409,19,17,1
409,10,seq,0.267031,0.000264,0.000089,0.267383,19,3,0
409,10,par,0.109389,0.033059,0.027969,0.170417,19,3,0
409,10,weights,0.109342,0.033660,0.000449,0.143450,19,3,0
409,10,cpp_seq,0.008734,0.000053,0.000016,0.008803,19,3,0
409,10,cpp_par,0.004039,0.000039,0.000015,0.004095,19,3,0
409,10,cpp_adv,0.004308,0.000044,0.000019,0.004373,19,3,0
410,10,seq,0.343197,0.000270,0.000272,0.343738,19,17,1
410,10,par,0.128297,0.030168,0.241481,0.399946,19,17,1
410,10,weights,0.135009,0.030986,0.223925,0.389919,19,17,1
410,10,cpp_seq,0.008138,0.000055,0.000065,0.008260,19,17,1
410,10,cpp_par,0.004132,0.000032,0.000063,0.004227,19,17,1
410,10,cpp_adv,0.003947,0.000034,0.000065,0.004047,19,17,1
411,10,seq,0.225148,0.000318,0.000638,0.226103,28,38,1
411,10,par,0.100028,0.028269,0.225465,0.353761,28,38,1
411,10,weights,0.098110,0.029914,0.256104,0.384127,28,38,1
411,10,cpp_seq,0.005872,0.000059,0.000088,0.006020,28,38,1
411,10,cpp_par,0.002971,0.000033,0.000082,0.003087,28,38,1
411,10,cpp_adv,0.007540,0.000836,0.000144,0.008520,28,38,1
412,10,seq,0.303164,0.000364,0.000291,0.303820,19,17,1
412,10,par,0.121789,0.031093,0.235971,0.388853,19,17,1
412,10,weights,0.131213,0.031494,0.231897,0.394605,19,17,1
412,10,cpp_seq,0.011659,0.000055,0.000066,0.011781,19,17,1
412,10,cpp_par,0.006617,0.000038,0.000126,0.006782,19,17,1
412,10,cpp_adv,0.005196,0.000033,0.000063,0.005292,19,17,1
413,10,seq,0.231302,0.000264,0.000119,0.231685,19,6,0
413,10,par,0.101292,0.045752,0.041765,0.188808,19,6,0
413,10,weights,0.101684,0.033572,0.000305,0.135560,19,6,0
413,10,cpp_seq,0.007179,0.000087,0.000017,0.007284,19,6,0
413,10,cpp_par,0.004871,0.000133,0.000017,0.005022,19,6,0
413,10,cpp_adv,0.004228,0.000032,0.000016,0.004276,19,6,0
414,10,seq,0.324724,0.000495,0.000197,0.325416,19,8,0
414,10,par,0.139317,0.031794,0.027796,0.198907,19,8,0
414,10,weights,0.137891,0.030505,0.000469,0.168865,19,8,0
414,10,cpp_seq,0.011377,0.000053,0.000020,0.011451,19,8,0
414,10,cpp_par,0.007813,0.000046,0.000024,0.007885,19,8,0
414,10,cpp_adv,0.009962,0.000036,0.000019,0.010018,19,8,0
415,10,seq,0.240622,0.000284,0.000119,0.241025,28,32,0
415,10,par,0.098895,0.044744,0.027355,0.170994,28,32,0
415,10,weights,0.104225,0.029157,0.000295,0.133677,28,32,0
415,10,cpp_seq,0.005375,0.000070,0.000022,0.005468,28,32,0
415,10,cpp_par,0.003155,0.000037,0.000021,0.003214,28,32,0
415,10,cpp_adv,0.002870,0.000066,0.000025,0.002963,28,32,0
416,10,seq,0.265905,0.000297,0.023697,0.289899,29,46,384
416,10,par,0.099293,0.034569,0.264929,0.398791,29,46,384
416,10,weights,0.145605,0.043941,0.264188,0.453734,29,46,384
416,10,cpp_seq,0.007567,0.000063,0.004765,0.012396,29,46,384
416,10,cpp_par,0.020320,0.000086,0.008809,0.029217,29,46,384
416,10,cpp_adv,0.004728,0.000035,0.004774,0.009538,29,46,384
417,10,seq,0.270190,0.000283,0.011301,0.281774,29,43,188
417,10,par,0.118552,0.036770,0.241041,0.396362,29,43,188
417,10,weights,0.116789,0.033548,0.249026,0.399363,29,43,188
417,10,cpp_seq,0.007771,0.000115,0.002592,0.010480,29,43,188
417,10,cpp_par,0.004888,0.000036,0.002505,0.007430,29,43,188
417,10,cpp_adv,0.005011,0.000039,0.003253,0.008303,29,43,188
418,10,seq,1.098922,0.000252,0.006662,1.105836,29,41,109
418,10,par,0.207617,0.034178,0.244736,0.486531,29,41,109
418,10,weights,0.197458,0.032920,0.255401,0.485779,29,41,109
418,10,cpp_seq,0.019986,0.000064,0.001716,0.021767,29,41,109
418,10,cpp_par,0.013998,0.000050,0.002065,0.016114,29,41,109
418,10,cpp_adv,0.010441,0.000047,0.001656,0.012145,29,41,109
419,10,seq,0.296577,0.000291,0.057591,0.354460,38,68,1024
419,10,par,0.122660,0.030017,0.269977,0.422653,38,68,1024
419,10,weights,0.114357,0.030427,0.287752,0.432535,38,68,1024
419,10,cpp_seq,0.010466,0.000068,0.012448,0.022982,38,68,1024
419,10,cpp_par,0.008334,0.000040,0.011888,0.020262,38,68,1024
419,10,cpp_adv,0.010518,0.000045,0.013897,0.024461,38,68,1024
420,10,seq,0.251363,0.000322,0.000108,0.251793,19,6,0
420,10,par,0.109536,0.030503,0.025385,0.165424,19,6,0
420,10,weights,0.505660,0.041214,0.000374,0.547248,19,6,0
420,10,cpp_seq,0.007003,0.000051,0.000016,0.007071,19,6,0
420,10,cpp_par,0.004227,0.000034,0.000016,0.004278,19,6,0
420,10,cpp_adv,0.003507,0.000030,0.000013,0.003551,19,6,0
421,10,seq,0.299831,0.000275,0.000119,0.300225,19,8,0
421,10,par,0.105749,0.029125,0.029094,0.163968,19,8,0
421,10,weights,0.117719,0.035526,0.000358,0.153603,19,8,0
421,10,cpp_seq,0.005431,0.000062,0.000023,0.005518,19,8,0
421,10,cpp_par,0.003584,0.000043,0.000019,0.003647,19,8,0
421,10,cpp_adv,0.003652,0.000060,0.000024,0.003737,19,8,0
422,10,seq,0.354345,0.000306,0.000118,0.354769,19,3,0
422,10,par,0.157804,0.032768,0.025166,0.215738,19,3,0
422,10,weights,0.165752,0.028373,0.000327,0.194452,19,3,0
422,10,cpp_seq,0.008451,0.000052,0.000017,0.008521,19,3,0
422,10,cpp_par,0.004308,0.000039,0.000015,0.004362,19,3,0
422,10,cpp_adv,0.004729,0.000077,0.000021,0.004829,19,3,0
423,10,seq,0.247332,0.000271,0.000119,0.247721,29,3,0
423,10,par,0.152405,0.032392,0.027196,0.211993,29,3,0
423,10,weights,0.103507,0.028046,0.000362,0.131914,29,3,0
423,10,cpp_seq,0.004190,0.000054,0.000017,0.004261,29,3,0
423,10,cpp_par,0.002780,0.000034,0.000017,0.002832,29,3,0
423,10,cpp_adv,0.002958,0.000042,0.000021,0.003022,29,3,0
424,10,seq,0.203572,0.000264,0.000118,0.203954,19,3,0
424,10,par,0.100647,0.032568,0.030965,0.164180,19,3,0
424,10,weights,0.090839,0.028473,0.000295,0.119607,19,3,0
424,10,cpp_seq,0.003778,0.000052,0.000016,0.003847,19,3,0
424,10,cpp_par,0.002405,0.000041,0.000017,0.002465,19,3,0
424,10,cpp_adv,0.002058,0.000037,0.000014,0.002110,19,3,0
425,10,seq,0.336709,0.000286,0.031784,0.368780,38,62,480
425,10,par,0.137899,0.037507,0.250098,0.425504,38,62,480
425,10,weights,0.141494,0.033803,0.266542,0.441839,38,62,480
425,10,cpp_seq,0.009541,0.000065,0.005711,0.015319,38,62,480
425,10,cpp_par,0.006478,0.000062,0.005720,0.012262,38,62,480
425,10,cpp_adv,0.008266,0.000042,0.005641,0.013950,38,62,480
426,10,seq,0.235194,0.000271,0.000134,0.235599,19,2,0
426,10,par,0.090585,0.032509,0.029941,0.153035,19,2,0
426,10,weights,0.095756,0.028045,0.000312,0.124113,19,2,0
426,10,cpp_seq,0.004925,0.000052,0.000016,0.004995,19,2,0
426,10,cpp_par,0.002501,0.000031,0.000016,0.002549,19,2,0
426,10,cpp_adv,0.002175,0.000032,0.000016,0.002223,19,2,0
427,10,seq,0.288051,0.000427,0.000167,0.288645,19,8,0
427,10,par,0.122228,0.054846,0.063002,0.240076,19,8,0
427,10,weights,0.146620,0.036722,0.000370,0.183712,19,8,0
427,10,cpp_seq,0.009077,0.000052,0.000017,0.009148,19,8,0
427,10,cpp_par,0.005593,0.000048,0.000018,0.005660,19,8,0
427,10,cpp_adv,0.004610,0.000031,0.000015,0.004657,19,8,0
428,10,seq,0.237828,0.000651,0.000648,0.239128,19,17,1
428,10,par,0.159101,0.031814,0.269299,0.460213,19,17,1
428,10,weights,0.115722,0.035849,0.230671,0.382242,19,17,1
428,10,cpp_seq,0.006043,0.000053,0.000065,0.006162,19,17,1
428,10,cpp_par,0.003807,0.000042,0.000085,0.003935,19,17,1
428,10,cpp_adv,0.003213,0.000034,0.000066,0.003314,19,17,1
429,10,seq,0.209796,0.000291,0.000312,0.210399,19,17,1
429,10,par,0.115691,0.033058,0.238720,0.387470,19,17,1
429,10,weights,0.117718,0.031818,0.235213,0.384750,19,17,1
429,10,cpp_seq,0.004912,0.000054,0.000065,0.005032,19,17,1
429,10,cpp_par,0.003118,0.000038,0.000066,0.003222,19,17,1
429,10,cpp_adv,0.002624,0.000033,0.000063,0.002720,19,17,1
430,10,seq,0.201670,0.000320,0.000403,0.202392,19,17,1
430,10,par,0.084919,0.026837,0.237973,0.349729,19,17,1
430,10,weights,0.090357,0.038479,0.230389,0.359226,19,17,1
430,10,cpp_seq,0.004145,0.000055,0.000065,0.004266,19,17,1
430,10,cpp_par,0.002274,0.000032,0.000063,0.002370,19,17,1
430,10,cpp_adv,0.003081,0.000045,0.000086,0.003212,19,17,1
431,10,seq,0.324469,0.000284,0.018516,0.343269,29,44,288
431,10,par,0.120634,0.032396,0.247790,0.400820,29,44,288
431,10,weights,0.936785,0.029231,0.256856,1.222872,29,44,288
431,10,cpp_seq,0.015739,0.000185,0.005350,0.021276,29,44,288
431,10,cpp_par,0.008792,0.000042,0.004408,0.013243,29,44,288
431,10,cpp_adv,0.008498,0.000038,0.004466,0.013004,29,44,288
432,10,seq,0.266700,0.000304,0.000121,0.267126,19,2,0
432,10,par,0.089896,0.034937,0.028651,0.153484,19,2,0
432,10,weights,0.113855,0.032340,0.000310,0.146505,19,2,0
432,10,cpp_seq,0.003629,0.000050,0.000016,0.003696,19,2,0
432,10,cpp_par,0.002345,0.000039,0.000017,0.002402,19,2,0
432,10,cpp_adv,0.002058,0.000031,0.000014,0.002103,19,2,0
433,10,seq,0.194766,0.000278,0.000301,0.195345,19,17,1
433,10,par,0.121020,0.048052,0.329408,0.498480,19,17,1
433,10,weights,0.141496,0.028754,0.230734,0.400985,19,17,1
433,10,cpp_seq,0.004139,0.000056,0.000066,0.004261,19,17,1
433,10,cpp_par,0.002635,0.000034,0.000084,0.002755,19,17,1
433,10,cpp_adv,0.001967,0.000032,0.000062,0.002061,19,17,1
434,10,seq,0.308672,0.000309,0.066419,0.375399,38,68,1024
434,10,par,0.122284,0.030608,0.364604,0.517496,38,68,1024
434,10,weights,0.123009,0.037548,0.283859,0.444416,38,68,1024
434,10,cpp_seq,0.010595,0.000069,0.012560,0.023225,38,68,1024
434,10,cpp_par,0.007866,0.000043,0.013161,0.021071,38,68,1024
434,10,cpp_adv,0.008705,0.000063,0.012699,0.021468,38,68,1024
435,10,seq,0.365377,0.000378,0.000471,0.366226,29,11,0
435,10,par,0.176072,0.047869,0.035311,0.259253,29,11,0
435,10,weights,0.151712,0.028933,0.030291,0.210936,29,11,0
435,10,cpp_seq,0.011062,0.000054,0.000022,0.011138,29,11,0
435,10,cpp_par,0.009316,0.000047,0.000025,0.009388,29,11,0
435,10,cpp_adv,0.006103,0.000036,0.000022,0.006163,29,11,0
436,10,seq,0.328529,0.000289,0.000092,0.328910,19,4,0
436,10,par,0.122588,0.031727,0.026465,0.180780,19,4,0
436,10,weights,0.246787,0.030161,0.000347,0.277295,19,4,0
436,10,cpp_seq,0.003105,0.000050,0.000016,0.003172,19,4,0
436,10,cpp_par,0.002172,0.000034,0.000017,0.002223,19,4,0
436,10,cpp_adv,0.001656,0.000031,0.000014,0.001702,19,4,0
437,10,seq,0.360281,0.000297,0.000144,0.360723,19,1,0
437,10,par,0.161260,0.027877,0.028262,0.217399,19,1,0
437,10,weights,0.159615,0.030701,0.000305,0.190621,19,1,0
437,10,cpp_seq,0.004851,0.000051,0.000018,0.004921,19,1,0
437,10,cpp_par,0.002693,0.000030,0.000015,0.002739,19,1,0
437,10,cpp_adv,0.002403,0.000029,0.000014,0.002447,19,1,0
438,10,seq,0.331982,0.000291,0.000137,0.332411,19,2,0
438,10,par,0.239385,0.042505,0.032994,0.314884,19,2,0
438,10,weights,0.259281,0.064254,0.000226,0.323762,19,2,0
438,10,cpp_seq,0.011639,0.000058,0.000018,0.011716,19,2,0
438,10,cpp_par,0.019837,0.000079,0.000018,0.019935,19,2,0
438,10,cpp_adv,0.005630,0.000033,0.000016,0.005679,19,2,0
439,10,seq,0.352445,0.000283,0.000372,0.353099,28,34,1
439,10,par,0.219917,0.064781,0.288582,0.573280,28,34,1
439,10,weights,0.185582,0.034842,0.257611,0.478035,28,34,1
439,10,cpp_seq,0.010229,0.000063,0.000090,0.010383,28,34,1
439,10,cpp_par,0.006475,0.000099,0.000111,0.006686,28,34,1
439,10,cpp_adv,0.007537,0.000050,0.000119,0.007707,28,34,1
440,10,seq,0.433020,0.000264,0.000118,0.433403,19,8,0
440,10,par,0.251749,0.032810,0.028377,0.312936,19,8,0
440,10,weights,0.215117,0.041733,0.000313,0.257162,19,8,0
440,10,cpp_seq,0.010186,0.000052,0.000018,0.010257,19,8,0
440,10,cpp_par,0.005536,0.000034,0.000018,0.005588,19,8,0
440,10,cpp_adv,0.006270,0.000033,0.000017,0.006322,19,8,0
441,10,seq,0.317326,0.000287,0.000379,0.317992,29,23,1
441,10,par,0.123701,0.045865,0.263067,0.432633,29,23,1
441,10,weights,0.108176,0.035972,0.247717,0.391865,29,23,1
441,10,cpp_seq,0.013567,0.000065,0.000100,0.013734,29,23,1
441,10,cpp_par,0.007138,0.000034,0.000088,0.007260,29,23,1
441,10,cpp_adv,0.007005,0.000036,0.000088,0.007130,29,23,1
442,10,seq,0.209342,0.000274,0.000307,0.209923,19,17,1
442,10,par,0.176638,0.035043,0.259759,0.471440,19,17,1
442,10,weights,0.214624,0.033803,0.236873,0.485300,19,17,1
442,10,cpp_seq,0.004059,0.000071,0.000066,0.004197,19,17,1
442,10,cpp_par,0.002600,0.000034,0.000065,0.002700,19,17,1
442,10,cpp_adv,0.002142,0.000032,0.000062,0.002237,19,17,1
443,10,seq,0.260034,0.000284,0.001775,0.262092,39,44,12
443,10,par,0.113241,0.048554,0.241534,0.403329,39,44,12
443,10,weights,0.183820,0.032479,0.240383,0.456682,39,44,12
443,10,cpp_seq,0.005625,0.000063,0.000389,0.006078,39,44,12
443,10,cpp_par,0.002944,0.000037,0.000403,0.003384,39,44,12
443,10,cpp_adv,0.002742,0.000037,0.000386,0.003167,39,44,12
444,10,seq,0.314950,0.000567,0.988754,1.304270,48,110,15656
444,10,par,0.141319,0.050433,0.971192,1.162944,48,110,15656
444,10,weights,0.120067,0.036085,0.925136,1.081288,48,110,15656
444,10,cpp_seq,0.005114,0.000076,0.211120,0.216312,48,110,15656
444,10,cpp_par,0.003194,0.000054,0.184848,0.188098,48,110,15656
444,10,cpp_adv,0.002242,0.000051,0.191867,0.194160,48,110,15656
445,10,seq,0.363289,0.000438,0.074483,0.438210,38,68,1024
445,10,par,0.184996,0.039631,0.384081,0.608708,38,68,1024
445,10,weights,0.167532,0.039012,0.342427,0.548972,38,68,1024
445,10,cpp_seq,0.008633,0.000078,0.013231,0.021943,38,68,1024
445,10,cpp_par,0.006486,0.000054,0.012351,0.018892,38,68,1024
445,10,cpp_adv,0.011960,0.000059,0.013569,0.025589,38,68,1024
446,10,seq,0.270698,0.000492,0.462427,0.733617,48,103,7312
446,10,par,0.112760,0.034596,0.448620,0.595976,48,103,7312
446,10,weights,0.118019,0.042064,0.753393,0.913477,48,103,7312
446,10,cpp_seq,0.007734,0.000073,0.086513,0.094322,48,103,7312
446,10,cpp_par,0.004845,0.000043,0.090144,0.095033,48,103,7312
446,10,cpp_adv,0.004800,0.000045,0.086954,0.091801,48,103,7312
447,10,seq,0.246718,0.000338,0.000319,0.247375,19,17,1
447,10,par,0.112660,0.051377,0.315279,0.479316,19,17,1
447,10,weights,0.129356,0.042382,0.311374,0.483113,19,17,1
447,10,cpp_seq,0.003267,0.000076,0.000067,0.003411,19,17,1
447,10,cpp_par,0.001576,0.000032,0.000063,0.001671,19,17,1
447,10,cpp_adv,0.001389,0.000032,0.000062,0.001484,19,17,1
448,10,seq,0.391350,0.000272,0.000320,0.391942,19,12,1
448,10,par,0.189434,0.036948,0.325624,0.552006,19,12,1
448,10,weights,0.175943,0.033080,0.272678,0.481701,19,12,1
448,10,cpp_seq,0.017998,0.000055,0.000062,0.018116,19,12,1
448,10,cpp_par,0.009594,0.000040,0.000062,0.009697,19,12,1
448,10,cpp_adv,0.008930,0.000032,0.000058,0.009020,19,12,1
449,10,seq,0.499374,0.000281,0.000363,0.500018,29,21,2
449,10,par,0.204054,0.100759,0.326486,0.631299,29,21,2
449,10,weights,0.197520,0.033646,0.282886,0.514053,29,21,2
449,10,cpp_seq,0.018698,0.000058,0.000107,0.018864,29,21,2
449,10,cpp_par,0.010554,0.000052,0.000122,0.010730,29,21,2
449,10,cpp_adv,0.009563,0.000046,0.000145,0.009754,29,21,2
450,10,seq,0.214521,0.000267,0.000122,0.214909,19,8,0
450,10,par,0.105232,0.036218,0.030721,0.172170,19,8,0
450,10,weights,0.103777,0.033060,0.000312,0.137148,19,8,0
450,10,cpp_seq,0.003208,0.000056,0.000021,0.003286,19,8,0
450,10,cpp_par,0.002072,0.000046,0.000022,0.002141,19,8,0
450,10,cpp_adv,0.001243,0.000031,0.000015,0.001288,19,8,0
451,10,seq,0.359464,0.000273,0.001689,0.361426,39,44,12
451,10,par,0.149511,0.034976,0.287379,0.471866,39,44,12
451,10,weights,0.158471,0.038544,0.285443,0.482458,39,44,12
451,10,cpp_seq,0.011475,0.000063,0.000389,0.011928,39,44,12
451,10,cpp_par,0.006553,0.000052,0.000487,0.007094,39,44,12
451,10,cpp_adv,0.006882,0.000040,0.000392,0.007315,39,44,12
452,10,seq,0.445328,0.000327,1.776528,2.222182,58,142,21504
452,10,par,0.117982,0.039056,1.078163,1.235201,58,142,21504
452,10,weights,0.124289,0.044191,1.079613,1.248094,58,142,21504
452,10,cpp_seq,0.004450,0.000079,0.283048,0.287579,58,142,21504
452,10,cpp_par,0.003609,0.000067,0.284199,0.287877,58,142,21504
452,10,cpp_adv,0.004463,0.000129,0.274121,0.278715,58,142,21504
453,10,seq,0.245857,0.000242,0.000129,0.246228,19,4,0
453,10,par,0.141017,0.039232,0.031026,0.211275,19,4,0
453,10,weights,0.112502,0.034212,0.000416,0.147130,19,4,0
453,10,cpp_seq,0.004811,0.000052,0.000017,0.004881,19,4,0
453,10,cpp_par,0.003616,0.000045,0.000019,0.003681,19,4,0
453,10,cpp_adv,0.004579,0.000044,0.000073,0.004697,19,4,0
454,10,seq,0.455847,0.000705,0.000283,0.456835,19,8,0
454,10,par,0.179667,0.037448,0.036283,0.253398,19,8,0
454,10,weights,0.220625,0.041881,0.000360,0.262866,19,8,0
454,10,cpp_seq,0.009131,0.000052,0.000018,0.009202,19,8,0
454,10,cpp_par,0.005917,0.000036,0.000019,0.005973,19,8,0
454,10,cpp_adv,0.005712,0.000046,0.000022,0.005782,19,8,0
455,10,seq,0.544381,0.000425,0.047730,0.592536,38,64,576
455,10,par,0.280179,0.042973,0.515622,0.838775,38,64,576
455,10,weights,0.191503,0.033754,0.299596,0.524853,38,64,576
455,10,cpp_seq,0.013652,0.000065,0.008045,0.021764,38,64,576
455,10,cpp_par,0.008704,0.000040,0.009111,0.017856,38,64,576
455,10,cpp_adv,0.008471,0.000048,0.008576,0.017097,38,64,576
456,10,seq,0.414151,0.000286,0.022684,0.437122,38,60,360
456,10,par,0.205719,0.031984,0.285469,0.523172,38,60,360
456,10,weights,0.165989,0.033141,0.374869,0.573999,38,60,360
456,10,cpp_seq,0.007488,0.000063,0.005387,0.012940,38,60,360
456,10,cpp_par,0.005225,0.000040,0.005302,0.010569,38,60,360
456,10,cpp_adv,0.004945,0.000043,0.005658,0.010648,38,60,360
457,10,seq,0.292594,0.000320,0.056372,0.349285,38,68,1024
457,10,par,0.124236,0.036539,0.329416,0.490191,38,68,1024
457,10,weights,0.108883,0.035553,0.302904,0.447340,38,68,1024
457,10,cpp_seq,0.005662,0.000068,0.011954,0.017686,38,68,1024
457,10,cpp_par,0.006002,0.000040,0.012608,0.018651,38,68,1024
457,10,cpp_adv,0.002738,0.000055,0.011870,0.014664,38,68,1024
458,10,seq,0.380366,0.000262,0.000144,0.380772,19,8,0
458,10,par,0.221540,0.033454,0.032573,0.287566,19,8,0
458,10,weights,0.160392,0.038709,0.000344,0.199445,19,8,0
458,10,cpp_seq,0.013836,0.000057,0.000021,0.013915,19,8,0
458,10,cpp_par,0.007223,0.000034,0.000019,0.007277,19,8,0
458,10,cpp_adv,0.006982,0.000032,0.000031,0.007046,19,8,0
459,10,seq,2.574265,0.000306,0.010349,2.584921,29,43,180
459,10,par,0.127945,0.037466,0.299432,0.464842,29,43,180
459,10,weights,0.117582,0.034559,0.373273,0.525413,29,43,180
459,10,cpp_seq,0.016280,0.000111,0.002279,0.018672,29,43,180
459,10,cpp_par,0.009126,0.000036,0.002919,0.012082,29,43,180
459,10,cpp_adv,0.009056,0.000046,0.002183,0.011286,29,43,180
460,10,seq,0.359087,0.000297,0.031772,0.391156,38,60,512
460,10,par,0.153090,0.031798,0.315980,0.500868,38,60,512
460,10,weights,0.138999,0.033989,0.296104,0.469092,38,60,512
460,10,cpp_seq,0.010026,0.000065,0.005761,0.015853,38,60,512
460,10,cpp_par,0.006702,0.000039,0.005859,0.012600,38,60,512
460,10,cpp_adv,0.007174,0.000039,0.005968,0.013183,38,60,512
461,10,seq,2.022807,0.000562,0.000170,2.023539,29,12,0
461,10,par,0.108933,0.035037,0.034585,0.178555,29,12,0
461,10,weights,0.113591,0.036849,0.000323,0.150762,29,12,0
461,10,cpp_seq,0.004952,0.000055,0.000017,0.005025,29,12,0
461,10,cpp_par,0.003288,0.000038,0.000017,0.003343,29,12,0
461,10,cpp_adv,0.002655,0.000033,0.000014,0.002702,29,12,0
462,10,seq,0.408506,0.000477,0.000325,0.409308,19,9,0
462,10,par,0.184902,0.048944,0.054372,0.288218,19,9,0
462,10,weights,0.177447,0.035169,0.033068,0.245684,19,9,0
462,10,cpp_seq,0.014650,0.000055,0.000020,0.014726,19,9,0
462,10,cpp_par,0.007807,0.000031,0.000017,0.007855,19,9,0
462,10,cpp_adv,0.007803,0.000034,0.000018,0.007854,19,9,0
463,10,seq,0.221683,0.000293,0.058638,0.280614,38,68,1024
463,10,par,0.095783,0.042393,0.393352,0.531527,38,68,1024
463,10,weights,0.104669,0.037148,0.313630,0.455447,38,68,1024
463,10,cpp_seq,0.003987,0.000087,0.012183,0.016258,38,68,1024
463,10,cpp_par,0.004995,0.000040,0.012182,0.017218,38,68,1024
463,10,cpp_adv,0.001881,0.000040,0.012312,0.014235,38,68,1024
464,10,seq,0.252639,0.000236,0.000119,0.252994,19,8,0
464,10,par,0.114046,0.035828,0.029912,0.179785,19,8,0
464,10,weights,0.118451,0.035356,0.000304,0.154111,19,8,0
464,10,cpp_seq,0.007824,0.000052,0.000018,0.007896,19,8,0
464,10,cpp_par,0.003989,0.000031,0.000015,0.004036,19,8,0
464,10,cpp_adv,0.004634,0.000033,0.000018,0.004685,19,8,0
465,10,seq,0.467887,0.000269,0.000310,0.468466,19,17,1
465,10,par,0.199129,0.034881,0.268706,0.502716,19,17,1
465,10,weights,0.199532,0.038704,0.281763,0.519998,19,17,1
465,10,cpp_seq,0.015350,0.000060,0.000070,0.015480,19,17,1
465,10,cpp_par,0.008241,0.000034,0.000066,0.008341,19,17,1
465,10,cpp_adv,0.008653,0.000035,0.000066,0.008754,19,17,1
466,10,seq,0.313047,0.000365,0.065164,0.378576,38,68,1024
466,10,par,0.140595,0.050037,0.309075,0.499707,38,68,1024
466,10,weights,0.126473,0.042929,0.368530,0.537932,38,68,1024
466,10,cpp_seq,0.015023,0.000084,0.013329,0.028438,38,68,1024
466,10,cpp_par,0.010133,0.000042,0.014619,0.024794,38,68,1024
466,10,cpp_adv,0.008256,0.000043,0.012182,0.020483,38,68,1024
467,10,seq,0.182178,0.000276,0.000314,0.182767,19,17,1
467,10,par,0.090305,0.031416,0.262555,0.384276,19,17,1
467,10,weights,0.091849,0.033874,0.259495,0.385218,19,17,1
467,10,cpp_seq,0.003492,0.000053,0.000065,0.003611,19,17,1
467,10,cpp_par,0.002288,0.000043,0.000067,0.002400,19,17,1
467,10,cpp_adv,0.002082,0.000036,0.000064,0.002182,19,17,1
468,10,seq,0.420344,0.000288,0.000336,0.420967,29,21,1
468,10,par,0.151775,0.035906,0.241508,0.429188,29,21,1
468,10,weights,0.155751,0.031941,0.270963,0.458654,29,21,1
468,10,cpp_seq,0.013858,0.000057,0.000070,0.013986,29,21,1
468,10,cpp_par,0.006749,0.000037,0.000072,0.006859,29,21,1
468,10,cpp_adv,0.006676,0.000034,0.000068,0.006778,29,21,1
469,10,seq,0.233835,0.000412,0.007198,0.241445,29,40,111
469,10,par,0.106509,0.035366,0.277307,0.419182,29,40,111
469,10,weights,0.107481,0.037559,0.257596,0.402637,29,40,111
469,10,cpp_seq,0.002727,0.000061,0.001566,0.004356,29,40,111
469,10,cpp_par,0.001861,0.000036,0.001512,0.003410,29,40,111
469,10,cpp_adv,0.001973,0.000037,0.001506,0.003517,29,40,111
470,10,seq,0.213107,0.000264,0.055034,0.268405,38,68,1024
470,10,par,0.099977,0.033286,0.299319,0.432581,38,68,1024
470,10,weights,0.092191,0.030014,0.285127,0.407332,38,68,1024
470,10,cpp_seq,0.003314,0.000067,0.011995,0.015377,38,68,1024
470,10,cpp_par,0.005503,0.000060,0.012286,0.017850,38,68,1024
470,10,cpp_adv,0.001874,0.000061,0.011876,0.013811,38,68,1024
471,10,seq,0.239217,0.000367,0.011291,0.250874,39,56,139
471,10,par,0.109332,0.042157,0.267257,0.418746,39,56,139
471,10,weights,0.096083,0.033181,0.265388,0.394653,39,56,139
471,10,cpp_seq,0.004066,0.000064,0.002375,0.006505,39,56,139
471,10,cpp_par,0.002888,0.000054,0.002336,0.005279,39,56,139
471,10,cpp_adv,0.002979,0.000042,0.002444,0.005466,39,56,139
472,10,seq,0.205603,0.000242,0.000259,0.206104,19,17,1
472,10,par,0.094433,0.034371,0.270264,0.399068,19,17,1
472,10,weights,0.112842,0.045940,0.249702,0.408483,19,17,1
472,10,cpp_seq,0.006844,0.000055,0.000064,0.006964,19,17,1
472,10,cpp_par,0.003111,0.000032,0.000064,0.003208,19,17,1
472,10,cpp_adv,0.003199,0.000034,0.000066,0.003300,19,17,1
473,10,seq,0.201458,0.000340,0.000156,0.201954,19,8,0
473,10,par,0.088032,0.032416,0.028849,0.149296,19,8,0
473,10,weights,0.089449,0.035196,0.000320,0.124965,19,8,0
473,10,cpp_seq,0.005883,0.000052,0.000017,0.005953,19,8,0
473,10,cpp_par,0.003353,0.000033,0.000019,0.003405,19,8,0
473,10,cpp_adv,0.003076,0.000031,0.000015,0.003123,19,8,0
474,10,seq,0.198723,0.000240,0.000100,0.199062,19,4,0
474,10,par,0.096962,0.032665,0.027961,0.157588,19,4,0
474,10,weights,0.105248,0.032020,0.000303,0.137571,19,4,0
474,10,cpp_seq,0.004684,0.000051,0.000015,0.004750,19,4,0
474,10,cpp_par,0.002690,0.000031,0.000014,0.002736,19,4,0
474,10,cpp_adv,0.002528,0.000030,0.000014,0.002572,19,4,0
475,10,seq,0.321917,0.000262,0.000089,0.322268,19,4,0
475,10,par,0.132041,0.042492,0.032309,0.206842,19,4,0
475,10,weights,0.131008,0.037940,0.000299,0.169246,19,4,0
475,10,cpp_seq,0.012105,0.000050,0.000016,0.012172,19,4,0
475,10,cpp_par,0.006724,0.000032,0.000016,0.006773,19,4,0
475,10,cpp_adv,0.006283,0.000030,0.000013,0.006327,19,4,0
476,10,seq,0.373257,0.000263,0.000117,0.373637,19,2,0
476,10,par,0.170196,0.034470,0.033174,0.237840,19,2,0
476,10,weights,0.143293,0.029321,0.000380,0.172994,19,2,0
476,10,cpp_seq,0.011976,0.000049,0.000015,0.012041,19,2,0
476,10,cpp_par,0.006408,0.000030,0.000014,0.006453,19,2,0
476,10,cpp_adv,0.006171,0.000033,0.000014,0.006218,19,2,0
477,10,seq,0.239611,0.000235,0.000088,0.239934,19,4,0
477,10,par,0.103923,0.031955,0.031524,0.167402,19,4,0
477,10,weights,0.118284,0.037420,0.000422,0.156126,19,4,0
477,10,cpp_seq,0.005048,0.000052,0.000016,0.005117,19,4,0
477,10,cpp_par,0.003036,0.000032,0.000015,0.003084,19,4,0
477,10,cpp_adv,0.003839,0.000055,0.000019,0.003914,19,4,0
478,10,seq,0.286992,0.000284,0.058481,0.345756,38,68,1024
478,10,par,0.100630,0.035804,0.863167,0.999601,38,68,1024
478,10,weights,0.117563,0.039588,0.364214,0.521365,38,68,1024
478,10,cpp_seq,0.003298,0.000067,0.012119,0.015486,38,68,1024
478,10,cpp_par,0.005306,0.000040,0.013903,0.019250,38,68,1024
478,10,cpp_adv,0.001668,0.000050,0.011937,0.013656,38,68,1024
479,10,seq,0.196710,0.000434,0.057025,0.254168,38,68,1024
479,10,par,0.095962,0.059594,0.359614,0.515170,38,68,1024
479,10,weights,0.117982,0.057304,0.436327,0.611613,38,68,1024
479,10,cpp_seq,0.005407,0.000071,0.013532,0.019012,38,68,1024
479,10,cpp_par,0.006136,0.000042,0.013278,0.019457,38,68,1024
479,10,cpp_adv,0.014792,0.000067,0.017186,0.032046,38,68,1024
480,10,seq,0.280620,0.000448,0.000268,0.281336,19,0,0
480,10,par,0.112996,0.039029,0.041653,0.193678,19,0,0
480,10,weights,0.120119,0.043107,0.000324,0.163550,19,0,0
480,10,cpp_seq,0.003693,0.000064,0.000021,0.003780,19,0,0
480,10,cpp_par,0.002298,0.000041,0.000020,0.002360,19,0,0
480,10,cpp_adv,0.001837,0.000031,0.000015,0.001883,19,0,0
481,10,seq,0.406100,0.000278,0.000322,0.406700,19,17,1
481,10,par,0.218366,0.040619,0.277647,0.536632,19,17,1
481,10,weights,0.180756,0.035271,0.391412,0.607439,19,17,1
481,10,cpp_seq,0.013307,0.000073,0.000090,0.013472,19,17,1
481,10,cpp_par,0.006410,0.000039,0.000079,0.006529,19,17,1
481,10,cpp_adv,0.008531,0.000062,0.000072,0.008665,19,17,1
482,10,seq,0.273407,0.000299,0.069717,0.343423,38,68,1024
482,10,par,0.140321,0.040022,0.322374,0.502717,38,68,1024
482,10,weights,0.105428,0.040158,0.323509,0.469096,38,68,1024
482,10,cpp_seq,0.005677,0.000074,0.012206,0.017959,38,68,1024
482,10,cpp_par,0.005964,0.000040,0.012938,0.018944,38,68,1024
482,10,cpp_adv,0.006218,0.000043,0.013583,0.019846,38,68,1024
483,10,seq,0.211944,0.000294,0.000144,0.212383,19,3,0
483,10,par,0.100464,0.029602,0.042984,0.173050,19,3,0
483,10,weights,0.100011,0.035980,0.000313,0.136304,19,3,0
483,10,cpp_seq,0.005901,0.000053,0.000016,0.005971,19,3,0
483,10,cpp_par,0.003224,0.000031,0.000016,0.003273,19,3,0
483,10,cpp_adv,0.002916,0.000030,0.000014,0.002960,19,3,0
484,10,seq,0.179787,0.000273,0.000119,0.180179,19,8,0
484,10,par,0.086501,0.029807,0.032743,0.149052,19,8,0
484,10,weights,0.099011,0.035891,0.000354,0.135256,19,8,0
484,10,cpp_seq,0.004695,0.000054,0.000018,0.004768,19,8,0
484,10,cpp_par,0.003329,0.000036,0.000018,0.003384,19,8,0
484,10,cpp_adv,0.002572,0.000032,0.000016,0.002621,19,8,0
485,10,seq,0.310899,0.000244,0.000090,0.311233,19,1,0
485,10,par,0.142654,0.035186,0.029915,0.207755,19,1,0
485,10,weights,0.125814,0.036042,0.000322,0.162178,19,1,0
485,10,cpp_seq,0.009006,0.000051,0.000016,0.009074,19,1,0
485,10,cpp_par,0.004286,0.000031,0.000014,0.004332,19,1,0
485,10,cpp_adv,0.004182,0.000032,0.000016,0.004230,19,1,0
486,10,seq,0.206380,0.000278,0.000370,0.207028,19,17,1
486,10,par,0.114629,0.035179,0.248808,0.398615,19,17,1
486,10,weights,0.105755,0.042416,0.261610,0.409782,19,17,1
486,10,cpp_seq,0.004738,0.000056,0.000066,0.004861,19,17,1
486,10,cpp_par,0.002409,0.000043,0.000063,0.002516,19,17,1
486,10,cpp_adv,0.002137,0.000032,0.000062,0.002231,19,17,1
487,10,seq,0.203983,0.000270,0.000315,0.204568,19,11,1
487,10,par,0.091813,0.031574,0.248534,0.371921,19,11,1
487,10,weights,0.104296,0.037636,0.362691,0.504624,19,11,1
487,10,cpp_seq,0.007576,0.000055,0.000060,0.007691,19,11,1
487,10,cpp_par,0.004212,0.000032,0.000058,0.004304,19,11,1
487,10,cpp_adv,0.004463,0.000034,0.000060,0.004557,19,11,1
488,10,seq,0.307436,0.000272,0.000091,0.307798,29,1,0
488,10,par,0.134521,0.036234,0.028638,0.199393,29,1,0
488,10,weights,0.126942,0.038848,0.000360,0.166150,29,1,0
488,10,cpp_seq,0.008676,0.000054,0.000018,0.008750,29,1,0
488,10,cpp_par,0.005063,0.000034,0.000017,0.005115,29,1,0
488,10,cpp_adv,0.004347,0.000033,0.000015,0.004396,29,1,0
489,10,seq,0.214411,0.000307,0.000311,0.215029,19,17,1
489,10,par,0.103663,0.034074,0.265849,0.403586,19,17,1
489,10,weights,0.099043,0.033233,0.247461,0.379737,19,17,1
489,10,cpp_seq,0.004920,0.000053,0.000064,0.005038,19,17,1
489,10,cpp_par,0.002914,0.000034,0.000065,0.003014,19,17,1
489,10,cpp_adv,0.003995,0.000044,0.000084,0.004124,19,17,1
490,10,seq,0.268529,0.000293,0.000400,0.269222,29,23,2
490,10,par,0.118316,0.037921,0.266439,0.422676,29,23,2
490,10,weights,0.116251,0.043885,0.271501,0.431638,29,23,2
490,10,cpp_seq,0.006436,0.000058,0.000109,0.006604,29,23,2
490,10,cpp_par,0.003245,0.000035,0.000106,0.003387,29,23,2
490,10,cpp_adv,0.003174,0.000035,0.000107,0.003317,29,23,2
491,10,seq,0.367429,0.000314,0.028482,0.396225,38,64,512
491,10,par,0.142536,0.032425,0.495691,0.670652,38,64,512
491,10,weights,0.255809,0.097448,0.331458,0.684715,38,64,512
491,10,cpp_seq,0.011165,0.000067,0.005812,0.017044,38,64,512
491,10,cpp_par,0.007807,0.000038,0.006050,0.013896,38,64,512
491,10,cpp_adv,0.006863,0.000048,0.005987,0.012898,38,64,512
492,10,seq,0.248728,0.000341,0.000317,0.249387,19,17,1
492,10,par,0.150035,0.035342,0.291509,0.476886,19,17,1
492,10,weights,0.115938,0.060355,0.306390,0.482684,19,17,1
492,10,cpp_seq,0.005738,0.000053,0.000064,0.005856,19,17,1
492,10,cpp_par,0.003124,0.000032,0.000063,0.003220,19,17,1
492,10,cpp_adv,0.003752,0.000048,0.000086,0.003887,19,17,1
493,10,seq,0.228987,0.000334,0.000315,0.229636,19,11,1
493,10,par,0.108211,0.033275,0.259411,0.400897,19,11,1
493,10,weights,0.121520,0.040148,0.316242,0.477910,19,11,1
493,10,cpp_seq,0.004645,0.000055,0.000061,0.004762,19,11,1
493,10,cpp_par,0.002563,0.000032,0.000057,0.002653,19,11,1
493,10,cpp_adv,0.002671,0.000034,0.000059,0.002764,19,11,1
494,10,seq,0.233493,0.000381,0.000605,0.234479,28,37,1
494,10,par,0.105760,0.033293,0.244386,0.383439,28,37,1
494,10,weights,0.284764,0.034900,0.268595,0.588258,28,37,1
494,10,cpp_seq,0.005665,0.000059,0.000087,0.005811,28,37,1
494,10,cpp_par,0.003232,0.000035,0.000098,0.003366,28,37,1
494,10,cpp_adv,0.003783,0.000046,0.000104,0.003935,28,37,1
495,10,seq,0.291279,0.000268,0.000117,0.291664,19,6,0
495,10,par,0.208137,0.036230,0.046527,0.290894,19,6,0
495,10,weights,0.241713,0.031543,0.000300,0.273555,19,6,0
495,10,cpp_seq,0.005285,0.000052,0.000016,0.005354,19,6,0
495,10,cpp_par,0.002978,0.000030,0.000014,0.003023,19,6,0
495,10,cpp_adv,0.002908,0.000038,0.000016,0.002962,19,6,0
496,10,seq,0.285582,0.000267,0.000193,0.286042,19,9,0
496,10,par,0.130881,0.037317,0.031663,0.199861,19,9,0
496,10,weights,0.166496,0.030288,0.029552,0.226335,19,9,0
496,10,cpp_seq,0.009104,0.000072,0.000019,0.009196,19,9,0
496,10,cpp_par,0.005305,0.000030,0.000016,0.005352,19,9,0
496,10,cpp_adv,0.004911,0.000031,0.000016,0.004959,19,9,0
497,10,seq,0.368893,0.000277,0.000442,0.369611,29,26,2
497,10,par,0.087413,0.030169,0.247559,0.365141,29,26,2
497,10,weights,0.087695,0.033097,0.245450,0.366242,29,26,2
497,10,cpp_seq,0.003446,0.000074,0.000111,0.003631,29,26,2
497,10,cpp_par,0.002186,0.000036,0.000109,0.002331,29,26,2
497,10,cpp_adv,0.002027,0.000036,0.000108,0.002172,29,26,2
498,10,seq,0.339484,0.000347,0.001358,0.341189,29,35,11
498,10,par,0.113583,0.033159,0.294133,0.440875,29,35,11
498,10,weights,0.121950,0.040930,0.285832,0.448712,29,35,11
498,10,cpp_seq,0.008057,0.000060,0.000324,0.008441,29,35,11
498,10,cpp_par,0.005152,0.000043,0.000439,0.005635,29,35,11
498,10,cpp_adv,0.004339,0.000045,0.000336,0.004721,29,35,11
499,10,seq,1.338889,0.000328,0.017480,1.356698,38,62,288
499,10,par,0.122382,0.037222,0.257553,0.417158,38,62,288
499,10,weights,0.128266,0.042215,0.314785,0.485266,38,62,288
499,10,cpp_seq,0.010169,0.000066,0.003335,0.013571,38,62,288
499,10,cpp_par,0.005494,0.000040,0.003473,0.009008,38,62,288
499,10,cpp_adv,0.005170,0.000041,0.003548,0.008760,38,62,288
500,10,seq,0.350703,0.000450,0.062512,0.413665,38,68,1024
500,10,par,0.088100,0.032800,0.287837,0.408737,38,68,1024
500,10,weights,0.121330,0.037460,0.282250,0.441040,38,68,1024
500,10,cpp_seq,0.002857,0.000068,0.012124,0.015052,38,68,1024
500,10,cpp_par,0.004773,0.000039,0.011928,0.016743,38,68,1024
500,10,cpp_adv,0.001857,0.000041,0.012933,0.014832,38,68,1024
501,10,seq,0.524009,0.000961,0.000202,0.525172,19,4,0
501,10,par,0.091749,0.036247,0.037434,0.165431,19,4,0
501,10,weights,0.093424,0.033701,0.000352,0.127478,19,4,0
501,10,cpp_seq,0.004297,0.000051,0.000016,0.004365,19,4,0
501,10,cpp_par,0.002554,0.000044,0.000019,0.002618,19,4,0
501,10,cpp_adv,0.002984,0.000042,0.000018,0.003045,19,4,0
502,10,seq,0.350913,0.000467,0.000541,0.351921,29,26,2
502,10,par,0.159560,0.034166,0.268426,0.462153,29,26,2
502,10,weights,0.150161,0.035639,0.270747,0.456548,29,26,2
502,10,cpp_seq,0.012932,0.000075,0.000109,0.013117,29,26,2
502,10,cpp_par,0.009062,0.000048,0.000148,0.009259,29,26,2
502,10,cpp_adv,0.005918,0.000044,0.000116,0.006078,29,26,2
503,10,seq,0.217019,0.000367,0.000391,0.217777,19,17,1
503,10,par,0.094312,0.032230,0.245605,0.372147,19,17,1
503,10,weights,0.103239,0.040490,0.258770,0.402500,19,17,1
503,10,cpp_seq,0.003661,0.000054,0.000066,0.003782,19,17,1
503,10,cpp_par,0.002234,0.000032,0.000064,0.002331,19,17,1
503,10,cpp_adv,0.001842,0.000031,0.000062,0.001936,19,17,1
504,10,seq,0.211669,0.000319,0.000313,0.212301,19,17,1
504,10,par,0.101425,0.032609,0.320962,0.454996,19,17,1
504,10,weights,0.158083,0.089532,0.323770,0.571385,19,17,1
504,10,cpp_seq,0.007564,0.000063,0.000076,0.007705,19,17,1
504,10,cpp_par,0.005036,0.000045,0.000176,0.005258,19,17,1
504,10,cpp_adv,0.003472,0.000033,0.000063,0.003568,19,17,1
505,10,seq,0.183610,0.000272,0.000309,0.184191,19,17,1
505,10,par,0.086624,0.033482,0.272639,0.392745,19,17,1
505,10,weights,0.098826,0.036005,0.245950,0.380781,19,17,1
505,10,cpp_seq,0.003536,0.000055,0.000065,0.003657,19,17,1
505,10,cpp_par,0.001864,0.000046,0.000065,0.001976,19,17,1
505,10,cpp_adv,0.001871,0.000032,0.000064,0.001968,19,17,1
506,10,seq,0.231221,0.000293,0.000118,0.231633,19,6,0
506,10,par,0.107274,0.039384,0.033932,0.180590,19,6,0
506,10,weights,0.175608,0.033768,0.000427,0.209804,19,6,0
506,10,cpp_seq,0.004123,0.000053,0.000017,0.004193,19,6,0
506,10,cpp_par,0.002475,0.000033,0.000016,0.002525,19,6,0
506,10,cpp_adv,0.002523,0.000041,0.000020,0.002586,19,6,0
507,10,seq,0.275091,0.000439,0.000600,0.276130,29,24,2
507,10,par,0.140496,0.032126,0.250677,0.423298,29,24,2
507,10,weights,0.110695,0.034100,0.252133,0.396929,29,24,2
507,10,cpp_seq,0.005671,0.000059,0.000131,0.005862,29,24,2
507,10,cpp_par,0.002988,0.000038,0.000135,0.003161,29,24,2
507,10,cpp_adv,0.003901,0.000048,0.000185,0.004134,29,24,2
508,10,seq,0.313930,0.000294,0.000238,0.314461,29,18,0
508,10,par,0.126619,0.033307,0.030334,0.190259,29,18,0
508,10,weights,0.131626,0.033609,0.032336,0.197572,29,18,0
508,10,cpp_seq,0.009290,0.000068,0.000030,0.009389,29,18,0
508,10,cpp_par,0.005103,0.000036,0.000020,0.005159,29,18,0
508,10,cpp_adv,0.004772,0.000034,0.000020,0.004827,29,18,0
509,10,seq,0.154173,0.000357,0.007226,0.161757,29,41,112
509,10,par,0.082938,0.031526,0.272897,0.387361,29,41,112
509,10,weights,0.083233,0.031016,0.252944,0.367194,29,41,112
509,10,cpp_seq,0.003253,0.000058,0.001554,0.004866,29,41,112
509,10,cpp_par,0.002271,0.000036,0.001531,0.003838,29,41,112
509,10,cpp_adv,0.001900,0.000037,0.001574,0.003512,29,41,112
510,10,seq,0.254315,0.000314,0.000287,0.254916,19,17,1
510,10,par,0.113522,0.035141,0.246487,0.395150,19,17,1
510,10,weights,0.099186,0.032302,0.241453,0.372942,19,17,1
510,10,cpp_seq,0.004940,0.000054,0.000065,0.005060,19,17,1
510,10,cpp_par,0.002814,0.000033,0.000064,0.002911,19,17,1
510,10,cpp_adv,0.002656,0.000034,0.000065,0.002755,19,17,1
511,10,seq,0.223697,0.000311,0.000323,0.224331,19,17,1
511,10,par,0.107498,0.038825,0.251628,0.397951,19,17,1
511,10,weights,0.105213,0.036601,0.253190,0.395004,19,17,1
511,10,cpp_seq,0.006707,0.000056,0.000066,0.006830,19,17,1
511,10,cpp_par,0.004162,0.000034,0.000066,0.004262,19,17,1
511,10,cpp_adv,0.003254,0.000032,0.000062,0.003348,19,17,1
512,10,seq,0.353862,0.000284,0.000536,0.354681,29,26,2
512,10,par,0.148639,0.031647,0.264591,0.444876,29,26,2
512,10,weights,0.149904,0.032528,0.341743,0.524175,29,26,2
512,10,cpp_seq,0.011030,0.000060,0.000097,0.011188,29,26,2
512,10,cpp_par,0.004781,0.000034,0.000093,0.004909,29,26,2
512,10,cpp_adv,0.006390,0.000036,0.000096,0.006523,29,26,2
513,10,seq,0.193727,0.000324,0.000119,0.194170,19,8,0
513,10,par,0.108313,0.038698,0.039610,0.186621,19,8,0
513,10,weights,0.104049,0.044198,0.000535,0.148782,19,8,0
513,10,cpp_seq,0.004507,0.000058,0.000020,0.004587,19,8,0
513,10,cpp_par,0.002264,0.000053,0.000016,0.002334,19,8,0
513,10,cpp_adv,0.001923,0.000031,0.000016,0.001971,19,8,0
514,10,seq,0.309952,0.000269,0.000335,0.310556,19,17,1
514,10,par,0.130557,0.034771,0.305328,0.470657,19,17,1
514,10,weights,0.129548,0.033230,0.290120,0.452898,19,17,1
514,10,cpp_seq,0.010945,0.000085,0.000105,0.011137,19,17,1
514,10,cpp_par,0.005659,0.000045,0.000074,0.005779,19,17,1
514,10,cpp_adv,0.006549,0.000041,0.000076,0.006667,19,17,1
515,10,seq,0.258182,0.000278,0.018553,0.277013,29,47,384
515,10,par,0.113864,0.035908,0.301293,0.451065,29,47,384
515,10,weights,0.123288,0.049105,0.311989,0.484382,29,47,384
515,10,cpp_seq,0.006680,0.000063,0.004559,0.011303,29,47,384
515,10,cpp_par,0.006431,0.000050,0.004846,0.011328,29,47,384
515,10,cpp_adv,0.003760,0.000036,0.004516,0.008313,29,47,384
516,10,seq,0.309319,0.000310,0.000093,0.309723,19,2,0
516,10,par,0.143176,0.044195,0.031891,0.219262,19,2,0
516,10,weights,0.209252,0.052474,0.000545,0.262270,19,2,0
516,10,cpp_seq,0.004257,0.000057,0.000018,0.004333,19,2,0
516,10,cpp_par,0.002901,0.000041,0.000020,0.002964,19,2,0
516,10,cpp_adv,0.002656,0.000034,0.000016,0.002706,19,2,0
517,10,seq,0.238514,0.000369,0.000166,0.239049,19,2,0
517,10,par,0.106042,0.046248,0.034777,0.187067,19,2,0
517,10,weights,0.110512,0.037554,0.000374,0.148440,19,2,0
517,10,cpp_seq,0.008108,0.000055,0.000017,0.008180,19,2,0
517,10,cpp_par,0.004656,0.000032,0.000016,0.004706,19,2,0
517,10,cpp_adv,0.003726,0.000047,0.000016,0.003789,19,2,0
518,10,seq,0.225312,0.000273,0.000340,0.225925,19,17,1
518,10,par,0.109924,0.039098,0.293368,0.442389,19,17,1
518,10,weights,0.112674,0.044880,0.283241,0.440795,19,17,1
518,10,cpp_seq,0.006682,0.000055,0.000066,0.006803,19,17,1
518,10,cpp_par,0.004180,0.000037,0.000064,0.004281,19,17,1
518,10,cpp_adv,0.004697,0.000044,0.000088,0.004830,19,17,1
519,10,seq,0.198324,0.000288,0.000312,0.198924,19,17,1
519,10,par,0.183848,0.035632,0.298856,0.518336,19,17,1
519,10,weights,0.098099,0.032875,0.258943,0.389918,19,17,1
519,10,cpp_seq,0.003234,0.000054,0.000064,0.003353,19,17,1
519,10,cpp_par,0.002224,0.000044,0.000087,0.002356,19,17,1
519,10,cpp_adv,0.001906,0.000035,0.000066,0.002008,19,17,1
520,10,seq,0.273996,0.000265,0.000091,0.274352,19,3,0
520,10,par,0.121006,0.037071,0.030640,0.188717,19,3,0
520,10,weights,0.120438,0.037941,0.000330,0.158709,19,3,0
520,10,cpp_seq,0.013250,0.000054,0.000020,0.013325,19,3,0
520,10,cpp_par,0.007724,0.000039,0.000020,0.007784,19,3,0
520,10,cpp_adv,0.008389,0.000072,0.000018,0.008479,19,3,0
521,10,seq,0.436100,0.000313,0.056937,0.493350,38,68,1024
521,10,par,0.209141,0.042948,0.407608,0.659697,38,68,1024
521,10,weights,0.182272,0.036114,0.318708,0.537095,38,68,1024
521,10,cpp_seq,0.010406,0.000066,0.012949,0.023422,38,68,1024
521,10,cpp_par,0.008585,0.000042,0.012441,0.021069,38,68,1024
521,10,cpp_adv,0.008103,0.000043,0.012747,0.020894,38,68,1024
522,10,seq,0.345560,0.000329,0.000317,0.346205,19,17,1
522,10,par,0.103240,0.046588,0.267107,0.416934,19,17,1
522,10,weights,0.106042,0.042130,0.305930,0.454102,19,17,1
522,10,cpp_seq,0.004584,0.000054,0.000065,0.004704,19,17,1
522,10,cpp_par,0.002713,0.000032,0.000079,0.002825,19,17,1
522,10,cpp_adv,0.002291,0.000040,0.000081,0.002414,19,17,1
523,10,seq,0.330329,0.000292,0.001722,0.332343,29,35,11
523,10,par,0.105979,0.034999,0.244476,0.385454,29,35,11
523,10,weights,0.195566,0.037737,0.271239,0.504543,29,35,11
523,10,cpp_seq,0.003495,0.000059,0.000351,0.003905,29,35,11
523,10,cpp_par,0.002227,0.000036,0.000339,0.002603,29,35,11
523,10,cpp_adv,0.002002,0.000036,0.000325,0.002364,29,35,11
524,10,seq,0.349607,0.000279,0.000197,0.350082,19,14,0
524,10,par,0.195321,0.030690,0.098128,0.324139,19,14,0
524,10,weights,0.157023,0.032863,0.095063,0.284949,19,14,0
524,10,cpp_seq,0.017419,0.000057,0.000033,0.017509,19,14,0
524,10,cpp_par,0.008242,0.000045,0.000031,0.008320,19,14,0
524,10,cpp_adv,0.007873,0.000033,0.000030,0.007937,19,14,0
525,10,seq,0.249804,0.000294,0.055640,0.305738,38,68,1024
525,10,par,0.164564,0.035509,0.387030,0.587103,38,68,1024
525,10,weights,0.130645,0.031038,0.286756,0.448439,38,68,1024
525,10,cpp_seq,0.005771,0.000085,0.013400,0.019257,38,68,1024
525,10,cpp_par,0.006074,0.000040,0.011957,0.018072,38,68,1024
525,10,cpp_adv,0.006711,0.000043,0.011940,0.018694,38,68,1024
526,10,seq,0.256676,0.000304,0.692736,0.949717,48,108,11472
526,10,par,1.558029,0.040677,0.665906,2.264612,48,108,11472
526,10,weights,0.125830,0.042558,0.593566,0.761955,48,108,11472
526,10,cpp_seq,0.007924,0.000088,0.131363,0.139377,48,108,11472
526,10,cpp_par,0.004851,0.000051,0.132025,0.136927,48,108,11472
526,10,cpp_adv,0.004177,0.000047,0.148272,0.152498,48,108,11472
527,10,seq,0.238672,0.000294,0.087697,0.326663,38,68,1024
527,10,par,0.112469,0.032316,0.297210,0.441995,38,68,1024
527,10,weights,0.120514,0.033298,0.320984,0.474795,38,68,1024
527,10,cpp_seq,0.004052,0.000087,0.014754,0.018895,38,68,1024
527,10,cpp_par,0.005440,0.000041,0.012175,0.017657,38,68,1024
527,10,cpp_adv,0.001761,0.000039,0.011834,0.013634,38,68,1024
528,10,seq,0.166543,0.000265,0.000117,0.166925,19,8,0
528,10,par,0.095189,0.031659,0.033111,0.159959,19,8,0
528,10,weights,0.080176,0.034976,0.000322,0.115474,19,8,0
528,10,cpp_seq,0.003383,0.000054,0.000019,0.003457,19,8,0
528,10,cpp_par,0.002150,0.000033,0.000017,0.002200,19,8,0
528,10,cpp_adv,0.002249,0.000044,0.000021,0.002315,19,8,0
529,10,seq,0.206609,0.000348,0.000426,0.207383,19,17,1
529,10,par,0.169907,0.031216,0.257287,0.458410,19,17,1
529,10,weights,0.096197,0.031527,0.251997,0.379721,19,17,1
529,10,cpp_seq,0.003921,0.000053,0.000064,0.004039,19,17,1
529,10,cpp_par,0.002338,0.000032,0.000063,0.002434,19,17,1
529,10,cpp_adv,0.002047,0.000032,0.000062,0.002141,19,17,1
530,10,seq,0.249028,0.000340,0.055967,0.305335,38,68,1024
530,10,par,0.114546,0.034662,0.286063,0.435271,38,68,1024
530,10,weights,0.106871,0.032638,0.294574,0.434083,38,68,1024
530,10,cpp_seq,0.003395,0.000066,0.012215,0.015677,38,68,1024
530,10,cpp_par,0.005585,0.000039,0.012084,0.017711,38,68,1024
530,10,cpp_adv,0.002162,0.000039,0.013567,0.015769,38,68,1024
531,10,seq,0.258610,0.000288,0.057523,0.316421,38,68,1024
531,10,par,0.147526,0.037437,0.295498,0.480461,38,68,1024
531,10,weights,0.115129,0.031951,0.277116,0.424195,38,68,1024
531,10,cpp_seq,0.004601,0.000067,0.012223,0.016891,38,68,1024
531,10,cpp_par,0.006773,0.000048,0.016496,0.023319,38,68,1024
531,10,cpp_adv,0.005525,0.000042,0.011681,0.017249,38,68,1024
532,10,seq,0.397353,0.000237,0.000093,0.397683,19,4,0
532,10,par,0.160697,0.031992,0.031211,0.223900,19,4,0
532,10,weights,0.153862,0.030340,0.000299,0.184500,19,4,0
532,10,cpp_seq,0.014810,0.000052,0.000016,0.014879,19,4,0
532,10,cpp_par,0.008061,0.000032,0.000015,0.008109,19,4,0
532,10,cpp_adv,0.008255,0.000032,0.000016,0.008304,19,4,0
533,10,seq,0.378757,0.000278,0.000294,0.379330,19,17,1
533,10,par,0.157894,0.031331,0.255940,0.445165,19,17,1
533,10,weights,0.152188,0.032768,0.258124,0.443080,19,17,1
533,10,cpp_seq,0.011543,0.000054,0.000077,0.011675,19,17,1
533,10,cpp_par,0.005690,0.000038,0.000069,0.005798,19,17,1
533,10,cpp_adv,0.005303,0.000032,0.000063,0.005400,19,17,1
534,10,seq,0.247242,0.000306,0.409031,0.656579,48,103,6530
534,10,par,0.112856,0.036738,0.437930,0.587524,48,103,6530
534,10,weights,0.143935,0.037656,0.622026,0.803617,48,103,6530
534,10,cpp_seq,0.006290,0.000075,0.074592,0.080958,48,103,6530
534,10,cpp_par,0.003290,0.000044,0.073751,0.077086,48,103,6530
534,10,cpp_adv,0.003740,0.000060,0.073094,0.076895,48,103,6530
535,10,seq,0.439226,0.000349,0.019071,0.458647,38,62,320
535,10,par,0.175317,0.035332,0.289381,0.500030,38,62,320
535,10,weights,0.158220,0.034816,0.314749,0.507785,38,62,320
535,10,cpp_seq,0.012279,0.000069,0.003909,0.016258,38,62,320
535,10,cpp_par,0.006906,0.000038,0.003624,0.010569,38,62,320
535,10,cpp_adv,0.005824,0.000038,0.004191,0.010054,38,62,320
536,10,seq,0.236257,0.000329,0.006322,0.242908,28,42,121
536,10,par,0.111540,0.032058,0.263746,0.407344,28,42,121
536,10,weights,0.109950,0.033670,0.273589,0.417209,28,42,121
536,10,cpp_seq,0.006824,0.000076,0.001612,0.008513,28,42,121
536,10,cpp_par,0.003704,0.000036,0.001429,0.005170,28,42,121
536,10,cpp_adv,0.003217,0.000036,0.001432,0.004686,28,42,121
537,10,seq,0.332021,0.000274,0.000264,0.332558,19,11,1
537,10,par,0.153415,0.036338,0.355969,0.545722,19,11,1
537,10,weights,0.140457,0.040028,0.277299,0.457783,19,11,1
537,10,cpp_seq,0.008618,0.000072,0.000118,0.008809,19,11,1
537,10,cpp_par,0.005167,0.000033,0.000060,0.005260,19,11,1
537,10,cpp_adv,0.004271,0.000032,0.000058,0.004362,19,11,1
538,10,seq,0.285758,0.000257,0.000356,0.286371,29,17,1
538,10,par,0.116631,0.038420,0.258429,0.413481,29,17,1
538,10,weights,0.116646,0.031577,0.288200,0.436423,29,17,1
538,10,cpp_seq,0.008130,0.000057,0.000067,0.008255,29,17,1
538,10,cpp_par,0.004309,0.000034,0.000064,0.004407,29,17,1
538,10,cpp_adv,0.004213,0.000039,0.000065,0.004317,29,17,1
539,10,seq,2.168753,0.000299,0.061639,2.230691,38,68,1024
539,10,par,0.093951,0.032738,0.372476,0.499165,38,68,1024
539,10,weights,0.205451,0.045955,0.400242,0.651648,38,68,1024
539,10,cpp_seq,0.006103,0.000068,0.012292,0.018465,38,68,1024
539,10,cpp_par,0.005879,0.000054,0.012038,0.017972,38,68,1024
539,10,cpp_adv,0.005542,0.000059,0.012148,0.017749,38,68,1024
540,10,seq,0.252299,0.000267,0.000354,0.252921,19,17,1
540,10,par,0.095816,0.034203,0.276641,0.406660,19,17,1
540,10,weights,1.308137,0.047302,0.265354,1.620794,19,17,1
540,10,cpp_seq,0.004348,0.000054,0.000065,0.004468,19,17,1
540,10,cpp_par,0.002416,0.000033,0.000063,0.002513,19,17,1
540,10,cpp_adv,0.003162,0.000034,0.000065,0.003262,19,17,1
541,10,seq,0.178603,0.000310,0.000346,0.179258,19,17,1
541,10,par,0.189566,0.032511,0.244603,0.466680,19,17,1
541,10,weights,0.083312,0.032155,0.299130,0.414597,19,17,1
541,10,cpp_seq,0.009574,0.000071,0.000088,0.009734,19,17,1
541,10,cpp_par,0.004312,0.000042,0.000086,0.004442,19,17,1
541,10,cpp_adv,0.004702,0.000045,0.000087,0.004835,19,17,1
542,10,seq,0.249588,0.000388,0.006388,0.256364,28,43,110
542,10,par,0.107311,0.032124,0.254022,0.393458,28,43,110
542,10,weights,0.114023,0.033345,0.260957,0.408325,28,43,110
542,10,cpp_seq,0.005605,0.000059,0.001492,0.007157,28,43,110
542,10,cpp_par,0.003621,0.000037,0.001489,0.005147,28,43,110
542,10,cpp_adv,0.003300,0.000037,0.001476,0.004813,28,43,110
543,10,seq,0.179074,0.000270,0.000119,0.179463,19,8,0
543,10,par,0.085145,0.031190,0.029740,0.146075,19,8,0
543,10,weights,0.086330,0.034590,0.000316,0.121236,19,8,0
543,10,cpp_seq,0.005749,0.000086,0.000019,0.005855,19,8,0
543,10,cpp_par,0.003321,0.000031,0.000015,0.003368,19,8,0
543,10,cpp_adv,0.003213,0.000033,0.000018,0.003264,19,8,0
544,10,seq,0.305203,0.000297,0.015905,0.321405,29,42,304
544,10,par,1.117864,0.032617,0.271128,1.421609,29,42,304
544,10,weights,0.223072,0.056403,0.400028,0.679502,29,42,304
544,10,cpp_seq,0.009018,0.000156,0.004087,0.013262,29,42,304
544,10,cpp_par,0.005560,0.000039,0.004118,0.009717,29,42,304
544,10,cpp_adv,0.005726,0.000052,0.004016,0.009794,29,42,304
545,10,seq,0.348387,0.000244,0.000092,0.348723,19,11,0
545,10,par,0.125240,0.038231,0.033392,0.196863,19,11,0
545,10,weights,0.180818,0.038250,0.000305,0.219374,19,11,0
545,10,cpp_seq,0.008869,0.000054,0.000020,0.008944,19,11,0
545,10,cpp_par,0.005198,0.000033,0.000019,0.005250,19,11,0
545,10,cpp_adv,0.004558,0.000032,0.000017,0.004607,19,11,0
546,10,seq,0.385243,0.000303,0.000298,0.385844,19,17,1
546,10,par,0.158297,0.032837,0.275419,0.466553,19,17,1
546,10,weights,0.136673,0.034773,0.251572,0.423018,19,17,1
546,10,cpp_seq,0.010369,0.000057,0.000068,0.010494,19,17,1
546,10,cpp_par,0.005908,0.000032,0.000063,0.006004,19,17,1
546,10,cpp_adv,0.005559,0.000042,0.000073,0.005674,19,17,1
547,10,seq,0.322263,0.000290,0.056737,0.379290,38,68,1024
547,10,par,1.150523,0.030435,0.278826,1.459783,38,68,1024
547,10,weights,0.091548,0.031460,0.296089,0.419097,38,68,1024
547,10,cpp_seq,0.003720,0.000069,0.012137,0.015927,38,68,1024
547,10,cpp_par,0.004859,0.000038,0.012185,0.017084,38,68,1024
547,10,cpp_adv,0.001984,0.000039,0.015373,0.017396,38,68,1024
548,10,seq,0.243169,0.000292,0.003214,0.246675,38,58,48
548,10,par,0.108157,0.031615,0.252709,0.392481,38,58,48
548,10,weights,0.112125,0.039465,0.256183,0.407772,38,58,48
548,10,cpp_seq,0.003387,0.000068,0.000698,0.004154,38,58,48
548,10,cpp_par,0.002329,0.000038,0.000581,0.002949,38,58,48
548,10,cpp_adv,0.001929,0.000038,0.000579,0.002547,38,58,48
549,10,seq,0.272629,0.000259,0.000124,0.273012,19,0,0
549,10,par,0.118413,0.031711,0.027249,0.177373,19,0,0
549,10,weights,0.116633,0.032902,0.000468,0.150002,19,0,0
549,10,cpp_seq,0.003280,0.000049,0.000015,0.003345,19,0,0
549,10,cpp_par,0.001957,0.000030,0.000013,0.002001,19,0,0
549,10,cpp_adv,0.001766,0.000030,0.000013,0.001809,19,0,0
550,10,seq,0.243445,0.000309,0.000136,0.243891,19,4,0
550,10,par,0.152648,0.034415,0.032443,0.219507,19,4,0
550,10,weights,0.107965,0.030679,0.000310,0.138954,19,4,0
550,10,cpp_seq,0.006474,0.000051,0.000016,0.006542,19,4,0
550,10,cpp_par,0.004035,0.000051,0.000016,0.004103,19,4,0
550,10,cpp_adv,0.003440,0.000031,0.000013,0.003485,19,4,0
551,10,seq,0.397513,0.000281,0.056064,0.453857,38,68,1024
551,10,par,0.154550,0.030777,0.305813,0.491141,38,68,1024
551,10,weights,0.146726,0.031661,0.289356,0.467743,38,68,1024
551,10,cpp_seq,0.013626,0.000067,0.012125,0.025820,38,68,1024
551,10,cpp_par,0.009873,0.000040,0.012003,0.021917,38,68,1024
551,10,cpp_adv,0.009652,0.000042,0.012013,0.021708,38,68,1024
552,10,seq,0.183059,0.000303,0.000442,0.183803,19,17,1
552,10,par,0.097001,0.030540,0.237405,0.364946,19,17,1
552,10,weights,0.095692,0.035246,0.244894,0.375832,19,17,1
552,10,cpp_seq,0.004476,0.000055,0.000066,0.004597,19,17,1
552,10,cpp_par,0.002751,0.000032,0.000063,0.002847,19,17,1
552,10,cpp_adv,0.002344,0.000031,0.000061,0.002437,19,17,1
553,10,seq,0.298437,0.000286,0.002722,0.301445,29,35,11
553,10,par,0.155597,0.032258,0.322786,0.510641,29,35,11
553,10,weights,0.132382,0.034218,0.251657,0.418257,29,35,11
553,10,cpp_seq,0.008789,0.000063,0.000329,0.009182,29,35,11
553,10,cpp_par,0.004673,0.000037,0.000330,0.005042,29,35,11
553,10,cpp_adv,0.004256,0.000035,0.000325,0.004616,29,35,11
554,10,seq,0.264156,0.000262,0.000148,0.264566,19,4,0
554,10,par,0.106797,0.032405,0.027777,0.166980,19,4,0
554,10,weights,0.114884,0.031307,0.000316,0.146507,19,4,0
554,10,cpp_seq,0.007149,0.000052,0.000018,0.007221,19,4,0
554,10,cpp_par,0.002946,0.000031,0.000016,0.002994,19,4,0
554,10,cpp_adv,0.002791,0.000031,0.000015,0.002837,19,4,0
555,10,seq,0.278223,0.000386,0.506044,0.784653,48,103,7704
555,10,par,0.115919,0.031072,0.508442,0.655433,48,103,7704
555,10,weights,0.124819,0.031086,0.626506,0.782411,48,103,7704
555,10,cpp_seq,0.003726,0.000076,0.089057,0.092861,48,103,7704
555,10,cpp_par,0.002860,0.000053,0.090918,0.093832,48,103,7704
555,10,cpp_adv,0.002079,0.000111,0.095597,0.097788,48,103,7704
556,10,seq,0.243597,0.000274,0.056019,0.299890,38,68,1024
556,10,par,0.093266,0.030055,0.287457,0.410778,38,68,1024
556,10,weights,0.092329,0.032037,0.289207,0.413573,38,68,1024
556,10,cpp_seq,0.004265,0.000067,0.011950,0.016283,38,68,1024
556,10,cpp_par,0.005249,0.000039,0.011784,0.017074,38,68,1024
556,10,cpp_adv,0.002242,0.000039,0.011971,0.014253,38,68,1024
557,10,seq,0.230232,0.000271,0.000398,0.230901,29,21,2
557,10,par,0.105801,0.031083,0.241190,0.378074,29,21,2
557,10,weights,0.103057,0.032504,0.241545,0.377106,29,21,2
557,10,cpp_seq,0.005387,0.000057,0.000115,0.005559,29,21,2
557,10,cpp_par,0.003096,0.000035,0.000105,0.003236,29,21,2
557,10,cpp_adv,0.002892,0.000035,0.000104,0.003031,29,21,2
558,10,seq,0.249759,0.000249,0.000312,0.250321,19,17,1
558,10,par,0.134672,0.050727,0.318501,0.503901,19,17,1
558,10,weights,0.118522,0.032924,0.260646,0.412092,19,17,1
558,10,cpp_seq,0.011938,0.000055,0.000066,0.012059,19,17,1
558,10,cpp_par,0.007162,0.000036,0.000067,0.007265,19,17,1
558,10,cpp_adv,0.006333,0.000032,0.000077,0.006443,19,17,1
559,10,seq,0.221504,0.000266,0.000324,0.222094,19,17,1
559,10,par,0.095616,0.031811,0.249289,0.376716,19,17,1
559,10,weights,0.099093,0.031489,0.253695,0.384277,19,17,1
559,10,cpp_seq,0.006098,0.000055,0.000065,0.006219,19,17,1
559,10,cpp_par,0.003483,0.000033,0.000064,0.003580,19,17,1
559,10,cpp_adv,0.003212,0.000033,0.000064,0.003309,19,17,1
560,10,seq,0.301193,0.000359,0.086742,0.388294,38,68,1024
560,10,par,0.125549,0.040809,0.283835,0.450192,38,68,1024
560,10,weights,0.117871,0.030967,0.475686,0.624524,38,68,1024
560,10,cpp_seq,0.005609,0.000066,0.012767,0.018444,38,68,1024
560,10,cpp_par,0.006900,0.000048,0.014501,0.021450,38,68,1024
560,10,cpp_adv,0.006094,0.000044,0.013463,0.019602,38,68,1024
561,10,seq,0.223170,0.000385,0.000162,0.223717,19,8,0
561,10,par,0.097238,0.031555,0.031039,0.159831,19,8,0
561,10,weights,0.110133,0.032248,0.000301,0.142682,19,8,0
561,10,cpp_seq,0.006792,0.000053,0.000017,0.006863,19,8,0
561,10,cpp_par,0.003806,0.000032,0.000017,0.003856,19,8,0
561,10,cpp_adv,0.003424,0.000031,0.000028,0.003484,19,8,0
562,10,seq,0.238693,0.000296,0.056739,0.295728,38,68,1024
562,10,par,0.100057,0.030869,0.285333,0.416260,38,68,1024
562,10,weights,0.128478,0.035195,0.286946,0.450619,38,68,1024
562,10,cpp_seq,0.004986,0.000067,0.012058,0.017113,38,68,1024
562,10,cpp_par,0.006283,0.000039,0.011659,0.017982,38,68,1024
562,10,cpp_adv,0.005836,0.000044,0.011975,0.017856,38,68,1024
563,10,seq,0.192710,0.000323,0.000324,0.193357,19,17,1
563,10,par,0.218023,0.034366,0.254607,0.506996,19,17,1
563,10,weights,0.099298,0.029891,0.244799,0.373988,19,17,1
563,10,cpp_seq,0.004767,0.000055,0.000065,0.004888,19,17,1
563,10,cpp_par,0.002711,0.000032,0.000063,0.002806,19,17,1
563,10,cpp_adv,0.002555,0.000032,0.000062,0.002649,19,17,1
564,10,seq,0.251308,0.000286,0.000439,0.252034,29,19,2
564,10,par,0.118355,0.031006,0.232259,0.381619,29,19,2
564,10,weights,0.162352,0.035391,0.249137,0.446880,29,19,2
564,10,cpp_seq,0.006231,0.000057,0.000103,0.006392,29,19,2
564,10,cpp_par,0.003824,0.000037,0.000110,0.003972,29,19,2
564,10,cpp_adv,0.003333,0.000039,0.000124,0.003497,29,19,2
565,10,seq,0.231314,0.000280,0.061436,0.293030,38,68,1024
565,10,par,0.104927,0.036516,0.291504,0.432947,38,68,1024
565,10,weights,0.100631,0.033637,0.276295,0.410562,38,68,1024
565,10,cpp_seq,0.019759,0.000387,0.032451,0.052602,38,68,1024
565,10,cpp_par,0.005564,0.000061,0.012365,0.017992,38,68,1024
565,10,cpp_adv,0.002419,0.000043,0.011905,0.014368,38,68,1024
566,10,seq,1.268841,0.000308,0.000420,1.269569,19,17,1
566,10,par,0.148631,0.032416,0.244610,0.425658,19,17,1
566,10,weights,0.103222,0.036984,0.248307,0.388514,19,17,1
566,10,cpp_seq,0.004939,0.000055,0.000065,0.005060,19,17,1
566,10,cpp_par,0.002901,0.000039,0.000080,0.003021,19,17,1
566,10,cpp_adv,0.003255,0.000035,0.000065,0.003356,19,17,1
567,10,seq,0.125815,0.000276,0.000325,0.126415,19,17,1
567,10,par,0.072248,0.033442,0.235818,0.341508,19,17,1
567,10,weights,0.074189,0.033750,0.242429,0.350368,19,17,1
567,10,cpp_seq,0.002148,0.000053,0.000063,0.002265,19,17,1
567,10,cpp_par,0.001317,0.000032,0.000064,0.001413,19,17,1
567,10,cpp_adv,0.001498,0.000040,0.000076,0.001615,19,17,1
568,10,seq,0.215659,0.000243,0.000092,0.215993,19,8,0
568,10,par,0.098741,0.030099,0.029596,0.158436,19,8,0
568,10,weights,0.096412,0.032207,0.000355,0.128974,19,8,0
568,10,cpp_seq,0.006446,0.000053,0.000018,0.006519,19,8,0
568,10,cpp_par,0.003551,0.000030,0.000015,0.003597,19,8,0
568,10,cpp_adv,0.003415,0.000031,0.000015,0.003462,19,8,0
569,10,seq,0.655567,0.000345,0.000456,0.656367,29,26,2
569,10,par,0.196617,0.031577,0.243958,0.472152,29,26,2
569,10,weights,0.194404,0.034644,0.247471,0.476519,29,26,2
569,10,cpp_seq,0.022832,0.000061,0.000090,0.022984,29,26,2
569,10,cpp_par,0.012347,0.000037,0.000090,0.012474,29,26,2
569,10,cpp_adv,0.012286,0.000037,0.000089,0.012413,29,26,2
570,10,seq,0.514067,0.000267,0.000236,0.514570,19,7,0
570,10,par,0.171531,0.038476,0.103043,0.313050,19,7,0
570,10,weights,0.173828,0.029603,0.135285,0.338715,19,7,0
570,10,cpp_seq,0.005737,0.000070,0.000063,0.005871,19,7,0
570,10,cpp_par,0.003961,0.000044,0.000035,0.004041,19,7,0
570,10,cpp_adv,0.002150,0.000032,0.000026,0.002208,19,7,0
571,10,seq,0.285569,0.000263,0.056839,0.342671,38,68,1024
571,10,par,0.116825,0.032674,0.287359,0.436859,38,68,1024
571,10,weights,0.117491,0.033045,0.284534,0.435069,38,68,1024
571,10,cpp_seq,0.006969,0.000066,0.012696,0.019732,38,68,1024
571,10,cpp_par,0.006743,0.000040,0.012201,0.018985,38,68,1024
571,10,cpp_adv,0.006470,0.000041,0.012534,0.019046,38,68,1024
572,10,seq,0.307937,0.000309,0.000125,0.308372,19,3,0
572,10,par,0.129733,0.106226,0.046226,0.282185,19,3,0
572,10,weights,0.128151,0.033261,0.000298,0.161709,19,3,0
572,10,cpp_seq,0.006138,0.000051,0.000018,0.006207,19,3,0
572,10,cpp_par,0.003220,0.000033,0.000018,0.003271,19,3,0
572,10,cpp_adv,0.003063,0.000032,0.000017,0.003112,19,3,0
573,10,seq,0.196460,0.000269,0.000095,0.196823,19,3,0
573,10,par,0.087566,0.030739,0.028228,0.146534,19,3,0
573,10,weights,0.103452,0.049165,0.000283,0.152900,19,3,0
573,10,cpp_seq,0.004015,0.000050,0.000015,0.004082,19,3,0
573,10,cpp_par,0.002682,0.000033,0.000016,0.002732,19,3,0
573,10,cpp_adv,0.002095,0.000031,0.000014,0.002140,19,3,0
574,10,seq,0.292741,0.000265,0.000117,0.293123,19,4,0
574,10,par,0.112209,0.034319,0.032386,0.178914,19,4,0
574,10,weights,0.118014,0.032566,0.000301,0.150880,19,4,0
574,10,cpp_seq,0.007477,0.000052,0.000018,0.007548,19,4,0
574,10,cpp_par,0.004375,0.000031,0.000016,0.004423,19,4,0
574,10,cpp_adv,0.004043,0.000030,0.000015,0.004088,19,4,0
575,10,seq,0.288565,0.000371,0.000402,0.289338,29,26,2
575,10,par,0.125217,0.030794,0.246590,0.402601,29,26,2
575,10,weights,0.121054,0.051963,0.265911,0.438928,29,26,2
575,10,cpp_seq,0.009751,0.000079,0.000231,0.010062,29,26,2
575,10,cpp_par,0.005435,0.000038,0.000113,0.005587,29,26,2
575,10,cpp_adv,0.004827,0.000036,0.000111,0.004975,29,26,2
576,10,seq,0.214826,0.000270,0.000282,0.215378,19,17,1
576,10,par,0.098754,0.030754,0.245641,0.375149,19,17,1
576,10,weights,0.091002,0.031013,0.237228,0.359243,19,17,1
576,10,cpp_seq,0.004904,0.000065,0.000076,0.005046,19,17,1
576,10,cpp_par,0.003051,0.000037,0.000077,0.003165,19,17,1
576,10,cpp_adv,0.002590,0.000032,0.000062,0.002685,19,17,1
577,10,seq,0.239027,0.000235,0.000090,0.239353,19,3,0
577,10,par,0.098583,0.031138,0.028177,0.157898,19,3,0
577,10,weights,0.098187,0.031371,0.000299,0.129857,19,3,0
577,10,cpp_seq,0.006964,0.000051,0.000018,0.007035,19,3,0
577,10,cpp_par,0.003985,0.000032,0.000015,0.004033,19,3,0
577,10,cpp_adv,0.003854,0.000052,0.000017,0.003923,19,3,0
578,10,seq,0.235423,0.000268,0.000325,0.236016,19,10,1
578,10,par,0.100321,0.033449,0.254781,0.388551,19,10,1
578,10,weights,0.112007,0.031677,0.239064,0.382748,19,10,1
578,10,cpp_seq,0.004476,0.000052,0.000059,0.004588,19,10,1
578,10,cpp_par,0.002893,0.000152,0.000076,0.003122,19,10,1
578,10,cpp_adv,0.002432,0.000031,0.000055,0.002519,19,10,1
579,10,seq,0.362634,0.000271,0.000374,0.363279,28,35,1
579,10,par,0.139368,0.030945,0.248722,0.419035,28,35,1
579,10,weights,0.141709,0.031769,0.234635,0.408113,28,35,1
579,10,cpp_seq,0.013678,0.000061,0.000085,0.013825,28,35,1
579,10,cpp_par,0.007340,0.000037,0.000084,0.007463,28,35,1
579,10,cpp_adv,0.006969,0.000045,0.000085,0.007099,28,35,1
580,10,seq,0.233456,0.000324,0.714558,0.948338,48,108,12158
580,10,par,0.120385,0.034523,0.637108,0.792016,48,108,12158
580,10,weights,0.108962,0.035066,0.718987,0.863014,48,108,12158
580,10,cpp_seq,0.004732,0.000075,0.136403,0.141211,48,108,12158
580,10,cpp_par,0.003668,0.000051,0.137888,0.141608,48,108,12158
580,10,cpp_adv,0.002950,0.000046,0.134496,0.137494,48,108,12158
581,10,seq,0.266367,0.000395,0.399928,0.666691,39,85,7303
581,10,par,0.110900,0.033526,0.486436,0.630861,39,85,7303
581,10,weights,0.116742,0.070985,0.501502,0.689230,39,85,7303
581,10,cpp_seq,0.004231,0.000154,0.082019,0.086406,39,85,7303
581,10,cpp_par,0.002211,0.000041,0.082351,0.084605,39,85,7303
581,10,cpp_adv,0.002322,0.000044,0.081387,0.083753,39,85,7303
582,10,seq,0.164587,0.000280,0.005905,0.170772,29,41,112
582,10,par,0.173731,0.033618,0.326112,0.533462,29,41,112
582,10,weights,0.090995,0.035478,0.304918,0.431391,29,41,112
582,10,cpp_seq,0.003566,0.000061,0.001879,0.005508,29,41,112
582,10,cpp_par,0.002972,0.000050,0.001676,0.004701,29,41,112
582,10,cpp_adv,0.004169,0.000052,0.002251,0.006473,29,41,112
583,10,seq,0.440178,0.000273,0.000265,0.440716,19,17,1
583,10,par,0.301117,0.043910,0.321608,0.666635,19,17,1
583,10,weights,0.158448,0.035493,0.272270,0.466210,19,17,1
583,10,cpp_seq,0.015673,0.000105,0.000087,0.015866,19,17,1
583,10,cpp_par,0.006564,0.000046,0.000084,0.006695,19,17,1
583,10,cpp_adv,0.008360,0.000042,0.000067,0.008469,19,17,1
584,10,seq,0.363215,0.000294,0.000129,0.363637,29,2,0
584,10,par,0.137596,0.032029,0.031363,0.200988,29,2,0
584,10,weights,0.144139,0.036994,0.000327,0.181460,29,2,0
584,10,cpp_seq,0.010033,0.000054,0.000016,0.010104,29,2,0
584,10,cpp_par,0.004910,0.000034,0.000017,0.004961,29,2,0
584,10,cpp_adv,0.004866,0.000032,0.000016,0.004915,29,2,0
585,10,seq,0.376604,0.000562,0.000387,0.377553,19,9,0
585,10,par,0.140453,0.037383,0.039152,0.216988,19,9,0
585,10,weights,0.209455,0.041538,0.039096,0.290089,19,9,0
585,10,cpp_seq,0.003860,0.000058,0.000021,0.003940,19,9,0
585,10,cpp_par,0.002046,0.000033,0.000016,0.002095,19,9,0
585,10,cpp_adv,0.001737,0.000032,0.000017,0.001786,19,9,0
586,10,seq,0.250763,0.000287,0.000119,0.251170,19,14,0
586,10,par,0.109392,0.052819,0.034744,0.196955,19,14,0
586,10,weights,0.112078,0.031866,0.000302,0.144246,19,14,0
586,10,cpp_seq,0.003953,0.000053,0.000019,0.004026,19,14,0
586,10,cpp_par,0.002375,0.000037,0.000021,0.002434,19,14,0
586,10,cpp_adv,0.002082,0.000031,0.000016,0.002129,19,14,0
587,10,seq,0.243685,0.000272,0.000310,0.244267,19,17,1
587,10,par,0.112277,0.033257,0.264598,0.410132,19,17,1
587,10,weights,0.110522,0.032120,0.258333,0.400975,19,17,1
587,10,cpp_seq,0.007847,0.000054,0.000065,0.007968,19,17,1
587,10,cpp_par,0.003348,0.000032,0.000064,0.003444,19,17,1
587,10,cpp_adv,0.003058,0.000075,0.000109,0.003243,19,17,1
588,10,seq,0.346181,0.000472,0.000122,0.346775,19,3,0
588,10,par,0.147227,0.035461,0.030965,0.213653,19,3,0
588,10,weights,0.132830,0.031037,0.000310,0.164177,19,3,0
588,10,cpp_seq,0.007525,0.000073,0.000020,0.007619,19,3,0
588,10,cpp_par,0.003997,0.000031,0.000016,0.004044,19,3,0
588,10,cpp_adv,0.003676,0.000045,0.000016,0.003737,19,3,0
589,10,seq,0.277636,0.000409,0.000479,0.278523,29,24,1
589,10,par,0.128905,0.035109,0.259872,0.423886,29,24,1
589,10,weights,0.125941,0.031417,0.251614,0.408971,29,24,1
589,10,cpp_seq,0.009087,0.000075,0.000098,0.009262,29,24,1
589,10,cpp_par,0.005145,0.000039,0.000088,0.005273,29,24,1
589,10,cpp_adv,0.005027,0.000039,0.000089,0.005156,29,24,1
590,10,seq,0.290523,0.000250,0.000257,0.291030,19,13,0
590,10,par,0.124785,0.032315,0.186272,0.343372,19,13,0
590,10,weights,0.121573,0.032177,0.189554,0.343303,19,13,0
590,10,cpp_seq,0.006505,0.000055,0.000048,0.006609,19,13,0
590,10,cpp_par,0.003588,0.000033,0.000046,0.003668,19,13,0
590,10,cpp_adv,0.003545,0.000032,0.000045,0.003622,19,13,0
591,10,seq,0.174437,0.000358,0.000179,0.174973,19,8,0
591,10,par,0.087953,0.039021,0.030412,0.157386,19,8,0
591,10,weights,0.091036,0.035387,0.000320,0.126743,19,8,0
591,10,cpp_seq,0.002374,0.000053,0.000018,0.002446,19,8,0
591,10,cpp_par,0.001528,0.000032,0.000017,0.001578,19,8,0
591,10,cpp_adv,0.001299,0.000031,0.000015,0.001346,19,8,0
592,10,seq,0.237820,0.000295,0.000383,0.238498,29,25,1
592,10,par,0.103318,0.036221,0.254688,0.394227,29,25,1
592,10,weights,0.100701,0.048552,0.255538,0.404792,29,25,1
592,10,cpp_seq,0.004521,0.000078,0.000095,0.004695,29,25,1
592,10,cpp_par,0.002570,0.000037,0.000087,0.002695,29,25,1
592,10,cpp_adv,0.002339,0.000034,0.000086,0.002459,29,25,1
593,10,seq,0.534302,0.000296,0.236111,0.770709,48,91,3174
593,10,par,0.197970,0.032129,0.378360,0.608459,48,91,3174
593,10,weights,0.273901,0.034706,0.629161,0.937768,48,91,3174
593,10,cpp_seq,0.019622,0.000096,0.037865,0.057585,48,91,3174
593,10,cpp_par,0.009838,0.000045,0.036490,0.046373,48,91,3174
593,10,cpp_adv,0.010461,0.000045,0.046478,0.056985,48,91,3174
594,10,seq,0.262353,0.000317,0.001955,0.264625,39,44,12
594,10,par,0.114558,0.039482,0.303378,0.457418,39,44,12
594,10,weights,0.106716,0.034182,0.249310,0.390207,39,44,12
594,10,cpp_seq,0.005140,0.000063,0.000392,0.005596,39,44,12
594,10,cpp_par,0.002896,0.000037,0.000388,0.003322,39,44,12
594,10,cpp_adv,0.002728,0.000038,0.000407,0.003173,39,44,12
595,10,seq,0.276228,0.000285,0.000350,0.276863,29,25,1
595,10,par,0.111689,0.036571,0.269114,0.417374,29,25,1
595,10,weights,0.111461,0.037112,0.256979,0.405553,29,25,1
595,10,cpp_seq,0.007428,0.000058,0.000075,0.007561,29,25,1
595,10,cpp_par,0.004136,0.000034,0.000075,0.004245,29,25,1
595,10,cpp_adv,0.004174,0.000036,0.000076,0.004286,29,25,1
596,10,seq,0.197262,0.000405,0.000443,0.198111,19,14,1
596,10,par,0.094909,0.035708,0.249155,0.379772,19,14,1
596,10,weights,0.169885,0.052891,0.281354,0.504129,19,14,1
596,10,cpp_seq,0.005047,0.000054,0.000063,0.005165,19,14,1
596,10,cpp_par,0.002556,0.000034,0.000063,0.002653,19,14,1
596,10,cpp_adv,0.002203,0.000033,0.000061,0.002298,19,14,1
597,10,seq,0.263191,0.000358,0.001287,0.264836,29,35,11
597,10,par,0.107415,0.037893,0.248320,0.393628,29,35,11
597,10,weights,0.110387,0.031831,0.263163,0.405381,29,35,11
597,10,cpp_seq,0.007118,0.000060,0.000329,0.007507,29,35,11
597,10,cpp_par,0.004000,0.000036,0.000329,0.004365,29,35,11
597,10,cpp_adv,0.003730,0.000036,0.000328,0.004094,29,35,11
598,10,seq,0.237068,0.000323,0.013349,0.250740,29,44,288
598,10,par,0.104486,0.035324,0.259333,0.399142,29,44,288
598,10,weights,0.103181,0.036892,0.315554,0.455627,29,44,288
598,10,cpp_seq,0.003485,0.000062,0.004565,0.008114,29,44,288
598,10,cpp_par,0.002508,0.000036,0.003669,0.006214,29,44,288
598,10,cpp_adv,0.002218,0.000036,0.003987,0.006243,29,44,288
599,10,seq,0.323195,0.000240,0.000115,0.323550,19,2,0
599,10,par,0.125689,0.040726,0.035638,0.202053,19,2,0
599,10,weights,0.140388,0.031701,0.000317,0.172406,19,2,0
599,10,cpp_seq,0.007104,0.000050,0.000016,0.007172,19,2,0
599,10,cpp_par,0.005802,0.000041,0.000018,0.005862,19,2,0
599,10,cpp_adv,0.003662,0.000030,0.000014,0.003706,19,2,0
600,10,seq,0.502175,0.000475,0.000496,0.503146,19,17,1
600,10,par,0.160492,0.035011,0.241245,0.436748,19,17,1
600,10,weights,0.148421,0.034612,0.248679,0.431712,19,17,1
600,10,cpp_seq,0.014243,0.000055,0.000065,0.014364,19,17,1
600,10,cpp_par,0.008050,0.000042,0.000066,0.008158,19,17,1
600,10,cpp_adv,0.007423,0.000034,0.000064,0.007521,19,17,1
601,10,seq,0.631604,0.000282,0.000413,0.632299,29,18,2
601,10,par,0.340816,0.067769,0.327384,0.735969,29,18,2
601,10,weights,0.323360,0.039353,0.278608,0.641321,29,18,2
601,10,cpp_seq,0.018491,0.000160,0.000105,0.018757,29,18,2
601,10,cpp_par,0.010159,0.000044,0.000182,0.010385,29,18,2
601,10,cpp_adv,0.009911,0.000043,0.000123,0.010077,29,18,2
602,10,seq,3.453228,0.000368,0.001307,3.454904,29,35,11
602,10,par,0.108299,0.032878,0.373707,0.514884,29,35,11
602,10,weights,0.121186,0.033354,0.264469,0.419009,29,35,11
602,10,cpp_seq,0.004179,0.000063,0.000401,0.004643,29,35,11
602,10,cpp_par,0.002206,0.000035,0.000320,0.002562,29,35,11
602,10,cpp_adv,0.003040,0.000047,0.000441,0.003529,29,35,11
603,10,seq,0.229769,0.000316,0.000372,0.230457,19,17,1
603,10,par,0.111693,0.037202,0.303911,0.452806,19,17,1
603,10,weights,0.135795,0.033498,0.306322,0.475615,19,17,1
603,10,cpp_seq,0.006903,0.000054,0.000065,0.007022,19,17,1
603,10,cpp_par,0.003608,0.000032,0.000078,0.003719,19,17,1
603,10,cpp_adv,0.004601,0.000046,0.000086,0.004734,19,17,1
604,10,seq,0.445007,0.000396,1.023071,1.468474,48,110,15425
604,10,par,0.203093,0.032356,0.831335,1.066785,48,110,15425
604,10,weights,0.178735,0.033757,0.806948,1.019440,48,110,15425
604,10,cpp_seq,0.013903,0.000075,0.178402,0.192381,48,110,15425
604,10,cpp_par,0.009197,0.000052,0.182206,0.191457,48,110,15425
604,10,cpp_adv,0.009815,0.000054,0.190798,0.200668,48,110,15425
605,10,seq,0.357878,0.000235,0.000090,0.358203,19,2,0
605,10,par,0.149350,0.031971,0.039871,0.221192,19,2,0
605,10,weights,0.243009,0.055747,0.000367,0.299123,19,2,0
605,10,cpp_seq,0.014714,0.000053,0.000017,0.014785,19,2,0
605,10,cpp_par,0.007605,0.000034,0.000017,0.007658,19,2,0
605,10,cpp_adv,0.007133,0.000042,0.000016,0.007191,19,2,0
606,10,seq,0.256647,0.000250,0.000312,0.257210,19,17,1
606,10,par,0.117423,0.036788,0.288599,0.442811,19,17,1
606,10,weights,0.110637,0.037913,0.292040,0.440590,19,17,1
606,10,cpp_seq,0.008442,0.000071,0.000074,0.008589,19,17,1
606,10,cpp_par,0.003013,0.000033,0.000065,0.003112,19,17,1
606,10,cpp_adv,0.002636,0.000033,0.000174,0.002844,19,17,1
607,10,seq,0.260020,0.000325,0.001287,0.261633,29,35,11
607,10,par,0.093351,0.033984,0.254332,0.381667,29,35,11
607,10,weights,0.107822,0.051610,0.286520,0.445952,29,35,11
607,10,cpp_seq,0.004423,0.000060,0.000330,0.004814,29,35,11
607,10,cpp_par,0.002466,0.000037,0.000349,0.002853,29,35,11
607,10,cpp_adv,0.002164,0.000035,0.000344,0.002544,29,35,11
608,10,seq,0.232360,0.000330,0.000126,0.232816,19,8,0
608,10,par,0.103438,0.035689,0.033151,0.172278,19,8,0
608,10,weights,0.099404,0.031435,0.000328,0.131167,19,8,0
608,10,cpp_seq,0.006405,0.000053,0.000020,0.006478,19,8,0
608,10,cpp_par,0.003513,0.000033,0.000016,0.003563,19,8,0
608,10,cpp_adv,0.003229,0.000031,0.000016,0.003277,19,8,0
609,10,seq,0.244035,0.000444,0.000357,0.244836,19,13,0
609,10,par,0.122082,0.035154,0.126904,0.284140,19,13,0
609,10,weights,0.132656,0.034865,0.110304,0.277825,19,13,0
609,10,cpp_seq,0.005192,0.000055,0.000031,0.005280,19,13,0
609,10,cpp_par,0.003076,0.000033,0.000030,0.003140,19,13,0
609,10,cpp_adv,0.002602,0.000031,0.000027,0.002661,19,13,0
610,10,seq,0.300690,0.000245,0.000402,0.301338,19,10,1
610,10,par,0.102793,0.036114,0.318070,0.456977,19,10,1
610,10,weights,0.098870,0.038900,0.269941,0.407711,19,10,1
610,10,cpp_seq,0.008656,0.000054,0.000058,0.008770,19,10,1
610,10,cpp_par,0.004504,0.000035,0.000079,0.004620,19,10,1
610,10,cpp_adv,0.004979,0.000034,0.000057,0.005071,19,10,1
611,10,seq,0.315727,0.000523,0.089829,0.406079,38,68,1024
611,10,par,0.136118,0.031891,0.292614,0.460623,38,68,1024
611,10,weights,0.124478,0.040667,0.304435,0.469580,38,68,1024
611,10,cpp_seq,0.008937,0.000067,0.012362,0.021367,38,68,1024
611,10,cpp_par,0.007917,0.000041,0.011880,0.019839,38,68,1024
611,10,cpp_adv,0.008948,0.000044,0.012062,0.021055,38,68,1024
612,10,seq,0.401843,0.000284,0.000124,0.402251,19,8,0
612,10,par,0.153841,0.031887,0.028829,0.214557,19,8,0
612,10,weights,0.151840,0.031436,0.000307,0.183583,19,8,0
612,10,cpp_seq,0.014214,0.000053,0.000018,0.014286,19,8,0
612,10,cpp_par,0.007807,0.000046,0.000017,0.007871,19,8,0
612,10,cpp_adv,0.007486,0.000029,0.000014,0.007530,19,8,0
613,10,seq,0.191079,0.000342,0.000118,0.191539,19,2,0
613,10,par,0.096535,0.033272,0.035289,0.165097,19,2,0
613,10,weights,0.113950,0.038875,0.000309,0.153133,19,2,0
613,10,cpp_seq,0.003827,0.000051,0.000017,0.003896,19,2,0
613,10,cpp_par,0.002254,0.000036,0.000093,0.002383,19,2,0
613,10,cpp_adv,0.002324,0.000069,0.000016,0.002410,19,2,0
614,10,seq,0.246929,0.000297,0.000312,0.247538,19,17,1
614,10,par,0.126191,0.035016,0.279809,0.441017,19,17,1
614,10,weights,0.115974,0.031913,0.243073,0.390960,19,17,1
614,10,cpp_seq,0.008685,0.000054,0.000065,0.008805,19,17,1
614,10,cpp_par,0.005133,0.000034,0.000066,0.005234,19,17,1
614,10,cpp_adv,0.004695,0.000032,0.000062,0.004790,19,17,1
615,10,seq,0.271496,0.000327,0.854100,1.125923,48,110,14695
615,10,par,0.198254,0.032667,0.673245,0.904167,48,110,14695
615,10,weights,0.126527,0.033931,0.646001,0.806459,48,110,14695
615,10,cpp_seq,0.006241,0.000094,0.165503,0.171841,48,110,14695
615,10,cpp_par,0.004832,0.000053,0.176898,0.181784,48,110,14695
615,10,cpp_adv,0.004521,0.000054,0.166645,0.171221,48,110,14695
616,10,seq,0.201607,0.000316,0.000308,0.202231,19,17,1
616,10,par,0.122414,0.034339,0.269997,0.426750,19,17,1
616,10,weights,0.095230,0.037928,0.257700,0.390858,19,17,1
616,10,cpp_seq,0.004003,0.000054,0.000086,0.004144,19,17,1
616,10,cpp_par,0.002249,0.000032,0.000063,0.002344,19,17,1
616,10,cpp_adv,0.002096,0.000033,0.000064,0.002193,19,17,1
617,10,seq,0.323750,0.000274,0.000102,0.324126,19,4,0
617,10,par,0.145642,0.034359,0.032173,0.212173,19,4,0
617,10,weights,0.148740,0.032358,0.000266,0.181364,19,4,0
617,10,cpp_seq,0.004227,0.000053,0.000017,0.004298,19,4,0
617,10,cpp_par,0.002496,0.000032,0.000015,0.002543,19,4,0
617,10,cpp_adv,0.002191,0.000030,0.000013,0.002234,19,4,0
618,10,seq,0.380692,0.000264,0.000120,0.381077,19,8,0
618,10,par,0.094860,0.035575,0.032670,0.163106,19,8,0
618,10,weights,0.102791,0.035318,0.000345,0.138454,19,8,0
618,10,cpp_seq,0.006717,0.000053,0.000018,0.006788,19,8,0
618,10,cpp_par,0.004301,0.000034,0.000018,0.004354,19,8,0
618,10,cpp_adv,0.003457,0.000031,0.000015,0.003503,19,8,0
619,10,seq,0.211593,0.000300,0.000372,0.212264,19,17,1
619,10,par,0.166723,0.040855,0.267554,0.475132,19,17,1
619,10,weights,0.104324,0.034345,0.355923,0.494592,19,17,1
619,10,cpp_seq,0.003148,0.000092,0.000078,0.003318,19,17,1
619,10,cpp_par,0.001388,0.000032,0.000077,0.001498,19,17,1
619,10,cpp_adv,0.001254,0.000032,0.000062,0.001349,19,17,1
620,10,seq,0.235607,0.000294,0.057157,0.293058,38,68,1024
620,10,par,0.111211,0.038459,0.318131,0.467801,38,68,1024
620,10,weights,0.097472,0.032551,0.512442,0.642465,38,68,1024
620,10,cpp_seq,0.004627,0.000068,0.012933,0.017629,38,68,1024
620,10,cpp_par,0.005511,0.000040,0.011925,0.017477,38,68,1024
620,10,cpp_adv,0.003301,0.000044,0.013947,0.017293,38,68,1024
621,10,seq,0.256475,0.000292,0.275716,0.532483,39,81,5657
621,10,par,0.113753,0.038059,0.410629,0.562440,39,81,5657
621,10,weights,0.141713,0.034261,0.423688,0.599661,39,81,5657
621,10,cpp_seq,0.007966,0.000070,0.065298,0.073335,39,81,5657
621,10,cpp_par,0.004494,0.000040,0.067515,0.072050,39,81,5657
621,10,cpp_adv,0.004862,0.000042,0.068539,0.073444,39,81,5657
622,10,seq,0.494657,0.000270,0.001732,0.496659,39,44,12
622,10,par,0.857006,0.034295,0.310189,1.201490,39,44,12
622,10,weights,0.192247,0.040166,0.270095,0.502508,39,44,12
622,10,cpp_seq,0.012852,0.000066,0.000406,0.013326,39,44,12
622,10,cpp_par,0.007931,0.000041,0.000392,0.008364,39,44,12
622,10,cpp_adv,0.006842,0.000042,0.000393,0.007278,39,44,12
623,10,seq,0.220882,0.000270,0.000394,0.221546,19,17,1
623,10,par,0.108707,0.038756,0.338754,0.486218,19,17,1
623,10,weights,0.211698,0.037322,0.282683,0.531703,19,17,1
623,10,cpp_seq,0.007234,0.000053,0.000064,0.007351,19,17,1
623,10,cpp_par,0.004330,0.000035,0.000065,0.004431,19,17,1
623,10,cpp_adv,0.004333,0.000079,0.000097,0.004510,19,17,1
624,10,seq,0.312193,0.000304,0.000185,0.312681,29,11,0
624,10,par,0.134024,0.033008,0.030860,0.197892,29,11,0
624,10,weights,0.142055,0.038520,0.033976,0.214551,29,11,0
624,10,cpp_seq,0.008385,0.000056,0.000023,0.008465,29,11,0
624,10,cpp_par,0.004266,0.000033,0.000020,0.004320,29,11,0
624,10,cpp_adv,0.004096,0.000096,0.000029,0.004222,29,11,0
625,10,seq,0.228173,0.000396,0.000308,0.228877,19,17,1
625,10,par,0.113832,0.044730,0.367037,0.525599,19,17,1
625,10,weights,0.140700,0.043242,0.295769,0.479710,19,17,1
625,10,cpp_seq,0.004110,0.000060,0.000071,0.004242,19,17,1
625,10,cpp_par,0.001881,0.000035,0.000107,0.002024,19,17,1
625,10,cpp_adv,0.001602,0.000035,0.000067,0.001705,19,17,1
626,10,seq,0.199744,0.000292,0.000299,0.200335,19,14,1
626,10,par,0.089656,0.042301,0.276835,0.408792,19,14,1
626,10,weights,0.090724,0.033015,0.294227,0.417966,19,14,1
626,10,cpp_seq,0.002342,0.000055,0.000063,0.002460,19,14,1
626,10,cpp_par,0.001495,0.000035,0.000074,0.001604,19,14,1
626,10,cpp_adv,0.001210,0.000032,0.000059,0.001302,19,14,1
627,10,seq,0.288146,0.000358,0.000468,0.288972,28,37,1
627,10,par,0.129490,0.032648,0.363871,0.526009,28,37,1
627,10,weights,0.190458,0.038002,0.270173,0.498632,28,37,1
627,10,cpp_seq,0.007829,0.000060,0.000089,0.007979,28,37,1
627,10,cpp_par,0.004507,0.000056,0.000089,0.004652,28,37,1
627,10,cpp_adv,0.004210,0.000057,0.000089,0.004357,28,37,1
628,10,seq,0.337088,0.000325,0.009567,0.346980,28,46,200
628,10,par,0.140335,0.032364,0.291805,0.464504,28,46,200
628,10,weights,0.136159,0.033063,0.266903,0.436125,28,46,200
628,10,cpp_seq,0.011288,0.000061,0.002341,0.013691,28,46,200
628,10,cpp_par,0.006709,0.000039,0.002341,0.009090,28,46,200
628,10,cpp_adv,0.006953,0.000036,0.002338,0.009328,28,46,200
629,10,seq,0.230419,0.000287,0.056579,0.287285,38,68,1024
629,10,par,0.095735,0.034289,0.334391,0.464415,38,68,1024
629,10,weights,0.095431,0.039326,0.287432,0.422189,38,68,1024
629,10,cpp_seq,0.004257,0.000068,0.011937,0.016264,38,68,1024
629,10,cpp_par,0.005848,0.000041,0.011821,0.017711,38,68,1024
629,10,cpp_adv,0.005223,0.000042,0.013793,0.019059,38,68,1024
630,10,seq,0.234483,0.000267,0.000120,0.234870,29,0,0
630,10,par,0.105112,0.032240,0.029155,0.166506,29,0,0
630,10,weights,0.116479,0.037250,0.000295,0.154024,29,0,0
630,10,cpp_seq,0.004602,0.000054,0.000017,0.004674,29,0,0
630,10,cpp_par,0.002479,0.000038,0.000016,0.002533,29,0,0
630,10,cpp_adv,0.002366,0.000031,0.000014,0.002411,29,0,0
631,10,seq,0.238814,0.000240,0.000171,0.239225,19,13,0
631,10,par,0.108533,0.032410,0.030416,0.171358,19,13,0
631,10,weights,0.110019,0.036961,0.030490,0.177470,19,13,0
631,10,cpp_seq,0.010899,0.000052,0.000018,0.010970,19,13,0
631,10,cpp_par,0.006786,0.000033,0.000018,0.006838,19,13,0
631,10,cpp_adv,0.005864,0.000030,0.000015,0.005910,19,13,0
632,10,seq,0.406971,0.000334,0.009700,0.417004,39,54,131
632,10,par,0.153175,0.034519,0.289357,0.477051,39,54,131
632,10,weights,0.232068,0.033681,0.263470,0.529220,39,54,131
632,10,cpp_seq,0.008339,0.000065,0.002090,0.010495,39,54,131
632,10,cpp_par,0.005057,0.000040,0.001833,0.006930,39,54,131
632,10,cpp_adv,0.004809,0.000041,0.002533,0.007384,39,54,131
633,10,seq,0.200577,0.000390,0.085980,0.286947,38,68,1024
633,10,par,0.100503,0.040241,0.310967,0.451711,38,68,1024
633,10,weights,0.094516,0.034975,0.301347,0.430838,38,68,1024
633,10,cpp_seq,0.003428,0.000068,0.012599,0.016096,38,68,1024
633,10,cpp_par,0.004815,0.000039,0.011868,0.016723,38,68,1024
633,10,cpp_adv,0.002002,0.000074,0.011520,0.013597,38,68,1024
634,10,seq,0.208571,0.000283,0.054753,0.263607,38,68,1024
634,10,par,0.108319,0.035189,0.290071,0.433579,38,68,1024
634,10,weights,0.092276,0.033187,0.305090,0.430553,38,68,1024
634,10,cpp_seq,0.004166,0.000066,0.012547,0.016779,38,68,1024
634,10,cpp_par,0.005227,0.000040,0.011996,0.017264,38,68,1024
634,10,cpp_adv,0.005221,0.000043,0.011903,0.017168,38,68,1024
635,10,seq,0.245113,0.000269,0.000313,0.245696,19,17,1
635,10,par,0.163413,0.058758,0.290165,0.512335,19,17,1
635,10,weights,0.107525,0.034423,0.261880,0.403827,19,17,1
635,10,cpp_seq,0.007095,0.000054,0.000065,0.007215,19,17,1
635,10,cpp_par,0.004203,0.000032,0.000064,0.004299,19,17,1
635,10,cpp_adv,0.003747,0.000033,0.000065,0.003845,19,17,1
636,10,seq,0.241398,0.000298,0.000123,0.241819,19,8,0
636,10,par,0.840252,0.035656,0.031590,0.907498,19,8,0
636,10,weights,0.093803,0.032861,0.000271,0.126935,19,8,0
636,10,cpp_seq,0.002035,0.000053,0.000017,0.002106,19,8,0
636,10,cpp_par,0.001346,0.000031,0.000016,0.001393,19,8,0
636,10,cpp_adv,0.001135,0.000039,0.000017,0.001191,19,8,0
637,10,seq,0.213205,0.000320,0.000189,0.213714,19,8,0
637,10,par,0.137213,0.038440,0.030603,0.206256,19,8,0
637,10,weights,0.179075,0.055083,0.000334,0.234492,19,8,0
637,10,cpp_seq,0.006342,0.000064,0.000023,0.006431,19,8,0
637,10,cpp_par,0.003716,0.000032,0.000017,0.003766,19,8,0
637,10,cpp_adv,0.003072,0.000030,0.000015,0.003117,19,8,0
638,10,seq,0.424590,0.000310,0.901776,1.326676,48,110,14750
638,10,par,0.199405,0.032579,0.733189,0.965172,48,110,14750
638,10,weights,0.166556,0.034002,0.768605,0.969164,48,110,14750
638,10,cpp_seq,0.015513,0.000073,0.166994,0.182581,48,110,14750
638,10,cpp_par,0.009978,0.000054,0.166476,0.176510,48,110,14750
638,10,cpp_adv,0.009587,0.000054,0.165095,0.174737,48,110,14750
639,10,seq,0.340866,0.000332,0.000223,0.341421,29,19,0
639,10,par,0.151855,0.031142,0.029930,0.212927,29,19,0
639,10,weights,0.138321,0.031563,0.030325,0.200209,29,19,0
639,10,cpp_seq,0.009204,0.000057,0.000023,0.009285,29,19,0
639,10,cpp_par,0.004939,0.000035,0.000020,0.004994,29,19,0
639,10,cpp_adv,0.004893,0.000034,0.000020,0.004948,29,19,0
640,10,seq,0.190748,0.000282,0.000139,0.191168,19,8,0
640,10,par,0.081946,0.030488,0.029159,0.141593,19,8,0
640,10,weights,0.094075,0.033346,0.000388,0.127809,19,8,0
640,10,cpp_seq,0.005784,0.000054,0.000018,0.005857,19,8,0
640,10,cpp_par,0.003766,0.000032,0.000017,0.003816,19,8,0
640,10,cpp_adv,0.002987,0.000031,0.000015,0.003034,19,8,0
641,10,seq,0.284507,0.000254,0.000236,0.284998,29,14,0
641,10,par,0.110579,0.031782,0.139603,0.281964,29,14,0
641,10,weights,0.185748,0.041030,0.119362,0.346140,29,14,0
641,10,cpp_seq,0.008665,0.000100,0.000037,0.008803,29,14,0
641,10,cpp_par,0.003715,0.000034,0.000032,0.003782,29,14,0
641,10,cpp_adv,0.003476,0.000033,0.000031,0.003540,29,14,0
642,10,seq,0.277979,0.000302,0.000241,0.278522,19,9,0
642,10,par,0.114456,0.036574,0.029250,0.180280,19,9,0
642,10,weights,0.114491,0.032838,0.030004,0.177334,19,9,0
642,10,cpp_seq,0.009558,0.000053,0.000021,0.009633,19,9,0
642,10,cpp_par,0.005623,0.000036,0.000022,0.005682,19,9,0
642,10,cpp_adv,0.005602,0.000054,0.000024,0.005681,19,9,0
643,10,seq,0.332733,0.000294,0.000118,0.333145,29,16,0
643,10,par,0.122562,0.032619,0.029119,0.184299,29,16,0
643,10,weights,0.124815,0.033233,0.000299,0.158346,29,16,0
643,10,cpp_seq,0.007414,0.000057,0.000016,0.007488,29,16,0
643,10,cpp_par,0.004214,0.000035,0.000015,0.004265,29,16,0
643,10,cpp_adv,0.003973,0.000033,0.000015,0.004021,29,16,0
644,10,seq,0.345520,0.000240,0.000087,0.345846,19,8,0
644,10,par,0.124010,0.036689,0.033142,0.193841,19,8,0
644,10,weights,0.135041,0.035372,0.000308,0.170721,19,8,0
644,10,cpp_seq,0.011340,0.000073,0.000022,0.011437,19,8,0
644,10,cpp_par,0.006381,0.000034,0.000018,0.006434,19,8,0
644,10,cpp_adv,0.005868,0.000031,0.000015,0.005914,19,8,0
645,10,seq,0.375301,0.000302,0.825173,1.200775,48,109,14244
645,10,par,0.210952,0.062350,0.715349,0.988651,48,109,14244
645,10,weights,0.240477,0.040918,0.626573,0.907967,48,109,14244
645,10,cpp_seq,0.008534,0.000075,0.174571,0.183181,48,109,14244
645,10,cpp_par,0.007084,0.000050,0.175875,0.183011,48,109,14244
645,10,cpp_adv,0.004851,0.000053,0.169579,0.174485,48,109,14244
646,10,seq,0.342604,0.000265,0.000120,0.342988,19,2,0
646,10,par,0.121397,0.034818,0.043783,0.199998,19,2,0
646,10,weights,0.166526,0.078391,0.000395,0.245312,19,2,0
646,10,cpp_seq,0.007775,0.000068,0.000023,0.007867,19,2,0
646,10,cpp_par,0.003462,0.000033,0.000018,0.003514,19,2,0
646,10,cpp_adv,0.003148,0.000033,0.000017,0.003198,19,2,0
647,10,seq,0.252146,0.000339,0.000378,0.252863,19,17,1
647,10,par,0.148994,0.037457,0.363337,0.549789,19,17,1
647,10,weights,0.137734,0.058615,0.495723,0.692072,19,17,1
647,10,cpp_seq,0.004758,0.000054,0.000065,0.004878,19,17,1
647,10,cpp_par,0.002493,0.000037,0.000065,0.002596,19,17,1
647,10,cpp_adv,0.002529,0.000035,0.000064,0.002628,19,17,1
648,10,seq,0.539880,0.000321,0.000124,0.540325,19,4,0
648,10,par,0.408281,0.067162,0.080221,0.555664,19,4,0
648,10,weights,0.191787,0.034900,0.000306,0.226992,19,4,0
648,10,cpp_seq,0.014887,0.000064,0.000023,0.014974,19,4,0
648,10,cpp_par,0.007958,0.000034,0.000019,0.008010,19,4,0
648,10,cpp_adv,0.007373,0.000050,0.000016,0.007440,19,4,0
649,10,seq,0.265247,0.000345,0.062421,0.328013,38,68,1024
649,10,par,0.187533,0.099304,0.475931,0.762769,38,68,1024
649,10,weights,0.143292,0.037871,0.437292,0.618455,38,68,1024
649,10,cpp_seq,0.004577,0.000087,0.012879,0.017544,38,68,1024
649,10,cpp_par,0.008039,0.000045,0.016865,0.024951,38,68,1024
649,10,cpp_adv,0.006438,0.000056,0.013303,0.019798,38,68,1024
650,10,seq,0.243757,0.001196,0.000519,0.245471,19,17,1
650,10,par,0.124492,0.050583,0.345033,0.520108,19,17,1
650,10,weights,0.207978,0.063365,0.379163,0.650507,19,17,1
650,10,cpp_seq,0.009818,0.000076,0.000089,0.009985,19,17,1
650,10,cpp_par,0.005363,0.000048,0.000083,0.005495,19,17,1
650,10,cpp_adv,0.009026,0.001093,0.000098,0.010219,19,17,1
651,10,seq,0.236804,0.000292,0.000436,0.237531,19,17,1
651,10,par,0.120872,0.043036,0.289004,0.452912,19,17,1
651,10,weights,0.121941,0.039489,0.297154,0.458585,19,17,1
651,10,cpp_seq,0.005254,0.000106,0.000066,0.005427,19,17,1
651,10,cpp_par,0.003206,0.000035,0.000066,0.003307,19,17,1
651,10,cpp_adv,0.002660,0.000032,0.000062,0.002755,19,17,1
652,10,seq,0.393133,0.000285,0.055547,0.448965,38,68,1024
652,10,par,0.153222,0.033078,0.426046,0.612346,38,68,1024
652,10,weights,0.236667,0.045793,0.347811,0.630272,38,68,1024
652,10,cpp_seq,0.044293,0.000088,0.024920,0.069302,38,68,1024
652,10,cpp_par,0.009857,0.000041,0.012364,0.022263,38,68,1024
652,10,cpp_adv,0.009415,0.000048,0.011764,0.021229,38,68,1024
653,10,seq,0.376488,0.000490,0.005969,0.382946,28,42,98
653,10,par,0.220776,0.036474,0.279755,0.537005,28,42,98
653,10,weights,0.130426,0.041036,0.299071,0.470532,28,42,98
653,10,cpp_seq,0.008944,0.000061,0.001320,0.010326,28,42,98
653,10,cpp_par,0.005330,0.000038,0.001292,0.006661,28,42,98
653,10,cpp_adv,0.004831,0.000036,0.001307,0.006174,28,42,98
654,10,seq,0.291988,0.000305,0.918490,1.210783,48,110,15488
654,10,par,0.320981,0.032397,0.798254,1.151632,48,110,15488
654,10,weights,2.727847,0.055490,1.230725,4.014062,48,110,15488
654,10,cpp_seq,0.006226,0.000075,0.189968,0.196270,48,110,15488
654,10,cpp_par,0.004829,0.000052,0.174781,0.179662,48,110,15488
654,10,cpp_adv,0.004456,0.000052,0.172579,0.177087,48,110,15488
655,10,seq,0.317304,0.000506,0.065356,0.383166,38,68,1024
655,10,par,0.119006,0.034425,0.321357,0.474788,38,68,1024
655,10,weights,0.111740,0.085864,0.346919,0.544523,38,68,1024
655,10,cpp_seq,0.006858,0.000067,0.012087,0.019014,38,68,1024
655,10,cpp_par,0.006797,0.000041,0.013770,0.020610,38,68,1024
655,10,cpp_adv,0.006123,0.000040,0.011928,0.018092,38,68,1024
656,10,seq,0.264875,0.000283,0.006073,0.271232,29,41,117
656,10,par,0.113291,0.035681,0.295233,0.444206,29,41,117
656,10,weights,0.118113,0.037781,0.278469,0.434363,29,41,117
656,10,cpp_seq,0.011007,0.000062,0.001623,0.012693,29,41,117
656,10,cpp_par,0.006189,0.000037,0.001587,0.007813,29,41,117
656,10,cpp_adv,0.005879,0.000036,0.001562,0.007477,29,41,117
657,10,seq,0.329106,0.000239,0.000091,0.329436,19,1,0
657,10,par,0.139336,0.034392,0.030069,0.203796,19,1,0
657,10,weights,0.147604,0.034225,0.000299,0.182128,19,1,0
657,10,cpp_seq,0.008088,0.000052,0.000016,0.008157,19,1,0
657,10,cpp_par,0.004275,0.000029,0.000013,0.004318,19,1,0
657,10,cpp_adv,0.004380,0.000034,0.000017,0.004432,19,1,0
658,10,seq,0.262335,0.000419,0.000183,0.262938,19,4,0
658,10,par,0.111237,0.036128,0.035018,0.182382,19,4,0
658,10,weights,0.104586,0.033426,0.000304,0.138316,19,4,0
658,10,cpp_seq,0.003948,0.000053,0.000019,0.004021,19,4,0
658,10,cpp_par,0.002476,0.000033,0.000019,0.002529,19,4,0
658,10,cpp_adv,0.002073,0.000031,0.000018,0.002123,19,4,0
659,10,seq,0.328786,0.000509,0.000098,0.329393,19,1,0
659,10,par,0.162427,0.045234,0.037960,0.245621,19,1,0
659,10,weights,0.129044,0.037162,0.000347,0.166553,19,1,0
659,10,cpp_seq,0.003965,0.000051,0.000016,0.004033,19,1,0
659,10,cpp_par,0.002381,0.000032,0.000015,0.002428,19,1,0
659,10,cpp_adv,0.002122,0.000039,0.000019,0.002182,19,1,0
660,10,seq,0.179661,0.000631,0.000145,0.180437,19,8,0
660,10,par,0.088615,0.036998,0.035880,0.161494,19,8,0
660,10,weights,0.089963,0.035948,0.000429,0.126339,19,8,0
660,10,cpp_seq,0.004045,0.000052,0.000018,0.004117,19,8,0
660,10,cpp_par,0.002108,0.000032,0.000017,0.002158,19,8,0
660,10,cpp_adv,0.002121,0.000051,0.000026,0.002199,19,8,0
661,10,seq,0.215339,0.000303,0.000421,0.216064,19,17,1
661,10,par,0.100561,0.033664,0.274847,0.409072,19,17,1
661,10,weights,0.104013,0.036376,0.286163,0.426552,19,17,1
661,10,cpp_seq,0.005469,0.000056,0.000067,0.005592,19,17,1
661,10,cpp_par,0.004604,0.000045,0.000113,0.004764,19,17,1
661,10,cpp_adv,0.004726,0.000046,0.000085,0.004857,19,17,1
662,10,seq,0.309343,0.000267,0.000117,0.309727,19,8,0
662,10,par,0.128905,0.035768,0.053145,0.217819,19,8,0
662,10,weights,0.212833,0.032335,0.000311,0.245479,19,8,0
662,10,cpp_seq,0.014280,0.000054,0.000018,0.014353,19,8,0
662,10,cpp_par,0.008072,0.000042,0.000019,0.008133,19,8,0
662,10,cpp_adv,0.007093,0.000118,0.000020,0.007232,19,8,0
663,10,seq,0.228054,0.000265,0.000308,0.228627,19,17,1
663,10,par,0.157107,0.049312,0.306773,0.513192,19,17,1
663,10,weights,0.104719,0.037350,0.284876,0.426944,19,17,1
663,10,cpp_seq,0.006254,0.000058,0.000083,0.006396,19,17,1
663,10,cpp_par,0.003360,0.000033,0.000066,0.003460,19,17,1
663,10,cpp_adv,0.004073,0.000045,0.000087,0.004206,19,17,1
664,10,seq,0.325457,0.000248,0.000120,0.325824,29,0,0
664,10,par,0.129868,0.032883,0.034494,0.197245,29,0,0
664,10,weights,0.128807,0.042361,0.000408,0.171575,29,0,0
664,10,cpp_seq,0.015362,0.000063,0.000018,0.015445,29,0,0
664,10,cpp_par,0.007939,0.000037,0.000018,0.007995,29,0,0
664,10,cpp_adv,0.009295,0.000044,0.000019,0.009358,29,0,0
665,10,seq,0.287789,0.000289,0.022917,0.310995,29,48,512
665,10,par,0.145945,0.035347,0.274839,0.456131,29,48,512
665,10,weights,0.120307,0.034872,0.280248,0.435426,29,48,512
665,10,cpp_seq,0.006801,0.000082,0.005900,0.012785,29,48,512
665,10,cpp_par,0.005302,0.000037,0.005545,0.010885,29,48,512
665,10,cpp_adv,0.005047,0.000038,0.005568,0.010653,29,48,512
666,10,seq,0.239529,0.000291,0.000335,0.240154,19,17,1
666,10,par,0.110822,0.037270,0.272332,0.420424,19,17,1
666,10,weights,0.112186,0.039273,0.301820,0.453279,19,17,1
666,10,cpp_seq,0.004909,0.000077,0.000088,0.005075,19,17,1
666,10,cpp_par,0.002797,0.000033,0.000063,0.002894,19,17,1
666,10,cpp_adv,0.002474,0.000033,0.000064,0.002571,19,17,1
667,10,seq,0.152165,0.000460,0.000529,0.153154,19,17,1
667,10,par,0.084366,0.035397,0.389075,0.508838,19,17,1
667,10,weights,0.102839,0.037050,0.287601,0.427489,19,17,1
667,10,cpp_seq,0.002268,0.000053,0.000064,0.002386,19,17,1
667,10,cpp_par,0.001402,0.000031,0.000063,0.001497,19,17,1
667,10,cpp_adv,0.001281,0.000032,0.000062,0.001375,19,17,1
668,10,seq,0.458785,0.000281,0.003159,0.462224,29,34,48
668,10,par,0.227237,0.035356,0.292152,0.554745,29,34,48
668,10,weights,0.246106,0.035340,0.288179,0.569625,29,34,48
668,10,cpp_seq,0.020210,0.000062,0.000996,0.021269,29,34,48
668,10,cpp_par,0.012038,0.000042,0.000966,0.013046,29,34,48
668,10,cpp_adv,0.010664,0.000038,0.000996,0.011699,29,34,48
669,10,seq,0.422414,0.000417,0.093627,0.516458,38,68,1024
669,10,par,0.147788,0.037043,0.318650,0.503481,38,68,1024
669,10,weights,0.235045,0.048944,0.396374,0.680362,38,68,1024
669,10,cpp_seq,0.007912,0.000066,0.013392,0.021371,38,68,1024
669,10,cpp_par,0.006813,0.000039,0.011741,0.018594,38,68,1024
669,10,cpp_adv,0.006297,0.000041,0.011998,0.018337,38,68,1024
670,10,seq,0.462244,0.000276,0.000374,0.462894,29,26,1
670,10,par,0.193649,0.035687,0.296667,0.526003,29,26,1
670,10,weights,0.208866,0.032712,0.324698,0.566276,29,26,1
670,10,cpp_seq,0.026728,0.000067,0.000103,0.026899,29,26,1
670,10,cpp_par,0.011487,0.000038,0.000120,0.011646,29,26,1
670,10,cpp_adv,0.011101,0.000037,0.000097,0.011237,29,26,1
671,10,seq,0.574141,0.000310,0.000069,0.574520,29,4,0
671,10,par,0.207021,0.030684,0.030919,0.268624,29,4,0
671,10,weights,0.249421,0.037509,0.000418,0.287348,29,4,0
671,10,cpp_seq,0.015486,0.000062,0.000020,0.015568,29,4,0
671,10,cpp_par,0.008972,0.000034,0.000018,0.009025,29,4,0
671,10,cpp_adv,0.007421,0.000038,0.000022,0.007482,29,4,0
672,10,seq,0.388029,0.000522,0.000230,0.388781,19,6,0
672,10,par,0.223527,0.044826,0.038222,0.306575,19,6,0
672,10,weights,0.116126,0.047719,0.000385,0.164231,19,6,0
672,10,cpp_seq,0.004277,0.000061,0.000023,0.004362,19,6,0
672,10,cpp_par,0.003075,0.000043,0.000019,0.003138,19,6,0
672,10,cpp_adv,0.001951,0.000032,0.000014,0.001998,19,6,0
673,10,seq,0.353006,0.000282,0.000150,0.353439,29,1,0
673,10,par,0.268900,0.035707,0.032136,0.336743,29,1,0
673,10,weights,0.108577,0.037421,0.000322,0.146319,29,1,0
673,10,cpp_seq,0.004285,0.000053,0.000017,0.004356,29,1,0
673,10,cpp_par,0.002423,0.000035,0.000017,0.002475,29,1,0
673,10,cpp_adv,0.002381,0.000045,0.000044,0.002471,29,1,0
674,10,seq,2.101648,0.000272,0.000118,2.102039,19,11,0
674,10,par,0.116685,0.036930,0.036086,0.189701,19,11,0
674,10,weights,0.099976,0.038082,0.000353,0.138411,19,11,0
674,10,cpp_seq,0.006606,0.000054,0.000018,0.006679,19,11,0
674,10,cpp_par,0.010168,0.000063,0.000024,0.010257,19,11,0
674,10,cpp_adv,0.016157,0.000090,0.000028,0.016275,19,11,0
675,10,seq,0.259706,0.000274,0.000355,0.260336,19,17,1
675,10,par,0.090646,0.034383,0.290187,0.415217,19,17,1
675,10,weights,0.107161,0.039937,0.331617,0.478716,19,17,1
675,10,cpp_seq,0.006215,0.000069,0.000074,0.006359,19,17,1
675,10,cpp_par,0.003900,0.000048,0.000089,0.004038,19,17,1
675,10,cpp_adv,0.004307,0.000042,0.000070,0.004420,19,17,1
676,10,seq,0.588822,0.000300,0.482237,1.071359,48,103,7484
676,10,par,0.263619,0.044521,0.511788,0.819929,48,103,7484
676,10,weights,0.225770,0.044758,0.845079,1.115608,48,103,7484
676,10,cpp_seq,0.017921,0.000075,0.089036,0.107033,48,103,7484
676,10,cpp_par,0.012518,0.000051,0.091317,0.103888,48,103,7484
676,10,cpp_adv,0.014490,0.000062,0.087816,0.102369,48,103,7484
677,10,seq,1.213519,0.000364,0.122791,1.336675,38,68,1024
677,10,par,0.254844,0.065181,0.436739,0.756764,38,68,1024
677,10,weights,0.200419,0.042037,0.460362,0.702818,38,68,1024
677,10,cpp_seq,0.010149,0.000084,0.013079,0.023313,38,68,1024
677,10,cpp_par,0.008523,0.000042,0.012449,0.021016,38,68,1024
677,10,cpp_adv,0.005364,0.000040,0.012049,0.017453,38,68,1024
678,10,seq,0.246389,0.000363,0.000355,0.247106,19,17,1
678,10,par,0.147885,0.055838,0.426449,0.630172,19,17,1
678,10,weights,0.144258,0.049880,0.337542,0.531680,19,17,1
678,10,cpp_seq,0.006920,0.000076,0.000078,0.007076,19,17,1
678,10,cpp_par,0.003739,0.000037,0.000070,0.003846,19,17,1
678,10,cpp_adv,0.004368,0.000037,0.000081,0.004487,19,17,1
679,10,seq,0.312574,0.000481,0.092985,0.406040,38,68,1024
679,10,par,0.144019,0.060757,0.357697,0.562473,38,68,1024
679,10,weights,0.135286,0.038923,0.368389,0.542598,38,68,1024
679,10,cpp_seq,0.006067,0.000067,0.012980,0.019115,38,68,1024
679,10,cpp_par,0.008737,0.000055,0.013472,0.022266,38,68,1024
679,10,cpp_adv,0.005881,0.000050,0.012759,0.018691,38,68,1024
680,10,seq,0.302789,0.000323,0.847534,1.150646,48,108,13204
680,10,par,0.129796,0.036822,0.742303,0.908920,48,108,13204
680,10,weights,0.158530,0.047651,0.726472,0.932653,48,108,13204
680,10,cpp_seq,0.008320,0.000094,0.191071,0.199486,48,108,13204
680,10,cpp_par,0.005411,0.000056,0.159283,0.164752,48,108,13204
680,10,cpp_adv,0.004894,0.000053,0.157464,0.162412,48,108,13204
681,10,seq,0.219031,0.000265,0.000119,0.219415,19,4,0
681,10,par,0.135770,0.076706,0.049196,0.261671,19,4,0
681,10,weights,1.956416,0.041978,0.000351,1.998746,19,4,0
681,10,cpp_seq,0.003899,0.000052,0.000016,0.003968,19,4,0
681,10,cpp_par,0.002350,0.000136,0.000022,0.002509,19,4,0
681,10,cpp_adv,0.001984,0.000032,0.000015,0.002030,19,4,0
682,10,seq,0.436851,0.000482,0.000389,0.437723,29,15,0
682,10,par,0.155650,0.048797,0.125335,0.329782,29,15,0
682,10,weights,0.172152,0.037339,0.117021,0.326512,29,15,0
682,10,cpp_seq,0.013250,0.000057,0.000037,0.013344,29,15,0
682,10,cpp_par,0.008383,0.000037,0.000037,0.008458,29,15,0
682,10,cpp_adv,0.006827,0.000050,0.000077,0.006955,29,15,0
683,10,seq,0.361819,0.000395,0.000645,0.362859,29,24,2
683,10,par,0.197275,0.036835,0.292643,0.526753,29,24,2
683,10,weights,0.201374,0.037117,0.300865,0.539355,29,24,2
683,10,cpp_seq,0.003303,0.000063,0.000141,0.003508,29,24,2
683,10,cpp_par,0.002172,0.000042,0.000137,0.002352,29,24,2
683,10,cpp_adv,0.001468,0.000035,0.000121,0.001625,29,24,2
684,10,seq,0.360026,0.000283,0.000132,0.360441,19,3,0
684,10,par,0.127765,0.041247,0.071084,0.240096,19,3,0
684,10,weights,0.822370,0.040599,0.000372,0.863341,19,3,0
684,10,cpp_seq,0.004204,0.000054,0.000032,0.004291,19,3,0
684,10,cpp_par,0.002123,0.000031,0.000015,0.002169,19,3,0
684,10,cpp_adv,0.002325,0.000032,0.000015,0.002372,19,3,0
685,10,seq,0.351059,0.000267,0.000306,0.351632,19,17,1
685,10,par,0.191341,0.041201,0.313092,0.545634,19,17,1
685,10,weights,0.156177,0.069847,0.447162,0.673186,19,17,1
685,10,cpp_seq,0.005256,0.000056,0.000067,0.005380,19,17,1
685,10,cpp_par,0.003196,0.000056,0.000087,0.003340,19,17,1
685,10,cpp_adv,0.003850,0.000050,0.000083,0.003984,19,17,1
686,10,seq,0.251205,0.000260,0.000228,0.251694,19,5,0
686,10,par,0.116826,0.035246,0.068538,0.220610,19,5,0
686,10,weights,0.155493,0.037240,0.079368,0.272101,19,5,0
686,10,cpp_seq,0.007921,0.000060,0.000028,0.008009,19,5,0
686,10,cpp_par,0.004136,0.000035,0.000024,0.004196,19,5,0
686,10,cpp_adv,0.005073,0.000046,0.000029,0.005149,19,5,0
687,10,seq,0.380245,0.000349,0.059723,0.440316,38,68,1024
687,10,par,0.162010,0.035416,0.339575,0.537001,38,68,1024
687,10,weights,0.335848,0.041172,0.350627,0.727647,38,68,1024
687,10,cpp_seq,0.010704,0.000072,0.012397,0.023174,38,68,1024
687,10,cpp_par,0.010884,0.000042,0.012733,0.023661,38,68,1024
687,10,cpp_adv,0.008245,0.000042,0.012328,0.020616,38,68,1024
688,10,seq,0.368058,0.000292,0.061935,0.430286,38,68,1024
688,10,par,0.402079,0.148120,0.523260,1.073459,38,68,1024
688,10,weights,0.152020,0.060043,0.450889,0.662953,38,68,1024
688,10,cpp_seq,0.013365,0.000069,0.012456,0.025891,38,68,1024
688,10,cpp_par,0.009998,0.000282,0.013160,0.023441,38,68,1024
688,10,cpp_adv,0.009657,0.000047,0.012422,0.022128,38,68,1024
689,10,seq,0.284763,0.000317,0.000359,0.285438,19,17,1
689,10,par,0.120207,0.042331,0.384979,0.547517,19,17,1
689,10,weights,0.173014,0.058142,0.394600,0.625755,19,17,1
689,10,cpp_seq,0.009498,0.000106,0.000128,0.009735,19,17,1
689,10,cpp_par,0.005087,0.000056,0.000102,0.005246,19,17,1
689,10,cpp_adv,0.003802,0.000040,0.000072,0.003914,19,17,1
690,10,seq,0.343264,0.000588,0.000229,0.344081,19,8,0
690,10,par,0.501849,0.110196,0.124723,0.736767,19,8,0
690,10,weights,0.204007,0.064347,0.000495,0.268849,19,8,0
690,10,cpp_seq,0.010867,0.000079,0.000023,0.010970,19,8,0
690,10,cpp_par,0.004570,0.000047,0.000027,0.004645,19,8,0
690,10,cpp_adv,0.004789,0.000039,0.000020,0.004848,19,8,0
691,10,seq,0.413361,0.000332,0.000122,0.413815,19,8,0
691,10,par,0.145490,0.041611,0.059100,0.246201,19,8,0
691,10,weights,0.143985,0.043246,0.000616,0.187847,19,8,0
691,10,cpp_seq,0.012097,0.000060,0.000020,0.012178,19,8,0
691,10,cpp_par,0.007072,0.000043,0.000023,0.007139,19,8,0
691,10,cpp_adv,0.007765,0.000046,0.000022,0.007834,19,8,0
692,10,seq,0.456816,0.000375,0.000333,0.457524,19,17,1
692,10,par,0.205819,0.037871,0.388627,0.632317,19,17,1
692,10,weights,0.297071,0.063679,0.360683,0.721433,19,17,1
692,10,cpp_seq,0.026664,0.000058,0.000070,0.026793,19,17,1
692,10,cpp_par,0.009812,0.000050,0.000088,0.009951,19,17,1
692,10,cpp_adv,0.011175,0.000040,0.000067,0.011283,19,17,1
693,10,seq,2.064719,0.000490,0.009362,2.074570,28,45,144
693,10,par,0.238467,0.050138,0.377050,0.665655,28,45,144
693,10,weights,0.263960,0.045094,0.383485,0.692540,28,45,144
693,10,cpp_seq,0.006155,0.000087,0.002174,0.008418,28,45,144
693,10,cpp_par,0.003550,0.000036,0.001989,0.005576,28,45,144
693,10,cpp_adv,0.003473,0.000044,0.002138,0.005656,28,45,144
694,10,seq,0.303625,0.000468,0.064317,0.368409,29,41,108
694,10,par,0.224448,0.065403,0.361357,0.651208,29,41,108
694,10,weights,0.440924,0.058738,0.563502,1.063164,29,41,108
694,10,cpp_seq,0.004031,0.000069,0.002091,0.006193,29,41,108
694,10,cpp_par,0.002297,0.000055,0.001482,0.003835,29,41,108
694,10,cpp_adv,0.002500,0.000057,0.001495,0.004056,29,41,108
695,10,seq,3.139019,0.000314,0.000609,3.139942,19,17,1
695,10,par,0.173052,0.041166,0.333981,0.548200,19,17,1
695,10,weights,0.138018,0.044637,0.338530,0.521185,19,17,1
695,10,cpp_seq,0.006235,0.000054,0.000065,0.006355,19,17,1
695,10,cpp_par,0.003513,0.000034,0.000066,0.003615,19,17,1
695,10,cpp_adv,0.003360,0.000035,0.000110,0.003504,19,17,1
696,10,seq,0.211818,0.000445,0.000187,0.212451,19,2,0
696,10,par,0.105643,0.111104,0.091269,0.308016,19,2,0
696,10,weights,0.203539,0.057841,0.000844,0.262224,19,2,0
696,10,cpp_seq,0.005537,0.000076,0.000024,0.005639,19,2,0
696,10,cpp_par,0.003750,0.000051,0.000024,0.003827,19,2,0
696,10,cpp_adv,0.002371,0.000036,0.000018,0.002426,19,2,0
697,10,seq,0.275480,0.000313,0.000120,0.275913,19,8,0
697,10,par,0.112095,0.044760,0.046576,0.203431,19,8,0
697,10,weights,0.134253,0.047405,0.000357,0.182015,19,8,0
697,10,cpp_seq,0.008324,0.000075,0.000025,0.008426,19,8,0
697,10,cpp_par,0.004858,0.000041,0.000020,0.004921,19,8,0
697,10,cpp_adv,0.004236,0.000036,0.000018,0.004291,19,8,0
698,10,seq,0.212317,0.000420,0.000181,0.212918,19,3,0
698,10,par,0.148335,0.060644,0.049036,0.258015,19,3,0
698,10,weights,0.153073,0.063673,0.000411,0.217157,19,3,0
698,10,cpp_seq,0.009179,0.000074,0.000023,0.009277,19,3,0
698,10,cpp_par,0.003976,0.000037,0.000018,0.004032,19,3,0
698,10,cpp_adv,0.003461,0.000034,0.000016,0.003511,19,3,0
699,10,seq,0.263776,0.000282,0.000361,0.264420,19,17,1
699,10,par,0.134403,0.061158,0.340377,0.535938,19,17,1
699,10,weights,0.137296,0.049018,0.536758,0.723073,19,17,1
699,10,cpp_seq,0.008290,0.000057,0.000068,0.008416,19,17,1
699,10,cpp_par,0.004202,0.000099,0.000067,0.004369,19,17,1
699,10,cpp_adv,0.007054,0.000039,0.000067,0.007162,19,17,1
700,10,seq,0.403487,0.000280,0.000238,0.404005,29,17,0
700,10,par,0.182967,0.043945,0.079715,0.306627,29,17,0
700,10,weights,0.175959,0.044820,0.083329,0.304108,29,17,0
700,10,cpp_seq,0.009542,0.000060,0.000029,0.009632,29,17,0
700,10,cpp_par,0.004812,0.000035,0.000028,0.004875,29,17,0
700,10,cpp_adv,0.004369,0.000033,0.000025,0.004427,29,17,0
701,10,seq,0.412090,0.000461,0.000449,0.413000,19,17,1
701,10,par,0.168933,0.037733,0.316423,0.523088,19,17,1
701,10,weights,0.192888,0.041654,0.304922,0.539463,19,17,1
701,10,cpp_seq,0.015936,0.000058,0.000069,0.016064,19,17,1
701,10,cpp_par,0.007763,0.000033,0.000066,0.007863,19,17,1
701,10,cpp_adv,0.009054,0.000048,0.000087,0.009190,19,17,1
702,10,seq,0.309331,0.000321,0.000320,0.309972,19,17,1
702,10,par,0.151508,0.035966,0.325808,0.513281,19,17,1
702,10,weights,0.144888,0.042213,0.306999,0.494100,19,17,1
702,10,cpp_seq,0.017863,0.000065,0.000069,0.017999,19,17,1
702,10,cpp_par,0.009040,0.000035,0.000066,0.009142,19,17,1
702,10,cpp_adv,0.008388,0.000040,0.000066,0.008494,19,17,1
703,10,seq,0.224833,0.000272,0.000310,0.225416,19,17,1
703,10,par,0.117548,0.044971,0.312533,0.475052,19,17,1
703,10,weights,0.118266,0.038393,0.340877,0.497537,19,17,1
703,10,cpp_seq,0.006721,0.000054,0.000065,0.006842,19,17,1
703,10,cpp_par,0.004816,0.000048,0.000086,0.004951,19,17,1
703,10,cpp_adv,0.004406,0.000039,0.000076,0.004522,19,17,1
704,10,seq,0.351914,0.000453,0.012328,0.364696,28,45,144
704,10,par,0.165649,0.040498,0.357393,0.563539,28,45,144
704,10,weights,0.157738,0.038297,0.321242,0.517277,28,45,144
704,10,cpp_seq,0.010572,0.000061,0.002053,0.012687,28,45,144
704,10,cpp_par,0.005759,0.000036,0.001955,0.007750,28,45,144
704,10,cpp_adv,0.005926,0.000059,0.002001,0.007987,28,45,144
705,10,seq,0.465334,0.000289,0.000361,0.465983,19,10,1
705,10,par,0.198482,0.037078,0.310067,0.545627,19,10,1
705,10,weights,0.193252,0.040637,0.304872,0.538762,19,10,1
705,10,cpp_seq,0.013385,0.000054,0.000058,0.013497,19,10,1
705,10,cpp_par,0.007927,0.000045,0.000076,0.008049,19,10,1
705,10,cpp_adv,0.006115,0.000032,0.000056,0.006203,19,10,1
706,10,seq,0.214264,0.000397,0.059070,0.273731,38,68,1024
706,10,par,0.102806,0.039638,0.485650,0.628093,38,68,1024
706,10,weights,0.123069,0.041202,0.360783,0.525054,38,68,1024
706,10,cpp_seq,0.006744,0.000074,0.013192,0.020012,38,68,1024
706,10,cpp_par,0.004744,0.000050,0.012156,0.016951,38,68,1024
706,10,cpp_adv,0.001687,0.000040,0.012228,0.013956,38,68,1024
707,10,seq,0.461390,0.000354,0.000165,0.461909,19,3,0
707,10,par,0.188197,0.039208,0.041800,0.269205,19,3,0
707,10,weights,0.198604,0.038869,0.000439,0.237912,19,3,0
707,10,cpp_seq,0.015983,0.000052,0.000016,0.016052,19,3,0
707,10,cpp_par,0.009911,0.000034,0.000016,0.009962,19,3,0
707,10,cpp_adv,0.009315,0.000033,0.000015,0.009364,19,3,0
708,10,seq,0.320302,0.000346,0.062198,0.382845,38,68,1024
708,10,par,0.145065,0.041507,0.358267,0.544839,38,68,1024
708,10,weights,0.145009,0.044249,0.362350,0.551608,38,68,1024
708,10,cpp_seq,0.007988,0.000068,0.013848,0.021907,38,68,1024
708,10,cpp_par,0.007616,0.000041,0.013263,0.020921,38,68,1024
708,10,cpp_adv,0.006940,0.000047,0.012402,0.019390,38,68,1024
709,10,seq,0.334893,0.000325,0.002158,0.337375,29,33,13
709,10,par,0.150129,0.039738,0.327095,0.516962,29,33,13
709,10,weights,0.124870,0.040623,0.324404,0.489897,29,33,13
709,10,cpp_seq,0.008596,0.000066,0.000406,0.009068,29,33,13
709,10,cpp_par,0.004434,0.000037,0.000379,0.004851,29,33,13
709,10,cpp_adv,0.004383,0.000036,0.000394,0.004814,29,33,13
710,10,seq,0.254237,0.000271,0.000280,0.254788,19,17,1
710,10,par,0.121251,0.036670,0.391437,0.549358,19,17,1
710,10,weights,0.122764,0.047551,0.329465,0.499780,19,17,1
710,10,cpp_seq,0.004171,0.000061,0.000072,0.004304,19,17,1
710,10,cpp_par,0.002466,0.000042,0.000084,0.002593,19,17,1
710,10,cpp_adv,0.002088,0.000050,0.000103,0.002241,19,17,1
711,10,seq,0.347760,0.000284,0.000241,0.348284,29,14,0
711,10,par,0.148071,0.040646,0.076493,0.265209,29,14,0
711,10,weights,0.167280,0.042035,0.081250,0.290565,29,14,0
711,10,cpp_seq,0.009035,0.000059,0.000030,0.009125,29,14,0
711,10,cpp_par,0.006390,0.000045,0.000034,0.006470,29,14,0
711,10,cpp_adv,0.005015,0.000046,0.000038,0.005099,29,14,0
712,10,seq,0.284927,0.000319,0.000388,0.285634,29,25,1
712,10,par,0.133567,0.043373,0.320065,0.497005,29,25,1
712,10,weights,0.149829,0.043994,0.319202,0.513025,29,25,1
712,10,cpp_seq,0.008909,0.000059,0.000094,0.009062,29,25,1
712,10,cpp_par,0.004310,0.000034,0.000103,0.004448,29,25,1
712,10,cpp_adv,0.003912,0.000040,0.000112,0.004065,29,25,1
713,10,seq,0.245755,0.000338,0.000322,0.246415,19,17,1
713,10,par,0.236306,0.054318,0.325187,0.615812,19,17,1
713,10,weights,0.130000,0.043783,0.315797,0.489580,19,17,1
713,10,cpp_seq,0.006268,0.000067,0.000079,0.006415,19,17,1
713,10,cpp_par,0.003730,0.000036,0.000069,0.003836,19,17,1
713,10,cpp_adv,0.002771,0.000032,0.000064,0.002868,19,17,1
714,10,seq,0.525613,0.000312,0.000131,0.526056,29,3,0
714,10,par,0.296581,0.043179,0.036785,0.376544,29,3,0
714,10,weights,0.195057,0.043054,0.000312,0.238423,29,3,0
714,10,cpp_seq,0.010357,0.000054,0.000018,0.010430,29,3,0
714,10,cpp_par,0.005195,0.000046,0.000026,0.005269,29,3,0
714,10,cpp_adv,0.005018,0.000044,0.000021,0.005084,29,3,0
715,10,seq,0.325100,0.000324,0.062997,0.388421,38,68,1024
715,10,par,0.142859,0.038547,0.375911,0.557318,38,68,1024
715,10,weights,0.337464,0.087058,0.360732,0.785254,38,68,1024
715,10,cpp_seq,0.009164,0.000792,0.012917,0.022876,38,68,1024
715,10,cpp_par,0.007856,0.000054,0.012302,0.020213,38,68,1024
715,10,cpp_adv,0.007072,0.000042,0.012753,0.019867,38,68,1024
716,10,seq,0.438129,0.000299,0.014258,0.452686,38,52,256
716,10,par,0.181383,0.045460,0.338578,0.565421,38,52,256
716,10,weights,0.191813,0.039991,0.327653,0.559457,38,52,256
716,10,cpp_seq,0.014426,0.000063,0.002900,0.017391,38,52,256
716,10,cpp_par,0.009381,0.000046,0.003137,0.012566,38,52,256
716,10,cpp_adv,0.006718,0.000038,0.002866,0.009623,38,52,256
717,10,seq,0.236271,0.000379,0.000383,0.237033,19,17,1
717,10,par,0.117078,0.041384,0.327438,0.485900,19,17,1
717,10,weights,0.299770,0.060242,0.416130,0.776142,19,17,1
717,10,cpp_seq,0.005556,0.000080,0.000097,0.005734,19,17,1
717,10,cpp_par,0.003906,0.000052,0.000092,0.004052,19,17,1
717,10,cpp_adv,0.002860,0.000037,0.000074,0.002972,19,17,1
718,10,seq,0.291288,0.000336,0.000121,0.291745,19,12,0
718,10,par,0.108565,0.039886,0.039008,0.187459,19,12,0
718,10,weights,0.120517,0.054702,0.000369,0.175588,19,12,0
718,10,cpp_seq,0.004518,0.000062,0.000018,0.004600,19,12,0
718,10,cpp_par,0.002879,0.000038,0.000039,0.002957,19,12,0
718,10,cpp_adv,0.002352,0.000037,0.000017,0.002406,19,12,0
719,10,seq,0.279304,0.000294,0.403651,0.683248,39,83,6743
719,10,par,0.140488,0.041316,0.588343,0.770146,39,83,6743
719,10,weights,0.250298,0.064037,0.501684,0.816019,39,83,6743
719,10,cpp_seq,0.007796,0.000071,0.083220,0.091088,39,83,6743
719,10,cpp_par,0.004385,0.000047,0.075829,0.080261,39,83,6743
719,10,cpp_adv,0.003679,0.000041,0.079383,0.083103,39,83,6743
720,10,seq,0.378489,0.000527,0.000237,0.379252,29,14,0
720,10,par,0.163558,0.041590,0.092259,0.297407,29,14,0
720,10,weights,1.513634,0.043000,0.105649,1.662283,29,14,0
720,10,cpp_seq,0.007151,0.000092,0.000034,0.007279,29,14,0
720,10,cpp_par,0.002943,0.000036,0.000028,0.003007,29,14,0
720,10,cpp_adv,0.002327,0.000032,0.000025,0.002384,29,14,0
721,10,seq,0.335834,0.000272,0.000211,0.336317,19,14,0
721,10,par,0.119326,0.043019,0.084241,0.246586,19,14,0
721,10,weights,0.165490,0.052431,0.082558,0.300479,19,14,0
721,10,cpp_seq,0.004505,0.000061,0.000032,0.004598,19,14,0
721,10,cpp_par,0.002324,0.000034,0.000026,0.002385,19,14,0
721,10,cpp_adv,0.001970,0.000031,0.000023,0.002026,19,14,0
722,10,seq,0.562152,0.000320,0.862862,1.425334,48,109,13892
722,10,par,0.144190,0.038458,0.851150,1.033798,48,109,13892
722,10,weights,1.110072,0.039700,0.829509,1.979281,48,109,13892
722,10,cpp_seq,0.007204,0.000076,0.187418,0.194700,48,109,13892
722,10,cpp_par,0.005916,0.000064,0.166249,0.172230,48,109,13892
722,10,cpp_adv,0.004331,0.000051,0.173301,0.177684,48,109,13892
723,10,seq,0.328178,0.000360,0.375124,0.703662,39,81,6153
723,10,par,0.129102,0.043244,0.664933,0.837279,39,81,6153
723,10,weights,0.137997,0.055464,0.490128,0.683590,39,81,6153
723,10,cpp_seq,0.005653,0.000071,0.074530,0.080256,39,81,6153
723,10,cpp_par,0.003172,0.000041,0.068693,0.071908,39,81,6153
723,10,cpp_adv,0.002957,0.000056,0.069126,0.072140,39,81,6153
724,10,seq,0.326853,0.000390,0.001427,0.328671,29,35,11
724,10,par,0.139900,0.040046,0.338311,0.518257,29,35,11
724,10,weights,0.157078,0.042025,0.324649,0.523753,29,35,11
724,10,cpp_seq,0.010960,0.000063,0.000345,0.011368,29,35,11
724,10,cpp_par,0.005329,0.000049,0.000450,0.005828,29,35,11
724,10,cpp_adv,0.006463,0.000039,0.000350,0.006852,29,35,11
725,10,seq,0.216095,0.000285,0.000329,0.216709,19,17,1
725,10,par,0.116039,0.044877,0.331201,0.492116,19,17,1
725,10,weights,0.127513,0.055444,0.411296,0.594252,19,17,1
725,10,cpp_seq,0.004609,0.000081,0.000093,0.004785,19,17,1
725,10,cpp_par,0.002381,0.000035,0.000068,0.002485,19,17,1
725,10,cpp_adv,0.001923,0.000032,0.000063,0.002019,19,17,1
726,10,seq,0.266061,0.000308,0.000336,0.266705,19,12,1
726,10,par,0.157790,0.043937,0.324399,0.526126,19,12,1
726,10,weights,0.118142,0.049456,0.335402,0.503000,19,12,1
726,10,cpp_seq,0.005263,0.000058,0.000066,0.005389,19,12,1
726,10,cpp_par,0.002738,0.000045,0.000082,0.002867,19,12,1
726,10,cpp_adv,0.002323,0.000032,0.000058,0.002414,19,12,1
727,10,seq,0.256870,0.000410,0.000179,0.257459,19,2,0
727,10,par,0.116644,0.041320,0.036445,0.194409,19,2,0
727,10,weights,0.132734,0.039860,0.000518,0.173111,19,2,0
727,10,cpp_seq,0.004435,0.000083,0.000132,0.004652,19,2,0
727,10,cpp_par,0.002530,0.000036,0.000019,0.002585,19,2,0
727,10,cpp_adv,0.001984,0.000030,0.000015,0.002029,19,2,0
728,10,seq,0.437922,0.000278,0.006148,0.444347,29,41,119
728,10,par,0.191987,0.039594,0.342535,0.574116,29,41,119
728,10,weights,0.185129,0.038342,0.422359,0.645829,29,41,119
728,10,cpp_seq,0.012555,0.000062,0.001624,0.014242,29,41,119
728,10,cpp_par,0.007368,0.000040,0.002409,0.009818,29,41,119
728,10,cpp_adv,0.006834,0.000040,0.001785,0.008659,29,41,119
729,10,seq,0.305977,0.000354,0.001323,0.307653,29,35,11
729,10,par,0.137685,0.050496,0.476586,0.664767,29,35,11
729,10,weights,0.158012,0.040281,0.350863,0.549156,29,35,11
729,10,cpp_seq,0.007066,0.000069,0.000380,0.007515,29,35,11
729,10,cpp_par,0.003794,0.000037,0.000349,0.004182,29,35,11
729,10,cpp_adv,0.003092,0.000036,0.000373,0.003501,29,35,11
730,10,seq,0.259783,0.000448,0.000605,0.260836,19,17,1
730,10,par,0.261190,0.066831,0.327919,0.655940,19,17,1
730,10,weights,0.127348,0.040379,0.324001,0.491728,19,17,1
730,10,cpp_seq,0.006241,0.000060,0.000071,0.006373,19,17,1
730,10,cpp_par,0.002915,0.000033,0.000073,0.003021,19,17,1
730,10,cpp_adv,0.002952,0.000034,0.000065,0.003051,19,17,1
731,10,seq,0.288580,0.000353,0.068480,0.357413,38,68,1024
731,10,par,0.119156,0.046213,0.363262,0.528631,38,68,1024
731,10,weights,0.118028,0.042232,0.369012,0.529272,38,68,1024
731,10,cpp_seq,0.003966,0.000103,0.013352,0.017423,38,68,1024
731,10,cpp_par,0.006673,0.000041,0.013327,0.020042,38,68,1024
731,10,cpp_adv,0.002425,0.000052,0.013733,0.016211,38,68,1024
732,10,seq,0.348714,0.000315,0.001745,0.350774,39,44,12
732,10,par,0.138971,0.038066,0.321873,0.498911,39,44,12
732,10,weights,0.151196,0.036941,0.321715,0.509852,39,44,12
732,10,cpp_seq,0.009506,0.000068,0.000410,0.009985,39,44,12
732,10,cpp_par,0.004835,0.000052,0.000477,0.005364,39,44,12
732,10,cpp_adv,0.004797,0.000039,0.000400,0.005236,39,44,12
733,10,seq,0.301700,0.000296,0.065042,0.367038,38,68,1024
733,10,par,0.145670,0.042324,0.378342,0.566335,38,68,1024
733,10,weights,0.145913,0.043403,0.480639,0.669954,38,68,1024
733,10,cpp_seq,0.005527,0.000087,0.012650,0.018265,38,68,1024
733,10,cpp_par,0.005659,0.000041,0.014106,0.019808,38,68,1024
733,10,cpp_adv,0.005198,0.000050,0.013079,0.018328,38,68,1024
734,10,seq,1.456271,0.000408,0.000159,1.456838,19,8,0
734,10,par,0.176949,0.055631,0.094599,0.327178,19,8,0
734,10,weights,0.327047,0.044743,0.000345,0.372136,19,8,0
734,10,cpp_seq,0.012549,0.000059,0.000030,0.012639,19,8,0
734,10,cpp_par,0.006534,0.000046,0.000030,0.006611,19,8,0
734,10,cpp_adv,0.007026,0.000036,0.000018,0.007081,19,8,0
735,10,seq,0.393800,0.000746,0.098883,0.493429,38,68,1024
735,10,par,0.242349,0.084520,0.479102,0.805971,38,68,1024
735,10,weights,0.281470,0.091580,0.416103,0.789153,38,68,1024
735,10,cpp_seq,0.006174,0.000071,0.013549,0.019795,38,68,1024
735,10,cpp_par,0.006132,0.000040,0.013156,0.019330,38,68,1024
735,10,cpp_adv,0.008018,0.000060,0.012257,0.020336,38,68,1024
736,10,seq,0.230556,0.000337,0.000142,0.231035,19,4,0
736,10,par,0.127200,0.043086,0.041315,0.211601,19,4,0
736,10,weights,0.241063,0.041483,0.000417,0.282963,19,4,0
736,10,cpp_seq,0.004262,0.000054,0.000019,0.004336,19,4,0
736,10,cpp_par,0.002829,0.000037,0.000019,0.002886,19,4,0
736,10,cpp_adv,0.002550,0.000033,0.000017,0.002601,19,4,0
737,10,seq,0.223928,0.000271,0.000314,0.224513,19,17,1
737,10,par,0.112977,0.040554,0.421879,0.575410,19,17,1
737,10,weights,0.135158,0.041470,0.339754,0.516382,19,17,1
737,10,cpp_seq,0.007676,0.000063,0.000073,0.007813,19,17,1
737,10,cpp_par,0.003795,0.000034,0.000065,0.003895,19,17,1
737,10,cpp_adv,0.003873,0.000061,0.000071,0.004007,19,17,1
738,10,seq,0.393374,0.000270,0.000310,0.393954,19,17,1
738,10,par,0.115608,0.055371,0.332670,0.503648,19,17,1
738,10,weights,0.125099,0.042623,0.321204,0.488926,19,17,1
738,10,cpp_seq,0.008188,0.000077,0.000070,0.008336,19,17,1
738,10,cpp_par,0.004401,0.000036,0.000066,0.004504,19,17,1
738,10,cpp_adv,0.005420,0.000045,0.000083,0.005549,19,17,1
739,10,seq,0.361600,0.000273,0.000169,0.362043,19,2,0
739,10,par,0.118426,0.038426,0.039894,0.196746,19,2,0
739,10,weights,0.127274,0.047056,0.000348,0.174678,19,2,0
739,10,cpp_seq,0.006434,0.000059,0.000017,0.006511,19,2,0
739,10,cpp_par,0.002760,0.000035,0.000017,0.002813,19,2,0
739,10,cpp_adv,0.001993,0.000031,0.000014,0.002039,19,2,0
740,10,seq,0.337515,0.000298,0.114340,0.452153,38,68,1024
740,10,par,1.627843,0.036107,0.371383,2.035334,38,68,1024
740,10,weights,0.120749,0.038684,0.405024,0.564457,38,68,1024
740,10,cpp_seq,0.003642,0.000085,0.014821,0.018550,38,68,1024
740,10,cpp_par,0.005272,0.000040,0.011969,0.017283,38,68,1024
740,10,cpp_adv,0.001905,0.000039,0.012925,0.014871,38,68,1024
741,10,seq,0.271839,0.000291,0.058110,0.330241,38,68,1024
741,10,par,0.131199,0.051665,0.369152,0.552016,38,68,1024
741,10,weights,0.137480,0.036745,0.381616,0.555841,38,68,1024
741,10,cpp_seq,0.003008,0.000067,0.013482,0.016557,38,68,1024
741,10,cpp_par,0.004690,0.000040,0.013291,0.018023,38,68,1024
741,10,cpp_adv,0.005079,0.000058,0.013006,0.018144,38,68,1024
742,10,seq,0.365703,0.000263,0.060531,0.426497,38,68,1024
742,10,par,0.160296,0.041407,0.402958,0.604662,38,68,1024
742,10,weights,0.222211,0.041826,0.409673,0.673710,38,68,1024
742,10,cpp_seq,0.007439,0.000066,0.013255,0.020762,38,68,1024
742,10,cpp_par,0.009785,0.000056,0.012823,0.022666,38,68,1024
742,10,cpp_adv,0.007877,0.000055,0.012325,0.020258,38,68,1024
743,10,seq,0.233811,0.000285,0.000236,0.234333,19,3,0
743,10,par,0.114816,0.043655,0.041700,0.200171,19,3,0
743,10,weights,0.142177,0.046409,0.064266,0.252853,19,3,0
743,10,cpp_seq,0.004696,0.000058,0.000021,0.004777,19,3,0
743,10,cpp_par,0.003333,0.000048,0.000025,0.003408,19,3,0
743,10,cpp_adv,0.002758,0.000036,0.000018,0.002813,19,3,0
744,10,seq,0.379747,0.000452,0.094130,0.474330,38,68,1024
744,10,par,0.389585,0.065811,0.378775,0.834170,38,68,1024
744,10,weights,0.166789,0.044878,0.387072,0.598739,38,68,1024
744,10,cpp_seq,0.010080,0.000067,0.016134,0.026282,38,68,1024
744,10,cpp_par,0.008759,0.000041,0.012589,0.021390,38,68,1024
744,10,cpp_adv,0.008538,0.000045,0.012404,0.020988,38,68,1024
745,10,seq,0.495867,0.000702,0.000191,0.496760,19,2,0
745,10,par,0.244350,0.067214,0.045329,0.356894,19,2,0
745,10,weights,0.316414,0.054513,0.000348,0.371275,19,2,0
745,10,cpp_seq,0.017604,0.000059,0.000031,0.017695,19,2,0
745,10,cpp_par,0.008974,0.000034,0.000016,0.009025,19,2,0
745,10,cpp_adv,0.006933,0.000035,0.000017,0.006986,19,2,0
746,10,seq,1.579880,0.000527,0.000195,1.580602,19,2,0
746,10,par,0.740557,0.052017,0.050428,0.843002,19,2,0
746,10,weights,0.318101,0.047474,0.000437,0.366012,19,2,0
746,10,cpp_seq,0.011717,0.000053,0.000016,0.011787,19,2,0
746,10,cpp_par,0.006221,0.000053,0.000018,0.006293,19,2,0
746,10,cpp_adv,0.005481,0.000030,0.000014,0.005526,19,2,0
747,10,seq,1.439553,0.000474,0.001749,1.441776,29,35,11
747,10,par,0.333161,0.040647,0.352957,0.726765,29,35,11
747,10,weights,0.285228,0.036587,0.388466,0.710281,29,35,11
747,10,cpp_seq,0.020481,0.000083,0.000465,0.021032,29,35,11
747,10,cpp_par,0.010808,0.000044,0.000376,0.011230,29,35,11
747,10,cpp_adv,0.011046,0.000042,0.000331,0.011421,29,35,11
748,10,seq,0.396438,0.000277,0.001367,0.398082,29,33,9
748,10,par,0.206602,0.041854,0.350431,0.598887,29,33,9
748,10,weights,0.187593,0.039664,0.344518,0.571776,29,33,9
748,10,cpp_seq,0.006513,0.000081,0.000326,0.006920,29,33,9
748,10,cpp_par,0.003845,0.000037,0.000337,0.004221,29,33,9
748,10,cpp_adv,0.004909,0.000120,0.000417,0.005447,29,33,9
749,10,seq,0.263101,0.000252,0.000118,0.263470,19,3,0
749,10,par,0.147835,0.045359,0.038285,0.231479,19,3,0
749,10,weights,0.147716,0.082359,0.000665,0.230739,19,3,0
749,10,cpp_seq,0.007294,0.000076,0.000027,0.007398,19,3,0
749,10,cpp_par,0.017488,0.000052,0.000027,0.017568,19,3,0
749,10,cpp_adv,0.015155,0.000047,0.000024,0.015228,19,3,0
750,10,seq,0.661449,0.000310,0.000115,0.661874,19,8,0
750,10,par,0.218072,0.035545,0.041020,0.294638,19,8,0
750,10,weights,0.279951,0.039055,0.000368,0.319374,19,8,0
750,10,cpp_seq,0.007613,0.000057,0.000022,0.007693,19,8,0
750,10,cpp_par,0.003985,0.000044,0.000019,0.004049,19,8,0
750,10,cpp_adv,0.003567,0.000034,0.000018,0.003619,19,8,0
751,10,seq,0.363001,0.000273,0.000330,0.363605,19,17,1
751,10,par,0.177102,0.041872,0.327336,0.546310,19,17,1
751,10,weights,0.166376,0.037822,0.321576,0.525774,19,17,1
751,10,cpp_seq,0.012365,0.000057,0.000075,0.012497,19,17,1
751,10,cpp_par,0.005782,0.000036,0.000066,0.005885,19,17,1
751,10,cpp_adv,0.005451,0.000033,0.000064,0.005549,19,17,1
752,10,seq,0.333077,0.000262,0.000119,0.333458,19,0,0
752,10,par,0.143443,0.048234,0.040101,0.231778,19,0,0
752,10,weights,0.155304,0.044622,0.000481,0.200407,19,0,0
752,10,cpp_seq,0.009585,0.000067,0.000023,0.009676,19,0,0
752,10,cpp_par,0.005344,0.000032,0.000016,0.005392,19,0,0
752,10,cpp_adv,0.005018,0.000031,0.000016,0.005067,19,0,0
753,10,seq,0.250135,0.000288,0.000117,0.250540,19,10,0
753,10,par,0.118273,0.040432,0.038931,0.197636,19,10,0
753,10,weights,0.121601,0.039979,0.000346,0.161926,19,10,0
753,10,cpp_seq,0.007909,0.000056,0.000020,0.007986,19,10,0
753,10,cpp_par,0.003723,0.000041,0.000025,0.003789,19,10,0
753,10,cpp_adv,0.003482,0.000033,0.000019,0.003535,19,10,0
754,10,seq,0.442507,0.000463,0.062550,0.505520,38,68,1024
754,10,par,0.188757,0.041945,0.359899,0.590602,38,68,1024
754,10,weights,0.159462,0.040184,0.398213,0.597859,38,68,1024
754,10,cpp_seq,0.009867,0.000069,0.013617,0.023555,38,68,1024
754,10,cpp_par,0.008840,0.000041,0.012463,0.021345,38,68,1024
754,10,cpp_adv,0.008184,0.000044,0.011958,0.020188,38,68,1024
755,10,seq,0.419141,0.000387,4.444613,4.864141,58,152,62208
755,10,par,0.153029,0.044695,2.463618,2.661342,58,152,62208
755,10,weights,3.443820,0.093293,2.430698,5.967811,58,152,62208
755,10,cpp_seq,0.008774,0.000194,0.750307,0.759278,58,152,62208
755,10,cpp_par,0.007194,0.000057,0.758623,0.765876,58,152,62208
755,10,cpp_adv,0.007731,0.000059,0.759471,0.767262,58,152,62208
756,10,seq,0.311453,0.000392,0.000362,0.312207,19,11,1
756,10,par,0.140703,0.048196,0.347784,0.536683,19,11,1
756,10,weights,0.149806,0.050407,0.446602,0.646815,19,11,1
756,10,cpp_seq,0.007269,0.000056,0.000062,0.007388,19,11,1
756,10,cpp_par,0.003099,0.000069,0.000061,0.003230,19,11,1
756,10,cpp_adv,0.002885,0.000033,0.000059,0.002978,19,11,1
757,10,seq,0.268381,0.000250,0.000294,0.268925,19,17,1
757,10,par,0.119126,0.038770,0.331351,0.489247,19,17,1
757,10,weights,0.122193,0.045383,0.346991,0.514567,19,17,1
757,10,cpp_seq,0.006011,0.000060,0.000071,0.006143,19,17,1
757,10,cpp_par,0.002746,0.000035,0.000065,0.002847,19,17,1
757,10,cpp_adv,0.004284,0.000046,0.000160,0.004491,19,17,1
758,10,seq,0.375890,0.000391,0.000447,0.376728,29,13,0
758,10,par,0.143824,0.038300,0.081912,0.264036,29,13,0
758,10,weights,0.133806,0.045938,0.073595,0.253339,29,13,0
758,10,cpp_seq,0.005339,0.000061,0.000029,0.005430,29,13,0
758,10,cpp_par,0.002956,0.000035,0.000028,0.003020,29,13,0
758,10,cpp_adv,0.002864,0.000051,0.000036,0.002953,29,13,0
759,10,seq,0.206841,0.000298,0.000107,0.207247,19,4,0
759,10,par,0.105546,0.040571,0.041415,0.187531,19,4,0
759,10,weights,0.110754,0.040196,0.000306,0.151255,19,4,0
759,10,cpp_seq,0.003664,0.000051,0.000016,0.003732,19,4,0
759,10,cpp_par,0.002256,0.000033,0.000016,0.002306,19,4,0
759,10,cpp_adv,0.001966,0.000030,0.000014,0.002011,19,4,0
760,10,seq,0.218088,0.000420,0.000494,0.219001,19,17,1
760,10,par,0.108911,0.041071,0.330024,0.480005,19,17,1
760,10,weights,0.124313,0.044320,0.308159,0.476791,19,17,1
760,10,cpp_seq,0.004969,0.000055,0.000067,0.005092,19,17,1
760,10,cpp_par,0.003414,0.000038,0.000068,0.003521,19,17,1
760,10,cpp_adv,0.002661,0.000033,0.000063,0.002758,19,17,1
761,10,seq,0.254448,0.000343,0.058881,0.313672,38,68,1024
761,10,par,0.117814,0.040798,0.345033,0.503646,38,68,1024
761,10,weights,0.114882,0.048037,0.344754,0.507674,38,68,1024
761,10,cpp_seq,0.005513,0.000067,0.013719,0.019301,38,68,1024
761,10,cpp_par,0.005653,0.000039,0.013060,0.018753,38,68,1024
761,10,cpp_adv,0.002572,0.000040,0.012125,0.014737,38,68,1024
762,10,seq,0.287654,0.000388,0.000160,0.288203,19,1,0
762,10,par,0.155923,0.047163,0.044792,0.247878,19,1,0
762,10,weights,0.137261,0.047592,0.000385,0.185237,19,1,0
762,10,cpp_seq,0.006246,0.000052,0.000017,0.006315,19,1,0
762,10,cpp_par,0.003467,0.000030,0.000014,0.003512,19,1,0
762,10,cpp_adv,0.003723,0.000043,0.000020,0.003788,19,1,0
763,10,seq,0.235157,0.000287,0.001489,0.236933,29,35,11
763,10,par,0.135204,0.045596,0.359916,0.540716,29,35,11
763,10,weights,0.130034,0.044202,0.345884,0.520119,29,35,11
763,10,cpp_seq,0.004464,0.000091,0.000377,0.004933,29,35,11
763,10,cpp_par,0.001839,0.000036,0.000352,0.002228,29,35,11
763,10,cpp_adv,0.001782,0.000069,0.000394,0.002246,29,35,11
764,10,seq,0.372514,0.000323,2.335792,2.708629,58,146,32256
764,10,par,0.166338,0.044107,1.502090,1.712535,58,146,32256
764,10,weights,2.216455,0.060618,1.522430,3.799503,58,146,32256
764,10,cpp_seq,0.007811,0.000085,0.406168,0.414066,58,146,32256
764,10,cpp_par,0.006002,0.000055,0.384174,0.390232,58,146,32256
764,10,cpp_adv,0.006076,0.000057,0.380797,0.386931,58,146,32256
765,10,seq,0.443803,0.000278,0.000090,0.444171,19,10,0
765,10,par,3.735653,0.040970,0.036826,3.813449,19,10,0
765,10,weights,0.291141,0.035343,0.000319,0.326802,19,10,0
765,10,cpp_seq,0.016258,0.000055,0.000017,0.016331,19,10,0
765,10,cpp_par,0.008113,0.000033,0.000016,0.008163,19,10,0
765,10,cpp_adv,0.007461,0.000052,0.000025,0.007538,19,10,0
766,10,seq,0.390298,0.000275,0.000119,0.390692,19,8,0
766,10,par,0.124080,0.041790,0.036985,0.202856,19,8,0
766,10,weights,0.121859,0.040956,0.000385,0.163200,19,8,0
766,10,cpp_seq,0.011246,0.000058,0.000021,0.011326,19,8,0
766,10,cpp_par,0.004046,0.000031,0.000016,0.004093,19,8,0
766,10,cpp_adv,0.003799,0.000031,0.000015,0.003846,19,8,0
767,10,seq,0.287487,0.000495,0.069250,0.357232,38,68,1024
767,10,par,0.108106,0.035918,0.328770,0.472794,38,68,1024
767,10,weights,0.101953,0.041366,0.327127,0.470446,38,68,1024
767,10,cpp_seq,0.003288,0.000067,0.012161,0.015518,38,68,1024
767,10,cpp_par,0.005578,0.000041,0.012014,0.017634,38,68,1024
767,10,cpp_adv,0.001749,0.000053,0.012143,0.013946,38,68,1024
768,10,seq,0.210461,0.000315,0.003537,0.214314,39,55,23
768,10,par,0.094454,0.037195,0.283098,0.414747,39,55,23
768,10,weights,0.104969,0.038925,0.297712,0.441606,39,55,23
768,10,cpp_seq,0.003338,0.000066,0.000666,0.004070,39,55,23
768,10,cpp_par,0.002103,0.000039,0.000682,0.002824,39,55,23
768,10,cpp_adv,0.001864,0.000039,0.000662,0.002566,39,55,23
769,10,seq,0.266297,0.000315,0.034891,0.301503,38,64,576
769,10,par,0.113236,0.035784,0.315188,0.464207,38,64,576
769,10,weights,0.113799,0.042852,0.313680,0.470331,38,64,576
769,10,cpp_seq,0.005890,0.000131,0.007978,0.014000,38,64,576
769,10,cpp_par,0.004903,0.000041,0.007164,0.012109,38,64,576
769,10,cpp_adv,0.004652,0.000040,0.006645,0.011338,38,64,576
770,10,seq,0.313734,0.000363,0.058485,0.372583,38,68,1024
770,10,par,0.101367,0.035380,0.331259,0.468006,38,68,1024
770,10,weights,0.101810,0.034982,0.322121,0.458913,38,68,1024
770,10,cpp_seq,0.004250,0.000082,0.012347,0.016681,38,68,1024
770,10,cpp_par,0.005487,0.000042,0.012911,0.018442,38,68,1024
770,10,cpp_adv,0.002168,0.000039,0.011711,0.013919,38,68,1024
771,10,seq,0.204311,0.000321,0.057530,0.262162,38,68,1024
771,10,par,0.116799,0.041569,0.323457,0.481825,38,68,1024
771,10,weights,0.096513,0.042658,0.315564,0.454736,38,68,1024
771,10,cpp_seq,0.005854,0.000066,0.012823,0.018745,38,68,1024
771,10,cpp_par,0.006354,0.000039,0.011815,0.018210,38,68,1024
771,10,cpp_adv,0.005869,0.000042,0.012051,0.017964,38,68,1024
772,10,seq,3.777818,0.000297,0.007624,3.785738,39,50,75
772,10,par,0.156980,0.040924,0.380642,0.578547,39,50,75
772,10,weights,0.125551,0.040203,0.306396,0.472150,39,50,75
772,10,cpp_seq,0.004754,0.000064,0.001487,0.006305,39,50,75
772,10,cpp_par,0.002660,0.000038,0.001463,0.004162,39,50,75
772,10,cpp_adv,0.002353,0.000037,0.001543,0.003934,39,50,75
773,10,seq,0.253523,0.000301,0.056923,0.310746,38,68,1024
773,10,par,0.112305,0.038933,0.380818,0.532055,38,68,1024
773,10,weights,0.136398,0.047005,0.374842,0.558245,38,68,1024
773,10,cpp_seq,0.003377,0.000066,0.012946,0.016391,38,68,1024
773,10,cpp_par,0.004923,0.000041,0.012318,0.017284,38,68,1024
773,10,cpp_adv,0.001812,0.000048,0.011904,0.013765,38,68,1024
774,10,seq,0.315476,0.000260,0.000281,0.316017,19,11,1
774,10,par,0.112029,0.039581,0.294332,0.445942,19,11,1
774,10,weights,0.131658,0.035776,0.290169,0.457603,19,11,1
774,10,cpp_seq,0.004796,0.000055,0.000061,0.004913,19,11,1
774,10,cpp_par,0.002896,0.000032,0.000058,0.002987,19,11,1
774,10,cpp_adv,0.002825,0.000042,0.000075,0.002943,19,11,1
775,10,seq,0.229080,0.000294,0.056969,0.286342,38,68,1024
775,10,par,0.107038,0.038520,0.320842,0.466400,38,68,1024
775,10,weights,0.108433,0.038849,0.329060,0.476342,38,68,1024
775,10,cpp_seq,0.003928,0.000067,0.012356,0.016353,38,68,1024
775,10,cpp_par,0.005192,0.000039,0.012052,0.017284,38,68,1024
775,10,cpp_adv,0.004918,0.000044,0.012378,0.017341,38,68,1024
776,10,seq,2.591150,0.000339,0.000304,2.591793,19,17,1
776,10,par,0.230922,0.055185,0.306952,0.593060,19,17,1
776,10,weights,0.156948,0.037714,0.270706,0.465367,19,17,1
776,10,cpp_seq,0.015350,0.000055,0.000066,0.015471,19,17,1
776,10,cpp_par,0.009081,0.000038,0.000068,0.009187,19,17,1
776,10,cpp_adv,0.007612,0.000048,0.000064,0.007726,19,17,1
777,10,seq,0.246201,0.000380,0.001404,0.247985,29,35,11
777,10,par,0.106355,0.036646,0.281342,0.424343,29,35,11
777,10,weights,0.111438,0.038120,0.284080,0.433639,29,35,11
777,10,cpp_seq,0.005551,0.000066,0.000328,0.005946,29,35,11
777,10,cpp_par,0.002768,0.000035,0.000373,0.003177,29,35,11
777,10,cpp_adv,0.002776,0.000037,0.000328,0.003140,29,35,11
778,10,seq,0.245098,0.000418,0.000287,0.245803,19,5,0
778,10,par,0.130067,0.036441,0.035804,0.202312,19,5,0
778,10,weights,0.114778,0.037018,0.035604,0.187400,19,5,0
778,10,cpp_seq,0.006805,0.000053,0.000018,0.006877,19,5,0
778,10,cpp_par,0.004214,0.000035,0.000019,0.004268,19,5,0
778,10,cpp_adv,0.003440,0.000031,0.000016,0.003487,19,5,0
779,10,seq,0.342719,0.000276,0.000330,0.343325,29,23,1
779,10,par,0.144811,0.040083,0.297999,0.482893,29,23,1
779,10,weights,0.155185,0.035222,0.273850,0.464258,29,23,1
779,10,cpp_seq,0.010448,0.000060,0.000075,0.010584,29,23,1
779,10,cpp_par,0.005561,0.000036,0.000072,0.005669,29,23,1
779,10,cpp_adv,0.005529,0.000038,0.000074,0.005642,29,23,1
780,10,seq,0.293245,0.000395,0.402030,0.695670,48,103,6644
780,10,par,0.120550,0.038930,0.465845,0.625324,48,103,6644
780,10,weights,0.127517,0.037670,0.500266,0.665454,48,103,6644
780,10,cpp_seq,0.007221,0.000074,0.077891,0.085187,48,103,6644
780,10,cpp_par,0.004006,0.000043,0.073484,0.077533,48,103,6644
780,10,cpp_adv,0.003888,0.000069,0.077217,0.081175,48,103,6644
781,10,seq,0.333857,0.000286,0.000326,0.334470,19,17,1
781,10,par,0.139166,0.036557,0.413213,0.588937,19,17,1
781,10,weights,0.148565,0.034303,0.280876,0.463743,19,17,1
781,10,cpp_seq,0.012090,0.000056,0.000066,0.012213,19,17,1
781,10,cpp_par,0.006454,0.000033,0.000066,0.006555,19,17,1
781,10,cpp_adv,0.005908,0.000034,0.000066,0.006008,19,17,1
782,10,seq,0.219826,0.000261,0.000118,0.220205,19,8,0
782,10,par,0.108506,0.035682,0.035804,0.179993,19,8,0
782,10,weights,0.106834,0.034721,0.000300,0.141856,19,8,0
782,10,cpp_seq,0.002385,0.000055,0.000019,0.002460,19,8,0
782,10,cpp_par,0.001592,0.000043,0.000021,0.001656,19,8,0
782,10,cpp_adv,0.001897,0.000042,0.000020,0.001960,19,8,0
783,10,seq,0.442196,0.000285,0.055957,0.498439,38,68,1024
783,10,par,0.164104,0.034364,0.333804,0.532272,38,68,1024
783,10,weights,0.167906,0.037719,0.334656,0.540281,38,68,1024
783,10,cpp_seq,0.012525,0.000070,0.012599,0.025196,38,68,1024
783,10,cpp_par,0.011908,0.000040,0.013012,0.024961,38,68,1024
783,10,cpp_adv,0.009345,0.000042,0.012295,0.021683,38,68,1024
784,10,seq,0.370722,0.000446,0.000604,0.371772,19,17,1
784,10,par,0.137725,0.038305,0.311439,0.487469,19,17,1
784,10,weights,0.157094,0.037236,0.287609,0.481939,19,17,1
784,10,cpp_seq,0.008618,0.000055,0.000065,0.008739,19,17,1
784,10,cpp_par,0.004860,0.000034,0.000067,0.004961,19,17,1
784,10,cpp_adv,0.004424,0.000032,0.000063,0.004519,19,17,1
785,10,seq,0.324696,0.000291,0.090015,0.415002,38,68,1024
785,10,par,0.139373,0.040226,0.321844,0.501443,38,68,1024
785,10,weights,0.129475,0.042559,0.351279,0.523313,38,68,1024
785,10,cpp_seq,0.006067,0.000066,0.012872,0.019007,38,68,1024
785,10,cpp_par,0.006579,0.000183,0.014779,0.021542,38,68,1024
785,10,cpp_adv,0.006428,0.000042,0.012215,0.018685,38,68,1024
786,10,seq,0.222165,0.000407,0.000439,0.223011,19,17,1
786,10,par,0.130599,0.037183,0.277468,0.445249,19,17,1
786,10,weights,0.103922,0.045242,0.296834,0.445998,19,17,1
786,10,cpp_seq,0.006418,0.000070,0.000072,0.006561,19,17,1
786,10,cpp_par,0.003276,0.000035,0.000066,0.003378,19,17,1
786,10,cpp_adv,0.002872,0.000032,0.000063,0.002968,19,17,1
787,10,seq,0.285270,0.000302,0.000383,0.285955,29,20,2
787,10,par,0.124900,0.036503,0.302101,0.463504,29,20,2
787,10,weights,0.126561,0.037442,0.294589,0.458592,29,20,2
787,10,cpp_seq,0.006005,0.000056,0.000104,0.006166,29,20,2
787,10,cpp_par,0.003431,0.000038,0.000105,0.003575,29,20,2
787,10,cpp_adv,0.003029,0.000034,0.000102,0.003165,29,20,2
788,10,seq,0.245098,0.000276,0.000121,0.245495,19,2,0
788,10,par,0.113088,0.046512,0.032645,0.192244,19,2,0
788,10,weights,0.116300,0.039241,0.000391,0.155932,19,2,0
788,10,cpp_seq,0.007106,0.000052,0.000016,0.007175,19,2,0
788,10,cpp_par,0.004249,0.000032,0.000016,0.004297,19,2,0
788,10,cpp_adv,0.003699,0.000030,0.000013,0.003743,19,2,0
789,10,seq,0.205467,0.000319,0.000129,0.205915,19,8,0
789,10,par,0.090836,0.037383,0.046381,0.174601,19,8,0
789,10,weights,0.103531,0.038356,0.000340,0.142227,19,8,0
789,10,cpp_seq,0.005821,0.000063,0.000019,0.005905,19,8,0
789,10,cpp_par,0.003582,0.000034,0.000018,0.003635,19,8,0
789,10,cpp_adv,0.003075,0.000063,0.000016,0.003156,19,8,0
790,10,seq,1.121601,0.000269,0.000091,1.121961,19,3,0
790,10,par,0.173367,0.034520,0.032839,0.240727,19,3,0
790,10,weights,0.246098,0.034271,0.000340,0.280710,19,3,0
790,10,cpp_seq,0.014027,0.000052,0.000017,0.014097,19,3,0
790,10,cpp_par,0.007312,0.000032,0.000014,0.007358,19,3,0
790,10,cpp_adv,0.007407,0.000036,0.000017,0.007460,19,3,0
791,10,seq,0.495745,0.000300,0.317522,0.813567,39,81,6065
791,10,par,0.306843,0.033109,0.629800,0.969752,39,81,6065
791,10,weights,0.265742,0.053206,0.433891,0.752839,39,81,6065
791,10,cpp_seq,0.018416,0.000072,0.069190,0.087679,39,81,6065
791,10,cpp_par,0.009228,0.000055,0.071276,0.080559,39,81,6065
791,10,cpp_adv,0.008764,0.000042,0.071395,0.080202,39,81,6065
792,10,seq,0.510993,0.000300,0.014854,0.526147,39,60,199
792,10,par,0.182599,0.037709,0.349592,0.569900,39,60,199
792,10,weights,0.286811,0.035130,0.307920,0.629861,39,60,199
792,10,cpp_seq,0.005730,0.000066,0.002890,0.008687,39,60,199
792,10,cpp_par,0.003750,0.000040,0.002845,0.006635,39,60,199
792,10,cpp_adv,0.003430,0.000039,0.002877,0.006346,39,60,199
793,10,seq,0.255529,0.000300,0.057244,0.313072,38,68,1024
793,10,par,0.125401,0.040566,0.528492,0.694460,38,68,1024
793,10,weights,0.330044,0.035575,0.323813,0.689433,38,68,1024
793,10,cpp_seq,0.005111,0.000067,0.012335,0.017515,38,68,1024
793,10,cpp_par,0.007184,0.000041,0.011862,0.019088,38,68,1024
793,10,cpp_adv,0.005403,0.000044,0.012039,0.017489,38,68,1024
794,10,seq,0.349776,0.000271,0.000094,0.350142,19,2,0
794,10,par,0.226955,0.036428,0.034578,0.297960,19,2,0
794,10,weights,0.144820,0.037577,0.000308,0.182704,19,2,0
794,10,cpp_seq,0.006578,0.000051,0.000016,0.006645,19,2,0
794,10,cpp_par,0.003876,0.000043,0.000021,0.003941,19,2,0
794,10,cpp_adv,0.003493,0.000031,0.000015,0.003540,19,2,0
795,10,seq,0.353924,0.000340,0.000276,0.354539,29,23,0
795,10,par,0.148344,0.037750,0.106338,0.292432,29,23,0
795,10,weights,0.150831,0.036493,0.101188,0.288512,29,23,0
795,10,cpp_seq,0.004605,0.000056,0.000046,0.004708,29,23,0
795,10,cpp_par,0.002884,0.000037,0.000048,0.002969,29,23,0
795,10,cpp_adv,0.002326,0.000035,0.000059,0.002420,29,23,0
796,10,seq,0.343785,0.000271,0.000328,0.344384,29,25,1
796,10,par,0.150753,0.036844,0.302026,0.489623,29,25,1
796,10,weights,0.153061,0.038390,0.275012,0.466463,29,25,1
796,10,cpp_seq,0.010527,0.000063,0.000097,0.010688,29,25,1
796,10,cpp_par,0.005860,0.000037,0.000077,0.005976,29,25,1
796,10,cpp_adv,0.006675,0.000049,0.000097,0.006823,29,25,1
797,10,seq,0.211575,0.000274,0.000298,0.212147,19,17,1
797,10,par,0.102549,0.033960,0.289671,0.426180,19,17,1
797,10,weights,0.111808,0.039336,0.310481,0.461624,19,17,1
797,10,cpp_seq,0.005075,0.000059,0.000086,0.005222,19,17,1
797,10,cpp_par,0.002630,0.000033,0.000073,0.002736,19,17,1
797,10,cpp_adv,0.002302,0.000032,0.000062,0.002396,19,17,1
798,10,seq,0.209159,0.000297,0.059842,0.269298,38,68,1024
798,10,par,0.095121,0.036093,0.319072,0.450286,38,68,1024
798,10,weights,0.102749,0.035620,0.310687,0.449056,38,68,1024
798,10,cpp_seq,0.003424,0.000065,0.012958,0.016448,38,68,1024
798,10,cpp_par,0.005362,0.000055,0.011784,0.017202,38,68,1024
798,10,cpp_adv,0.001908,0.000039,0.011933,0.013881,38,68,1024
799,10,seq,0.423343,0.000311,0.006226,0.429879,29,41,111
799,10,par,0.177590,0.038658,0.312266,0.528514,29,41,111
799,10,weights,0.156247,0.036107,0.295258,0.487612,29,41,111
799,10,cpp_seq,0.015686,0.000061,0.001656,0.017404,29,41,111
799,10,cpp_par,0.008802,0.000038,0.001666,0.010506,29,41,111
799,10,cpp_adv,0.008686,0.000038,0.001815,0.010541,29,41,111
800,10,seq,0.254473,0.000276,0.000344,0.255092,19,17,1
800,10,par,0.100421,0.043049,0.316515,0.459985,19,17,1
800,10,weights,0.112578,0.043946,0.308724,0.465249,19,17,1
800,10,cpp_seq,0.005320,0.000053,0.000066,0.005440,19,17,1
800,10,cpp_par,0.003316,0.000034,0.000077,0.003428,19,17,1
800,10,cpp_adv,0.002855,0.000032,0.000063,0.002951,19,17,1
801,10,seq,0.278359,0.000353,0.009967,0.288679,29,43,158
801,10,par,0.112540,0.039034,0.302620,0.454194,29,43,158
801,10,weights,0.130478,0.044083,0.308443,0.483003,29,43,158
801,10,cpp_seq,0.009728,0.000062,0.002235,0.012025,29,43,158
801,10,cpp_par,0.005382,0.000038,0.002117,0.007538,29,43,158
801,10,cpp_adv,0.005083,0.000037,0.002295,0.007416,29,43,158
802,10,seq,0.225786,0.000282,0.001598,0.227667,29,35,11
802,10,par,0.184068,0.080477,0.338443,0.602988,29,35,11
802,10,weights,0.112422,0.035755,0.290958,0.439135,29,35,11
802,10,cpp_seq,0.004891,0.000060,0.000328,0.005280,29,35,11
802,10,cpp_par,0.004817,0.000039,0.000362,0.005219,29,35,11
802,10,cpp_adv,0.002502,0.000035,0.000327,0.002865,29,35,11
803,10,seq,0.218645,0.000309,0.000120,0.219074,19,8,0
803,10,par,0.107824,0.037773,0.033331,0.178929,19,8,0
803,10,weights,0.110789,0.039072,0.000350,0.150211,19,8,0
803,10,cpp_seq,0.002670,0.000054,0.000018,0.002742,19,8,0
803,10,cpp_par,0.001823,0.000044,0.000021,0.001889,19,8,0
803,10,cpp_adv,0.002043,0.000044,0.000021,0.002109,19,8,0
804,10,seq,0.211084,0.000287,0.000119,0.211490,19,3,0
804,10,par,0.103367,0.041503,0.100979,0.245848,19,3,0
804,10,weights,0.136350,0.042563,0.000381,0.179294,19,3,0
804,10,cpp_seq,0.003834,0.000052,0.000017,0.003904,19,3,0
804,10,cpp_par,0.002611,0.000031,0.000016,0.002659,19,3,0
804,10,cpp_adv,0.002118,0.000031,0.000017,0.002167,19,3,0
805,10,seq,0.286654,0.000297,0.065855,0.352805,38,68,1024
805,10,par,0.129189,0.039543,0.349705,0.518437,38,68,1024
805,10,weights,0.114944,0.049428,0.344228,0.508601,38,68,1024
805,10,cpp_seq,0.006750,0.000072,0.012120,0.018943,38,68,1024
805,10,cpp_par,0.007052,0.000058,0.012318,0.019429,38,68,1024
805,10,cpp_adv,0.006636,0.000041,0.012191,0.018869,38,68,1024
806,10,seq,0.422925,0.000282,0.000583,0.423790,29,19,2
806,10,par,0.166315,0.034981,0.312001,0.513296,29,19,2
806,10,weights,0.155080,0.043789,0.300009,0.498878,29,19,2
806,10,cpp_seq,0.010848,0.000080,0.000174,0.011104,29,19,2
806,10,cpp_par,0.005655,0.000037,0.000105,0.005798,29,19,2
806,10,cpp_adv,0.006524,0.000037,0.000123,0.006685,29,19,2
807,10,seq,0.205482,0.000316,0.000318,0.206116,19,17,1
807,10,par,0.102490,0.038877,0.278764,0.420132,19,17,1
807,10,weights,0.103072,0.039794,0.293332,0.436198,19,17,1
807,10,cpp_seq,0.003286,0.000055,0.000065,0.003407,19,17,1
807,10,cpp_par,0.001598,0.000040,0.000063,0.001701,19,17,1
807,10,cpp_adv,0.001421,0.000032,0.000062,0.001515,19,17,1
808,10,seq,0.320189,0.000334,0.064212,0.384735,38,68,1024
808,10,par,0.125859,0.042037,0.322592,0.490487,38,68,1024
808,10,weights,0.124435,0.037482,0.314667,0.476584,38,68,1024
808,10,cpp_seq,0.005232,0.000066,0.012243,0.017542,38,68,1024
808,10,cpp_par,0.005785,0.000039,0.012071,0.017896,38,68,1024
808,10,cpp_adv,0.005372,0.000044,0.012372,0.017789,38,68,1024
809,10,seq,0.236397,0.000266,0.000095,0.236758,19,8,0
809,10,par,0.105413,0.037307,0.034021,0.176741,19,8,0
809,10,weights,0.112425,0.037944,0.000284,0.150653,19,8,0
809,10,cpp_seq,0.009339,0.000054,0.000019,0.009413,19,8,0
809,10,cpp_par,0.004939,0.000035,0.000019,0.004994,19,8,0
809,10,cpp_adv,0.004678,0.000033,0.000017,0.004729,19,8,0
810,10,seq,0.208303,0.000387,0.000384,0.209075,19,17,1
810,10,par,0.105157,0.039048,0.304037,0.448241,19,17,1
810,10,weights,0.105816,0.040792,0.283927,0.430535,19,17,1
810,10,cpp_seq,0.004101,0.000055,0.000067,0.004223,19,17,1
810,10,cpp_par,0.002581,0.000032,0.000065,0.002679,19,17,1
810,10,cpp_adv,0.002477,0.000033,0.000063,0.002574,19,17,1
811,10,seq,0.236785,0.000297,0.000123,0.237205,19,4,0
811,10,par,0.113390,0.045693,0.035730,0.194812,19,4,0
811,10,weights,0.115287,0.038365,0.000441,0.154093,19,4,0
811,10,cpp_seq,0.006099,0.000053,0.000017,0.006170,19,4,0
811,10,cpp_par,0.003151,0.000032,0.000014,0.003198,19,4,0
811,10,cpp_adv,0.002955,0.000031,0.000014,0.003000,19,4,0
812,10,seq,0.345140,0.000259,0.000620,0.346019,29,23,2
812,10,par,0.147075,0.034929,0.304880,0.486884,29,23,2
812,10,weights,4.728136,0.040577,0.290966,5.059679,29,23,2
812,10,cpp_seq,0.018178,0.000060,0.000194,0.018433,29,23,2
812,10,cpp_par,0.008548,0.000036,0.000120,0.008705,29,23,2
812,10,cpp_adv,0.008200,0.000035,0.000120,0.008356,29,23,2
813,10,seq,0.687060,0.000283,0.000434,0.687778,29,29,2
813,10,par,0.112723,0.039096,0.291910,0.443729,29,29,2
813,10,weights,0.229003,0.034140,0.293267,0.556411,29,29,2
813,10,cpp_seq,0.007995,0.000060,0.000105,0.008160,29,29,2
813,10,cpp_par,0.003780,0.000036,0.000104,0.003921,29,29,2
813,10,cpp_adv,0.004021,0.000037,0.000106,0.004164,29,29,2
814,10,seq,0.233763,0.000329,0.000231,0.234323,19,3,0
814,10,par,0.111321,0.036084,0.033585,0.180990,19,3,0
814,10,weights,0.128200,0.042887,0.041085,0.212172,19,3,0
814,10,cpp_seq,0.004898,0.000052,0.000020,0.004971,19,3,0
814,10,cpp_par,0.002354,0.000032,0.000017,0.002404,19,3,0
814,10,cpp_adv,0.002167,0.000031,0.000016,0.002214,19,3,0
815,10,seq,0.374677,0.000680,0.003917,0.379274,29,39,47
815,10,par,0.184534,0.075444,0.293134,0.553112,29,39,47
815,10,weights,0.150429,0.033697,0.275704,0.459830,29,39,47
815,10,cpp_seq,0.015298,0.000077,0.000935,0.016311,29,39,47
815,10,cpp_par,0.008144,0.000050,0.001159,0.009354,29,39,47
815,10,cpp_adv,0.007792,0.000038,0.000819,0.008649,29,39,47
816,10,seq,0.304889,0.000410,0.000440,0.305739,19,17,1
816,10,par,0.095562,0.036988,0.299951,0.432500,19,17,1
816,10,weights,0.107577,0.038969,0.290010,0.436557,19,17,1
816,10,cpp_seq,0.005263,0.000056,0.000067,0.005387,19,17,1
816,10,cpp_par,0.002782,0.000032,0.000064,0.002878,19,17,1
816,10,cpp_adv,0.003807,0.000042,0.000085,0.003935,19,17,1
817,10,seq,0.377924,0.000431,0.000179,0.378535,19,3,0
817,10,par,0.095495,0.033745,0.037357,0.166598,19,3,0
817,10,weights,0.094463,0.034360,0.000316,0.129138,19,3,0
817,10,cpp_seq,0.003419,0.000052,0.000016,0.003488,19,3,0
817,10,cpp_par,0.001931,0.000039,0.000018,0.001989,19,3,0
817,10,cpp_adv,0.001897,0.000031,0.000015,0.001944,19,3,0
818,10,seq,0.189202,0.000278,0.000327,0.189807,19,17,1
818,10,par,0.227740,0.037167,0.276539,0.541446,19,17,1
818,10,weights,0.095891,0.033782,0.305748,0.435421,19,17,1
818,10,cpp_seq,0.005228,0.000054,0.000064,0.005347,19,17,1
818,10,cpp_par,0.004551,0.000047,0.000085,0.004684,19,17,1
818,10,cpp_adv,0.002830,0.000032,0.000063,0.002926,19,17,1
819,10,seq,0.292787,0.000261,0.000308,0.293356,19,17,1
819,10,par,0.091017,0.034934,0.375061,0.501012,19,17,1
819,10,weights,0.102599,0.041038,0.289201,0.432838,19,17,1
819,10,cpp_seq,0.005030,0.000056,0.000067,0.005154,19,17,1
819,10,cpp_par,0.002807,0.000033,0.000066,0.002908,19,17,1
819,10,cpp_adv,0.002534,0.000032,0.000063,0.002630,19,17,1
820,10,seq,0.221821,0.000268,0.000166,0.222255,19,8,0
820,10,par,0.104579,0.037072,0.037908,0.179559,19,8,0
820,10,weights,0.195236,0.039580,0.000417,0.235233,19,8,0
820,10,cpp_seq,0.002676,0.000053,0.000018,0.002748,19,8,0
820,10,cpp_par,0.001622,0.000037,0.000021,0.001681,19,8,0
820,10,cpp_adv,0.001483,0.000033,0.000018,0.001534,19,8,0
821,10,seq,0.585385,0.000451,0.000208,0.586045,19,8,0
821,10,par,0.168534,0.035605,0.031837,0.235975,19,8,0
821,10,weights,0.291285,0.054404,0.000376,0.346065,19,8,0
821,10,cpp_seq,0.017927,0.000070,0.000026,0.018024,19,8,0
821,10,cpp_par,0.010768,0.000065,0.000038,0.010873,19,8,0
821,10,cpp_adv,0.008428,0.000032,0.000017,0.008477,19,8,0
822,10,seq,1.262072,0.000256,0.040155,1.302483,38,64,768
822,10,par,0.118179,0.043110,0.348452,0.509741,38,64,768
822,10,weights,0.232733,0.034616,0.397579,0.664928,38,64,768
822,10,cpp_seq,0.006424,0.000066,0.009596,0.016087,38,64,768
822,10,cpp_par,0.005723,0.000040,0.009423,0.015187,38,64,768
822,10,cpp_adv,0.005840,0.000044,0.009414,0.015298,38,64,768
823,10,seq,0.511287,0.000285,0.008008,0.519580,29,43,162
823,10,par,0.192480,0.033021,0.288041,0.513542,29,43,162
823,10,weights,0.195617,0.034567,0.283883,0.514067,29,43,162
823,10,cpp_seq,0.012909,0.000062,0.002264,0.015236,29,43,162
823,10,cpp_par,0.007351,0.000038,0.002081,0.009470,29,43,162
823,10,cpp_adv,0.007515,0.000042,0.002538,0.010096,29,43,162
824,10,seq,0.315676,0.000285,0.004083,0.320044,29,38,52
824,10,par,0.162523,0.039249,0.300379,0.502151,29,38,52
824,10,weights,0.110044,0.090685,0.307316,0.508046,29,38,52
824,10,cpp_seq,0.004575,0.000060,0.001026,0.005663,29,38,52
824,10,cpp_par,0.002661,0.000036,0.001057,0.003755,29,38,52
824,10,cpp_adv,0.002270,0.000036,0.001043,0.003350,29,38,52
825,10,seq,0.212220,0.000346,0.000384,0.212950,19,17,1
825,10,par,0.099521,0.035377,0.326946,0.461844,19,17,1
825,10,weights,0.139667,0.071821,0.399101,0.610589,19,17,1
825,10,cpp_seq,0.007112,0.000071,0.000081,0.007265,19,17,1
825,10,cpp_par,0.004040,0.000034,0.000066,0.004141,19,17,1
825,10,cpp_adv,0.003367,0.000032,0.000063,0.003464,19,17,1
826,10,seq,0.216892,0.000270,0.000120,0.217282,19,8,0
826,10,par,0.095595,0.033809,0.035093,0.164496,19,8,0
826,10,weights,0.093404,0.033295,0.000310,0.127008,19,8,0
826,10,cpp_seq,0.005568,0.000055,0.000020,0.005644,19,8,0
826,10,cpp_par,0.003025,0.000032,0.000017,0.003075,19,8,0
826,10,cpp_adv,0.002531,0.000032,0.000016,0.002579,19,8,0
827,10,seq,0.252472,0.000335,0.000378,0.253185,19,17,1
827,10,par,0.125877,0.040784,0.328749,0.495409,19,17,1
827,10,weights,0.103390,0.034868,0.281482,0.419740,19,17,1
827,10,cpp_seq,0.006040,0.000054,0.000066,0.006161,19,17,1
827,10,cpp_par,0.003628,0.000034,0.000066,0.003729,19,17,1
827,10,cpp_adv,0.003201,0.000033,0.000064,0.003299,19,17,1
828,10,seq,0.262665,0.000422,0.061040,0.324127,38,68,1024
828,10,par,0.122393,0.037376,0.325661,0.485431,38,68,1024
828,10,weights,0.108884,0.040312,0.310138,0.459333,38,68,1024
828,10,cpp_seq,0.005946,0.000082,0.012321,0.018350,38,68,1024
828,10,cpp_par,0.006399,0.000040,0.011881,0.018320,38,68,1024
828,10,cpp_adv,0.005586,0.000044,0.011854,0.017484,38,68,1024
829,10,seq,0.423866,0.000355,0.056515,0.480736,38,68,1024
829,10,par,0.152655,0.036089,0.321605,0.510349,38,68,1024
829,10,weights,0.158971,0.033396,0.301384,0.493751,38,68,1024
829,10,cpp_seq,0.012941,0.000071,0.012249,0.025263,38,68,1024
829,10,cpp_par,0.011281,0.000177,0.015234,0.026694,38,68,1024
829,10,cpp_adv,0.009490,0.000046,0.011995,0.021533,38,68,1024
830,10,seq,0.260125,0.000276,0.000121,0.260522,19,8,0
830,10,par,0.118336,0.038766,0.032546,0.189648,19,8,0
830,10,weights,0.113401,0.038110,0.000313,0.151825,19,8,0
830,10,cpp_seq,0.007842,0.000095,0.000019,0.007957,19,8,0
830,10,cpp_par,0.004389,0.000045,0.000023,0.004458,19,8,0
830,10,cpp_adv,0.003827,0.000031,0.000016,0.003874,19,8,0
831,10,seq,0.245094,0.000328,0.000324,0.245746,19,17,1
831,10,par,0.105204,0.037633,0.327770,0.470607,19,17,1
831,10,weights,0.125435,0.047903,0.295017,0.468354,19,17,1
831,10,cpp_seq,0.004965,0.000055,0.000066,0.005087,19,17,1
831,10,cpp_par,0.003021,0.000033,0.000065,0.003120,19,17,1
831,10,cpp_adv,0.002873,0.000064,0.000083,0.003022,19,17,1
832,10,seq,0.225342,0.000390,0.000319,0.226051,19,5,0
832,10,par,0.103483,0.038449,0.074711,0.216643,19,5,0
832,10,weights,0.107113,0.037567,0.073192,0.217873,19,5,0
832,10,cpp_seq,0.004502,0.000052,0.000025,0.004580,19,5,0
832,10,cpp_par,0.002643,0.000033,0.000024,0.002700,19,5,0
832,10,cpp_adv,0.002202,0.000031,0.000021,0.002254,19,5,0
833,10,seq,0.464680,0.000322,0.000731,0.465732,29,34,4
833,10,par,0.295356,0.033367,0.287535,0.616258,29,34,4
833,10,weights,0.179322,0.039271,0.298075,0.516668,29,34,4
833,10,cpp_seq,0.016683,0.000060,0.000166,0.016911,29,34,4
833,10,cpp_par,0.010747,0.000042,0.000169,0.010959,29,34,4
833,10,cpp_adv,0.008205,0.000038,0.000168,0.008412,29,34,4
834,10,seq,0.267630,0.000264,0.000123,0.268017,19,1,0
834,10,par,0.116130,0.044316,0.038895,0.199340,19,1,0
834,10,weights,0.116108,0.045942,0.000316,0.162366,19,1,0
834,10,cpp_seq,0.007326,0.000075,0.000019,0.007420,19,1,0
834,10,cpp_par,0.004190,0.000034,0.000016,0.004241,19,1,0
834,10,cpp_adv,0.003762,0.000032,0.000016,0.003810,19,1,0
835,10,seq,0.202993,0.000405,0.006310,0.209707,29,41,84
835,10,par,0.099672,0.035859,0.307303,0.442834,29,41,84
835,10,weights,0.102855,0.038117,0.322367,0.463339,29,41,84
835,10,cpp_seq,0.006720,0.000061,0.001161,0.007944,29,41,84
835,10,cpp_par,0.003886,0.000036,0.001075,0.004998,29,41,84
835,10,cpp_adv,0.003328,0.000036,0.001063,0.004427,29,41,84
836,10,seq,0.281551,0.000279,0.000134,0.281964,19,8,0
836,10,par,0.121313,0.038753,0.035934,0.195999,19,8,0
836,10,weights,0.115432,0.036941,0.000332,0.152705,19,8,0
836,10,cpp_seq,0.007539,0.000054,0.000053,0.007647,19,8,0
836,10,cpp_par,0.004564,0.000037,0.000018,0.004620,19,8,0
836,10,cpp_adv,0.005143,0.000034,0.000018,0.005195,19,8,0
837,10,seq,0.253847,0.000271,0.000119,0.254238,19,3,0
837,10,par,0.122141,0.050296,0.035165,0.207602,19,3,0
837,10,weights,0.112115,0.043974,0.000350,0.156439,19,3,0
837,10,cpp_seq,0.006196,0.000052,0.000019,0.006268,19,3,0
837,10,cpp_par,0.003660,0.000032,0.000018,0.003712,19,3,0
837,10,cpp_adv,0.003455,0.000035,0.000018,0.003508,19,3,0
838,10,seq,0.194814,0.000259,0.000386,0.195460,19,17,1
838,10,par,0.109733,0.038136,0.280861,0.428730,19,17,1
838,10,weights,0.112041,0.038894,0.303525,0.454459,19,17,1
838,10,cpp_seq,0.004179,0.000067,0.000086,0.004334,19,17,1
838,10,cpp_par,0.003289,0.000043,0.000082,0.003415,19,17,1
838,10,cpp_adv,0.002050,0.000033,0.000098,0.002182,19,17,1
839,10,seq,0.292347,0.000340,0.000199,0.292886,19,3,0
839,10,par,0.129748,0.035446,0.036225,0.201419,19,3,0
839,10,weights,0.131109,0.043094,0.031187,0.205390,19,3,0
839,10,cpp_seq,0.005419,0.000052,0.000018,0.005490,19,3,0
839,10,cpp_par,0.003153,0.000032,0.000016,0.003202,19,3,0
839,10,cpp_adv,0.002917,0.000042,0.000023,0.002984,19,3,0
840,10,seq,0.272004,0.000306,0.057204,0.329514,38,68,1024
840,10,par,0.121903,0.040308,0.321156,0.483367,38,68,1024
840,10,weights,0.115161,0.043424,0.334572,0.493156,38,68,1024
840,10,cpp_seq,0.005763,0.000069,0.013307,0.019141,38,68,1024
840,10,cpp_par,0.006390,0.000040,0.011874,0.018305,38,68,1024
840,10,cpp_adv,0.005865,0.000044,0.013897,0.019807,38,68,1024
841,10,seq,0.208843,0.000470,0.000184,0.209497,19,1,0
841,10,par,0.099441,0.038388,0.038183,0.176012,19,1,0
841,10,weights,0.104325,0.039431,0.000317,0.144073,19,1,0
841,10,cpp_seq,0.003990,0.000071,0.000031,0.004093,19,1,0
841,10,cpp_par,0.002520,0.000031,0.000015,0.002567,19,1,0
841,10,cpp_adv,0.002613,0.000035,0.000015,0.002664,19,1,0
842,10,seq,0.233342,0.000284,0.000367,0.233993,19,17,1
842,10,par,0.105664,0.038946,0.279276,0.423886,19,17,1
842,10,weights,0.110749,0.040307,0.299217,0.450273,19,17,1
842,10,cpp_seq,0.006126,0.000057,0.000074,0.006258,19,17,1
842,10,cpp_par,0.003730,0.000034,0.000066,0.003831,19,17,1
842,10,cpp_adv,0.003146,0.000032,0.000062,0.003240,19,17,1
843,10,seq,0.292672,0.000274,0.000325,0.293271,19,17,1
843,10,par,0.137356,0.037699,0.293437,0.468492,19,17,1
843,10,weights,0.123719,0.036439,0.278433,0.438592,19,17,1
843,10,cpp_seq,0.003375,0.000055,0.000066,0.003497,19,17,1
843,10,cpp_par,0.002062,0.000034,0.000065,0.002161,19,17,1
843,10,cpp_adv,0.002008,0.000032,0.000064,0.002104,19,17,1
844,10,seq,0.270351,0.000280,0.020181,0.290812,29,46,432
844,10,par,0.124129,0.038096,0.340553,0.502779,29,46,432
844,10,weights,0.121807,0.037843,0.294768,0.454418,29,46,432
844,10,cpp_seq,0.003310,0.000061,0.005088,0.008459,29,46,432
844,10,cpp_par,0.003058,0.000038,0.005438,0.008534,29,46,432
844,10,cpp_adv,0.002578,0.000036,0.005094,0.007709,29,46,432
845,10,seq,0.379552,0.000313,0.058427,0.438292,38,68,1024
845,10,par,0.159292,0.036777,0.324289,0.520358,38,68,1024
845,10,weights,0.181886,0.039409,0.315871,0.537166,38,68,1024
845,10,cpp_seq,0.008908,0.000067,0.012538,0.021515,38,68,1024
845,10,cpp_par,0.007510,0.000056,0.012069,0.019636,38,68,1024
845,10,cpp_adv,0.006823,0.000045,0.011827,0.018697,38,68,1024
846,10,seq,0.224108,0.000368,0.000405,0.224882,28,36,1
846,10,par,0.103178,0.043267,0.298689,0.445134,28,36,1
846,10,weights,0.123268,0.042616,0.296956,0.462840,28,36,1
846,10,cpp_seq,0.005468,0.000060,0.000086,0.005616,28,36,1
846,10,cpp_par,0.003203,0.000040,0.000088,0.003332,28,36,1
846,10,cpp_adv,0.002793,0.000035,0.000267,0.003096,28,36,1
847,10,seq,1.195010,0.000271,0.000119,1.195400,19,8,0
847,10,par,0.239759,0.092668,0.046138,0.378565,19,8,0
847,10,weights,0.143015,0.086524,0.000505,0.230045,19,8,0
847,10,cpp_seq,0.015555,0.000074,0.000025,0.015655,19,8,0
847,10,cpp_par,0.003336,0.000096,0.000022,0.003455,19,8,0
847,10,cpp_adv,0.002637,0.000033,0.000017,0.002688,19,8,0
848,10,seq,0.364147,0.000391,0.000443,0.364980,19,17,1
848,10,par,0.147970,0.044187,0.313338,0.505496,19,17,1
848,10,weights,0.114345,0.040484,0.316762,0.471591,19,17,1
848,10,cpp_seq,0.006630,0.000063,0.000078,0.006772,19,17,1
848,10,cpp_par,0.004396,0.000050,0.000072,0.004520,19,17,1
848,10,cpp_adv,0.003500,0.000035,0.000066,0.003603,19,17,1
849,10,seq,0.276952,0.000271,0.000132,0.277354,19,12,0
849,10,par,0.144899,0.041161,0.039289,0.225349,19,12,0
849,10,weights,0.132882,0.045471,0.000376,0.178730,19,12,0
849,10,cpp_seq,0.010340,0.000057,0.000020,0.010417,19,12,0
849,10,cpp_par,0.005017,0.000032,0.000017,0.005067,19,12,0
849,10,cpp_adv,0.006660,0.000033,0.000018,0.006712,19,12,0
850,10,seq,0.323908,0.000445,0.000524,0.324877,28,35,1
850,10,par,0.219782,0.058026,0.502342,0.780150,28,35,1
850,10,weights,0.131142,0.038615,0.317014,0.486771,28,35,1
850,10,cpp_seq,0.006588,0.000067,0.000087,0.006743,28,35,1
850,10,cpp_par,0.003079,0.000038,0.000087,0.003205,28,35,1
850,10,cpp_adv,0.002737,0.000038,0.000093,0.002870,28,35,1
851,10,seq,0.509340,0.000306,1.061239,1.570885,48,111,16556
851,10,par,0.258170,0.053248,0.915546,1.226964,48,111,16556
851,10,weights,0.159747,0.065888,0.996312,1.221947,48,111,16556
851,10,cpp_seq,0.006980,0.000075,0.198512,0.205569,48,111,16556
851,10,cpp_par,0.005485,0.000054,0.193659,0.199200,48,111,16556
851,10,cpp_adv,0.004863,0.000052,0.193020,0.197936,48,111,16556
852,10,seq,0.260419,0.000242,0.000095,0.260756,19,8,0
852,10,par,0.126615,0.037313,0.029968,0.193896,19,8,0
852,10,weights,0.113488,0.037318,0.000312,0.151118,19,8,0
852,10,cpp_seq,0.010155,0.000054,0.000019,0.010228,19,8,0
852,10,cpp_par,0.006519,0.000044,0.000023,0.006588,19,8,0
852,10,cpp_adv,0.007104,0.000045,0.000022,0.007172,19,8,0
853,10,seq,0.215215,0.000271,0.000142,0.215627,19,3,0
853,10,par,0.089096,0.034933,0.067459,0.191487,19,3,0
853,10,weights,0.162833,0.049376,0.000335,0.212543,19,3,0
853,10,cpp_seq,0.006773,0.000067,0.000019,0.006860,19,3,0
853,10,cpp_par,0.003316,0.000032,0.000014,0.003363,19,3,0
853,10,cpp_adv,0.002852,0.000031,0.000026,0.002910,19,3,0
854,10,seq,0.250288,0.000276,0.000327,0.250891,19,17,1
854,10,par,0.136545,0.050040,0.323911,0.510496,19,17,1
854,10,weights,0.113689,0.037865,0.296113,0.447667,19,17,1
854,10,cpp_seq,0.005256,0.000058,0.000069,0.005384,19,17,1
854,10,cpp_par,0.003171,0.000033,0.000065,0.003270,19,17,1
854,10,cpp_adv,0.002926,0.000039,0.000081,0.003047,19,17,1
855,10,seq,0.211589,0.000325,0.059649,0.271563,38,68,1024
855,10,par,0.099901,0.036339,0.400012,0.536253,38,68,1024
855,10,weights,0.113493,0.036379,0.325162,0.475035,38,68,1024
855,10,cpp_seq,0.006317,0.000092,0.016623,0.023035,38,68,1024
855,10,cpp_par,0.006016,0.000040,0.013325,0.019382,38,68,1024
855,10,cpp_adv,0.005787,0.000047,0.011990,0.017824,38,68,1024
856,10,seq,0.301389,0.000302,0.062072,0.363763,38,68,1024
856,10,par,0.123170,0.039378,0.335845,0.498394,38,68,1024
856,10,weights,0.141868,0.035352,0.331234,0.508454,38,68,1024
856,10,cpp_seq,0.008327,0.000068,0.012286,0.020683,38,68,1024
856,10,cpp_par,0.007668,0.000079,0.012887,0.020635,38,68,1024
856,10,cpp_adv,0.006908,0.000058,0.011645,0.018612,38,68,1024
857,10,seq,0.252025,0.000313,0.000295,0.252633,19,5,0
857,10,par,0.120439,0.046149,0.036403,0.202991,19,5,0
857,10,weights,0.111729,0.043023,0.036840,0.191592,19,5,0
857,10,cpp_seq,0.005245,0.000053,0.000018,0.005316,19,5,0
857,10,cpp_par,0.002443,0.000147,0.000023,0.002614,19,5,0
857,10,cpp_adv,0.002344,0.000033,0.000020,0.002397,19,5,0
858,10,seq,0.221600,0.000372,0.000318,0.222290,19,17,1
858,10,par,0.099583,0.042612,0.319614,0.461808,19,17,1
858,10,weights,0.116321,0.040021,0.331802,0.488144,19,17,1
858,10,cpp_seq,0.004641,0.000070,0.000086,0.004798,19,17,1
858,10,cpp_par,0.002248,0.000037,0.000065,0.002351,19,17,1
858,10,cpp_adv,0.001650,0.000033,0.000063,0.001746,19,17,1
859,10,seq,0.412098,0.000329,0.063105,0.475533,38,68,1024
859,10,par,0.168056,0.044907,0.339202,0.552164,38,68,1024
859,10,weights,0.165988,0.035098,0.564998,0.766085,38,68,1024
859,10,cpp_seq,0.011640,0.000068,0.011997,0.023706,38,68,1024
859,10,cpp_par,0.008874,0.000041,0.012066,0.020983,38,68,1024
859,10,cpp_adv,0.011424,0.000054,0.014821,0.026301,38,68,1024
860,10,seq,0.438432,0.000303,0.090108,0.528843,38,68,1024
860,10,par,0.209813,0.045957,0.367491,0.623262,38,68,1024
860,10,weights,0.180060,0.036955,0.356155,0.573170,38,68,1024
860,10,cpp_seq,0.015805,0.000067,0.012745,0.028618,38,68,1024
860,10,cpp_par,0.011602,0.000039,0.012852,0.024495,38,68,1024
860,10,cpp_adv,0.011053,0.000044,0.013533,0.024631,38,68,1024
861,10,seq,0.226968,0.000300,0.000272,0.227540,19,17,1
861,10,par,0.109962,0.040824,0.289530,0.440316,19,17,1
861,10,weights,0.113395,0.037645,0.286634,0.437675,19,17,1
861,10,cpp_seq,0.003960,0.000054,0.000066,0.004081,19,17,1
861,10,cpp_par,0.002394,0.000038,0.000069,0.002502,19,17,1
861,10,cpp_adv,0.002093,0.000033,0.000064,0.002191,19,17,1
862,10,seq,0.327509,0.000268,0.000313,0.328091,19,17,1
862,10,par,0.148366,0.035587,0.298302,0.482256,19,17,1
862,10,weights,0.160247,0.034483,0.277434,0.472165,19,17,1
862,10,cpp_seq,0.009848,0.000072,0.000088,0.010010,19,17,1
862,10,cpp_par,0.005500,0.000045,0.000086,0.005631,19,17,1
862,10,cpp_adv,0.003640,0.000032,0.000063,0.003736,19,17,1
863,10,seq,0.392494,0.000301,0.000118,0.392914,19,8,0
863,10,par,0.158615,0.038379,0.031458,0.228452,19,8,0
863,10,weights,0.160840,0.034808,0.000325,0.195973,19,8,0
863,10,cpp_seq,0.009945,0.000052,0.000019,0.010017,19,8,0
863,10,cpp_par,0.005794,0.000034,0.000019,0.005847,19,8,0
863,10,cpp_adv,0.005248,0.000031,0.000016,0.005297,19,8,0
864,10,seq,0.285988,0.000290,0.000305,0.286583,19,12,1
864,10,par,0.100473,0.039927,0.291024,0.431424,19,12,1
864,10,weights,0.114504,0.035828,0.291035,0.441367,19,12,1
864,10,cpp_seq,0.004932,0.000054,0.000061,0.005048,19,12,1
864,10,cpp_par,0.003047,0.000033,0.000060,0.003141,19,12,1
864,10,cpp_adv,0.002439,0.000032,0.000058,0.002529,19,12,1
865,10,seq,0.276944,0.000490,0.089903,0.367337,38,68,1024
865,10,par,0.118252,0.037306,0.325436,0.480995,38,68,1024
865,10,weights,0.117417,0.045626,0.309685,0.472729,38,68,1024
865,10,cpp_seq,0.006659,0.000068,-0.774011,-0.767283,38,68,1024
865,10,cpp_par,0.006125,0.000039,0.015213,0.021378,38,68,1024
865,10,cpp_adv,0.003378,0.000039,0.012220,0.015638,38,68,1024
866,10,seq,0.248856,0.000404,0.727158,0.976419,48,108,11734
866,10,par,0.105848,0.047916,0.795516,0.949279,48,108,11734
866,10,weights,0.123201,0.055972,0.890723,1.069896,48,108,11734
866,10,cpp_seq,0.003922,0.000075,0.135114,0.139113,48,108,11734
866,10,cpp_par,0.003102,0.000047,0.153993,0.157143,48,108,11734
866,10,cpp_adv,0.002893,0.000059,0.136877,0.139831,48,108,11734
867,10,seq,1.471785,0.000262,0.000476,1.472523,19,17,1
867,10,par,0.186863,0.040367,0.304947,0.532177,19,17,1
867,10,weights,0.106766,0.038606,0.301590,0.446962,19,17,1
867,10,cpp_seq,0.007173,0.000058,0.000067,0.007300,19,17,1
867,10,cpp_par,0.005725,0.000050,0.000093,0.005869,19,17,1
867,10,cpp_adv,0.005875,0.000046,0.000084,0.006006,19,17,1
868,10,seq,0.335439,0.000278,0.000120,0.335837,19,8,0
868,10,par,0.133135,0.045708,0.033845,0.212688,19,8,0
868,10,weights,0.176881,0.044181,0.000308,0.221370,19,8,0
868,10,cpp_seq,0.013016,0.000054,0.000018,0.013089,19,8,0
868,10,cpp_par,0.007234,0.000033,0.000018,0.007286,19,8,0
868,10,cpp_adv,0.006967,0.000038,0.000017,0.007023,19,8,0
869,10,seq,0.325868,0.000279,0.000119,0.326266,19,8,0
869,10,par,0.169885,0.039143,0.032222,0.241250,19,8,0
869,10,weights,0.116879,0.050297,0.000346,0.167523,19,8,0
869,10,cpp_seq,0.013045,0.000054,0.000018,0.013119,19,8,0
869,10,cpp_par,0.007880,0.000037,0.000019,0.007936,19,8,0
869,10,cpp_adv,0.006948,0.000040,0.000018,0.007007,19,8,0
870,10,seq,0.343943,0.000383,0.000129,0.344455,19,8,0
870,10,par,0.130424,0.036695,0.031791,0.198911,19,8,0
870,10,weights,0.535935,0.043020,0.000304,0.579259,19,8,0
870,10,cpp_seq,0.009810,0.000054,0.000018,0.009883,19,8,0
870,10,cpp_par,0.004934,0.000031,0.000016,0.004981,19,8,0
870,10,cpp_adv,0.004899,0.000034,0.000017,0.004951,19,8,0
871,10,seq,0.307423,0.000342,0.521766,0.829531,48,103,8119
871,10,par,0.128472,0.063265,0.562649,0.754385,48,103,8119
871,10,weights,0.135092,0.041456,0.701916,0.878464,48,103,8119
871,10,cpp_seq,0.008002,0.000247,0.106570,0.114821,48,103,8119
871,10,cpp_par,0.004377,0.000051,0.099563,0.103992,48,103,8119
871,10,cpp_adv,0.004029,0.000063,0.101899,0.105991,48,103,8119
872,10,seq,0.222950,0.000314,0.000284,0.223548,19,9,1
872,10,par,0.112959,0.037541,0.284395,0.434895,19,9,1
872,10,weights,0.108362,0.034845,0.408886,0.552093,19,9,1
872,10,cpp_seq,0.005519,0.000054,0.000057,0.005631,19,9,1
872,10,cpp_par,0.003073,0.000034,0.000058,0.003166,19,9,1
872,10,cpp_adv,0.002686,0.000091,0.000056,0.002834,19,9,1
873,10,seq,0.246548,0.000274,0.000396,0.247218,19,17,1
873,10,par,0.117840,0.047159,0.366659,0.531659,19,17,1
873,10,weights,0.104363,0.035190,0.300097,0.439650,19,17,1
873,10,cpp_seq,0.005466,0.000069,0.000087,0.005624,19,17,1
873,10,cpp_par,0.002984,0.000091,0.000066,0.003142,19,17,1
873,10,cpp_adv,0.002962,0.000047,0.000088,0.003098,19,17,1
874,10,seq,0.220872,0.000359,0.000466,0.221697,19,17,1
874,10,par,0.202650,0.126794,0.337745,0.667189,19,17,1
874,10,weights,0.104166,0.043188,0.282344,0.429698,19,17,1
874,10,cpp_seq,0.005122,0.000057,0.000069,0.005249,19,17,1
874,10,cpp_par,0.003148,0.000035,0.000066,0.003250,19,17,1
874,10,cpp_adv,0.002659,0.000032,0.000063,0.002755,19,17,1
875,10,seq,0.267191,0.000528,4.717800,4.985518,58,154,69984
875,10,par,0.115251,0.037683,2.904432,3.057365,58,154,69984
875,10,weights,0.126715,0.046863,2.699504,2.873082,58,154,69984
875,10,cpp_seq,0.004201,0.000083,0.841564,0.845851,58,154,69984
875,10,cpp_par,0.005081,0.000056,0.852271,0.857410,58,154,69984
875,10,cpp_adv,0.005329,0.000091,0.937668,0.943089,58,154,69984
876,10,seq,0.421694,0.000560,0.408786,0.831039,38,68,1024
876,10,par,0.197161,0.037454,0.362300,0.596915,38,68,1024
876,10,weights,0.161285,0.049922,0.443740,0.654948,38,68,1024
876,10,cpp_seq,0.012625,0.000077,0.016443,0.029147,38,68,1024
876,10,cpp_par,0.020126,0.005401,0.024529,0.050059,38,68,1024
876,10,cpp_adv,0.008609,0.000054,0.012534,0.021199,38,68,1024
877,10,seq,0.239467,0.000274,0.000368,0.240108,29,24,1
877,10,par,0.111406,0.045645,0.274557,0.431608,29,24,1
877,10,weights,0.099748,0.034863,0.293086,0.427697,29,24,1
877,10,cpp_seq,0.005651,0.000058,0.000222,0.005932,29,24,1
877,10,cpp_par,0.003238,0.000034,0.000087,0.003360,29,24,1
877,10,cpp_adv,0.002891,0.000035,0.000086,0.003012,29,24,1
878,10,seq,0.386554,0.000269,0.000263,0.387086,19,17,1
878,10,par,0.154593,0.039834,0.286648,0.481075,19,17,1
878,10,weights,0.157898,0.045631,0.300359,0.503889,19,17,1
878,10,cpp_seq,0.011914,0.000054,0.000065,0.012034,19,17,1
878,10,cpp_par,0.006793,0.000050,0.000067,0.006911,19,17,1
878,10,cpp_adv,0.006470,0.000041,0.000074,0.006585,19,17,1
879,10,seq,0.399657,0.000282,0.000200,0.400139,19,2,0
879,10,par,0.188493,0.049012,0.044503,0.282009,19,2,0
879,10,weights,0.191974,0.049748,0.000372,0.242094,19,2,0
879,10,cpp_seq,0.003827,0.000056,0.000018,0.003902,19,2,0
879,10,cpp_par,0.002043,0.000036,0.000018,0.002097,19,2,0
879,10,cpp_adv,0.002529,0.000040,0.000019,0.002589,19,2,0
880,10,seq,0.447516,0.000387,0.000294,0.448197,19,4,0
880,10,par,0.297704,0.084365,0.066791,0.448860,19,4,0
880,10,weights,0.228434,0.047868,0.000465,0.276766,19,4,0
880,10,cpp_seq,0.008103,0.000053,0.000018,0.008175,19,4,0
880,10,cpp_par,0.003727,0.000037,0.000021,0.003786,19,4,0
880,10,cpp_adv,0.004891,0.000054,0.000023,0.004969,19,4,0
881,10,seq,0.507382,0.000626,0.066668,0.574676,38,68,1024
881,10,par,0.253502,0.041989,0.399817,0.695308,38,68,1024
881,10,weights,56.361539,0.076609,0.389116,56.827264,38,68,1024
881,10,cpp_seq,0.014339,0.000071,0.013479,0.027890,38,68,1024
881,10,cpp_par,0.012026,0.000048,0.013751,0.025826,38,68,1024
881,10,cpp_adv,0.007893,0.000048,0.012587,0.020528,38,68,1024
882,10,seq,0.328924,0.000270,0.000392,0.329587,19,17,1
882,10,par,0.207461,0.043498,0.282894,0.533852,19,17,1
882,10,weights,0.247520,0.038177,0.274384,0.560080,19,17,1
882,10,cpp_seq,0.006704,0.000055,0.000065,0.006824,19,17,1
882,10,cpp_par,0.003639,0.000051,0.000067,0.003757,19,17,1
882,10,cpp_adv,0.003353,0.000036,0.000066,0.003455,19,17,1
883,10,seq,0.215559,0.000257,0.000335,0.216151,19,17,1
883,10,par,0.119403,0.047572,0.390116,0.557091,19,17,1
883,10,weights,0.183671,0.040793,0.476926,0.701391,19,17,1
883,10,cpp_seq,0.003505,0.000056,0.000067,0.003628,19,17,1
883,10,cpp_par,0.003074,0.000047,0.000088,0.003210,19,17,1
883,10,cpp_adv,0.001920,0.000113,0.000206,0.002240,19,17,1
884,10,seq,0.262574,0.000291,0.000324,0.263189,19,17,1
884,10,par,0.107282,0.048471,0.387036,0.542789,19,17,1
884,10,weights,0.264891,0.114856,0.343077,0.722824,19,17,1
884,10,cpp_seq,0.008425,0.000056,0.000066,0.008549,19,17,1
884,10,cpp_par,0.004054,0.000035,0.000066,0.004156,19,17,1
884,10,cpp_adv,0.003967,0.000035,0.000066,0.004069,19,17,1
885,10,seq,0.486634,0.000318,0.000236,0.487188,29,7,0
885,10,par,0.203966,0.052996,0.057732,0.314695,29,7,0
885,10,weights,0.313480,0.048325,0.044074,0.405880,29,7,0
885,10,cpp_seq,0.004838,0.000059,0.000023,0.004921,29,7,0
885,10,cpp_par,0.002418,0.000035,0.000022,0.002476,29,7,0
885,10,cpp_adv,0.002781,0.000048,0.000035,0.002865,29,7,0
886,10,seq,0.501247,0.000468,4.240615,4.742329,58,150,51840
886,10,par,0.160056,0.039127,2.226938,2.426121,58,150,51840
886,10,weights,0.143544,0.090992,2.164722,2.399258,58,150,51840
886,10,cpp_seq,0.007579,0.000109,0.647878,0.655568,58,150,51840
886,10,cpp_par,0.006108,0.000071,0.597380,0.603559,58,150,51840
886,10,cpp_adv,0.006362,0.000057,0.598824,0.605244,58,150,51840
887,10,seq,0.346875,0.000395,0.599200,0.946470,48,104,8702
887,10,par,0.178117,0.043038,0.584545,0.805700,48,104,8702
887,10,weights,0.136723,0.044547,0.756756,0.938026,48,104,8702
887,10,cpp_seq,0.007661,0.000076,0.112351,0.120088,48,104,8702
887,10,cpp_par,0.004641,0.000047,0.101381,0.106070,48,104,8702
887,10,cpp_adv,0.004289,0.000056,0.100944,0.105290,48,104,8702
888,10,seq,0.405083,0.000303,0.066034,0.471421,38,68,1024
888,10,par,0.188467,0.060306,0.414864,0.663636,38,68,1024
888,10,weights,0.175512,0.113154,0.398925,0.687592,38,68,1024
888,10,cpp_seq,0.007620,0.000094,0.014643,0.022359,38,68,1024
888,10,cpp_par,0.007284,0.000059,0.015357,0.022702,38,68,1024
888,10,cpp_adv,0.007934,0.000058,0.013557,0.021550,38,68,1024
889,10,seq,0.611112,0.000782,0.000770,0.612663,29,25,3
889,10,par,0.199983,0.039415,0.370348,0.609746,29,25,3
889,10,weights,0.282384,0.041682,0.332582,0.656648,29,25,3
889,10,cpp_seq,0.015484,0.000071,0.000160,0.015717,29,25,3
889,10,cpp_par,0.007955,0.000040,0.000126,0.008122,29,25,3
889,10,cpp_adv,0.006963,0.000034,0.000122,0.007120,29,25,3
890,10,seq,0.323688,0.000421,0.000167,0.324276,19,8,0
890,10,par,0.113244,0.044223,0.036832,0.194299,19,8,0
890,10,weights,0.255778,0.038595,0.000898,0.295271,19,8,0
890,10,cpp_seq,0.007230,0.000068,0.000018,0.007317,19,8,0
890,10,cpp_par,0.003712,0.000032,0.000016,0.003761,19,8,0
890,10,cpp_adv,0.004759,0.000045,0.000021,0.004826,19,8,0
891,10,seq,0.294751,0.000417,0.000497,0.295665,19,17,1
891,10,par,0.185271,0.117103,0.330614,0.632988,19,17,1
891,10,weights,0.116520,0.039784,0.309993,0.466298,19,17,1
891,10,cpp_seq,0.002997,0.000064,0.000071,0.003133,19,17,1
891,10,cpp_par,0.001844,0.000059,0.000072,0.001976,19,17,1
891,10,cpp_adv,0.001504,0.000032,0.000063,0.001601,19,17,1
892,10,seq,0.256920,0.000260,0.000117,0.257297,19,4,0
892,10,par,3.130202,0.036970,0.037560,3.204731,19,4,0
892,10,weights,3.919083,0.056768,0.000459,3.976310,19,4,0
892,10,cpp_seq,0.004381,0.000076,0.000027,0.004486,19,4,0
892,10,cpp_par,0.001983,0.000038,0.000020,0.002043,19,4,0
892,10,cpp_adv,0.006762,0.000161,0.000025,0.006950,19,4,0
893,10,seq,0.287733,0.000296,0.000345,0.288374,19,17,1
893,10,par,0.176475,0.055443,0.445234,0.677151,19,17,1
893,10,weights,0.232766,0.049223,0.434214,0.716203,19,17,1
893,10,cpp_seq,0.007055,0.000086,0.000074,0.007217,19,17,1
893,10,cpp_par,0.004006,0.000037,0.000069,0.004112,19,17,1
893,10,cpp_adv,0.003301,0.000033,0.000075,0.003410,19,17,1
894,10,seq,0.312719,0.000394,0.000503,0.313617,29,30,2
894,10,par,0.188487,0.058262,0.411532,0.658281,29,30,2
894,10,weights,0.180618,0.045016,0.371576,0.597209,29,30,2
894,10,cpp_seq,0.003520,0.000133,0.000146,0.003801,29,30,2
894,10,cpp_par,0.001917,0.000053,0.000117,0.002088,29,30,2
894,10,cpp_adv,0.001527,0.000050,0.000107,0.001684,29,30,2
895,10,seq,0.279072,0.000443,0.000527,0.280042,29,22,2
895,10,par,0.184609,0.069667,0.445720,0.699996,29,22,2
895,10,weights,0.146134,0.049166,0.424937,0.620238,29,22,2
895,10,cpp_seq,0.005256,0.000088,0.000158,0.005504,29,22,2
895,10,cpp_par,0.003696,0.000052,0.000249,0.003998,29,22,2
895,10,cpp_adv,0.002331,0.000042,0.000128,0.002502,29,22,2
896,10,seq,0.537136,0.001137,0.000858,0.539131,19,8,0
896,10,par,0.458343,0.050532,0.048017,0.556891,19,8,0
896,10,weights,0.202587,0.049808,0.000567,0.252962,19,8,0
896,10,cpp_seq,0.009928,0.000068,0.000027,0.010024,19,8,0
896,10,cpp_par,0.004520,0.000033,0.000017,0.004571,19,8,0
896,10,cpp_adv,0.004839,0.000056,0.000029,0.004925,19,8,0
897,10,seq,0.301163,0.000454,0.009960,0.311576,29,38,59
897,10,par,0.124181,0.070954,0.479881,0.675016,29,38,59
897,10,weights,0.111419,0.051581,0.504259,0.667260,29,38,59
897,10,cpp_seq,0.005485,0.000108,0.001169,0.006764,29,38,59
897,10,cpp_par,0.002439,0.000041,0.001130,0.003611,29,38,59
897,10,cpp_adv,0.002871,0.000046,0.001454,0.004372,29,38,59
898,10,seq,2.377700,0.000309,0.000115,2.378124,19,8,0
898,10,par,0.180969,0.056347,0.055441,0.292756,19,8,0
898,10,weights,0.280574,0.055844,0.000456,0.336875,19,8,0
898,10,cpp_seq,0.018302,0.000059,0.000020,0.018382,19,8,0
898,10,cpp_par,0.007788,0.000042,0.000024,0.007854,19,8,0
898,10,cpp_adv,0.008361,0.000044,0.000022,0.008428,19,8,0
899,10,seq,0.860647,0.000325,0.608269,1.469242,39,85,7443
899,10,par,0.251519,0.041203,0.684112,0.976834,39,85,7443
899,10,weights,1.295778,0.056784,0.600045,1.952607,39,85,7443
899,10,cpp_seq,0.007622,0.000072,0.093558,0.101253,39,85,7443
899,10,cpp_par,0.007250,0.000066,0.103708,0.111026,39,85,7443
899,10,cpp_adv,0.005833,0.000060,0.100315,0.106211,39,85,7443
900,10,seq,0.330177,0.000262,0.000096,0.330535,19,8,0
900,10,par,0.160480,0.044070,0.049892,0.254442,19,8,0
900,10,weights,0.166035,0.049089,0.000301,0.215425,19,8,0
900,10,cpp_seq,0.009735,0.000053,0.000018,0.009806,19,8,0
900,10,cpp_par,0.006071,0.000033,0.000018,0.006123,19,8,0
900,10,cpp_adv,0.005158,0.000034,0.000018,0.005210,19,8,0
901,10,seq,0.218712,0.000288,0.000438,0.219438,28,38,1
901,10,par,0.117055,0.052280,0.424271,0.593606,28,38,1
901,10,weights,0.153242,0.049584,0.636222,0.839048,28,38,1
901,10,cpp_seq,0.012157,0.000144,0.000174,0.012477,28,38,1
901,10,cpp_par,0.005609,0.000063,0.000143,0.005816,28,38,1
901,10,cpp_adv,0.005151,0.000055,0.000125,0.005332,28,38,1
902,10,seq,0.385810,0.000371,0.000462,0.386643,19,17,1
902,10,par,0.217002,0.094073,0.544150,0.855224,19,17,1
902,10,weights,0.271964,0.054195,0.524927,0.851086,19,17,1
902,10,cpp_seq,0.007130,0.000063,0.000075,0.007270,19,17,1
902,10,cpp_par,0.004017,0.000051,0.000099,0.004168,19,17,1
902,10,cpp_adv,0.003499,0.000049,0.000092,0.003640,19,17,1
903,10,seq,0.768713,0.000383,0.000123,0.769219,19,8,0
903,10,par,0.307452,0.058295,0.056296,0.422043,19,8,0
903,10,weights,0.197939,0.045669,0.000433,0.244040,19,8,0
903,10,cpp_seq,0.009141,0.000055,0.000018,0.009214,19,8,0
903,10,cpp_par,0.004166,0.000033,0.000018,0.004217,19,8,0
903,10,cpp_adv,0.004486,0.000042,0.000020,0.004549,19,8,0
904,10,seq,0.967466,0.000542,0.000443,0.968451,19,14,0
904,10,par,0.295140,0.059427,0.061314,0.415881,19,14,0
904,10,weights,0.493287,0.108450,0.099492,0.701229,19,14,0
904,10,cpp_seq,0.013037,0.000073,0.000032,0.013144,19,14,0
904,10,cpp_par,0.003840,0.000077,0.000125,0.004044,19,14,0
904,10,cpp_adv,0.005455,0.000053,0.000033,0.005543,19,14,0
905,10,seq,1.119750,0.000438,0.017503,1.137691,29,43,200
905,10,par,0.592549,0.056662,0.546801,1.196012,29,43,200
905,10,weights,0.446908,0.072700,0.560117,1.079726,29,43,200
905,10,cpp_seq,0.012577,0.000093,0.003010,0.015682,29,43,200
905,10,cpp_par,0.005983,0.000115,0.003451,0.009550,29,43,200
905,10,cpp_adv,0.005355,0.000055,0.004190,0.009600,29,43,200
906,10,seq,0.303412,0.000368,0.000388,0.304168,19,17,1
906,10,par,0.182394,0.056921,0.460476,0.699791,19,17,1
906,10,weights,0.174955,0.068596,0.421637,0.665187,19,17,1
906,10,cpp_seq,0.005701,0.000080,0.000097,0.005879,19,17,1
906,10,cpp_par,0.003404,0.000140,0.000592,0.004137,19,17,1
906,10,cpp_adv,0.002859,0.000053,0.000094,0.003007,19,17,1
907,10,seq,0.438631,0.000371,0.052993,0.491995,38,66,768
907,10,par,0.241957,0.064332,0.513847,0.820136,38,66,768
907,10,weights,0.288870,0.117224,0.712165,1.118259,38,66,768
907,10,cpp_seq,0.015536,0.000077,0.012536,0.028150,38,66,768
907,10,cpp_par,0.008768,0.000093,0.010632,0.019495,38,66,768
907,10,cpp_adv,0.008948,0.000048,0.009412,0.018408,38,66,768
908,10,seq,0.296747,0.000434,0.000480,0.297661,19,17,1
908,10,par,0.338690,0.078039,0.462539,0.879268,19,17,1
908,10,weights,0.199498,0.049578,0.451041,0.700118,19,17,1
908,10,cpp_seq,0.005655,0.000073,0.000119,0.005847,19,17,1
908,10,cpp_par,0.003175,0.000042,0.000077,0.003295,19,17,1
908,10,cpp_adv,0.002444,0.000035,0.000070,0.002550,19,17,1
909,10,seq,0.310584,0.000668,0.468094,0.779346,39,85,7423
909,10,par,0.159722,0.074316,0.765955,0.999993,39,85,7423
909,10,weights,0.129184,0.053008,0.909406,1.091598,39,85,7423
909,10,cpp_seq,0.005691,0.000075,0.100370,0.106137,39,85,7423
909,10,cpp_par,0.004042,0.000050,0.101646,0.105740,39,85,7423
909,10,cpp_adv,0.004222,0.000055,0.095120,0.099398,39,85,7423
910,10,seq,0.333285,0.000341,0.000164,0.333789,19,8,0
910,10,par,0.192243,0.067654,0.083107,0.343003,19,8,0
910,10,weights,0.208829,0.078132,0.000415,0.287375,19,8,0
910,10,cpp_seq,0.003857,0.000071,0.000025,0.003955,19,8,0
910,10,cpp_par,0.002197,0.000041,0.000037,0.002276,19,8,0
910,10,cpp_adv,0.002554,0.000077,0.000032,0.002665,19,8,0
911,10,seq,0.319185,0.000600,0.090260,0.410044,38,68,1024
911,10,par,0.166761,0.123700,0.607775,0.898236,38,68,1024
911,10,weights,0.224995,0.139321,0.670027,1.034343,38,68,1024
911,10,cpp_seq,0.010832,0.000101,0.041781,0.052716,38,68,1024
911,10,cpp_par,0.013521,0.000057,0.024320,0.037900,38,68,1024
911,10,cpp_adv,0.006115,0.000043,0.013055,0.019215,38,68,1024
912,10,seq,0.339182,0.000494,0.000695,0.340371,19,17,1
912,10,par,0.163828,0.058296,0.466106,0.688229,19,17,1
912,10,weights,0.183468,0.061296,0.437170,0.681934,19,17,1
912,10,cpp_seq,0.007956,0.000061,0.000072,0.008090,19,17,1
912,10,cpp_par,0.006218,0.000051,0.000094,0.006364,19,17,1
912,10,cpp_adv,0.004169,0.000034,0.000064,0.004268,19,17,1
913,10,seq,0.451294,0.000343,0.000350,0.451987,19,10,1
913,10,par,0.208263,0.052079,0.393785,0.654127,19,10,1
913,10,weights,0.240140,0.052732,0.425059,0.717931,19,10,1
913,10,cpp_seq,0.013455,0.000075,0.000071,0.013602,19,10,1
913,10,cpp_par,0.006395,0.000041,0.000104,0.006541,19,10,1
913,10,cpp_adv,0.007668,0.000036,0.000063,0.007768,19,10,1
914,10,seq,0.421484,0.000233,0.002674,0.424392,29,35,11
914,10,par,0.193101,0.078702,0.423607,0.695410,29,35,11
914,10,weights,0.249564,0.107991,0.649628,1.007183,29,35,11
914,10,cpp_seq,0.015121,0.000093,0.000582,0.015799,29,35,11
914,10,cpp_par,0.006440,0.000046,0.000403,0.006890,29,35,11
914,10,cpp_adv,0.008173,0.000051,0.000459,0.008684,29,35,11
915,10,seq,0.426461,0.000485,0.000467,0.427413,29,17,1
915,10,par,0.189381,0.076401,0.598550,0.864332,29,17,1
915,10,weights,0.175721,0.077126,0.420775,0.673622,29,17,1
915,10,cpp_seq,0.009031,0.000066,0.000076,0.009173,29,17,1
915,10,cpp_par,0.005573,0.000045,0.000082,0.005700,29,17,1
915,10,cpp_adv,0.003480,0.000035,0.000067,0.003582,29,17,1
916,10,seq,0.476321,0.000293,0.017981,0.494595,29,44,288
916,10,par,0.242798,0.074172,0.439115,0.756086,29,44,288
916,10,weights,0.237087,0.055034,0.441163,0.733284,29,44,288
916,10,cpp_seq,0.018479,0.000075,0.004256,0.022812,29,44,288
916,10,cpp_par,0.010823,0.000040,0.003963,0.014828,29,44,288
916,10,cpp_adv,0.007901,0.000036,0.004817,0.012756,29,44,288
917,10,seq,0.369935,0.000349,0.074830,0.445113,38,68,1024
917,10,par,0.199693,0.050883,0.463655,0.714230,38,68,1024
917,10,weights,0.177697,0.049932,0.450745,0.678374,38,68,1024
917,10,cpp_seq,0.009090,0.000067,0.012948,0.022106,38,68,1024
917,10,cpp_par,0.008581,0.000091,0.012211,0.020886,38,68,1024
917,10,cpp_adv,0.007881,0.000046,0.014115,0.022043,38,68,1024
918,10,seq,0.412372,0.000471,0.002159,0.415002,29,35,11
918,10,par,0.333207,0.134068,0.545399,1.012674,29,35,11
918,10,weights,0.280900,0.069456,0.593270,0.943626,29,35,11
918,10,cpp_seq,0.015190,0.000074,0.000384,0.015649,29,35,11
918,10,cpp_par,0.006270,0.000041,0.000501,0.006813,29,35,11
918,10,cpp_adv,0.005639,0.000038,0.000359,0.006037,29,35,11
919,10,seq,0.380974,0.000700,0.067049,0.448724,38,58,216
919,10,par,0.232122,0.073181,0.503798,0.809101,38,58,216
919,10,weights,0.211703,0.060400,0.506672,0.778775,38,58,216
919,10,cpp_seq,0.012516,0.000077,0.003363,0.015958,38,58,216
919,10,cpp_par,0.003652,0.000041,0.002798,0.006492,38,58,216
919,10,cpp_adv,0.003815,0.000043,0.003962,0.007822,38,58,216
920,10,seq,0.588728,0.000748,0.000657,0.590134,19,17,1
920,10,par,0.342264,0.058255,0.506028,0.906547,19,17,1
920,10,weights,0.282767,0.054937,0.461646,0.799351,19,17,1
920,10,cpp_seq,0.022344,0.000077,0.000098,0.022521,19,17,1
920,10,cpp_par,0.010183,0.000051,0.000092,0.010327,19,17,1
920,10,cpp_adv,0.008050,0.000037,0.000067,0.008154,19,17,1
921,10,seq,0.414300,0.000464,0.000221,0.414985,19,0,0
921,10,par,0.209401,0.068193,0.063065,0.340659,19,0,0
921,10,weights,0.205930,0.062423,0.000398,0.268750,19,0,0
921,10,cpp_seq,0.010036,0.000081,0.000025,0.010143,19,0,0
921,10,cpp_par,0.003779,0.000037,0.000017,0.003834,19,0,0
921,10,cpp_adv,0.004620,0.000038,0.000017,0.004676,19,0,0
922,10,seq,0.394680,0.003678,0.001439,0.399797,19,17,1
922,10,par,0.176332,0.054634,0.441678,0.672644,19,17,1
922,10,weights,0.171726,0.063841,0.443879,0.679445,19,17,1
922,10,cpp_seq,0.009384,0.000088,0.000078,0.009552,19,17,1
922,10,cpp_par,0.005389,0.000038,0.000072,0.005499,19,17,1
922,10,cpp_adv,0.010792,0.000036,0.000066,0.010894,19,17,1
923,10,seq,0.280952,0.000641,0.162084,0.443677,38,68,1024
923,10,par,0.243659,0.082396,0.575566,0.901622,38,68,1024
923,10,weights,0.255996,0.070067,0.522761,0.848824,38,68,1024
923,10,cpp_seq,0.004131,0.000089,0.019345,0.023567,38,68,1024
923,10,cpp_par,0.006220,0.000042,0.014290,0.020554,38,68,1024
923,10,cpp_adv,0.002256,0.000041,0.014311,0.016610,38,68,1024
924,10,seq,0.383834,0.000720,0.651446,1.036000,48,104,7936
924,10,par,0.198929,0.072396,1.149899,1.421224,48,104,7936
924,10,weights,0.746632,0.067816,0.754531,1.568980,48,104,7936
924,10,cpp_seq,0.007009,0.000082,0.124036,0.131129,48,104,7936
924,10,cpp_par,0.010272,0.000072,0.189254,0.199600,48,104,7936
924,10,cpp_adv,0.005202,0.000064,0.109746,0.115015,48,104,7936
925,10,seq,0.524110,0.000586,0.000218,0.524914,29,3,0
925,10,par,0.263375,0.059073,0.055480,0.377928,29,3,0
925,10,weights,0.311746,0.080587,0.000507,0.392840,29,3,0
925,10,cpp_seq,0.008279,0.000065,0.000023,0.008368,29,3,0
925,10,cpp_par,0.003404,0.000065,0.000024,0.003494,29,3,0
925,10,cpp_adv,0.005850,0.000058,0.000026,0.005936,29,3,0
926,10,seq,0.450655,0.000547,0.001820,0.453021,19,11,1
926,10,par,0.831285,0.075439,0.536602,1.443326,19,11,1
926,10,weights,0.213222,0.079116,0.522685,0.815024,19,11,1
926,10,cpp_seq,0.006979,0.000082,0.000092,0.007155,19,11,1
926,10,cpp_par,0.003852,0.000040,0.000070,0.003963,19,11,1
926,10,cpp_adv,0.004680,0.000051,0.000076,0.004809,19,11,1
927,10,seq,0.380469,0.000321,0.000160,0.380950,19,8,0
927,10,par,0.203114,0.068752,0.064387,0.336252,19,8,0
927,10,weights,0.209231,0.064496,0.000386,0.274113,19,8,0
927,10,cpp_seq,0.010578,0.000062,0.000020,0.010662,19,8,0
927,10,cpp_par,0.008457,0.000043,0.000023,0.008525,19,8,0
927,10,cpp_adv,0.004852,0.000036,0.000018,0.004907,19,8,0
928,10,seq,0.282540,0.000293,0.000145,0.282978,19,6,0
928,10,par,0.189305,0.066044,0.052881,0.308230,19,6,0
928,10,weights,0.166661,0.063086,0.000375,0.230123,19,6,0
928,10,cpp_seq,0.005178,0.000089,0.000027,0.005296,19,6,0
928,10,cpp_par,0.003005,0.000041,0.000020,0.003066,19,6,0
928,10,cpp_adv,0.001995,0.000036,0.000016,0.002048,19,6,0
929,10,seq,0.368910,0.000381,0.000528,0.369819,19,17,1
929,10,par,0.344702,0.092061,0.501417,0.938179,19,17,1
929,10,weights,0.218963,0.056263,0.475209,0.750435,19,17,1
929,10,cpp_seq,0.010831,0.000070,0.000108,0.011010,19,17,1
929,10,cpp_par,0.006884,0.000081,0.000087,0.007056,19,17,1
929,10,cpp_adv,0.004443,0.000036,0.000072,0.004551,19,17,1
930,10,seq,0.331436,0.000513,0.000402,0.332351,19,17,1
930,10,par,0.189868,0.065250,0.503656,0.758773,19,17,1
930,10,weights,0.215517,0.055510,0.465043,0.736070,19,17,1
930,10,cpp_seq,0.009425,0.000083,0.000101,0.009610,19,17,1
930,10,cpp_par,0.004642,0.000054,0.000100,0.004797,19,17,1
930,10,cpp_adv,0.004958,0.000058,0.000103,0.005120,19,17,1
931,10,seq,0.349253,0.000367,0.000391,0.350010,19,17,1
931,10,par,0.195864,0.069644,0.449290,0.714798,19,17,1
931,10,weights,0.200581,0.058728,0.477764,0.737073,19,17,1
931,10,cpp_seq,0.008698,0.000066,0.000079,0.008845,19,17,1
931,10,cpp_par,0.005506,0.000063,0.000078,0.005648,19,17,1
931,10,cpp_adv,0.005090,0.000054,0.000097,0.005243,19,17,1
932,10,seq,0.415555,0.000395,0.000399,0.416349,19,17,1
932,10,par,0.233180,0.067163,0.500631,0.800975,19,17,1
932,10,weights,0.168827,0.054672,0.375527,0.599027,19,17,1
932,10,cpp_seq,0.009565,0.000059,0.000071,0.009697,19,17,1
932,10,cpp_par,0.004905,0.000044,0.000072,0.005022,19,17,1
932,10,cpp_adv,0.006345,0.000048,0.000088,0.006482,19,17,1
933,10,seq,0.437100,0.000615,0.017330,0.455045,29,43,232
933,10,par,0.208477,0.054353,0.449225,0.712055,29,43,232
933,10,weights,0.288168,0.051363,0.584151,0.923682,29,43,232
933,10,cpp_seq,0.025811,0.000086,0.003957,0.029856,29,43,232
933,10,cpp_par,0.011419,0.000043,0.003618,0.015082,29,43,232
933,10,cpp_adv,0.010732,0.000054,0.004086,0.014874,29,43,232
934,10,seq,0.460389,0.000410,0.000190,0.460989,19,12,0
934,10,par,0.207481,0.065111,0.062006,0.334598,19,12,0
934,10,weights,0.268422,0.072531,0.001478,0.342432,19,12,0
934,10,cpp_seq,0.012487,0.000077,0.000032,0.012597,19,12,0
934,10,cpp_par,0.006116,0.000041,0.000023,0.006181,19,12,0
934,10,cpp_adv,0.008035,0.000039,0.000020,0.008095,19,12,0
935,10,seq,0.324702,0.000320,0.000139,0.325161,19,1,0
935,10,par,0.195722,0.055848,0.051615,0.303185,19,1,0
935,10,weights,0.173156,0.054811,0.000794,0.228761,19,1,0
935,10,cpp_seq,0.008783,0.000069,0.000022,0.008875,19,1,0
935,10,cpp_par,0.005586,0.000041,0.000021,0.005648,19,1,0
935,10,cpp_adv,0.007682,0.000048,0.000035,0.007766,19,1,0
936,10,seq,0.285378,0.000596,0.000207,0.286181,19,12,0
936,10,par,0.158746,0.053079,0.049782,0.261607,19,12,0
936,10,weights,0.165780,0.054681,0.000431,0.220892,19,12,0
936,10,cpp_seq,0.006092,0.000081,0.000032,0.006207,19,12,0
936,10,cpp_par,0.002692,0.000041,0.000022,0.002756,19,12,0
936,10,cpp_adv,0.002867,0.000788,0.000036,0.003693,19,12,0
937,10,seq,0.268375,0.000332,0.000407,0.269113,19,17,1
937,10,par,0.159498,0.059572,0.467067,0.686137,19,17,1
937,10,weights,0.220221,0.147514,0.444268,0.812004,19,17,1
937,10,cpp_seq,0.009549,0.000080,0.000074,0.009704,19,17,1
937,10,cpp_par,0.003968,0.000045,0.000081,0.004095,19,17,1
937,10,cpp_adv,0.004028,0.000034,0.000066,0.004129,19,17,1
938,10,seq,0.404770,0.000518,0.023649,0.428937,28,46,180
938,10,par,0.210204,0.065645,0.397739,0.673588,28,46,180
938,10,weights,0.184262,0.057223,0.440944,0.682428,28,46,180
938,10,cpp_seq,0.013553,0.000095,0.002621,0.016271,28,46,180
938,10,cpp_par,0.005392,0.000038,0.002116,0.007547,28,46,180
938,10,cpp_adv,0.005474,0.000038,0.002231,0.007744,28,46,180
939,10,seq,0.269294,0.000266,0.001815,0.271374,39,44,12
939,10,par,0.171182,0.051733,0.392821,0.615736,39,44,12
939,10,weights,0.139182,0.045500,0.371228,0.555911,39,44,12
939,10,cpp_seq,0.006218,0.000070,0.000433,0.006723,39,44,12
939,10,cpp_par,0.003057,0.000038,0.000405,0.003500,39,44,12
939,10,cpp_adv,0.002718,0.000038,0.000390,0.003147,39,44,12
940,10,seq,0.281987,0.000601,0.000825,0.283412,29,21,2
940,10,par,0.138778,0.051557,0.367144,0.557479,29,21,2
940,10,weights,0.141362,0.045506,0.479135,0.666002,29,21,2
940,10,cpp_seq,0.006145,0.000064,0.000114,0.006324,29,21,2
940,10,cpp_par,0.003125,0.000035,0.000105,0.003266,29,21,2
940,10,cpp_adv,0.003353,0.000048,0.000138,0.003541,29,21,2
941,10,seq,0.387740,0.000253,0.000265,0.388258,19,17,1
941,10,par,0.352365,0.045399,0.348999,0.746764,19,17,1
941,10,weights,0.185814,0.043682,0.366888,0.596384,19,17,1
941,10,cpp_seq,0.011762,0.000059,0.000070,0.011893,19,17,1
941,10,cpp_par,0.004703,0.000033,0.000071,0.004809,19,17,1
941,10,cpp_adv,0.006240,0.000037,0.000068,0.006345,19,17,1
942,10,seq,0.341834,0.000599,0.879996,1.222429,48,106,10400
942,10,par,0.117574,0.057726,0.711212,0.886511,48,106,10400
942,10,weights,0.118409,0.050863,0.712846,0.882118,48,106,10400
942,10,cpp_seq,0.005734,0.000074,0.132002,0.137812,48,106,10400
942,10,cpp_par,0.003250,0.000052,0.132943,0.136246,48,106,10400
942,10,cpp_adv,0.003263,0.000056,0.133342,0.136663,48,106,10400
943,10,seq,0.332458,0.000338,0.000318,0.333115,19,17,1
943,10,par,0.211858,0.043634,0.347551,0.603043,19,17,1
943,10,weights,0.159199,0.053812,0.438580,0.651591,19,17,1
943,10,cpp_seq,0.009668,0.000069,0.000072,0.009812,19,17,1
943,10,cpp_par,0.005041,0.000062,0.000067,0.005171,19,17,1
943,10,cpp_adv,0.005357,0.000036,0.000066,0.005460,19,17,1
944,10,seq,0.242287,0.000258,0.000123,0.242668,19,8,0
944,10,par,0.142440,0.109280,0.058909,0.310629,19,8,0
944,10,weights,0.183468,0.049096,0.000358,0.232922,19,8,0
944,10,cpp_seq,0.004780,0.000062,0.000022,0.004865,19,8,0
944,10,cpp_par,0.002560,0.000040,0.000025,0.002626,19,8,0
944,10,cpp_adv,0.007544,0.000041,0.000023,0.007609,19,8,0
945,10,seq,0.329116,0.000498,0.072494,0.402108,38,68,1024
945,10,par,0.242406,0.152958,0.536394,0.931758,38,68,1024
945,10,weights,0.175760,0.049993,0.575470,0.801223,38,68,1024
945,10,cpp_seq,0.005881,0.000082,0.017216,0.023181,38,68,1024
945,10,cpp_par,0.007847,0.000042,0.013217,0.021108,38,68,1024
945,10,cpp_adv,0.002476,0.000041,0.012618,0.015136,38,68,1024
946,10,seq,0.468686,0.000343,0.072992,0.542021,38,68,1024
946,10,par,0.189791,0.052316,0.500190,0.742297,38,68,1024
946,10,weights,0.203315,0.050908,0.470426,0.724649,38,68,1024
946,10,cpp_seq,0.007842,0.000066,0.013041,0.020950,38,68,1024
946,10,cpp_par,0.008186,0.000057,0.012661,0.020906,38,68,1024
946,10,cpp_adv,0.006905,0.000046,0.012218,0.019170,38,68,1024
947,10,seq,0.204739,0.000287,0.058720,0.263746,38,68,1024
947,10,par,0.105465,0.040432,0.356270,0.502168,38,68,1024
947,10,weights,0.101638,0.043026,0.340282,0.484946,38,68,1024
947,10,cpp_seq,0.003246,0.000067,0.012233,0.015548,38,68,1024
947,10,cpp_par,0.005565,0.000040,0.012395,0.018002,38,68,1024
947,10,cpp_adv,0.001957,0.000041,0.014368,0.016367,38,68,1024
948,10,seq,0.215459,0.000272,0.000295,0.216026,19,17,1
948,10,par,0.116809,0.082530,0.430345,0.629685,19,17,1
948,10,weights,0.117078,0.039444,0.303495,0.460018,19,17,1
948,10,cpp_seq,0.007486,0.000068,0.000113,0.007669,19,17,1
948,10,cpp_par,0.004196,0.000035,0.000067,0.004299,19,17,1
948,10,cpp_adv,0.003481,0.000032,0.000063,0.003576,19,17,1
949,10,seq,0.198427,0.000287,0.000397,0.199112,28,35,1
949,10,par,0.105423,0.038042,0.330212,0.473676,28,35,1
949,10,weights,0.111426,0.041290,0.334887,0.487603,28,35,1
949,10,cpp_seq,0.007490,0.000092,0.000128,0.007712,28,35,1
949,10,cpp_par,0.004008,0.000055,0.000101,0.004165,28,35,1
949,10,cpp_adv,0.004715,0.000056,0.000121,0.004894,28,35,1
950,10,seq,0.317917,0.000558,0.116147,0.434622,38,68,1024
950,10,par,0.135469,0.055308,0.490871,0.681648,38,68,1024
950,10,weights,0.171471,0.049828,0.441288,0.662586,38,68,1024
950,10,cpp_seq,0.007073,0.000070,0.012925,0.020070,38,68,1024
950,10,cpp_par,0.009445,0.000042,0.012233,0.021720,38,68,1024
950,10,cpp_adv,0.002931,0.000049,0.012329,0.015310,38,68,1024
951,10,seq,0.247105,0.000300,0.088229,0.335635,38,68,1024
951,10,par,0.114575,0.043134,0.397419,0.555127,38,68,1024
951,10,weights,0.185950,0.040491,0.361907,0.588348,38,68,1024
951,10,cpp_seq,0.004228,0.000067,0.012769,0.017065,38,68,1024
951,10,cpp_par,0.005349,0.000040,0.012402,0.017792,38,68,1024
951,10,cpp_adv,0.004973,0.000044,0.012091,0.017108,38,68,1024
952,10,seq,0.210374,0.000248,0.000359,0.210980,19,17,1
952,10,par,0.103867,0.035493,0.367626,0.506986,19,17,1
952,10,weights,0.131213,0.063049,0.378769,0.573031,19,17,1
952,10,cpp_seq,0.007979,0.000058,0.000069,0.008107,19,17,1
952,10,cpp_par,0.004403,0.000037,0.000067,0.004508,19,17,1
952,10,cpp_adv,0.004166,0.000039,0.000066,0.004272,19,17,1
953,10,seq,0.242993,0.000544,0.000774,0.244312,28,36,1
953,10,par,0.169736,0.060001,0.374230,0.603966,28,36,1
953,10,weights,0.189415,0.059227,0.439001,0.687643,28,36,1
953,10,cpp_seq,0.006729,0.000070,0.000099,0.006899,28,36,1
953,10,cpp_par,0.003269,0.000038,0.000088,0.003395,28,36,1
953,10,cpp_adv,0.003616,0.000046,0.000097,0.003760,28,36,1
954,10,seq,0.444462,0.000309,0.000114,0.444885,19,4,0
954,10,par,0.208315,0.066943,0.053398,0.328656,19,4,0
954,10,weights,0.523144,0.055869,0.000547,0.579561,19,4,0
954,10,cpp_seq,0.007446,0.000218,0.000025,0.007690,19,4,0
954,10,cpp_par,0.003356,0.000044,0.000023,0.003424,19,4,0
954,10,cpp_adv,0.004116,0.000039,0.000017,0.004173,19,4,0
955,10,seq,0.383801,0.000553,0.000231,0.384585,19,6,0
955,10,par,0.234650,0.068152,0.048400,0.351203,19,6,0
955,10,weights,0.191954,0.046956,0.000408,0.239319,19,6,0
955,10,cpp_seq,0.008065,0.000085,0.000025,0.008177,19,6,0
955,10,cpp_par,0.003726,0.000033,0.000015,0.003776,19,6,0
955,10,cpp_adv,0.003643,0.000034,0.000016,0.003693,19,6,0
956,10,seq,0.294411,0.000318,0.000348,0.295077,19,17,1
956,10,par,0.153452,0.050553,0.348895,0.552900,19,17,1
956,10,weights,0.127167,0.042977,0.345283,0.515427,19,17,1
956,10,cpp_seq,0.006410,0.000067,0.000084,0.006563,19,17,1
956,10,cpp_par,0.002728,0.000035,0.000067,0.002830,19,17,1
956,10,cpp_adv,0.002909,0.000046,0.000084,0.003040,19,17,1
957,10,seq,0.297620,0.000338,0.005359,0.303317,29,40,83
957,10,par,0.259337,0.082588,0.598781,0.940706,29,40,83
957,10,weights,0.222821,0.057497,0.453485,0.733803,29,40,83
957,10,cpp_seq,0.011390,0.000110,0.001789,0.013291,29,40,83
957,10,cpp_par,0.006905,0.000106,0.001633,0.008645,29,40,83
957,10,cpp_adv,0.008060,0.000045,0.001427,0.009533,29,40,83
958,10,seq,1.149206,0.000282,0.000419,1.149907,19,17,1
958,10,par,0.269143,0.045757,0.359305,0.674204,19,17,1
958,10,weights,0.212774,0.041452,0.354498,0.608724,19,17,1
958,10,cpp_seq,0.019290,0.000161,0.000090,0.019542,19,17,1
958,10,cpp_par,0.012987,0.000050,0.000089,0.013128,19,17,1
958,10,cpp_adv,0.009074,0.000035,0.000066,0.009176,19,17,1
959,10,seq,0.289633,0.000293,0.001812,0.291737,39,44,12
959,10,par,0.137795,0.045777,0.352823,0.536396,39,44,12
959,10,weights,0.204438,0.044424,0.366382,0.615244,39,44,12
959,10,cpp_seq,0.006322,0.000064,0.000707,0.007095,39,44,12
959,10,cpp_par,0.003097,0.000038,0.000393,0.003529,39,44,12
959,10,cpp_adv,0.002980,0.000042,0.000416,0.003438,39,44,12
960,10,seq,0.278265,0.000266,0.000217,0.278748,19,9,0
960,10,par,0.136777,0.045846,0.041164,0.223787,19,9,0
960,10,weights,0.160225,0.060348,0.058130,0.278703,19,9,0
960,10,cpp_seq,0.010929,0.000079,0.000055,0.011064,19,9,0
960,10,cpp_par,0.012258,0.000244,0.000028,0.012532,19,9,0
960,10,cpp_adv,0.012709,0.000049,0.000025,0.012784,19,9,0
961,10,seq,0.382247,0.000298,0.065929,0.448474,38,68,1024
961,10,par,0.145662,0.047062,0.420262,0.612985,38,68,1024
961,10,weights,0.152897,0.037219,0.400823,0.590938,38,68,1024
961,10,cpp_seq,0.009621,0.000099,0.014875,0.024596,38,68,1024
961,10,cpp_par,0.012981,0.000065,0.015195,0.028243,38,68,1024
961,10,cpp_adv,0.008607,0.000050,0.012159,0.020818,38,68,1024
962,10,seq,0.492219,0.000456,0.000170,0.492845,19,4,0
962,10,par,0.224169,0.070722,0.066984,0.361874,19,4,0
962,10,weights,0.222207,0.060117,0.000419,0.282743,19,4,0
962,10,cpp_seq,0.011784,0.000067,0.000022,0.011874,19,4,0
962,10,cpp_par,0.005985,0.000044,0.000022,0.006053,19,4,0
962,10,cpp_adv,0.004527,0.000034,0.000019,0.004581,19,4,0
963,10,seq,0.574063,0.000722,0.076886,0.651671,38,68,1024
963,10,par,0.263925,0.059013,0.527228,0.850166,38,68,1024
963,10,weights,0.267750,0.059836,0.521459,0.849045,38,68,1024
963,10,cpp_seq,0.014207,0.000095,0.014053,0.028357,38,68,1024
963,10,cpp_par,0.010832,0.000055,0.016681,0.027570,38,68,1024
963,10,cpp_adv,0.010049,0.000059,0.012967,0.023076,38,68,1024
964,10,seq,0.336987,0.000497,0.130075,0.467558,38,68,1024
964,10,par,0.166238,0.059836,0.568189,0.794264,38,68,1024
964,10,weights,0.164708,0.060327,0.490093,0.715127,38,68,1024
964,10,cpp_seq,0.003293,0.000068,0.017123,0.020485,38,68,1024
964,10,cpp_par,0.005636,0.000055,0.012739,0.018432,38,68,1024
964,10,cpp_adv,0.005262,0.000051,0.015091,0.020406,38,68,1024
965,10,seq,0.262059,0.000232,0.000098,0.262389,19,1,0
965,10,par,0.209512,0.058180,0.041826,0.309518,19,1,0
965,10,weights,0.168189,0.053363,0.000346,0.221898,19,1,0
965,10,cpp_seq,0.007948,0.000054,0.000018,0.008020,19,1,0
965,10,cpp_par,0.004231,0.000035,0.000017,0.004283,19,1,0
965,10,cpp_adv,0.003645,0.000032,0.000016,0.003694,19,1,0
966,10,seq,0.418103,0.000278,0.000251,0.418632,29,15,0
966,10,par,0.202804,0.041110,0.043222,0.287136,29,15,0
966,10,weights,0.174345,0.046702,0.039689,0.260736,29,15,0
966,10,cpp_seq,0.011876,0.000072,0.000022,0.011970,29,15,0
966,10,cpp_par,0.007003,0.000037,0.000023,0.007064,29,15,0
966,10,cpp_adv,0.005779,0.000035,0.000022,0.005837,29,15,0
967,10,seq,0.228734,0.000381,0.000100,0.229215,19,0,0
967,10,par,0.139471,0.053591,0.041901,0.234964,19,0,0
967,10,weights,0.138631,0.047357,0.000544,0.186532,19,0,0
967,10,cpp_seq,0.004625,0.000057,0.000018,0.004701,19,0,0
967,10,cpp_par,0.003275,0.000045,0.000021,0.003342,19,0,0
967,10,cpp_adv,0.002243,0.000033,0.000016,0.002293,19,0,0
968,10,seq,0.344531,0.000524,0.000368,0.345423,19,14,0
968,10,par,0.134054,0.045043,0.041187,0.220284,19,14,0
968,10,weights,0.133882,0.050345,0.043043,0.227270,19,14,0
968,10,cpp_seq,0.008214,0.000209,0.000029,0.008453,19,14,0
968,10,cpp_par,0.005733,0.000045,0.000028,0.005807,19,14,0
968,10,cpp_adv,0.003548,0.000032,0.000019,0.003600,19,14,0
969,10,seq,0.381124,0.000270,0.000154,0.381548,19,3,0
969,10,par,0.170347,0.042589,0.046450,0.259387,19,3,0
969,10,weights,0.295435,0.047873,0.000368,0.343676,19,3,0
969,10,cpp_seq,0.009038,0.000056,0.000017,0.009113,19,3,0
969,10,cpp_par,0.005198,0.000036,0.000017,0.005251,19,3,0
969,10,cpp_adv,0.004086,0.000031,0.000014,0.004131,19,3,0
970,10,seq,0.236487,0.000298,0.000120,0.236906,19,8,0
970,10,par,0.122629,0.046646,0.042345,0.211620,19,8,0
970,10,weights,0.246066,0.043839,0.000377,0.290282,19,8,0
970,10,cpp_seq,0.006677,0.000059,0.000020,0.006756,19,8,0
970,10,cpp_par,0.003227,0.000044,0.000025,0.003297,19,8,0
970,10,cpp_adv,0.004444,0.000044,0.000021,0.004511,19,8,0
971,10,seq,0.319519,0.000315,0.000121,0.319954,19,8,0
971,10,par,0.144424,0.051543,0.039430,0.235397,19,8,0
971,10,weights,0.151209,0.048134,0.000359,0.199702,19,8,0
971,10,cpp_seq,0.007938,0.000057,0.000019,0.008016,19,8,0
971,10,cpp_par,0.003504,0.000032,0.000017,0.003554,19,8,0
971,10,cpp_adv,0.003827,0.000074,0.000024,0.003926,19,8,0
972,10,seq,0.231480,0.000309,0.000120,0.231909,19,8,0
972,10,par,0.109924,0.044096,0.044571,0.198591,19,8,0
972,10,weights,0.137528,0.083384,0.000523,0.221435,19,8,0
972,10,cpp_seq,0.008305,0.000078,0.000028,0.008413,19,8,0
972,10,cpp_par,0.003685,0.000048,0.000027,0.003761,19,8,0
972,10,cpp_adv,0.011085,0.000046,0.000026,0.011158,19,8,0
973,10,seq,0.256977,0.000473,0.068670,0.326120,38,68,1024
973,10,par,0.146353,0.044616,0.380594,0.571564,38,68,1024
973,10,weights,0.134485,0.050047,0.378371,0.562903,38,68,1024
973,10,cpp_seq,0.004139,0.000071,0.013087,0.017300,38,68,1024
973,10,cpp_par,0.005458,0.000053,0.012703,0.018216,38,68,1024
973,10,cpp_adv,0.002229,0.000043,0.012041,0.014315,38,68,1024
974,10,seq,0.488018,0.000309,1.006931,1.495258,48,108,12166
974,10,par,0.256002,0.055085,1.275768,1.586856,48,108,12166
974,10,weights,0.177201,0.036771,0.754442,0.968415,48,108,12166
974,10,cpp_seq,0.009340,0.000076,0.189506,0.198924,48,108,12166
974,10,cpp_par,0.005140,0.000046,0.163406,0.168593,48,108,12166
974,10,cpp_adv,0.005448,0.000051,0.154232,0.159731,48,108,12166
975,10,seq,0.383636,0.000302,0.058877,0.442816,38,68,1024
975,10,par,0.173777,0.040953,0.445577,0.660307,38,68,1024
975,10,weights,0.195514,0.037136,0.335518,0.568168,38,68,1024
975,10,cpp_seq,0.011382,0.000068,0.012705,0.024157,38,68,1024
975,10,cpp_par,0.010289,0.000082,0.016676,0.027049,38,68,1024
975,10,cpp_adv,0.010147,0.000049,0.013975,0.024173,38,68,1024
976,10,seq,0.499449,0.000331,0.000406,0.500186,29,20,2
976,10,par,0.211345,0.038566,0.326405,0.576316,29,20,2
976,10,weights,0.249866,0.044803,0.446533,0.741202,29,20,2
976,10,cpp_seq,0.020636,0.000076,0.000170,0.020883,29,20,2
976,10,cpp_par,0.011064,0.000076,0.000143,0.011284,29,20,2
976,10,cpp_adv,0.010380,0.000057,0.000136,0.010573,29,20,2
977,10,seq,0.254473,0.000270,0.000117,0.254860,19,4,0
977,10,par,0.114359,0.048340,0.041972,0.204670,19,4,0
977,10,weights,0.170638,0.042957,0.000405,0.214000,19,4,0
977,10,cpp_seq,0.004265,0.000055,0.000019,0.004340,19,4,0
977,10,cpp_par,0.002416,0.000032,0.000016,0.002464,19,4,0
977,10,cpp_adv,0.002036,0.000031,0.000015,0.002082,19,4,0
978,10,seq,0.219550,0.000340,0.086081,0.305971,38,68,1024
978,10,par,0.112053,0.041079,0.338802,0.491935,38,68,1024
978,10,weights,0.107364,0.038576,0.328762,0.474701,38,68,1024
978,10,cpp_seq,0.006373,0.000068,0.012824,0.019266,38,68,1024
978,10,cpp_par,0.006532,0.000045,0.013280,0.019859,38,68,1024
978,10,cpp_adv,0.002931,0.000039,0.011874,0.014845,38,68,1024
979,10,seq,0.300740,0.000309,0.477725,0.778774,48,103,7040
979,10,par,0.143170,0.037814,0.520559,0.701544,48,103,7040
979,10,weights,0.139492,0.041069,0.851847,1.032408,48,103,7040
979,10,cpp_seq,0.005439,0.000142,0.086058,0.091641,48,103,7040
979,10,cpp_par,0.003467,0.000051,0.083927,0.087446,48,103,7040
979,10,cpp_adv,0.002750,0.000044,0.083904,0.086700,48,103,7040
980,10,seq,0.216899,0.000516,0.000451,0.217866,19,17,1
980,10,par,0.119585,0.041387,0.314333,0.475305,19,17,1
980,10,weights,0.130028,0.041090,0.362354,0.533472,19,17,1
980,10,cpp_seq,0.009915,0.000073,0.000070,0.010059,19,17,1
980,10,cpp_par,0.004600,0.000045,0.000105,0.004752,19,17,1
980,10,cpp_adv,0.003422,0.000033,0.000063,0.003518,19,17,1
981,10,seq,0.578158,0.000445,0.001904,0.580507,39,44,12
981,10,par,0.271364,0.062058,0.462459,0.795881,39,44,12
981,10,weights,0.237713,0.037124,0.335100,0.609937,39,44,12
981,10,cpp_seq,0.020101,0.000074,0.000413,0.020589,39,44,12
981,10,cpp_par,0.011678,0.000072,0.000540,0.012291,39,44,12
981,10,cpp_adv,0.009703,0.000042,0.000415,0.010160,39,44,12
982,10,seq,0.184646,0.000352,0.014088,0.199086,29,44,236
982,10,par,0.092907,0.036525,0.411469,0.540901,29,44,236
982,10,weights,0.099399,0.036096,0.305908,0.441403,29,44,236
982,10,cpp_seq,0.007441,0.000064,0.003192,0.010698,29,44,236
982,10,cpp_par,0.004250,0.000035,0.003101,0.007387,29,44,236
982,10,cpp_adv,0.004129,0.000037,0.003131,0.007298,29,44,236
983,10,seq,0.202064,0.000473,0.004713,0.207251,29,39,73
983,10,par,0.102009,0.043120,0.321929,0.467058,29,39,73
983,10,weights,0.102871,0.045798,0.290064,0.438733,29,39,73
983,10,cpp_seq,0.005086,0.000082,0.002070,0.007240,29,39,73
983,10,cpp_par,0.002942,0.000037,0.001052,0.004032,29,39,73
983,10,cpp_adv,0.002279,0.000037,0.001041,0.003358,29,39,73
984,10,seq,0.521782,0.001671,0.001896,0.525348,19,17,1
984,10,par,0.737595,0.040283,0.287447,1.065325,19,17,1
984,10,weights,0.102075,0.105485,0.324769,0.532329,19,17,1
984,10,cpp_seq,0.005710,0.000055,0.000066,0.005833,19,17,1
984,10,cpp_par,0.003490,0.000036,0.000068,0.003594,19,17,1
984,10,cpp_adv,0.003614,0.000035,0.000066,0.003715,19,17,1
985,10,seq,0.290659,0.000309,0.001808,0.292775,39,44,12
985,10,par,0.120769,0.038299,0.314324,0.473392,39,44,12
985,10,weights,0.176036,0.040812,0.303198,0.520047,39,44,12
985,10,cpp_seq,0.006012,0.000192,0.000568,0.006773,39,44,12
985,10,cpp_par,0.002992,0.000039,0.000392,0.003424,39,44,12
985,10,cpp_adv,0.002733,0.000038,0.000391,0.003163,39,44,12
986,10,seq,0.356323,0.000266,0.000122,0.356712,19,8,0
986,10,par,0.115471,0.040981,0.036376,0.192828,19,8,0
986,10,weights,0.164409,0.055845,0.000422,0.220676,19,8,0
986,10,cpp_seq,0.008745,0.000059,0.000020,0.008825,19,8,0
986,10,cpp_par,0.004781,0.000034,0.000019,0.004835,19,8,0
986,10,cpp_adv,0.003537,0.000031,0.000015,0.003583,19,8,0
987,10,seq,0.440248,0.000315,0.598650,1.039213,48,106,9718
987,10,par,1.317509,0.035568,0.556432,1.909510,48,106,9718
987,10,weights,0.177794,0.039528,0.564458,0.781780,48,106,9718
987,10,cpp_seq,0.015989,0.000074,0.110918,0.126982,48,106,9718
987,10,cpp_par,0.011402,0.000069,0.125640,0.137112,48,106,9718
987,10,cpp_adv,0.009202,0.000051,0.110789,0.120043,48,106,9718
988,10,seq,0.288748,0.000239,0.000223,0.289210,19,17,1
988,10,par,0.175345,0.040333,0.330159,0.545837,19,17,1
988,10,weights,0.119745,0.037421,0.425431,0.582597,19,17,1
988,10,cpp_seq,0.006983,0.000056,0.000067,0.007106,19,17,1
988,10,cpp_par,0.003762,0.000033,0.000064,0.003859,19,17,1
988,10,cpp_adv,0.004919,0.000101,0.000090,0.005111,19,17,1
989,10,seq,0.295143,0.000346,0.091296,0.386785,38,68,1024
989,10,par,0.124631,0.047152,0.359534,0.531317,38,68,1024
989,10,weights,0.113856,0.045267,0.419680,0.578804,38,68,1024
989,10,cpp_seq,0.003576,0.000078,0.012320,0.015976,38,68,1024
989,10,cpp_par,0.004563,0.000040,0.012449,0.017053,38,68,1024
989,10,cpp_adv,0.001614,0.000039,0.012058,0.013711,38,68,1024
990,10,seq,0.346287,0.000254,0.000316,0.346857,19,17,1
990,10,par,0.145492,0.037502,0.324816,0.507810,19,17,1
990,10,weights,0.152973,0.040655,0.300848,0.494476,19,17,1
990,10,cpp_seq,0.010939,0.000054,0.000065,0.011059,19,17,1
990,10,cpp_par,0.006871,0.000037,0.000068,0.006978,19,17,1
990,10,cpp_adv,0.005629,0.000034,0.000065,0.005728,19,17,1
991,10,seq,0.241638,0.000249,0.000121,0.242008,19,2,0
991,10,par,0.114563,0.038316,0.035131,0.188010,19,2,0
991,10,weights,0.120274,0.041076,0.000313,0.161663,19,2,0
991,10,cpp_seq,0.004252,0.000053,0.000020,0.004326,19,2,0
991,10,cpp_par,0.002525,0.000032,0.000017,0.002575,19,2,0
991,10,cpp_adv,0.002957,0.000064,0.000022,0.003044,19,2,0
992,10,seq,0.213631,0.000289,0.011877,0.225798,29,45,240
992,10,par,0.098143,0.038987,0.335663,0.472792,29,45,240
992,10,weights,0.108453,0.043573,0.332362,0.484388,29,45,240
992,10,cpp_seq,0.008184,0.000084,0.003081,0.011350,29,45,240
992,10,cpp_par,0.004660,0.000038,0.002975,0.007674,29,45,240
992,10,cpp_adv,0.004427,0.000038,0.002853,0.007319,29,45,240
993,10,seq,0.202721,0.000316,0.000389,0.203425,19,17,1
993,10,par,0.111956,0.081072,0.403436,0.596464,19,17,1
993,10,weights,0.105389,0.041979,0.343629,0.490997,19,17,1
993,10,cpp_seq,0.004834,0.000055,0.000082,0.004972,19,17,1
993,10,cpp_par,0.002721,0.000033,0.000066,0.002821,19,17,1
993,10,cpp_adv,0.002426,0.000031,0.000062,0.002520,19,17,1
994,10,seq,0.385999,0.000429,0.058008,0.444437,38,68,1024
994,10,par,0.160704,0.046289,0.367035,0.574027,38,68,1024
994,10,weights,0.168973,0.037190,0.407664,0.613827,38,68,1024
994,10,cpp_seq,0.013123,0.000119,0.014328,0.027571,38,68,1024
994,10,cpp_par,0.009519,0.000042,0.012131,0.021693,38,68,1024
994,10,cpp_adv,0.008677,0.000042,0.011944,0.020663,38,68,1024
995,10,seq,0.207065,0.000265,0.000118,0.207448,19,10,0
995,10,par,0.106081,0.038305,0.039690,0.184075,19,10,0
995,10,weights,0.139094,0.038938,0.000368,0.178401,19,10,0
995,10,cpp_seq,0.006962,0.000053,0.000018,0.007035,19,10,0
995,10,cpp_par,0.003735,0.000036,0.000018,0.003791,19,10,0
995,10,cpp_adv,0.004093,0.000044,0.000027,0.004166,19,10,0
996,10,seq,0.209346,0.000267,0.000217,0.209831,19,9,0
996,10,par,0.101080,0.035774,0.048610,0.185464,19,9,0
996,10,weights,0.107610,0.042177,0.041140,0.190927,19,9,0
996,10,cpp_seq,0.004304,0.000057,0.000020,0.004383,19,9,0
996,10,cpp_par,0.002156,0.000031,0.000017,0.002204,19,9,0
996,10,cpp_adv,0.001905,0.000031,0.000015,0.001951,19,9,0
997,10,seq,0.196361,0.000271,0.000146,0.196778,19,8,0
997,10,par,0.101067,0.039154,0.092287,0.232507,19,8,0
997,10,weights,0.134497,0.037976,0.000302,0.172775,19,8,0
997,10,cpp_seq,0.008135,0.000053,0.000018,0.008207,19,8,0
997,10,cpp_par,0.003166,0.000032,0.000015,0.003214,19,8,0
997,10,cpp_adv,0.003904,0.000035,0.000018,0.003957,19,8,0
998,10,seq,0.414875,0.000269,0.000118,0.415262,19,10,0
998,10,par,0.139889,0.049246,0.052556,0.241691,19,10,0
998,10,weights,0.138945,0.042549,0.000504,0.181998,19,10,0
998,10,cpp_seq,0.009938,0.000061,0.000019,0.010020,19,10,0
998,10,cpp_par,0.005130,0.000032,0.000017,0.005180,19,10,0
998,10,cpp_adv,0.004839,0.000034,0.000018,0.004891,19,10,0
999,10,seq,0.303326,0.000255,0.000311,0.303891,19,17,1
999,10,par,0.112409,0.041952,0.310794,0.465155,19,17,1
999,10,weights,0.104745,0.043461,0.313643,0.461849,19,17,1
999,10,cpp_seq,0.005121,0.000057,0.000071,0.005250,19,17,1
999,10,cpp_par,0.002663,0.000033,0.000064,0.002761,19,17,1
999,10,cpp_adv,0.002556,0.000032,0.000064,0.002653,19,17,1
1000,10,seq,0.195521,0.000297,0.000127,0.195946,19,3,0
1000,10,par,0.098025,0.034630,0.035210,0.167865,19,3,0
1000,10,weights,0.101305,0.043702,0.000319,0.145326,19,3,0
1000,10,cpp_seq,0.004719,0.000059,0.000017,0.004796,19,3,0
1000,10,cpp_par,0.002615,0.000035,0.000019,0.002670,19,3,0
1000,10,cpp_adv,0.003084,0.000043,0.000019,0.003146,19,3,0
