sample,n_nets,perfil,t_p1,t_p2,t_p3,total_t,mem_p1_kb,mem_p2_kb,mem_p3_kb,mem_total_kb,n_attractors,n_pairs,n_fields
1,8,seq,0.491197,0.000885,0.000835,0.492917,180.286133,7.759766,11.40332,180.286133,17,21,1
1,8,par,0.275924,0.028838,0.149072,0.453834,539.638672,47.037109,46.216797,539.638672,17,21,1
1,8,weights,0.255673,0.030166,0.151996,0.437834,170.463867,40.589844,44.548828,170.463867,17,21,1
1,8,cpp_seq,0.005461,6.3e-05,7.4e-05,0.005598,0.0,0.0,0.0,0.0,17,21,1
1,8,cpp_par,0.003148,2.8e-05,7e-05,0.003247,0.0,0.0,0.0,0.0,17,21,1
1,8,cpp_adv,0.003377,3.8e-05,7.3e-05,0.003489,0.0,0.0,0.0,0.0,17,21,1
2,8,seq,0.859611,0.000822,0.000266,0.8607,198.773438,7.149414,5.678711,198.773438,24,2,0
2,8,par,0.319451,0.025099,0.022064,0.366613,189.186523,38.361328,32.944336,189.186523,24,2,0
2,8,weights,0.314316,0.026933,0.000482,0.341731,192.410156,39.259766,6.020508,192.410156,24,2,0
2,8,cpp_seq,0.00537,4.4e-05,1.4e-05,0.005429,0.0,0.0,0.0,0.0,24,2,0
2,8,cpp_par,0.003071,2.6e-05,1.3e-05,0.003111,0.0,0.0,0.0,0.0,24,2,0
2,8,cpp_adv,0.002876,2.7e-05,1.2e-05,0.002916,0.0,0.0,0.0,0.0,24,2,0
3,8,seq,0.801961,0.000779,0.000896,0.803636,206.423828,7.666016,11.614258,206.423828,17,16,1
3,8,par,0.413171,0.024525,0.145131,0.582827,182.424805,38.923828,44.15332,182.424805,17,16,1
3,8,weights,0.324427,0.025736,0.154144,0.504307,183.662109,39.05957,45.131836,183.662109,17,16,1
3,8,cpp_seq,0.007921,4.9e-05,8.3e-05,0.008055,0.0,0.0,0.0,0.0,17,16,1
3,8,cpp_par,0.005082,3e-05,8.2e-05,0.005195,0.0,0.0,0.0,0.0,17,16,1
3,8,cpp_adv,0.004073,2.8e-05,7.8e-05,0.00418,0.0,0.0,0.0,0.0,17,16,1
4,8,seq,0.549526,0.000834,0.006983,0.557343,181.821289,7.666016,66.21875,181.821289,27,28,8
4,8,par,0.280826,0.023995,0.149277,0.454099,186.964844,38.448242,61.030273,186.964844,27,28,8
4,8,weights,0.231792,0.026554,0.152547,0.410893,189.668945,39.454102,51.944336,189.668945,27,28,8
4,8,cpp_seq,0.002263,5.1e-05,0.000493,0.002807,0.0,0.0,0.0,0.0,27,28,8
4,8,cpp_par,0.001694,3e-05,0.000477,0.002202,0.0,0.0,0.0,0.0,27,28,8
4,8,cpp_adv,0.001265,3e-05,0.000474,0.001769,0.0,0.0,0.0,0.0,27,28,8
5,8,seq,1.072651,0.00094,0.304336,1.377927,207.488281,8.322266,184.625,207.488281,34,80,256
5,8,par,0.485279,0.025416,0.261172,0.771866,195.117188,41.742188,565.836914,565.836914,34,80,256
5,8,weights,0.49956,0.024535,0.255531,0.779626,195.920898,42.074219,231.301758,231.301758,34,80,256
5,8,cpp_seq,0.005443,6.4e-05,0.009446,0.014955,0.0,0.0,0.0,0.0,34,80,256
5,8,cpp_par,0.003335,3.6e-05,0.009252,0.012624,0.0,0.0,0.0,0.0,34,80,256
5,8,cpp_adv,0.003466,3.7e-05,0.009244,0.012748,0.0,0.0,0.0,0.0,34,80,256
6,8,seq,1.017512,0.000923,0.084074,1.102508,212.939453,8.275391,96.171875,212.939453,37,67,67
6,8,par,0.459334,0.023253,0.194466,0.677053,199.888672,40.280273,100.391602,199.888672,37,67,67
6,8,weights,0.543577,0.026984,0.19538,0.765941,203.439453,40.727539,77.969727,203.439453,37,67,67
6,8,cpp_seq,0.009035,6.2e-05,0.003195,0.012293,0.0,0.0,0.0,0.0,37,67,67
6,8,cpp_par,0.005075,3.5e-05,0.003223,0.008333,0.0,0.0,0.0,0.0,37,67,67
6,8,cpp_adv,0.005806,4.4e-05,0.003213,0.009064,0.0,0.0,0.0,0.0,37,67,67
7,8,seq,0.465668,0.000805,0.000736,0.467209,172.375,7.572266,9.786133,172.375,17,14,0
7,8,par,0.211551,0.028386,0.12334,0.363277,180.661133,40.443359,44.913086,180.661133,17,14,0
7,8,weights,0.20723,0.03208,0.126203,0.365513,182.030273,40.220703,45.350586,182.030273,17,14,0
7,8,cpp_seq,0.003933,6.1e-05,6.3e-05,0.004058,0.0,0.0,0.0,0.0,17,14,0
7,8,cpp_par,0.002101,2.7e-05,5.7e-05,0.002186,0.0,0.0,0.0,0.0,17,14,0
7,8,cpp_adv,0.002531,3.5e-05,7.4e-05,0.00264,0.0,0.0,0.0,0.0,17,14,0
8,8,seq,1.050473,0.001078,0.086281,1.137832,209.583008,8.259766,103.75,209.583008,34,80,80
8,8,par,0.501041,0.026648,0.192875,0.720565,200.712891,39.546875,117.571289,200.712891,34,80,80
8,8,weights,0.503006,0.025046,0.182741,0.710793,202.99707,40.163086,86.360352,202.99707,34,80,80
8,8,cpp_seq,0.009863,6.2e-05,0.003521,0.013447,0.0,0.0,0.0,0.0,34,80,80
8,8,cpp_par,0.005678,3.5e-05,0.003565,0.009279,0.0,0.0,0.0,0.0,34,80,80
8,8,cpp_adv,0.006048,4.8e-05,0.003582,0.009678,0.0,0.0,0.0,0.0,34,80,80
9,8,seq,0.404905,0.000928,0.065984,0.471818,165.055664,7.908203,97.976562,165.055664,27,54,96
9,8,par,0.165738,0.024279,0.18495,0.374967,165.848633,39.423828,97.188477,165.848633,27,54,96
9,8,weights,0.157417,0.02354,0.198388,0.379346,169.695312,41.583984,76.829102,169.695312,27,54,96
9,8,cpp_seq,0.00624,7.2e-05,0.003076,0.009389,0.0,0.0,0.0,0.0,27,54,96
9,8,cpp_par,0.003483,3.2e-05,0.003071,0.006587,0.0,0.0,0.0,0.0,27,54,96
9,8,cpp_adv,0.003217,3.5e-05,0.003287,0.00654,0.0,0.0,0.0,0.0,27,54,96
10,8,seq,0.813734,0.000873,0.054983,0.86959,193.116211,8.166016,108.4375,193.116211,34,64,256
10,8,par,0.343426,0.028984,0.188938,0.561348,194.180664,40.291992,141.183594,194.180664,34,64,256
10,8,weights,0.363464,0.024707,0.187699,0.57587,196.944336,40.878906,122.392578,196.944336,34,64,256
10,8,cpp_seq,0.007784,6e-05,0.002778,0.010623,0.0,0.0,0.0,0.0,34,64,256
10,8,cpp_par,0.004932,3.6e-05,0.002736,0.007704,0.0,0.0,0.0,0.0,34,64,256
10,8,cpp_adv,0.004563,3.7e-05,0.002757,0.007358,0.0,0.0,0.0,0.0,34,64,256
11,8,seq,0.370365,0.000899,0.001494,0.372758,152.90918,7.970703,16.325195,152.90918,24,38,1
11,8,par,0.146119,0.023,0.146925,0.316044,156.764648,39.959961,45.25293,156.764648,24,38,1
11,8,weights,0.151117,0.02366,0.147493,0.32227,158.402344,41.525391,45.713867,158.402344,24,38,1
11,8,cpp_seq,0.005542,6.2e-05,0.000184,0.00579,0.0,0.0,0.0,0.0,24,38,1
11,8,cpp_par,0.002842,3.1e-05,0.000116,0.00299,0.0,0.0,0.0,0.0,24,38,1
11,8,cpp_adv,0.002931,3.8e-05,9.7e-05,0.003068,0.0,0.0,0.0,0.0,24,38,1
12,8,seq,0.59662,0.001162,0.247843,0.845624,184.177734,8.291016,169.0,184.177734,34,76,256
12,8,par,0.288192,0.028636,0.275882,0.59271,189.370117,39.993164,323.420898,323.420898,34,76,256
12,8,weights,0.27259,0.029077,0.262705,0.564371,189.091797,41.228516,222.268555,222.268555,34,76,256
12,8,cpp_seq,0.006084,6.2e-05,0.009704,0.015852,0.0,0.0,0.0,0.0,34,76,256
12,8,cpp_par,0.003796,3.4e-05,0.009076,0.012906,0.0,0.0,0.0,0.0,34,76,256
12,8,cpp_adv,0.003665,3.4e-05,0.008702,0.012401,0.0,0.0,0.0,0.0,34,76,256
13,8,seq,0.274405,0.000765,0.000824,0.275994,168.991211,7.500977,7.68457,168.991211,16,8,1
13,8,par,0.11292,0.02425,0.14313,0.2803,176.317383,39.229492,44.87793,176.317383,16,8,1
13,8,weights,0.115022,0.02888,0.146222,0.290124,180.84375,39.996094,44.745117,180.84375,16,8,1
13,8,cpp_seq,0.002786,6.3e-05,5.1e-05,0.002901,0.0,0.0,0.0,0.0,16,8,1
13,8,cpp_par,0.001609,2.4e-05,4.7e-05,0.00168,0.0,0.0,0.0,0.0,16,8,1
13,8,cpp_adv,0.001373,2.4e-05,4.5e-05,0.001443,0.0,0.0,0.0,0.0,16,8,1
14,8,seq,0.355805,0.000863,0.000615,0.357283,164.875977,7.744141,8.918945,164.875977,16,12,1
14,8,par,0.152198,0.025225,0.147919,0.325341,162.709961,39.47168,44.62793,162.709961,16,12,1
14,8,weights,0.160598,0.029315,0.154012,0.343925,164.459961,39.644531,45.456055,164.459961,16,12,1
14,8,cpp_seq,0.002128,5.4e-05,7.2e-05,0.002256,0.0,0.0,0.0,0.0,16,12,1
14,8,cpp_par,0.001241,3.2e-05,7.1e-05,0.001345,0.0,0.0,0.0,0.0,16,12,1
14,8,cpp_adv,0.000993,2.4e-05,5.3e-05,0.00107,0.0,0.0,0.0,0.0,16,12,1
15,8,seq,0.522815,0.000827,0.000943,0.524584,177.28125,7.673828,10.817383,177.28125,17,14,1
15,8,par,0.226328,0.026217,0.165628,0.418173,178.549805,40.439453,45.245117,178.549805,17,14,1
15,8,weights,0.24616,0.032449,0.175535,0.454144,182.296875,39.202148,45.776367,182.296875,17,14,1
15,8,cpp_seq,0.004735,6.1e-05,0.000109,0.004906,0.0,0.0,0.0,0.0,17,14,1
15,8,cpp_par,0.002687,3.6e-05,9.3e-05,0.002817,0.0,0.0,0.0,0.0,17,14,1
15,8,cpp_adv,0.002373,3e-05,7.6e-05,0.002481,0.0,0.0,0.0,0.0,17,14,1
16,8,seq,0.483557,0.000819,0.001332,0.485708,169.884766,7.822266,12.59082,169.884766,17,18,1
16,8,par,0.256424,0.031461,0.174597,0.462482,176.132812,39.386719,45.362305,176.132812,17,18,1
16,8,weights,0.206598,0.029887,0.156979,0.393464,178.615234,39.974609,45.901367,178.615234,17,18,1
16,8,cpp_seq,0.004055,4.8e-05,8.7e-05,0.004191,0.0,0.0,0.0,0.0,17,18,1
16,8,cpp_par,0.002473,2.8e-05,9.5e-05,0.002597,0.0,0.0,0.0,0.0,17,18,1
16,8,cpp_adv,0.002167,2.9e-05,8.3e-05,0.002279,0.0,0.0,0.0,0.0,17,18,1
17,8,seq,0.510695,0.000794,0.000666,0.512155,173.585938,7.438477,6.458008,173.585938,17,8,0
17,8,par,0.279642,0.033407,0.074801,0.387851,181.332031,39.539062,43.487305,181.332031,17,8,0
17,8,weights,0.258663,0.034081,0.067514,0.360258,192.084961,40.816406,43.62793,192.084961,17,8,0
17,8,cpp_seq,0.004437,4.7e-05,2.8e-05,0.004514,0.0,0.0,0.0,0.0,17,8,0
17,8,cpp_par,0.003055,3.6e-05,3.5e-05,0.003126,0.0,0.0,0.0,0.0,17,8,0
17,8,cpp_adv,0.002214,2.8e-05,2.6e-05,0.002269,0.0,0.0,0.0,0.0,17,8,0
18,8,seq,0.955264,0.000932,0.00019,0.956385,196.944336,7.227539,5.678711,196.944336,17,6,0
18,8,par,0.415311,0.029724,0.025853,0.470888,189.703125,39.163086,33.765625,189.703125,17,6,0
18,8,weights,0.377545,0.024503,0.000494,0.402542,191.880859,38.90918,6.036133,191.880859,17,6,0
18,8,cpp_seq,0.007975,4.7e-05,1.7e-05,0.00804,0.0,0.0,0.0,0.0,17,6,0
18,8,cpp_par,0.003878,2.5e-05,1.3e-05,0.003917,0.0,0.0,0.0,0.0,17,6,0
18,8,cpp_adv,0.004143,2.5e-05,1.3e-05,0.004182,0.0,0.0,0.0,0.0,17,6,0
19,8,seq,0.91882,0.000741,0.000199,0.91976,197.880859,7.258789,5.678711,197.880859,17,5,0
19,8,par,0.398004,0.02758,0.02094,0.446524,189.036133,39.384766,33.75,189.036133,17,5,0
19,8,weights,0.403508,0.026483,0.000598,0.430589,190.783203,39.529297,6.020508,190.783203,17,5,0
19,8,cpp_seq,0.006796,6.6e-05,1.5e-05,0.006877,0.0,0.0,0.0,0.0,17,5,0
19,8,cpp_par,0.004063,3.3e-05,1.1e-05,0.004107,0.0,0.0,0.0,0.0,17,5,0
19,8,cpp_adv,0.004793,8.6e-05,1.8e-05,0.004898,0.0,0.0,0.0,0.0,17,5,0
20,8,seq,0.512291,0.000938,0.264952,0.778181,176.874023,8.244141,172.929688,176.874023,37,61,346
20,8,par,0.24684,0.033976,0.290324,0.571141,191.705078,39.53125,536.485352,536.485352,37,61,346
20,8,weights,0.225605,0.028904,0.278005,0.532514,193.294922,40.885742,193.293945,193.294922,37,61,346
20,8,cpp_seq,0.004757,5.8e-05,0.011959,0.016776,0.0,0.0,0.0,0.0,37,61,346
20,8,cpp_par,0.003265,3.8e-05,0.010512,0.013816,0.0,0.0,0.0,0.0,37,61,346
20,8,cpp_adv,0.002777,3.7e-05,0.010192,0.013006,0.0,0.0,0.0,0.0,37,61,346
21,8,seq,1.27451,0.000871,0.032304,1.307686,218.545898,8.087891,84.1875,218.545898,27,43,48
21,8,par,0.578535,0.023,0.177989,0.779523,194.155273,39.37207,78.65918,194.155273,27,43,48
21,8,weights,0.522216,0.025474,0.175552,0.723242,196.243164,41.327148,67.803711,196.243164,27,43,48
21,8,cpp_seq,0.010366,5.4e-05,0.001529,0.011951,0.0,0.0,0.0,0.0,27,43,48
21,8,cpp_par,0.006178,3.5e-05,0.001415,0.007629,0.0,0.0,0.0,0.0,27,43,48
21,8,cpp_adv,0.006486,5.5e-05,0.00148,0.008022,0.0,0.0,0.0,0.0,27,43,48
22,8,seq,1.075938,0.000838,0.00038,1.077157,218.918945,7.822266,5.825195,218.918945,24,32,0
22,8,par,0.49953,0.02575,0.024582,0.549862,192.829102,38.952148,35.65625,192.829102,24,32,0
22,8,weights,0.528293,0.023895,0.021445,0.573633,193.669922,40.850586,34.643555,193.669922,24,32,0
22,8,cpp_seq,0.009303,5.4e-05,2.1e-05,0.009379,0.0,0.0,0.0,0.0,24,32,0
22,8,cpp_par,0.004978,3.3e-05,2e-05,0.005032,0.0,0.0,0.0,0.0,24,32,0
22,8,cpp_adv,0.005385,4.6e-05,2.4e-05,0.005456,0.0,0.0,0.0,0.0,24,32,0
23,8,seq,1.211748,0.000957,0.327481,1.540186,223.061523,8.416016,167.679688,223.061523,34,84,256
23,8,par,0.651302,0.023083,0.273663,0.948049,195.824219,40.772461,352.951172,352.951172,34,84,256
23,8,weights,0.554356,0.024673,0.274486,0.853515,197.636719,40.556641,230.189453,230.189453,34,84,256
23,8,cpp_seq,0.011728,6.3e-05,0.009537,0.021329,0.0,0.0,0.0,0.0,34,84,256
23,8,cpp_par,0.006297,3.6e-05,0.00966,0.015994,0.0,0.0,0.0,0.0,34,84,256
23,8,cpp_adv,0.0064,5.1e-05,0.009792,0.016244,0.0,0.0,0.0,0.0,34,84,256
24,8,seq,0.379788,0.000871,0.252633,0.633292,131.049805,8.291016,169.390625,169.390625,34,76,256
24,8,par,0.17219,0.025687,0.267157,0.465034,148.856445,41.789062,318.458984,318.458984,34,76,256
24,8,weights,0.158707,0.02737,0.292139,0.478216,151.178711,40.295898,220.275391,220.275391,34,76,256
24,8,cpp_seq,0.003225,6.6e-05,0.009081,0.012373,0.0,0.0,0.0,0.0,34,76,256
24,8,cpp_par,0.002351,6.4e-05,0.009388,0.011805,0.0,0.0,0.0,0.0,34,76,256
24,8,cpp_adv,0.001626,3.6e-05,0.009458,0.011121,0.0,0.0,0.0,0.0,34,76,256
25,8,seq,0.418863,0.001043,4.559572,4.979478,136.125,9.026367,1077.898438,1077.898438,44,152,2592
25,8,par,0.189351,0.025676,1.850797,2.065824,157.304688,43.046875,4757.691406,4757.691406,44,152,2592
25,8,weights,0.205962,0.032528,1.765102,2.003591,158.817383,41.880859,3014.72168,3014.72168,44,152,2592
25,8,cpp_seq,0.003242,7.6e-05,0.110146,0.113465,0.0,0.0,0.0,0.0,44,152,2592
25,8,cpp_par,0.009232,4.6e-05,0.110968,0.120247,0.0,0.0,0.0,0.0,44,152,2592
25,8,cpp_adv,0.008453,5.3e-05,0.108945,0.117452,0.0,0.0,0.0,0.0,44,152,2592
26,8,seq,1.45626,0.000897,0.052666,1.509823,219.706055,8.220703,98.8125,219.706055,27,59,55
26,8,par,0.656554,0.026484,0.198055,0.881093,192.379883,39.572266,86.708984,192.379883,27,59,55
26,8,weights,0.637508,0.028161,0.284268,0.949937,194.005859,40.754883,70.423828,194.005859,27,59,55
26,8,cpp_seq,0.005496,5.7e-05,0.002063,0.007616,0.0,0.0,0.0,0.0,27,59,55
26,8,cpp_par,0.003197,3.4e-05,0.002394,0.005626,0.0,0.0,0.0,0.0,27,59,55
26,8,cpp_adv,0.003939,3.7e-05,0.002055,0.006032,0.0,0.0,0.0,0.0,27,59,55
27,8,seq,0.468684,0.000803,0.000198,0.469686,177.757812,7.149414,5.678711,177.757812,27,4,0
27,8,par,0.239803,0.025319,0.023227,0.288349,191.44043,38.461914,34.12793,191.44043,27,4,0
27,8,weights,0.222625,0.026479,0.000616,0.24972,193.567383,39.412109,6.020508,193.567383,27,4,0
27,8,cpp_seq,0.004147,4.9e-05,1.4e-05,0.004212,0.0,0.0,0.0,0.0,27,4,0
27,8,cpp_par,0.002235,2.7e-05,1.2e-05,0.002274,0.0,0.0,0.0,0.0,27,4,0
27,8,cpp_adv,0.002146,2.9e-05,1.2e-05,0.002187,0.0,0.0,0.0,0.0,27,4,0
28,8,seq,0.511104,0.000837,0.000805,0.512746,184.424805,7.697266,11.450195,184.424805,17,19,1
28,8,par,0.260065,0.025442,0.171412,0.456919,170.566406,40.365234,45.907227,170.566406,17,19,1
28,8,weights,0.242405,0.043285,0.181135,0.466826,171.566406,40.458984,45.688477,171.566406,17,19,1
28,8,cpp_seq,0.00542,4.9e-05,7.1e-05,0.005541,0.0,0.0,0.0,0.0,17,19,1
28,8,cpp_par,0.003572,2.9e-05,6.9e-05,0.00367,0.0,0.0,0.0,0.0,17,19,1
28,8,cpp_adv,0.003135,3e-05,7e-05,0.003237,0.0,0.0,0.0,0.0,17,19,1
29,8,seq,0.756003,0.000751,0.000202,0.756956,183.49707,7.250977,5.678711,183.49707,17,3,0
29,8,par,0.398518,0.027419,0.025353,0.45129,188.99707,38.603516,33.34668,188.99707,17,3,0
29,8,weights,0.338939,0.03255,0.000951,0.37244,191.837891,38.935547,6.020508,191.837891,17,3,0
29,8,cpp_seq,0.005941,4.7e-05,1.4e-05,0.006002,0.0,0.0,0.0,0.0,17,3,0
29,8,cpp_par,0.003401,3.5e-05,1.7e-05,0.003454,0.0,0.0,0.0,0.0,17,3,0
29,8,cpp_adv,0.003313,2.8e-05,1.2e-05,0.003354,0.0,0.0,0.0,0.0,17,3,0
30,8,seq,0.495038,0.000848,0.000865,0.49675,172.59375,7.775391,12.24707,172.59375,17,19,1
30,8,par,0.218007,0.02674,0.167864,0.41261,175.727539,40.609375,45.336914,175.727539,17,19,1
30,8,weights,0.223746,0.049687,0.183536,0.45697,175.723633,40.351562,45.680664,175.723633,17,19,1
30,8,cpp_seq,0.00599,4.9e-05,7.8e-05,0.006118,0.0,0.0,0.0,0.0,17,19,1
30,8,cpp_par,0.002987,2.7e-05,7.5e-05,0.003089,0.0,0.0,0.0,0.0,17,19,1
30,8,cpp_adv,0.002861,2.7e-05,7.4e-05,0.002962,0.0,0.0,0.0,0.0,17,19,1
31,8,seq,0.669238,0.001127,0.251358,0.921723,151.512695,9.509766,176.359375,176.359375,34,72,256
31,8,par,0.36289,0.033446,0.276314,0.672651,155.480469,39.938477,547.951172,547.951172,34,72,256
31,8,weights,0.297948,0.031448,0.28367,0.613066,157.581055,40.546875,218.181641,218.181641,34,72,256
31,8,cpp_seq,0.010684,6e-05,0.010211,0.020957,0.0,0.0,0.0,0.0,34,72,256
31,8,cpp_par,0.007367,4e-05,0.008803,0.016211,0.0,0.0,0.0,0.0,34,72,256
31,8,cpp_adv,0.00659,5.4e-05,0.009536,0.016181,0.0,0.0,0.0,0.0,34,72,256
32,8,seq,0.433682,0.000819,0.00564,0.440141,165.045898,7.697266,68.044922,165.045898,27,34,32
32,8,par,0.187289,0.036225,0.181034,0.404548,180.866211,39.511719,50.282227,180.866211,27,34,32
32,8,weights,0.193335,0.043061,0.196144,0.43254,181.68457,39.556641,49.844727,181.68457,27,34,32
32,8,cpp_seq,0.002281,6.9e-05,0.000432,0.002783,0.0,0.0,0.0,0.0,27,34,32
32,8,cpp_par,0.001785,3.2e-05,0.000428,0.002247,0.0,0.0,0.0,0.0,27,34,32
32,8,cpp_adv,0.00133,2.9e-05,0.000414,0.001774,0.0,0.0,0.0,0.0,27,34,32
33,8,seq,1.218896,0.000937,0.030221,1.250053,256.814453,8.119141,80.546875,256.814453,27,48,32
33,8,par,0.528112,0.025768,0.194372,0.748252,190.302734,40.017578,66.185547,190.302734,27,48,32
33,8,weights,0.510146,0.026447,0.180748,0.71734,192.194336,41.579102,58.783203,192.194336,27,48,32
33,8,cpp_seq,0.011475,5.7e-05,0.001388,0.012921,0.0,0.0,0.0,0.0,27,48,32
33,8,cpp_par,0.007012,3.8e-05,0.0014,0.008451,0.0,0.0,0.0,0.0,27,48,32
33,8,cpp_adv,0.007341,4.8e-05,0.001363,0.008753,0.0,0.0,0.0,0.0,27,48,32
34,8,seq,0.671622,0.000939,0.026781,0.699342,190.375977,8.087891,77.966797,190.375977,27,48,39
34,8,par,0.31814,0.031258,0.188932,0.538329,181.713867,40.740234,61.579102,181.713867,27,48,39
34,8,weights,0.33739,0.031814,0.198393,0.567597,185.323242,40.896484,55.673828,185.323242,27,48,39
34,8,cpp_seq,0.006496,5.5e-05,0.001203,0.007754,0.0,0.0,0.0,0.0,27,48,39
34,8,cpp_par,0.003591,3.2e-05,0.001221,0.004844,0.0,0.0,0.0,0.0,27,48,39
34,8,cpp_adv,0.003833,4.8e-05,0.001214,0.005095,0.0,0.0,0.0,0.0,27,48,39
35,8,seq,0.751126,0.000782,0.000197,0.752105,192.804688,7.345703,5.678711,192.804688,17,10,0
35,8,par,0.30574,0.030914,0.023759,0.360413,189.046875,39.611328,33.34668,189.046875,17,10,0
35,8,weights,0.307598,0.028986,0.000686,0.33727,192.49707,39.560547,6.020508,192.49707,17,10,0
35,8,cpp_seq,0.007658,5.7e-05,1.4e-05,0.00773,0.0,0.0,0.0,0.0,17,10,0
35,8,cpp_par,0.004066,3e-05,1.4e-05,0.004111,0.0,0.0,0.0,0.0,17,10,0
35,8,cpp_adv,0.004384,4.5e-05,1.3e-05,0.004443,0.0,0.0,0.0,0.0,17,10,0
36,8,seq,0.49528,0.00166,0.154306,0.651246,173.6875,8.322266,112.601562,173.6875,34,76,256
36,8,par,0.24256,0.026141,0.253812,0.522513,188.337891,41.217773,144.74707,188.337891,34,76,256
36,8,weights,0.245111,0.032116,0.243799,0.521026,189.608398,40.154297,123.651367,189.608398,34,76,256
36,8,cpp_seq,0.004247,6.3e-05,0.005697,0.010008,0.0,0.0,0.0,0.0,34,76,256
36,8,cpp_par,0.002984,3.7e-05,0.005133,0.008155,0.0,0.0,0.0,0.0,34,76,256
36,8,cpp_adv,0.002468,3.8e-05,0.006045,0.008552,0.0,0.0,0.0,0.0,34,76,256
37,8,seq,0.456599,0.000821,0.000203,0.457623,172.944336,7.485352,5.678711,172.944336,17,8,0
37,8,par,0.175779,0.028451,0.026789,0.231018,185.858398,39.021484,33.791992,185.858398,17,8,0
37,8,weights,0.186867,0.036383,0.000471,0.22372,187.371094,39.498047,6.02832,187.371094,17,8,0
37,8,cpp_seq,0.005172,4.6e-05,1.9e-05,0.005238,0.0,0.0,0.0,0.0,17,8,0
37,8,cpp_par,0.002639,2.6e-05,1.3e-05,0.002679,0.0,0.0,0.0,0.0,17,8,0
37,8,cpp_adv,0.003117,2.8e-05,1.5e-05,0.00316,0.0,0.0,0.0,0.0,17,8,0
38,8,seq,1.482291,0.001023,0.262813,1.746127,230.319336,8.53418,170.460938,230.319336,34,100,272
38,8,par,0.677118,0.027388,0.282438,0.986944,198.944336,41.445312,336.419922,336.419922,34,100,272
38,8,weights,0.662156,0.029138,0.298908,0.990202,200.660156,40.644531,230.501953,230.501953,34,100,272
38,8,cpp_seq,0.014277,6.5e-05,0.009524,0.023868,0.0,0.0,0.0,0.0,34,100,272
38,8,cpp_par,0.008557,4.4e-05,0.009155,0.017757,0.0,0.0,0.0,0.0,34,100,272
38,8,cpp_adv,0.008454,5.5e-05,0.009434,0.017944,0.0,0.0,0.0,0.0,34,100,272
39,8,seq,1.294057,0.000954,0.215862,1.510874,215.320312,8.666992,300.47168,300.47168,44,114,937
39,8,par,0.554431,0.025099,0.330391,0.909921,206.246094,40.053711,575.586914,575.586914,44,114,937
39,8,weights,0.568162,0.027553,0.282909,0.878623,209.979492,41.553711,458.448242,458.448242,44,114,937
39,8,cpp_seq,0.011327,7e-05,0.009844,0.021242,0.0,0.0,0.0,0.0,44,114,937
39,8,cpp_par,0.007945,5.4e-05,0.009608,0.017608,0.0,0.0,0.0,0.0,44,114,937
39,8,cpp_adv,0.007559,5.1e-05,0.009912,0.017523,0.0,0.0,0.0,0.0,44,114,937
40,8,seq,0.564278,0.000787,0.000398,0.565463,177.635742,7.274414,5.825195,177.635742,17,6,0
40,8,par,0.24099,0.02959,0.02323,0.29381,187.711914,38.463867,35.12793,187.711914,17,6,0
40,8,weights,0.236022,0.029576,0.026205,0.291803,187.901367,38.866211,34.362305,187.901367,17,6,0
40,8,cpp_seq,0.005558,4.5e-05,1.6e-05,0.00562,0.0,0.0,0.0,0.0,17,6,0
40,8,cpp_par,0.003055,2.6e-05,1.5e-05,0.003096,0.0,0.0,0.0,0.0,17,6,0
40,8,cpp_adv,0.003118,3.1e-05,1.7e-05,0.003166,0.0,0.0,0.0,0.0,17,6,0
41,8,seq,0.37744,0.000864,0.000293,0.378596,166.683594,7.180664,5.678711,166.683594,17,6,0
41,8,par,0.146762,0.03063,0.02494,0.202332,167.979492,38.402344,33.34668,167.979492,17,6,0
41,8,weights,0.164883,0.046908,0.000475,0.212266,171.795898,38.787109,6.020508,171.795898,17,6,0
41,8,cpp_seq,0.002728,5.9e-05,1.8e-05,0.002808,0.0,0.0,0.0,0.0,17,6,0
41,8,cpp_par,0.001803,3.7e-05,1.4e-05,0.001855,0.0,0.0,0.0,0.0,17,6,0
41,8,cpp_adv,0.0012,2.6e-05,1.1e-05,0.001238,0.0,0.0,0.0,0.0,17,6,0
42,8,seq,0.901236,0.000794,0.000417,0.902447,215.43457,7.196289,6.262695,215.43457,17,3,0
42,8,par,0.476016,0.032414,0.076577,0.585006,191.75,38.682617,43.649414,191.75,17,3,0
42,8,weights,0.371956,0.029872,0.08727,0.489099,190.005859,39.625977,42.454102,190.005859,17,3,0
42,8,cpp_seq,0.007209,4.6e-05,2.5e-05,0.007282,0.0,0.0,0.0,0.0,17,3,0
42,8,cpp_par,0.004457,4.8e-05,2.6e-05,0.004532,0.0,0.0,0.0,0.0,17,3,0
42,8,cpp_adv,0.003717,2.6e-05,2.1e-05,0.003764,0.0,0.0,0.0,0.0,17,3,0
43,8,seq,0.51268,0.000831,0.00083,0.514341,170.677734,7.712891,11.208008,170.677734,17,18,1
43,8,par,0.248333,0.033441,0.174857,0.45663,175.219727,39.447266,44.665039,175.219727,17,18,1
43,8,weights,0.253275,0.036608,0.176476,0.466359,174.569336,41.613281,45.641602,174.569336,17,18,1
43,8,cpp_seq,0.004081,4.9e-05,7.4e-05,0.004205,0.0,0.0,0.0,0.0,17,18,1
43,8,cpp_par,0.002552,2.9e-05,7.4e-05,0.002657,0.0,0.0,0.0,0.0,17,18,1
43,8,cpp_adv,0.002337,2.9e-05,8.7e-05,0.002453,0.0,0.0,0.0,0.0,17,18,1
44,8,seq,0.539975,0.000837,0.000805,0.541617,188.772461,7.650391,9.254883,188.772461,17,12,1
44,8,par,0.272191,0.027289,0.217387,0.516867,179.716797,39.605469,45.125977,179.716797,17,12,1
44,8,weights,0.265836,0.030098,0.175338,0.471272,180.963867,39.611328,45.758789,180.963867,17,12,1
44,8,cpp_seq,0.004837,4.7e-05,6.4e-05,0.00495,0.0,0.0,0.0,0.0,17,12,1
44,8,cpp_par,0.003011,3.5e-05,6.7e-05,0.003114,0.0,0.0,0.0,0.0,17,12,1
44,8,cpp_adv,0.002582,2.7e-05,6.1e-05,0.002671,0.0,0.0,0.0,0.0,17,12,1
45,8,seq,0.488036,0.000836,0.000918,0.489789,170.136719,7.853516,11.40332,170.136719,17,22,1
45,8,par,0.204821,0.044942,0.176519,0.426282,172.72168,40.572266,44.993164,172.72168,17,22,1
45,8,weights,0.216442,0.038872,0.173032,0.428347,171.876953,40.056641,45.438477,171.876953,17,22,1
45,8,cpp_seq,0.005734,4.9e-05,6.9e-05,0.005853,0.0,0.0,0.0,0.0,17,22,1
45,8,cpp_par,0.003597,2.9e-05,6.9e-05,0.003695,0.0,0.0,0.0,0.0,17,22,1
45,8,cpp_adv,0.003202,2.8e-05,6.7e-05,0.003297,0.0,0.0,0.0,0.0,17,22,1
46,8,seq,1.406049,0.001552,0.000225,1.407826,221.513672,7.180664,5.678711,221.513672,27,8,0
46,8,par,0.751565,0.03161,0.028609,0.811785,201.236328,38.402344,33.50293,201.236328,27,8,0
46,8,weights,0.628931,0.026121,0.000454,0.655507,205.546875,40.294922,6.020508,205.546875,27,8,0
46,8,cpp_seq,0.011217,5e-05,1.4e-05,0.011283,0.0,0.0,0.0,0.0,27,8,0
46,8,cpp_par,0.006801,4.4e-05,2e-05,0.006866,0.0,0.0,0.0,0.0,27,8,0
46,8,cpp_adv,0.006431,5.2e-05,1.3e-05,0.006497,0.0,0.0,0.0,0.0,27,8,0
47,8,seq,0.543592,0.000862,0.0002,0.544654,174.933594,7.408203,5.678711,174.933594,17,16,0
47,8,par,0.214355,0.043235,0.026827,0.284417,181.174805,38.925781,34.00293,181.174805,17,16,0
47,8,weights,0.210436,0.031388,0.000464,0.242289,183.073242,41.047852,6.020508,183.073242,17,16,0
47,8,cpp_seq,0.005182,5.8e-05,2e-05,0.005262,0.0,0.0,0.0,0.0,17,16,0
47,8,cpp_par,0.00277,3e-05,1.2e-05,0.002813,0.0,0.0,0.0,0.0,17,16,0
47,8,cpp_adv,0.002541,2.7e-05,1.1e-05,0.002579,0.0,0.0,0.0,0.0,17,16,0
48,8,seq,0.632668,0.000948,0.156878,0.790494,183.375977,8.353516,114.140625,183.375977,34,84,256
48,8,par,0.287907,0.03627,0.246994,0.571171,188.962891,40.395508,163.208008,188.962891,34,84,256
48,8,weights,0.381897,0.029619,0.261819,0.673334,190.152344,41.423828,124.557617,190.152344,34,84,256
48,8,cpp_seq,0.005531,7e-05,0.005953,0.011555,0.0,0.0,0.0,0.0,34,84,256
48,8,cpp_par,0.003431,3.5e-05,0.005906,0.009372,0.0,0.0,0.0,0.0,34,84,256
48,8,cpp_adv,0.003567,3.8e-05,0.005774,0.009379,0.0,0.0,0.0,0.0,34,84,256
49,8,seq,0.441494,0.001052,0.297009,0.739555,134.195312,8.431641,167.648438,167.648438,34,88,256
49,8,par,0.22562,0.032783,0.321647,0.580051,150.696289,39.864258,352.263672,352.263672,34,88,256
49,8,weights,0.200781,0.028774,0.318527,0.548081,152.93457,41.454102,232.814453,232.814453,34,88,256
49,8,cpp_seq,0.003433,6.3e-05,0.009714,0.013211,0.0,0.0,0.0,0.0,34,88,256
49,8,cpp_par,0.002539,3.5e-05,0.011258,0.013834,0.0,0.0,0.0,0.0,34,88,256
49,8,cpp_adv,0.002825,7.2e-05,0.010422,0.01332,0.0,0.0,0.0,0.0,34,88,256
50,8,seq,0.932359,0.001171,0.336795,1.270324,199.03125,8.259766,186.054688,199.03125,34,72,256
50,8,par,0.52535,0.02737,0.300407,0.853126,188.954102,43.025391,563.466797,563.466797,34,72,256
50,8,weights,0.471498,0.030936,0.27904,0.781474,187.633789,42.037109,224.541016,224.541016,34,72,256
50,8,cpp_seq,0.008198,6.1e-05,0.010734,0.018994,0.0,0.0,0.0,0.0,34,72,256
50,8,cpp_par,0.005009,4.1e-05,0.009318,0.014369,0.0,0.0,0.0,0.0,34,72,256
50,8,cpp_adv,0.004841,5.3e-05,0.009404,0.014298,0.0,0.0,0.0,0.0,34,72,256
51,8,seq,0.822263,0.000757,0.000478,0.823498,197.986328,7.508789,6.848633,197.986328,16,7,0
51,8,par,0.327163,0.028668,0.143314,0.499145,183.835938,39.826172,44.336914,183.835938,16,7,0
51,8,weights,0.340994,0.030504,0.155257,0.526755,187.208008,39.454102,45.071289,187.208008,16,7,0
51,8,cpp_seq,0.005813,4.4e-05,3.8e-05,0.005897,0.0,0.0,0.0,0.0,16,7,0
51,8,cpp_par,0.002922,2.5e-05,3.7e-05,0.002984,0.0,0.0,0.0,0.0,16,7,0
51,8,cpp_adv,0.002657,8.1e-05,3.7e-05,0.002775,0.0,0.0,0.0,0.0,16,7,0
52,8,seq,0.345841,0.000941,0.284836,0.631617,129.580078,8.173828,167.875,167.875,34,72,256
52,8,par,0.163664,0.04816,0.333174,0.544998,149.613281,41.175781,323.349609,323.349609,34,72,256
52,8,weights,0.169139,0.038609,0.331704,0.539452,151.709961,39.956055,227.111328,227.111328,34,72,256
52,8,cpp_seq,0.005753,6.3e-05,0.012283,0.0181,0.0,0.0,0.0,0.0,34,72,256
52,8,cpp_par,0.004012,0.000107,0.010677,0.014798,0.0,0.0,0.0,0.0,34,72,256
52,8,cpp_adv,0.004878,5.8e-05,0.013058,0.017996,0.0,0.0,0.0,0.0,34,72,256
53,8,seq,0.370337,0.000803,0.000568,0.371709,161.584961,7.555664,7.051758,161.584961,16,8,0
53,8,par,0.150178,0.034573,0.168236,0.352988,165.62207,40.001953,44.602539,165.62207,16,8,0
53,8,weights,0.13836,0.03148,0.178785,0.348625,167.088867,39.672852,45.141602,167.088867,16,8,0
53,8,cpp_seq,0.001494,4.2e-05,3.9e-05,0.001577,0.0,0.0,0.0,0.0,16,8,0
53,8,cpp_par,0.001044,2.7e-05,4e-05,0.001111,0.0,0.0,0.0,0.0,16,8,0
53,8,cpp_adv,0.000813,2.5e-05,3.8e-05,0.000877,0.0,0.0,0.0,0.0,16,8,0
54,8,seq,0.865847,0.000808,0.000214,0.866869,196.354492,7.165039,5.678711,196.354492,17,3,0
54,8,par,0.389152,0.033091,0.023662,0.445905,190.052734,39.025391,33.75293,190.052734,17,3,0
54,8,weights,0.3424,0.034538,0.00061,0.377548,191.40332,39.394531,6.020508,191.40332,17,3,0
54,8,cpp_seq,0.005563,4.5e-05,1.4e-05,0.005623,0.0,0.0,0.0,0.0,17,3,0
54,8,cpp_par,0.003179,3e-05,1.3e-05,0.003222,0.0,0.0,0.0,0.0,17,3,0
54,8,cpp_adv,0.003392,2.9e-05,1.3e-05,0.003435,0.0,0.0,0.0,0.0,17,3,0
55,8,seq,0.447866,0.000728,0.000202,0.448796,179.967773,7.102539,5.678711,179.967773,17,1,0
55,8,par,0.196317,0.052777,0.032761,0.281855,182.466797,38.633789,33.50293,182.466797,17,1,0
55,8,weights,0.161726,0.027223,0.000509,0.189458,184.382812,39.28418,6.020508,184.382812,17,1,0
55,8,cpp_seq,0.001956,4.5e-05,1.3e-05,0.002014,0.0,0.0,0.0,0.0,17,1,0
55,8,cpp_par,0.001754,3.3e-05,1.6e-05,0.001804,0.0,0.0,0.0,0.0,17,1,0
55,8,cpp_adv,0.001664,3.3e-05,1.6e-05,0.001714,0.0,0.0,0.0,0.0,17,1,0
56,8,seq,1.953976,0.000888,0.006866,1.96173,258.982422,7.587891,71.427734,258.982422,27,20,16
56,8,par,0.891817,0.027106,0.186275,1.105199,197.325195,39.353516,55.977539,197.325195,27,20,16
56,8,weights,0.773838,0.026331,0.183082,0.983251,200.009766,39.299805,53.220703,200.009766,27,20,16
56,8,cpp_seq,0.017206,5.1e-05,0.000789,0.018047,0.0,0.0,0.0,0.0,27,20,16
56,8,cpp_par,0.009714,5.4e-05,0.000672,0.010441,0.0,0.0,0.0,0.0,27,20,16
56,8,cpp_adv,0.0106,5.1e-05,0.000672,0.011324,0.0,0.0,0.0,0.0,27,20,16
57,8,seq,0.71927,0.000922,0.097059,0.817252,189.960938,7.916016,116.125,189.960938,34,52,128
57,8,par,0.321237,0.029498,0.227996,0.578731,198.09082,39.000977,139.498047,198.09082,34,52,128
57,8,weights,0.296825,0.032008,0.255978,0.584811,198.100586,40.860352,99.904297,198.100586,34,52,128
57,8,cpp_seq,0.003489,5.7e-05,0.005033,0.008581,0.0,0.0,0.0,0.0,34,52,128
57,8,cpp_par,0.002378,3.5e-05,0.006543,0.008957,0.0,0.0,0.0,0.0,34,52,128
57,8,cpp_adv,0.001825,4.9e-05,0.004045,0.005919,0.0,0.0,0.0,0.0,34,52,128
58,8,seq,0.446348,0.000944,0.021969,0.469261,168.000977,7.986328,76.802734,168.000977,27,43,26
58,8,par,0.196638,0.034225,0.194651,0.425514,175.009766,40.092773,60.938477,175.009766,27,43,26
58,8,weights,0.333533,0.025479,0.186731,0.545744,176.657227,41.369141,55.861328,176.657227,27,43,26
58,8,cpp_seq,0.00255,5.5e-05,0.001068,0.003674,0.0,0.0,0.0,0.0,27,43,26
58,8,cpp_par,0.002256,6.5e-05,0.001637,0.003962,0.0,0.0,0.0,0.0,27,43,26
58,8,cpp_adv,0.001431,5.2e-05,0.001065,0.00255,0.0,0.0,0.0,0.0,27,43,26
59,8,seq,0.628473,0.001282,0.049622,0.679377,177.001953,7.931641,93.453125,177.001953,27,50,160
59,8,par,0.274876,0.025299,0.211338,0.511513,180.792969,39.595703,108.208008,180.792969,27,50,160
59,8,weights,0.270385,0.033091,0.206077,0.509552,182.558594,39.416016,89.768555,182.558594,27,50,160
59,8,cpp_seq,0.007257,8.6e-05,0.002937,0.010281,0.0,0.0,0.0,0.0,27,50,160
59,8,cpp_par,0.004582,3.3e-05,0.002953,0.00757,0.0,0.0,0.0,0.0,27,50,160
59,8,cpp_adv,0.003845,3.5e-05,0.002862,0.006743,0.0,0.0,0.0,0.0,27,50,160
60,8,seq,0.452411,0.000879,0.000957,0.454248,171.004883,7.603516,12.395508,171.004883,17,20,1
60,8,par,0.186588,0.041675,0.179651,0.407914,178.542969,40.009766,45.329102,178.542969,17,20,1
60,8,weights,0.179508,0.027075,0.180447,0.387031,178.719727,40.506836,45.649414,178.719727,17,20,1
60,8,cpp_seq,0.005124,4.8e-05,8.2e-05,0.005255,0.0,0.0,0.0,0.0,17,20,1
60,8,cpp_par,0.002804,2.9e-05,8.4e-05,0.002917,0.0,0.0,0.0,0.0,17,20,1
60,8,cpp_adv,0.003118,3.7e-05,0.000104,0.00326,0.0,0.0,0.0,0.0,17,20,1
61,8,seq,1.505114,0.000786,0.000258,1.506158,224.436523,7.258789,5.678711,224.436523,17,6,0
61,8,par,0.727037,0.026446,0.020983,0.774466,192.331055,38.514648,33.78418,192.331055,17,6,0
61,8,weights,0.698264,0.028517,0.000451,0.727231,194.142578,39.386719,6.020508,194.142578,17,6,0
61,8,cpp_seq,0.013772,4.6e-05,1.3e-05,0.013832,0.0,0.0,0.0,0.0,17,6,0
61,8,cpp_par,0.007168,3.4e-05,1.5e-05,0.007217,0.0,0.0,0.0,0.0,17,6,0
61,8,cpp_adv,0.007366,3.8e-05,1.4e-05,0.007419,0.0,0.0,0.0,0.0,17,6,0
62,8,seq,0.466287,0.000808,0.0002,0.467295,185.223633,7.461914,5.678711,185.223633,17,8,0
62,8,par,0.241501,0.040796,0.021729,0.304026,182.833008,38.605469,33.75293,182.833008,17,8,0
62,8,weights,0.317213,0.031662,0.00071,0.349585,187.226562,38.955078,6.020508,187.226562,17,8,0
62,8,cpp_seq,0.005516,5.9e-05,1.7e-05,0.005593,0.0,0.0,0.0,0.0,17,8,0
62,8,cpp_par,0.007018,0.002972,2.4e-05,0.010016,0.0,0.0,0.0,0.0,17,8,0
62,8,cpp_adv,0.010123,0.002449,2.1e-05,0.012594,0.0,0.0,0.0,0.0,17,8,0
63,8,seq,0.686236,0.000937,0.000219,0.687393,192.816406,7.000977,5.678711,192.816406,17,0,0
63,8,par,0.320426,0.028188,0.022177,0.370791,179.698242,39.469727,34.50293,179.698242,17,0,0
63,8,weights,0.306001,0.032951,0.000634,0.339586,181.603516,39.384766,6.020508,181.603516,17,0,0
63,8,cpp_seq,0.004955,5.2e-05,1.9e-05,0.005027,0.0,0.0,0.0,0.0,17,0,0
63,8,cpp_par,0.002121,2.6e-05,1.3e-05,0.002161,0.0,0.0,0.0,0.0,17,0,0
63,8,cpp_adv,0.001908,2.6e-05,2.6e-05,0.00196,0.0,0.0,0.0,0.0,17,0,0
64,8,seq,0.665011,0.000957,0.000887,0.666855,214.479492,7.587891,11.418945,214.479492,17,17,1
64,8,par,0.599286,0.028455,0.166073,0.793813,181.71875,39.353516,45.383789,181.71875,17,17,1
64,8,weights,0.295324,0.030953,0.2421,0.568378,182.918945,39.172852,45.766602,182.918945,17,17,1
64,8,cpp_seq,0.005381,4.9e-05,8.1e-05,0.005512,0.0,0.0,0.0,0.0,17,17,1
64,8,cpp_par,0.003519,3.2e-05,9.9e-05,0.00365,0.0,0.0,0.0,0.0,17,17,1
64,8,cpp_adv,0.003076,3.9e-05,9.6e-05,0.003213,0.0,0.0,0.0,0.0,17,17,1
65,8,seq,0.555522,0.00085,0.000775,0.557147,173.652344,7.681641,11.012695,173.652344,17,17,1
65,8,par,0.21486,0.031928,0.162666,0.409454,176.81543,39.946289,45.157227,176.81543,17,17,1
65,8,weights,0.23808,0.026212,0.172201,0.436493,176.680664,40.853516,45.469727,176.680664,17,17,1
65,8,cpp_seq,0.00513,4.9e-05,7e-05,0.005249,0.0,0.0,0.0,0.0,17,17,1
65,8,cpp_par,0.003292,3e-05,7.6e-05,0.003398,0.0,0.0,0.0,0.0,17,17,1
65,8,cpp_adv,0.002799,2.7e-05,6.6e-05,0.002893,0.0,0.0,0.0,0.0,17,17,1
66,8,seq,0.689897,0.000919,0.033849,0.724665,180.15625,9.822266,118.772461,180.15625,27,69,192
66,8,par,0.285166,0.029086,0.201648,0.5159,177.475586,40.345703,212.833008,212.833008,27,69,192
66,8,weights,0.234372,0.03354,0.209983,0.477895,183.601562,39.509766,103.143555,183.601562,27,69,192
66,8,cpp_seq,0.004513,5.9e-05,0.002009,0.006583,0.0,0.0,0.0,0.0,27,69,192
66,8,cpp_par,0.002984,3.3e-05,0.002057,0.005075,0.0,0.0,0.0,0.0,27,69,192
66,8,cpp_adv,0.002659,3.3e-05,0.001994,0.004687,0.0,0.0,0.0,0.0,27,69,192
67,8,seq,1.370875,0.000862,0.250771,1.622508,200.416016,8.158203,167.554688,200.416016,34,60,256
67,8,par,0.415885,0.026819,0.284581,0.727286,180.932617,40.384766,482.865234,482.865234,34,60,256
67,8,weights,0.410366,0.03017,0.285587,0.726123,184.523438,40.350586,223.111328,223.111328,34,60,256
67,8,cpp_seq,0.010293,6.1e-05,0.009278,0.019634,0.0,0.0,0.0,0.0,34,60,256
67,8,cpp_par,0.006269,3.4e-05,0.00938,0.015684,0.0,0.0,0.0,0.0,34,60,256
67,8,cpp_adv,0.006608,5.2e-05,0.008999,0.01566,0.0,0.0,0.0,0.0,34,60,256
68,8,seq,1.399187,0.000783,0.000721,1.400691,222.387695,7.681641,9.645508,222.387695,17,14,1
68,8,par,0.559407,0.028541,0.161514,0.749461,188.02832,39.575195,45.000977,188.02832,17,14,1
68,8,weights,0.836414,0.033265,0.157895,1.027574,189.458984,40.707031,45.422852,189.458984,17,14,1
68,8,cpp_seq,0.013566,5.6e-05,6.7e-05,0.013691,0.0,0.0,0.0,0.0,17,14,1
68,8,cpp_par,0.007791,2.9e-05,6.4e-05,0.007885,0.0,0.0,0.0,0.0,17,14,1
68,8,cpp_adv,0.010105,6.2e-05,6.5e-05,0.010232,0.0,0.0,0.0,0.0,17,14,1
69,8,seq,0.623833,0.000884,0.083769,0.708486,180.112305,8.306641,112.734375,180.112305,34,76,256
69,8,par,0.269582,0.031196,0.309365,0.610142,188.234375,39.785156,143.46582,188.234375,34,76,256
69,8,weights,0.304689,0.036367,0.219232,0.560288,189.412109,41.767578,123.22168,189.412109,34,76,256
69,8,cpp_seq,0.002884,6.1e-05,0.003731,0.006676,0.0,0.0,0.0,0.0,34,76,256
69,8,cpp_par,0.002338,3.6e-05,0.003613,0.005988,0.0,0.0,0.0,0.0,34,76,256
69,8,cpp_adv,0.001556,3.6e-05,0.003696,0.005289,0.0,0.0,0.0,0.0,34,76,256
70,8,seq,1.520736,0.000877,0.009213,1.530826,237.404297,7.712891,71.945312,237.404297,27,36,16
70,8,par,0.623237,0.024444,0.177009,0.82469,198.099609,38.603516,54.563477,198.099609,27,36,16
70,8,weights,0.528162,0.031868,0.185216,0.745246,194.931641,40.049805,52.900391,194.931641,27,36,16
70,8,cpp_seq,-0.682765,5.4e-05,0.000607,-0.682102,0.0,0.0,0.0,0.0,27,36,16
70,8,cpp_par,0.009641,3.2e-05,0.000611,0.010285,0.0,0.0,0.0,0.0,27,36,16
70,8,cpp_adv,0.009743,5.3e-05,0.00061,0.010407,0.0,0.0,0.0,0.0,27,36,16
71,8,seq,0.394544,0.000783,0.000864,0.396192,170.953125,7.837891,11.856445,170.953125,16,16,1
71,8,par,0.185071,0.031029,0.186623,0.402723,172.454102,39.261719,45.454102,172.454102,16,16,1
71,8,weights,0.153526,0.027997,0.17486,0.356383,173.112305,39.518555,46.063477,173.112305,16,16,1
71,8,cpp_seq,0.003287,5.8e-05,0.00011,0.003457,0.0,0.0,0.0,0.0,16,16,1
71,8,cpp_par,0.001734,2.6e-05,8.7e-05,0.001848,0.0,0.0,0.0,0.0,16,16,1
71,8,cpp_adv,0.002037,3.3e-05,0.000105,0.002177,0.0,0.0,0.0,0.0,16,16,1
72,8,seq,0.542317,0.000773,0.000204,0.543293,190.693359,7.533203,5.678711,190.693359,17,14,0
72,8,par,0.317082,0.026511,0.02526,0.368853,183.003906,38.932617,34.62793,183.003906,17,14,0
72,8,weights,0.308051,0.027119,0.000451,0.335621,183.014648,39.368164,6.020508,183.014648,17,14,0
72,8,cpp_seq,0.004004,4.7e-05,1.2e-05,0.004064,0.0,0.0,0.0,0.0,17,14,0
72,8,cpp_par,0.00271,2.8e-05,1.2e-05,0.00275,0.0,0.0,0.0,0.0,17,14,0
72,8,cpp_adv,0.002573,5e-05,1.6e-05,0.00264,0.0,0.0,0.0,0.0,17,14,0
73,8,seq,0.461644,0.00112,0.001196,0.46396,176.169922,7.587891,10.426758,176.169922,17,16,1
73,8,par,0.23968,0.040407,0.169342,0.449429,182.293945,38.669922,45.172852,182.293945,17,16,1
73,8,weights,0.20286,0.034621,0.1747,0.412181,182.224609,39.207031,44.555664,182.224609,17,16,1
73,8,cpp_seq,0.010837,9.6e-05,0.000137,0.011071,0.0,0.0,0.0,0.0,17,16,1
73,8,cpp_par,0.004098,5e-05,0.000123,0.004272,0.0,0.0,0.0,0.0,17,16,1
73,8,cpp_adv,0.003749,4.4e-05,9.8e-05,0.003892,0.0,0.0,0.0,0.0,17,16,1
74,8,seq,0.567862,0.000798,0.000238,0.568897,186.392578,7.322266,5.678711,186.392578,17,11,0
74,8,par,0.227167,0.032303,0.032897,0.292368,170.660156,39.110352,33.59668,170.660156,17,11,0
74,8,weights,0.242681,0.036865,0.000456,0.280003,170.789062,39.09668,6.020508,170.789062,17,11,0
74,8,cpp_seq,0.003293,4.9e-05,1.5e-05,0.003358,0.0,0.0,0.0,0.0,17,11,0
74,8,cpp_par,0.001978,3.7e-05,1.4e-05,0.00203,0.0,0.0,0.0,0.0,17,11,0
74,8,cpp_adv,0.001904,2.9e-05,1.2e-05,0.001946,0.0,0.0,0.0,0.0,17,11,0
75,8,seq,0.273604,0.001096,0.053893,0.328594,123.181641,8.025391,93.085938,123.181641,27,46,68
75,8,par,0.13699,0.029589,0.229576,0.396156,144.808594,41.350586,96.349609,144.808594,27,46,68
75,8,weights,0.148865,0.030755,0.216238,0.395858,146.188477,40.012695,74.922852,146.188477,27,46,68
75,8,cpp_seq,0.002704,5.7e-05,0.002215,0.004978,0.0,0.0,0.0,0.0,27,46,68
75,8,cpp_par,0.001679,3.5e-05,0.002244,0.003958,0.0,0.0,0.0,0.0,27,46,68
75,8,cpp_adv,0.001556,3.4e-05,0.002145,0.003735,0.0,0.0,0.0,0.0,27,46,68
76,8,seq,0.359003,0.001114,0.960654,1.32077,134.144531,8.369141,637.773438,637.773438,32,74,1711
76,8,par,0.146142,0.025455,0.594169,0.765766,152.070312,43.001953,2582.993164,2582.993164,32,74,1711
76,8,weights,0.146862,0.036635,0.547905,0.731403,153.209961,40.738281,1354.958984,1354.958984,32,74,1711
76,8,cpp_seq,0.00384,7.3e-05,0.044705,0.04862,0.0,0.0,0.0,0.0,32,74,1711
76,8,cpp_par,0.006663,3.4e-05,0.042502,0.0492,0.0,0.0,0.0,0.0,32,74,1711
76,8,cpp_adv,0.001907,3.3e-05,0.040672,0.042613,0.0,0.0,0.0,0.0,32,74,1711
77,8,seq,0.686843,0.001027,5.896664,6.584535,146.776367,15.81543,5371.727539,5371.727539,54,162,17152
77,8,par,0.41099,0.033124,3.066473,3.510587,167.530273,43.841797,11596.762695,11596.762695,54,162,17152
77,8,weights,0.324932,0.031687,3.03744,3.394058,170.40625,41.979492,9799.547852,9799.547852,54,162,17152
77,8,cpp_seq,0.005236,8.5e-05,0.221448,0.226772,0.0,0.0,0.0,0.0,54,162,17152
77,8,cpp_par,0.004215,5.4e-05,0.21059,0.21486,0.0,0.0,0.0,0.0,54,162,17152
77,8,cpp_adv,0.003613,5.4e-05,0.212008,0.215676,0.0,0.0,0.0,0.0,54,162,17152
78,8,seq,0.439392,0.000906,0.00099,0.441288,169.289062,7.861328,11.075195,169.289062,17,16,1
78,8,par,0.222687,0.031997,0.195991,0.450676,176.352539,39.982422,45.461914,176.352539,17,16,1
78,8,weights,0.199197,0.031833,0.204341,0.435372,178.199219,40.482422,45.672852,178.199219,17,16,1
78,8,cpp_seq,0.003511,4.8e-05,7.4e-05,0.003634,0.0,0.0,0.0,0.0,17,16,1
78,8,cpp_par,0.002144,3e-05,7.2e-05,0.002247,0.0,0.0,0.0,0.0,17,16,1
78,8,cpp_adv,0.002509,3.9e-05,9.7e-05,0.002646,0.0,0.0,0.0,0.0,17,16,1
79,8,seq,0.607982,0.001275,0.277744,0.887001,192.347656,8.275391,177.0,192.347656,34,72,256
79,8,par,0.357323,0.03145,0.315679,0.704453,187.989258,41.873047,560.685547,560.685547,34,72,256
79,8,weights,0.282302,0.033916,0.345975,0.662192,189.81543,40.749023,221.267578,221.267578,34,72,256
79,8,cpp_seq,0.005368,6e-05,0.009983,0.015412,0.0,0.0,0.0,0.0,34,72,256
79,8,cpp_par,0.004796,7.2e-05,0.009335,0.014204,0.0,0.0,0.0,0.0,34,72,256
79,8,cpp_adv,0.003695,3.8e-05,0.009824,0.013559,0.0,0.0,0.0,0.0,34,72,256
80,8,seq,0.434953,0.000791,0.000737,0.43648,170.332031,7.611328,10.68457,170.332031,16,16,1
80,8,par,0.188318,0.029847,0.189505,0.40767,170.958008,39.498047,45.258789,170.958008,16,16,1
80,8,weights,0.190055,0.043576,0.199707,0.433338,173.564453,41.575195,45.633789,173.564453,16,16,1
80,8,cpp_seq,0.002506,4.3e-05,6.7e-05,0.002616,0.0,0.0,0.0,0.0,16,16,1
80,8,cpp_par,0.001509,2.6e-05,6.6e-05,0.001602,0.0,0.0,0.0,0.0,16,16,1
80,8,cpp_adv,0.001348,2.5e-05,6.5e-05,0.001438,0.0,0.0,0.0,0.0,16,16,1
81,8,seq,0.595348,0.000889,0.012466,0.608703,177.061523,7.673828,75.123047,177.061523,27,33,16
81,8,par,0.320908,0.035157,0.221373,0.577438,189.490234,39.686523,55.485352,189.490234,27,33,16
81,8,weights,0.281452,0.032941,0.244806,0.559199,191.517578,39.779297,52.321289,191.517578,27,33,16
81,8,cpp_seq,0.004958,5.2e-05,0.00076,0.005771,0.0,0.0,0.0,0.0,27,33,16
81,8,cpp_par,0.00268,3e-05,0.000716,0.003426,0.0,0.0,0.0,0.0,27,33,16
81,8,cpp_adv,0.003017,3.3e-05,0.000843,0.003893,0.0,0.0,0.0,0.0,27,33,16
82,8,seq,0.528492,0.001056,0.458134,0.987682,138.795898,8.408203,302.729492,302.729492,40,92,939
82,8,par,0.222557,0.029106,0.400333,0.651996,151.665039,40.669922,772.102539,772.102539,40,92,939
82,8,weights,0.214894,0.033018,0.401476,0.649389,154.229492,40.311523,499.307617,499.307617,40,92,939
82,8,cpp_seq,0.004713,6.5e-05,0.019547,0.024327,0.0,0.0,0.0,0.0,40,92,939
82,8,cpp_par,0.004414,3.5e-05,0.017627,0.022077,0.0,0.0,0.0,0.0,40,92,939
82,8,cpp_adv,0.004144,4.1e-05,0.017979,0.022165,0.0,0.0,0.0,0.0,40,92,939
83,8,seq,0.427458,0.000809,0.000903,0.42917,170.814453,7.869141,12.637695,170.814453,17,19,1
83,8,par,0.279613,0.02865,0.195325,0.503587,176.791992,40.285156,44.750977,176.791992,17,19,1
83,8,weights,0.208243,0.039958,0.215195,0.463397,178.349609,40.232422,45.805664,178.349609,17,19,1
83,8,cpp_seq,0.003774,9.1e-05,9.2e-05,0.003959,0.0,0.0,0.0,0.0,17,19,1
83,8,cpp_par,0.002346,7.6e-05,8.1e-05,0.002504,0.0,0.0,0.0,0.0,17,19,1
83,8,cpp_adv,0.003204,2.8e-05,7.9e-05,0.003312,0.0,0.0,0.0,0.0,17,19,1
84,8,seq,0.434288,0.000891,0.000897,0.436076,171.118164,7.619141,10.426758,171.118164,17,18,1
84,8,par,0.195301,0.045302,0.210423,0.451025,176.276367,40.357422,45.008789,176.276367,17,18,1
84,8,weights,0.204618,0.033202,0.196604,0.434424,177.331055,39.864258,45.508789,177.331055,17,18,1
84,8,cpp_seq,0.005079,4.6e-05,6.4e-05,0.00519,0.0,0.0,0.0,0.0,17,18,1
84,8,cpp_par,0.003213,6e-05,7e-05,0.003345,0.0,0.0,0.0,0.0,17,18,1
84,8,cpp_adv,0.002829,2.7e-05,6.1e-05,0.002917,0.0,0.0,0.0,0.0,17,18,1
85,8,seq,0.371561,0.001169,0.066126,0.438856,134.271484,7.876953,94.046875,134.271484,27,50,108
85,8,par,0.147137,0.031579,0.334137,0.512853,155.287109,40.09375,99.669922,155.287109,27,50,108
85,8,weights,0.162456,0.04457,0.237403,0.444428,157.067383,40.447266,76.927734,157.067383,27,50,108
85,8,cpp_seq,0.00625,5.8e-05,0.003084,0.009392,0.0,0.0,0.0,0.0,27,50,108
85,8,cpp_par,0.003694,3.4e-05,0.003083,0.006812,0.0,0.0,0.0,0.0,27,50,108
85,8,cpp_adv,0.003412,3.6e-05,0.003227,0.006676,0.0,0.0,0.0,0.0,27,50,108
86,8,seq,0.442694,0.000772,0.000873,0.444338,183.350586,7.626953,11.793945,183.350586,17,17,1
86,8,par,0.229942,0.034864,0.187034,0.45184,171.110352,39.193359,45.258789,171.110352,17,17,1
86,8,weights,0.197209,0.034407,0.206894,0.43851,170.958984,41.4375,45.758789,170.958984,17,17,1
86,8,cpp_seq,0.005392,4.8e-05,8.1e-05,0.005522,0.0,0.0,0.0,0.0,17,17,1
86,8,cpp_par,0.003868,3.1e-05,8.2e-05,0.003981,0.0,0.0,0.0,0.0,17,17,1
86,8,cpp_adv,0.00293,2.7e-05,7.6e-05,0.003034,0.0,0.0,0.0,0.0,17,17,1
87,8,seq,0.854646,0.000751,0.000198,0.855595,198.942383,7.149414,5.678711,198.942383,24,2,0
87,8,par,0.335435,0.029595,0.02537,0.3904,192.713867,39.275391,33.50293,192.713867,24,2,0
87,8,weights,0.334316,0.036318,0.000453,0.371087,194.220703,40.536133,6.020508,194.220703,24,2,0
87,8,cpp_seq,0.006244,4.3e-05,1.5e-05,0.006304,0.0,0.0,0.0,0.0,24,2,0
87,8,cpp_par,0.003524,2.6e-05,1.4e-05,0.003566,0.0,0.0,0.0,0.0,24,2,0
87,8,cpp_adv,0.003143,4.1e-05,1.2e-05,0.003196,0.0,0.0,0.0,0.0,24,2,0
88,8,seq,0.608873,0.000774,0.000202,0.609849,195.844727,7.461914,5.678711,195.844727,17,7,0
88,8,par,0.309472,0.030614,0.027053,0.36714,191.84668,39.763672,34.28418,191.84668,17,7,0
88,8,weights,0.297985,0.029416,0.000491,0.327892,193.46582,40.396484,6.020508,193.46582,17,7,0
88,8,cpp_seq,0.005743,5e-05,1.5e-05,0.00581,0.0,0.0,0.0,0.0,17,7,0
88,8,cpp_par,0.003208,2.7e-05,1.3e-05,0.003248,0.0,0.0,0.0,0.0,17,7,0
88,8,cpp_adv,0.003483,3e-05,1.3e-05,0.003527,0.0,0.0,0.0,0.0,17,7,0
89,8,seq,0.778454,0.000748,0.000202,0.779404,224.655273,7.360352,5.678711,224.655273,17,6,0
89,8,par,0.474211,0.029317,0.026253,0.529781,190.012695,39.013672,34.00293,190.012695,17,6,0
89,8,weights,0.37907,0.027966,0.000503,0.407539,192.350586,39.998047,6.020508,192.350586,17,6,0
89,8,cpp_seq,0.006983,4.9e-05,1.6e-05,0.007048,0.0,0.0,0.0,0.0,17,6,0
89,8,cpp_par,0.00461,2.7e-05,1.3e-05,0.004651,0.0,0.0,0.0,0.0,17,6,0
89,8,cpp_adv,0.004403,4.4e-05,1.4e-05,0.004461,0.0,0.0,0.0,0.0,17,6,0
90,8,seq,0.666864,0.000977,0.142844,0.810685,187.011719,8.150391,115.859375,187.011719,34,60,256
90,8,par,0.349357,0.02837,0.263267,0.640994,192.422852,40.49707,146.732422,192.422852,34,60,256
90,8,weights,0.31721,0.030861,0.256037,0.604107,194.664062,40.431641,124.354492,194.664062,34,60,256
90,8,cpp_seq,0.006095,5.9e-05,0.005565,0.011721,0.0,0.0,0.0,0.0,34,60,256
90,8,cpp_par,0.004193,3.4e-05,0.005414,0.009643,0.0,0.0,0.0,0.0,34,60,256
90,8,cpp_adv,0.00365,4.8e-05,0.005322,0.00902,0.0,0.0,0.0,0.0,34,60,256
91,8,seq,0.864363,0.000796,0.000203,0.865362,193.197266,7.509766,5.678711,193.197266,17,13,0
91,8,par,0.372961,0.028789,0.026296,0.428046,184.618164,40.760742,34.018555,184.618164,17,13,0
91,8,weights,0.345651,0.029518,0.000449,0.375617,188.182617,40.544922,6.036133,188.182617,17,13,0
91,8,cpp_seq,0.008459,4.7e-05,1.7e-05,0.008523,0.0,0.0,0.0,0.0,17,13,0
91,8,cpp_par,0.004623,3.1e-05,1.7e-05,0.004672,0.0,0.0,0.0,0.0,17,13,0
91,8,cpp_adv,0.004508,2.8e-05,1.6e-05,0.004553,0.0,0.0,0.0,0.0,17,13,0
92,8,seq,0.807647,0.000763,0.000432,0.808843,193.035156,7.532227,6.46582,193.035156,16,8,0
92,8,par,0.342708,0.033515,0.087515,0.463738,181.231445,39.608398,42.852539,181.231445,16,8,0
92,8,weights,0.409281,0.033816,0.115187,0.558284,183.712891,40.211914,43.711914,183.712891,16,8,0
92,8,cpp_seq,0.008476,5.1e-05,3.1e-05,0.008558,0.0,0.0,0.0,0.0,16,8,0
92,8,cpp_par,0.00784,3.4e-05,3e-05,0.007905,0.0,0.0,0.0,0.0,16,8,0
92,8,cpp_adv,0.005482,3.8e-05,3.7e-05,0.005558,0.0,0.0,0.0,0.0,16,8,0
93,8,seq,1.27591,0.001695,0.042336,1.319941,216.568359,8.017578,85.257812,216.568359,34,54,128
93,8,par,0.516324,0.030935,0.480317,1.027576,196.885742,40.512695,91.567383,196.885742,34,54,128
93,8,weights,0.553254,0.030952,0.214831,0.799037,206.291992,45.779297,143.385742,206.291992,34,54,128
93,8,cpp_seq,0.008951,5.9e-05,0.001963,0.010974,0.0,0.0,0.0,0.0,34,54,128
93,8,cpp_par,0.005135,3.5e-05,0.001896,0.007067,0.0,0.0,0.0,0.0,34,54,128
93,8,cpp_adv,0.004982,3.5e-05,0.001888,0.006907,0.0,0.0,0.0,0.0,34,54,128
94,8,seq,0.701161,0.000748,0.000201,0.70211,180.742188,7.118164,5.678711,180.742188,17,1,0
94,8,par,0.300776,0.032594,0.027242,0.360612,190.069336,38.807617,34.09668,190.069336,17,1,0
94,8,weights,0.304905,0.035842,0.000497,0.341244,190.532227,39.130859,6.020508,190.532227,17,1,0
94,8,cpp_seq,0.005292,4.4e-05,1.2e-05,0.005349,0.0,0.0,0.0,0.0,17,1,0
94,8,cpp_par,0.003008,2.5e-05,1.1e-05,0.003045,0.0,0.0,0.0,0.0,17,1,0
94,8,cpp_adv,0.003603,3e-05,1.3e-05,0.003647,0.0,0.0,0.0,0.0,17,1,0
95,8,seq,0.500094,0.001143,1.919149,2.420386,166.496094,8.541992,975.15625,975.15625,40,101,2400
95,8,par,0.245917,0.041367,1.03687,1.324154,177.149414,40.375977,3972.573242,3972.573242,40,101,2400
95,8,weights,0.238736,0.031848,0.972612,1.243196,181.112305,41.462891,2372.114258,2372.114258,40,101,2400
95,8,cpp_seq,0.005172,6.2e-05,0.07846,0.083696,0.0,0.0,0.0,0.0,40,101,2400
95,8,cpp_par,0.00888,3.5e-05,0.07954,0.088457,0.0,0.0,0.0,0.0,40,101,2400
95,8,cpp_adv,0.002797,5.1e-05,0.077907,0.080756,0.0,0.0,0.0,0.0,40,101,2400
96,8,seq,0.465634,0.001005,0.00112,0.467759,170.045898,7.666016,14.200195,170.045898,17,24,1
96,8,par,0.204954,0.036427,0.197553,0.438934,179.600586,39.076172,45.188477,179.600586,17,24,1
96,8,weights,0.198982,0.041965,0.203073,0.44402,180.851562,39.489258,45.735352,180.851562,17,24,1
96,8,cpp_seq,0.004627,6.6e-05,9.8e-05,0.004792,0.0,0.0,0.0,0.0,17,24,1
96,8,cpp_par,0.00339,3.6e-05,0.000109,0.003537,0.0,0.0,0.0,0.0,17,24,1
96,8,cpp_adv,0.002762,2.8e-05,8.1e-05,0.002872,0.0,0.0,0.0,0.0,17,24,1
97,8,seq,1.120959,0.001024,0.001399,1.123382,169.510742,7.673828,12.770508,169.510742,17,22,1
97,8,par,0.329674,0.031447,0.208555,0.569676,173.525391,38.928711,45.094727,173.525391,17,22,1
97,8,weights,0.281339,0.032068,0.191862,0.505269,175.382812,41.041016,45.407227,175.382812,17,22,1
97,8,cpp_seq,0.004988,5.2e-05,7.9e-05,0.005119,0.0,0.0,0.0,0.0,17,22,1
97,8,cpp_par,0.002684,2.8e-05,7.5e-05,0.002787,0.0,0.0,0.0,0.0,17,22,1
97,8,cpp_adv,0.002587,2.8e-05,7.4e-05,0.002689,0.0,0.0,0.0,0.0,17,22,1
98,8,seq,0.445203,0.000789,0.000203,0.446194,177.924805,7.196289,5.678711,177.924805,24,3,0
98,8,par,0.194578,0.031602,0.037843,0.264023,185.138672,38.745117,34.28418,185.138672,24,3,0
98,8,weights,0.195681,0.040266,0.00049,0.236436,188.682617,40.379883,6.020508,188.682617,24,3,0
98,8,cpp_seq,0.003522,4.4e-05,1.4e-05,0.00358,0.0,0.0,0.0,0.0,24,3,0
98,8,cpp_par,0.001978,2.5e-05,1.2e-05,0.002016,0.0,0.0,0.0,0.0,24,3,0
98,8,cpp_adv,0.002091,2.7e-05,1.3e-05,0.002132,0.0,0.0,0.0,0.0,24,3,0
99,8,seq,0.595933,0.000882,0.127929,0.724745,174.123047,7.892578,127.289062,174.123047,27,60,256
99,8,par,0.276343,0.033479,0.37935,0.689172,179.602539,38.712891,146.067383,179.602539,27,60,256
99,8,weights,0.267146,0.031907,0.289786,0.588838,188.574219,44.300781,280.393555,280.393555,27,60,256
99,8,cpp_seq,0.006037,5.7e-05,0.006221,0.012316,0.0,0.0,0.0,0.0,27,60,256
99,8,cpp_par,0.003794,3.4e-05,0.005336,0.009164,0.0,0.0,0.0,0.0,27,60,256
99,8,cpp_adv,0.003775,3.6e-05,0.00561,0.009422,0.0,0.0,0.0,0.0,27,60,256
100,8,seq,0.675019,0.000843,0.000811,0.676673,187.163086,7.556641,11.46582,187.163086,24,16,1
100,8,par,0.301784,0.030203,0.204997,0.536984,184.704102,38.823242,45.180664,184.704102,24,16,1
100,8,weights,0.364787,0.057038,0.215647,0.637472,188.675781,40.413086,45.844727,188.675781,24,16,1
100,8,cpp_seq,0.005389,0.000105,0.000228,0.005783,0.0,0.0,0.0,0.0,24,16,1
100,8,cpp_par,0.002918,3.5e-05,0.000133,0.003087,0.0,0.0,0.0,0.0,24,16,1
100,8,cpp_adv,0.002522,2.7e-05,7.5e-05,0.002624,0.0,0.0,0.0,0.0,24,16,1
101,8,seq,0.322206,0.001138,0.000318,0.323662,161.756836,7.313477,5.678711,161.756836,17,5,0
101,8,par,0.336391,0.033423,0.036396,0.40621,176.932617,38.666016,33.59668,176.932617,17,5,0
101,8,weights,0.244542,0.039356,0.000453,0.284351,177.045898,40.496094,6.020508,177.045898,17,5,0
101,8,cpp_seq,0.001499,4.6e-05,1.3e-05,0.001559,0.0,0.0,0.0,0.0,17,5,0
101,8,cpp_par,0.000953,2.7e-05,1.2e-05,0.000993,0.0,0.0,0.0,0.0,17,5,0
101,8,cpp_adv,0.00088,2.6e-05,1e-05,0.000917,0.0,0.0,0.0,0.0,17,5,0
102,8,seq,1.298508,0.000861,0.072695,1.372064,204.419922,8.072266,102.085938,204.419922,27,51,75
102,8,par,0.695107,0.030045,0.226247,0.951398,191.15918,39.941406,115.537109,191.15918,27,51,75
102,8,weights,0.832207,0.033727,0.238363,1.104298,192.832031,40.280273,77.524414,192.832031,27,51,75
102,8,cpp_seq,0.012261,5.7e-05,0.002967,0.015287,0.0,0.0,0.0,0.0,27,51,75
102,8,cpp_par,0.006708,3.5e-05,0.002922,0.009666,0.0,0.0,0.0,0.0,27,51,75
102,8,cpp_adv,0.007491,5.4e-05,0.00277,0.010316,0.0,0.0,0.0,0.0,27,51,75
103,8,seq,0.313957,0.000758,0.000908,0.315623,125.751953,7.548828,11.614258,125.751953,17,16,1
103,8,par,0.15044,0.036639,0.208889,0.395968,142.779297,40.415039,45.243164,142.779297,17,16,1
103,8,weights,0.144608,0.031075,0.199105,0.374788,144.775391,39.449219,45.922852,144.775391,17,16,1
103,8,cpp_seq,0.002589,4.7e-05,8.1e-05,0.002719,0.0,0.0,0.0,0.0,17,16,1
103,8,cpp_par,0.001549,2.6e-05,7.8e-05,0.001654,0.0,0.0,0.0,0.0,17,16,1
103,8,cpp_adv,0.001536,2.7e-05,7.7e-05,0.001641,0.0,0.0,0.0,0.0,17,16,1
104,8,seq,0.38374,0.001211,0.001173,0.386123,168.591797,7.947266,12.043945,168.591797,16,16,2
104,8,par,0.171138,0.033119,0.209009,0.413266,171.094727,39.638672,45.454102,171.094727,16,16,2
104,8,weights,0.151602,0.045899,0.229236,0.426737,172.921875,40.271484,46.063477,172.921875,16,16,2
104,8,cpp_seq,0.002808,4.6e-05,8.6e-05,0.002941,0.0,0.0,0.0,0.0,16,16,2
104,8,cpp_par,0.00145,2.5e-05,8.2e-05,0.001558,0.0,0.0,0.0,0.0,16,16,2
104,8,cpp_adv,0.001385,2.8e-05,8.3e-05,0.001497,0.0,0.0,0.0,0.0,16,16,2
105,8,seq,0.572969,0.000934,0.005831,0.579734,179.987305,7.720703,68.677734,179.987305,27,34,16
105,8,par,0.338297,0.034372,0.209395,0.582065,190.560547,39.644531,49.399414,190.560547,27,34,16
105,8,weights,0.261238,0.035257,0.223122,0.519616,192.482422,40.611328,48.774414,192.482422,27,34,16
105,8,cpp_seq,0.005825,5.9e-05,0.000442,0.006328,0.0,0.0,0.0,0.0,27,34,16
105,8,cpp_par,0.003382,3.4e-05,0.000384,0.0038,0.0,0.0,0.0,0.0,27,34,16
105,8,cpp_adv,0.003068,3.1e-05,0.000377,0.003477,0.0,0.0,0.0,0.0,27,34,16
106,8,seq,1.195163,0.000746,0.000203,1.196111,222.063477,7.102539,5.678711,222.063477,17,2,0
106,8,par,0.576442,0.027929,0.025445,0.629816,191.137695,38.588867,33.50293,191.137695,17,2,0
106,8,weights,0.544107,0.035131,0.000744,0.579982,193.526367,39.524414,6.020508,193.526367,17,2,0
106,8,cpp_seq,0.008179,4.8e-05,1.5e-05,0.008242,0.0,0.0,0.0,0.0,17,2,0
106,8,cpp_par,0.005543,3e-05,1.5e-05,0.00559,0.0,0.0,0.0,0.0,17,2,0
106,8,cpp_adv,0.005385,5.5e-05,1.3e-05,0.005454,0.0,0.0,0.0,0.0,17,2,0
107,8,seq,0.528525,0.000858,0.150932,0.680316,174.700195,8.134766,115.859375,174.700195,34,60,256
107,8,par,0.301241,0.033806,0.29358,0.628628,189.277344,40.408203,163.286133,189.277344,34,60,256
107,8,weights,0.269947,0.040286,0.2674,0.577634,189.34668,40.638672,124.299805,189.34668,34,60,256
107,8,cpp_seq,0.004236,5.8e-05,0.00538,0.009674,0.0,0.0,0.0,0.0,34,60,256
107,8,cpp_par,0.003232,3.6e-05,0.005607,0.008875,0.0,0.0,0.0,0.0,34,60,256
107,8,cpp_adv,0.002436,3.5e-05,0.005423,0.007894,0.0,0.0,0.0,0.0,34,60,256
108,8,seq,0.473969,0.000967,0.113826,0.588761,133.173828,8.376953,114.851562,133.173828,34,76,256
108,8,par,0.216102,0.031891,0.275059,0.523052,154.746094,40.139648,144.71582,154.746094,34,76,256
108,8,weights,0.204159,0.055775,0.278366,0.5383,156.288086,40.24707,123.338867,156.288086,34,76,256
108,8,cpp_seq,0.004085,6e-05,0.004326,0.008473,0.0,0.0,0.0,0.0,34,76,256
108,8,cpp_par,0.002472,3.6e-05,0.004371,0.006881,0.0,0.0,0.0,0.0,34,76,256
108,8,cpp_adv,0.002071,3.8e-05,0.004322,0.006432,0.0,0.0,0.0,0.0,34,76,256
109,8,seq,0.541228,0.000789,0.000875,0.542892,151.227539,7.619141,11.418945,151.227539,17,17,1
109,8,par,0.229916,0.039784,0.212422,0.482123,150.929688,39.294922,45.329102,150.929688,17,17,1
109,8,weights,0.320122,0.030118,0.210382,0.560623,152.643555,40.271484,45.758789,152.643555,17,17,1
109,8,cpp_seq,0.011098,4.8e-05,8.1e-05,0.011229,0.0,0.0,0.0,0.0,17,17,1
109,8,cpp_par,0.005549,3.8e-05,9.3e-05,0.005681,0.0,0.0,0.0,0.0,17,17,1
109,8,cpp_adv,0.006045,3e-05,8.1e-05,0.006156,0.0,0.0,0.0,0.0,17,17,1
110,8,seq,1.049324,0.000728,0.000201,1.050253,221.084961,7.313477,5.678711,221.084961,17,5,0
110,8,par,0.488552,0.035043,0.030584,0.554178,189.647461,39.052734,33.78418,189.647461,17,5,0
110,8,weights,0.49688,0.036178,0.000499,0.533557,190.658203,39.498047,6.020508,190.658203,17,5,0
110,8,cpp_seq,0.008491,4.5e-05,1.4e-05,0.008551,0.0,0.0,0.0,0.0,17,5,0
110,8,cpp_par,0.004538,2.6e-05,1.1e-05,0.004576,0.0,0.0,0.0,0.0,17,5,0
110,8,cpp_adv,0.004269,2.8e-05,1.3e-05,0.004311,0.0,0.0,0.0,0.0,17,5,0
111,8,seq,1.101436,0.000945,0.170546,1.272927,211.055664,8.275391,120.476562,211.055664,37,66,135
111,8,par,0.483756,0.033289,0.289471,0.806516,202.03418,40.419922,159.623047,202.03418,37,66,135
111,8,weights,0.500969,0.034485,0.268215,0.803668,203.100586,41.102539,124.248047,203.100586,37,66,135
111,8,cpp_seq,0.009074,6.2e-05,0.005576,0.014713,0.0,0.0,0.0,0.0,37,66,135
111,8,cpp_par,0.007517,4.8e-05,0.00654,0.014108,0.0,0.0,0.0,0.0,37,66,135
111,8,cpp_adv,0.00533,5e-05,0.005745,0.011126,0.0,0.0,0.0,0.0,37,66,135
112,8,seq,0.446326,0.000807,0.00102,0.448153,170.258789,7.759766,12.004883,170.258789,17,18,1
112,8,par,0.226564,0.030594,0.198563,0.45572,177.583008,39.195312,45.258789,177.583008,17,18,1
112,8,weights,0.22955,0.033282,0.205467,0.4683,179.782227,39.391602,45.868164,179.782227,17,18,1
112,8,cpp_seq,0.004606,4.8e-05,8.3e-05,0.004737,0.0,0.0,0.0,0.0,17,18,1
112,8,cpp_par,0.002637,2.8e-05,8e-05,0.002745,0.0,0.0,0.0,0.0,17,18,1
112,8,cpp_adv,0.002619,3.4e-05,9.9e-05,0.002753,0.0,0.0,0.0,0.0,17,18,1
113,8,seq,1.834175,0.000837,0.002072,1.837084,253.041016,7.931641,24.68457,253.041016,27,31,2
113,8,par,0.801702,0.035425,0.195812,1.032939,197.655273,41.388672,46.250977,197.655273,27,31,2
113,8,weights,0.820652,0.030713,0.193266,1.044631,200.072266,40.195312,46.477539,200.072266,27,31,2
113,8,cpp_seq,0.019156,6e-05,0.000139,0.019356,0.0,0.0,0.0,0.0,27,31,2
113,8,cpp_par,0.010189,3.8e-05,0.000171,0.010399,0.0,0.0,0.0,0.0,27,31,2
113,8,cpp_adv,0.010696,5.2e-05,0.000136,0.010884,0.0,0.0,0.0,0.0,27,31,2
114,8,seq,0.778713,0.000797,0.000895,0.780405,235.592773,7.705078,11.80957,235.592773,17,19,1
114,8,par,0.491927,0.030893,0.191189,0.714009,191.138672,41.756836,48.032227,191.138672,17,19,1
114,8,weights,0.404297,0.031197,0.192555,0.628049,188.114258,39.96582,46.594727,188.114258,17,19,1
114,8,cpp_seq,0.008259,4.9e-05,8.1e-05,0.008391,0.0,0.0,0.0,0.0,17,19,1
114,8,cpp_par,0.004816,6e-05,8e-05,0.004956,0.0,0.0,0.0,0.0,17,19,1
114,8,cpp_adv,0.004711,4.5e-05,8.1e-05,0.004837,0.0,0.0,0.0,0.0,17,19,1
115,8,seq,0.503345,0.000781,0.001047,0.505173,174.239258,7.744141,12.59082,174.239258,17,18,1
115,8,par,0.234499,0.042767,0.209195,0.48646,182.370117,38.947266,45.59082,182.370117,17,18,1
115,8,weights,0.253834,0.033078,0.199413,0.486325,185.739258,41.182617,46.489258,185.739258,17,18,1
115,8,cpp_seq,0.004063,4.8e-05,8.5e-05,0.004197,0.0,0.0,0.0,0.0,17,18,1
115,8,cpp_par,0.002432,2.8e-05,8.3e-05,0.002544,0.0,0.0,0.0,0.0,17,18,1
115,8,cpp_adv,0.002582,2.8e-05,8.3e-05,0.002693,0.0,0.0,0.0,0.0,17,18,1
116,8,seq,0.5078,0.000928,0.140761,0.649489,179.282227,8.767578,129.546875,179.282227,37,61,109
116,8,par,0.264431,0.031865,0.280247,0.576543,192.483398,40.203125,338.042969,338.042969,37,61,109
116,8,weights,0.246103,0.037356,0.270735,0.554195,195.683594,40.481445,130.589844,195.683594,37,61,109
116,8,cpp_seq,0.00478,6.1e-05,0.005729,0.010571,0.0,0.0,0.0,0.0,37,61,109
116,8,cpp_par,0.002836,3.7e-05,0.005448,0.008323,0.0,0.0,0.0,0.0,37,61,109
116,8,cpp_adv,0.002888,3.7e-05,0.005783,0.008709,0.0,0.0,0.0,0.0,37,61,109
117,8,seq,1.411255,0.000824,0.000965,1.413044,215.299805,7.947266,15.981445,215.299805,24,24,0
117,8,par,0.583819,0.034779,0.123697,0.742296,187.320312,39.945312,45.254883,187.320312,24,24,0
117,8,weights,0.575653,0.032654,0.121755,0.730062,188.560547,39.90625,45.418945,188.560547,24,24,0
117,8,cpp_seq,0.004956,5.3e-05,0.000104,0.005114,0.0,0.0,0.0,0.0,24,24,0
117,8,cpp_par,0.002665,3.2e-05,8.7e-05,0.002785,0.0,0.0,0.0,0.0,24,24,0
117,8,cpp_adv,0.002463,2.8e-05,8.5e-05,0.002576,0.0,0.0,0.0,0.0,24,24,0
118,8,seq,0.578467,0.000868,0.001038,0.580374,175.361328,7.673828,12.59082,175.361328,17,21,1
118,8,par,0.273497,0.032946,0.210152,0.516595,177.609375,40.885742,45.223633,177.609375,17,21,1
118,8,weights,0.262489,0.03271,0.200159,0.495358,180.030273,39.78418,45.887695,180.030273,17,21,1
118,8,cpp_seq,0.004043,4.8e-05,8.4e-05,0.004176,0.0,0.0,0.0,0.0,17,21,1
118,8,cpp_par,0.004424,3.6e-05,0.000103,0.004565,0.0,0.0,0.0,0.0,17,21,1
118,8,cpp_adv,0.002844,5e-05,0.000108,0.003003,0.0,0.0,0.0,0.0,17,21,1
119,8,seq,0.532724,0.000854,0.083845,0.617423,177.095703,8.025391,107.835938,177.095703,27,51,108
119,8,par,0.265887,0.032902,0.262007,0.560796,184.131836,41.047852,126.816406,184.131836,27,51,108
119,8,weights,0.283575,0.037392,0.236575,0.557542,186.298828,39.767578,92.699219,186.298828,27,51,108
119,8,cpp_seq,0.003451,5.6e-05,0.003711,0.007219,0.0,0.0,0.0,0.0,27,51,108
119,8,cpp_par,0.002134,3.3e-05,0.003515,0.005682,0.0,0.0,0.0,0.0,27,51,108
119,8,cpp_adv,0.002237,0.000484,0.003577,0.006299,0.0,0.0,0.0,0.0,27,51,108
120,8,seq,0.441344,0.000933,0.16606,0.608337,131.539062,8.462891,114.210938,131.539062,34,88,256
120,8,par,0.20279,0.031519,0.312987,0.547296,151.123047,40.246094,167.120117,167.120117,34,88,256
120,8,weights,0.220207,0.038632,0.298975,0.557815,152.950195,40.629883,123.758789,152.950195,34,88,256
120,8,cpp_seq,0.003598,0.0001,0.005893,0.009593,0.0,0.0,0.0,0.0,34,88,256
120,8,cpp_par,0.002636,3.6e-05,0.005815,0.008488,0.0,0.0,0.0,0.0,34,88,256
120,8,cpp_adv,0.002401,3.8e-05,0.006506,0.008945,0.0,0.0,0.0,0.0,34,88,256
121,8,seq,0.739703,0.000758,0.000202,0.740663,204.162109,7.461914,5.678711,204.162109,17,8,0
121,8,par,0.410707,0.03043,0.025688,0.466824,176.402344,39.766602,34.102539,176.402344,17,8,0
121,8,weights,0.396925,0.033921,0.000463,0.431309,180.404297,40.386719,6.020508,180.404297,17,8,0
121,8,cpp_seq,0.010115,5.1e-05,1.6e-05,0.010183,0.0,0.0,0.0,0.0,17,8,0
121,8,cpp_par,0.005726,2.8e-05,1.2e-05,0.005767,0.0,0.0,0.0,0.0,17,8,0
121,8,cpp_adv,0.005636,2.8e-05,1.1e-05,0.005674,0.0,0.0,0.0,0.0,17,8,0
122,8,seq,0.369724,0.000799,0.000721,0.371244,163.779297,7.697266,9.512695,163.779297,16,16,1
122,8,par,0.173216,0.031616,0.197412,0.402244,159.125,40.170898,44.567383,159.125,16,16,1
122,8,weights,0.151027,0.029612,0.201351,0.38199,157.458984,40.308594,45.012695,157.458984,16,16,1
122,8,cpp_seq,0.006076,4.5e-05,5.8e-05,0.00618,0.0,0.0,0.0,0.0,16,16,1
122,8,cpp_par,0.002699,2.5e-05,5.3e-05,0.002778,0.0,0.0,0.0,0.0,16,16,1
122,8,cpp_adv,0.002469,2.5e-05,5.3e-05,0.002548,0.0,0.0,0.0,0.0,16,16,1
123,8,seq,0.435823,0.000766,0.000204,0.436794,173.226562,7.313477,5.678711,173.226562,17,6,0
123,8,par,0.223575,0.040458,0.028442,0.292475,184.355469,39.242188,33.352539,184.355469,17,6,0
123,8,weights,0.207832,0.048745,0.000469,0.257046,184.261719,39.124023,6.020508,184.261719,17,6,0
123,8,cpp_seq,0.003851,4.7e-05,1.4e-05,0.003912,0.0,0.0,0.0,0.0,17,6,0
123,8,cpp_par,0.002263,3e-05,1.4e-05,0.002309,0.0,0.0,0.0,0.0,17,6,0
123,8,cpp_adv,0.002296,3.1e-05,1.3e-05,0.002341,0.0,0.0,0.0,0.0,17,6,0
124,8,seq,0.598829,0.000834,0.000943,0.600606,175.763672,7.650391,12.200195,175.763672,17,19,1
124,8,par,0.251113,0.036589,0.257955,0.545657,178.686523,39.705078,45.098633,178.686523,17,19,1
124,8,weights,0.303855,0.037904,0.198945,0.540704,180.670898,39.495117,45.825195,180.670898,17,19,1
124,8,cpp_seq,0.005434,4.7e-05,0.00015,0.005632,0.0,0.0,0.0,0.0,17,19,1
124,8,cpp_par,0.002951,2.7e-05,7.6e-05,0.003055,0.0,0.0,0.0,0.0,17,19,1
124,8,cpp_adv,0.002977,3.2e-05,8.3e-05,0.003092,0.0,0.0,0.0,0.0,17,19,1
125,8,seq,0.499769,0.00106,0.142574,0.643403,174.019531,8.275391,123.694336,174.019531,34,72,256
125,8,par,0.360635,0.037205,0.283501,0.681341,188.818359,41.757812,145.324219,188.818359,34,72,256
125,8,weights,0.263214,0.034649,0.374667,0.67253,189.243164,41.598633,123.008789,189.243164,34,72,256
125,8,cpp_seq,0.004868,6.2e-05,0.0056,0.01053,0.0,0.0,0.0,0.0,34,72,256
125,8,cpp_par,0.003609,3.6e-05,0.006173,0.00982,0.0,0.0,0.0,0.0,34,72,256
125,8,cpp_adv,0.002918,3.7e-05,0.005669,0.008624,0.0,0.0,0.0,0.0,34,72,256
126,8,seq,0.584967,0.000891,0.001565,0.587423,180.65625,7.595703,16.77832,180.65625,27,28,2
126,8,par,0.286519,0.031805,0.192515,0.510839,181.739258,39.820312,45.043945,181.739258,27,28,2
126,8,weights,0.262169,0.036056,0.202053,0.500278,181.102539,39.398438,45.442383,181.102539,27,28,2
126,8,cpp_seq,0.003332,5.3e-05,0.0001,0.003485,0.0,0.0,0.0,0.0,27,28,2
126,8,cpp_par,0.001782,3.1e-05,9.8e-05,0.001911,0.0,0.0,0.0,0.0,27,28,2
126,8,cpp_adv,0.001618,3.1e-05,9.6e-05,0.001745,0.0,0.0,0.0,0.0,27,28,2
127,8,seq,1.379351,0.000744,0.000203,1.380299,232.001953,7.196289,5.678711,232.001953,17,4,0
127,8,par,0.651062,0.040545,0.025527,0.717134,191.144531,39.28125,33.790039,191.144531,17,4,0
127,8,weights,0.621897,0.035529,0.000461,0.657887,191.585938,40.21582,6.020508,191.585938,17,4,0
127,8,cpp_seq,0.010501,4.8e-05,1.5e-05,0.010565,0.0,0.0,0.0,0.0,17,4,0
127,8,cpp_par,0.005836,2.9e-05,1.4e-05,0.00588,0.0,0.0,0.0,0.0,17,4,0
127,8,cpp_adv,0.006217,6.1e-05,1.4e-05,0.006293,0.0,0.0,0.0,0.0,17,4,0
128,8,seq,1.312665,0.000917,0.259767,1.573349,266.59082,8.259766,164.46875,266.59082,34,72,256
128,8,par,0.696951,0.032406,0.300199,1.029556,194.070312,40.855469,346.121094,346.121094,34,72,256
128,8,weights,0.578029,0.031353,0.347854,0.957236,196.586914,40.425781,220.453125,220.453125,34,72,256
128,8,cpp_seq,0.012178,6e-05,0.009359,0.021598,0.0,0.0,0.0,0.0,34,72,256
128,8,cpp_par,0.008636,3.7e-05,0.009454,0.018129,0.0,0.0,0.0,0.0,34,72,256
128,8,cpp_adv,0.007569,6.2e-05,0.009055,0.016687,0.0,0.0,0.0,0.0,34,72,256
129,8,seq,0.910714,0.000781,0.000408,0.911903,199.212891,7.250977,6.325195,199.212891,17,5,0
129,8,par,0.389297,0.030855,0.055716,0.475868,191.727539,38.652344,42.137695,191.727539,17,5,0
129,8,weights,0.378885,0.041749,0.061336,0.481971,192.709961,39.441406,41.801758,192.709961,17,5,0
129,8,cpp_seq,0.009045,6e-05,2.6e-05,0.009133,0.0,0.0,0.0,0.0,17,5,0
129,8,cpp_par,0.005144,3.1e-05,2.5e-05,0.005201,0.0,0.0,0.0,0.0,17,5,0
129,8,cpp_adv,0.00473,2.6e-05,2.2e-05,0.004779,0.0,0.0,0.0,0.0,17,5,0
130,8,seq,0.558848,0.000865,1.04647,1.606183,139.943359,8.291016,418.9375,418.9375,37,69,839
130,8,par,0.264235,0.034202,0.584101,0.882538,157.117188,42.520508,1811.152344,1811.152344,37,69,839
130,8,weights,0.34765,0.030854,0.606302,0.984806,157.850586,40.65625,862.31543,862.31543,37,69,839
130,8,cpp_seq,0.004824,6.1e-05,0.033942,0.038828,0.0,0.0,0.0,0.0,37,69,839
130,8,cpp_par,0.005323,4.5e-05,0.033618,0.038988,0.0,0.0,0.0,0.0,37,69,839
130,8,cpp_adv,0.005743,4.3e-05,0.034463,0.040251,0.0,0.0,0.0,0.0,37,69,839
131,8,seq,1.90284,0.000895,0.003098,1.906832,231.662109,7.814453,42.231445,231.662109,27,37,8
131,8,par,0.859761,0.032788,0.278406,1.170955,200.027344,39.071289,48.208008,200.027344,27,37,8
131,8,weights,0.994167,0.032045,0.195286,1.221499,201.914062,39.640625,48.364258,201.914062,27,37,8
131,8,cpp_seq,0.013887,5.5e-05,0.000237,0.01418,0.0,0.0,0.0,0.0,27,37,8
131,8,cpp_par,0.007267,3.5e-05,0.000246,0.00755,0.0,0.0,0.0,0.0,27,37,8
131,8,cpp_adv,0.008238,5e-05,0.000236,0.008525,0.0,0.0,0.0,0.0,27,37,8
132,8,seq,0.296594,0.001146,0.02948,0.32722,137.463867,7.869141,85.553711,137.463867,24,42,112
132,8,par,0.126738,0.032243,0.242553,0.401534,145.93457,39.77832,89.854492,145.93457,24,42,112
132,8,weights,0.132011,0.045077,0.225335,0.402423,151.638672,39.987305,75.704102,151.638672,24,42,112
132,8,cpp_seq,0.004693,5.1e-05,0.00214,0.006885,0.0,0.0,0.0,0.0,24,42,112
132,8,cpp_par,0.002934,2.9e-05,0.001907,0.004872,0.0,0.0,0.0,0.0,24,42,112
132,8,cpp_adv,0.002873,6.7e-05,0.001906,0.004847,0.0,0.0,0.0,0.0,24,42,112
133,8,seq,0.275529,0.000798,0.000757,0.277083,119.907227,7.572266,10.036133,119.907227,17,16,1
133,8,par,0.139319,0.033932,0.202615,0.375866,143.305664,39.300781,44.958008,143.305664,17,16,1
133,8,weights,0.134537,0.040507,0.225812,0.400856,144.383789,39.807617,44.87207,144.383789,17,16,1
133,8,cpp_seq,0.002585,4.8e-05,8.4e-05,0.002719,0.0,0.0,0.0,0.0,17,16,1
133,8,cpp_par,0.002403,5.3e-05,6.2e-05,0.002519,0.0,0.0,0.0,0.0,17,16,1
133,8,cpp_adv,0.001434,2.7e-05,5.9e-05,0.00152,0.0,0.0,0.0,0.0,17,16,1
134,8,seq,0.398277,0.000856,0.002671,0.401804,173.553711,7.830078,35.74707,173.553711,24,28,0
134,8,par,0.168672,0.045184,0.162174,0.37603,184.200195,40.277344,52.504883,184.200195,24,28,0
134,8,weights,0.162417,0.031839,0.156814,0.35107,185.170898,41.21582,51.817383,185.170898,24,28,0
134,8,cpp_seq,0.00429,5e-05,0.000256,0.004597,0.0,0.0,0.0,0.0,24,28,0
134,8,cpp_par,0.002099,3e-05,0.000239,0.002369,0.0,0.0,0.0,0.0,24,28,0
134,8,cpp_adv,0.001635,2.7e-05,0.000249,0.001911,0.0,0.0,0.0,0.0,24,28,0
135,8,seq,0.406484,0.000778,0.00083,0.408092,171.201172,7.642578,10.833008,171.201172,17,18,1
135,8,par,0.20512,0.036403,0.219008,0.460532,177.124023,39.164062,45.129883,177.124023,17,18,1
135,8,weights,0.196252,0.041435,0.201452,0.43914,178.897461,39.774414,45.676758,178.897461,17,18,1
135,8,cpp_seq,0.005292,4.9e-05,7.3e-05,0.005415,0.0,0.0,0.0,0.0,17,18,1
135,8,cpp_par,0.002783,3e-05,8.7e-05,0.002901,0.0,0.0,0.0,0.0,17,18,1
135,8,cpp_adv,0.00259,2.8e-05,6.8e-05,0.002686,0.0,0.0,0.0,0.0,17,18,1
136,8,seq,0.558888,0.000829,0.00093,0.560646,178.070312,7.900391,13.80957,178.070312,17,22,1
136,8,par,0.232839,0.031611,0.201396,0.465847,176.848633,40.844727,45.254883,176.848633,17,22,1
136,8,weights,0.239688,0.033202,0.196916,0.469806,188.134766,42.605469,47.895508,188.134766,17,22,1
136,8,cpp_seq,0.004578,4.9e-05,8.6e-05,0.004715,0.0,0.0,0.0,0.0,17,22,1
136,8,cpp_par,0.002591,2.8e-05,8.3e-05,0.002702,0.0,0.0,0.0,0.0,17,22,1
136,8,cpp_adv,0.002651,2.8e-05,8.3e-05,0.002762,0.0,0.0,0.0,0.0,17,22,1
137,8,seq,0.275794,0.000846,0.033272,0.309912,122.351562,7.955078,96.419922,122.351562,27,43,62
137,8,par,0.543292,0.031039,0.228073,0.802403,144.616211,39.868164,119.245117,144.616211,27,43,62
137,8,weights,0.144702,0.045341,0.226412,0.416455,147.109375,40.335938,65.828125,147.109375,27,43,62
137,8,cpp_seq,0.002355,5.8e-05,0.001683,0.004097,0.0,0.0,0.0,0.0,27,43,62
137,8,cpp_par,0.001369,3.5e-05,0.001822,0.003226,0.0,0.0,0.0,0.0,27,43,62
137,8,cpp_adv,0.001157,3.2e-05,0.001618,0.002808,0.0,0.0,0.0,0.0,27,43,62
138,8,seq,0.411669,0.000846,0.000879,0.413394,170.118164,7.791016,11.481445,170.118164,17,15,1
138,8,par,0.298626,0.028494,0.204799,0.531919,176.696289,40.317383,45.543945,176.696289,17,15,1
138,8,weights,0.20851,0.036049,0.19885,0.443409,177.595703,40.023438,46.145508,177.595703,17,15,1
138,8,cpp_seq,0.003542,4.7e-05,8.3e-05,0.003673,0.0,0.0,0.0,0.0,17,15,1
138,8,cpp_par,0.002267,3.7e-05,9.9e-05,0.002404,0.0,0.0,0.0,0.0,17,15,1
138,8,cpp_adv,0.002086,3e-05,8.1e-05,0.002198,0.0,0.0,0.0,0.0,17,15,1
139,8,seq,0.522803,0.000973,0.146503,0.670279,174.111328,8.408203,114.5625,174.111328,34,84,256
139,8,par,0.311576,0.044861,0.312551,0.668988,189.516602,40.195312,276.393555,276.393555,34,84,256
139,8,weights,0.24898,0.036009,0.273149,0.558138,189.394531,40.336914,124.383789,189.394531,34,84,256
139,8,cpp_seq,0.002579,6.4e-05,0.005565,0.008209,0.0,0.0,0.0,0.0,34,84,256
139,8,cpp_par,0.002227,3.6e-05,0.005548,0.007812,0.0,0.0,0.0,0.0,34,84,256
139,8,cpp_adv,0.001432,3.4e-05,0.005386,0.006853,0.0,0.0,0.0,0.0,34,84,256
140,8,seq,0.923074,0.001381,0.022284,0.946738,135.788086,8.041016,76.984375,135.788086,27,42,43
140,8,par,0.242817,0.036953,0.209178,0.488948,152.333008,39.885742,59.379883,152.333008,27,42,43
140,8,weights,0.309306,0.031566,0.218262,0.559134,153.40918,42.118164,55.015625,153.40918,27,42,43
140,8,cpp_seq,0.004143,6.1e-05,0.001288,0.005494,0.0,0.0,0.0,0.0,27,42,43
140,8,cpp_par,0.002412,4.7e-05,0.001208,0.003669,0.0,0.0,0.0,0.0,27,42,43
140,8,cpp_adv,0.002102,4.2e-05,0.001169,0.003314,0.0,0.0,0.0,0.0,27,42,43
141,8,seq,0.429702,0.000753,0.000206,0.430661,177.529297,7.455078,5.678711,177.529297,17,11,0
141,8,par,0.26515,0.039693,0.025357,0.330199,184.618164,38.902344,34.040039,184.618164,17,11,0
141,8,weights,0.255201,0.032678,0.000452,0.288332,185.620117,39.625,6.020508,185.620117,17,11,0
141,8,cpp_seq,0.003737,4.6e-05,1.3e-05,0.003797,0.0,0.0,0.0,0.0,17,11,0
141,8,cpp_par,0.002845,3e-05,1.5e-05,0.002891,0.0,0.0,0.0,0.0,17,11,0
141,8,cpp_adv,0.002205,2.9e-05,1.1e-05,0.002246,0.0,0.0,0.0,0.0,17,11,0
142,8,seq,0.480434,0.000941,0.421832,0.903208,134.933594,8.525391,228.871094,228.871094,37,89,677
142,8,par,0.313744,0.042961,0.38059,0.737295,157.495117,39.981445,553.280273,553.280273,37,89,677
142,8,weights,0.377348,0.035871,0.386362,0.799581,159.321289,40.707031,350.297852,350.297852,37,89,677
142,8,cpp_seq,0.004064,6.5e-05,0.013793,0.017923,0.0,0.0,0.0,0.0,37,89,677
142,8,cpp_par,0.004164,4.3e-05,0.014856,0.019065,0.0,0.0,0.0,0.0,37,89,677
142,8,cpp_adv,0.002337,4.4e-05,0.014165,0.016547,0.0,0.0,0.0,0.0,37,89,677
143,8,seq,0.583305,0.000894,0.181354,0.765552,179.391602,8.259766,126.734375,179.391602,37,64,151
143,8,par,0.255392,0.039706,0.304109,0.599207,191.760742,40.242188,174.964844,191.760742,37,64,151
143,8,weights,0.430319,0.036138,0.289117,0.755574,193.943359,40.420898,131.378906,193.943359,37,64,151
143,8,cpp_seq,0.005456,6.7e-05,0.006787,0.012312,0.0,0.0,0.0,0.0,37,64,151
143,8,cpp_par,0.003996,3.6e-05,0.007118,0.011151,0.0,0.0,0.0,0.0,37,64,151
143,8,cpp_adv,0.00273,3.5e-05,0.006751,0.009517,0.0,0.0,0.0,0.0,37,64,151
144,8,seq,0.94035,0.001145,0.000422,0.941917,204.594727,7.313477,6.067383,204.594727,16,4,0
144,8,par,0.411588,0.032313,0.060196,0.504097,187.371094,38.524414,41.879883,187.371094,16,4,0
144,8,weights,0.468089,0.038379,0.05652,0.562988,188.166016,40.571289,42.879883,188.166016,16,4,0
144,8,cpp_seq,0.006708,4.4e-05,2.3e-05,0.006776,0.0,0.0,0.0,0.0,16,4,0
144,8,cpp_par,0.003209,2.4e-05,1.8e-05,0.003252,0.0,0.0,0.0,0.0,16,4,0
144,8,cpp_adv,0.00306,2.4e-05,1.7e-05,0.003101,0.0,0.0,0.0,0.0,16,4,0
145,8,seq,1.126176,0.000836,0.00118,1.128191,218.739258,7.681641,14.364258,218.739258,27,26,1
145,8,par,0.562697,0.028073,0.208276,0.799046,193.957031,40.111328,44.30957,193.957031,27,26,1
145,8,weights,0.399093,0.034649,0.195449,0.629191,195.673828,39.522461,46.200195,195.673828,27,26,1
145,8,cpp_seq,0.007262,5.1e-05,9.4e-05,0.007408,0.0,0.0,0.0,0.0,27,26,1
145,8,cpp_par,0.005514,4.5e-05,0.000102,0.005661,0.0,0.0,0.0,0.0,27,26,1
145,8,cpp_adv,0.004361,5.1e-05,9.4e-05,0.004507,0.0,0.0,0.0,0.0,27,26,1
146,8,seq,0.546778,0.000783,0.000206,0.547766,171.560547,7.360352,5.678711,171.560547,17,7,0
146,8,par,0.215809,0.036993,0.026466,0.279269,183.121094,39.148438,34.008789,183.121094,17,7,0
146,8,weights,0.197728,0.037589,0.000464,0.235781,184.349609,39.53125,6.020508,184.349609,17,7,0
146,8,cpp_seq,0.003299,4.6e-05,1.3e-05,0.003359,0.0,0.0,0.0,0.0,17,7,0
146,8,cpp_par,0.001972,2.7e-05,1.1e-05,0.00201,0.0,0.0,0.0,0.0,17,7,0
146,8,cpp_adv,0.00188,2.7e-05,1.1e-05,0.001918,0.0,0.0,0.0,0.0,17,7,0
147,8,seq,1.149585,0.001029,0.000227,1.150841,216.617188,7.000977,5.678711,216.617188,17,0,0
147,8,par,0.808212,0.028472,0.027305,0.863989,192.720703,38.597656,34.790039,192.720703,17,0,0
147,8,weights,0.505377,0.030444,0.000621,0.536442,195.469727,38.787109,6.020508,195.469727,17,0,0
147,8,cpp_seq,0.011467,4.5e-05,1.3e-05,0.011526,0.0,0.0,0.0,0.0,17,0,0
147,8,cpp_par,0.006123,3e-05,1.3e-05,0.006167,0.0,0.0,0.0,0.0,17,0,0
147,8,cpp_adv,0.005792,2.5e-05,1.1e-05,0.005829,0.0,0.0,0.0,0.0,17,0,0
148,8,seq,0.375897,0.000934,2.228718,2.605549,132.435547,8.557617,1005.726562,1005.726562,40,102,2448
148,8,par,0.186196,0.038403,1.241269,1.465868,148.84082,43.65625,4073.398438,4073.398438,40,102,2448
148,8,weights,0.160477,0.034187,1.023744,1.218408,148.459961,42.613281,2440.498047,2440.498047,40,102,2448
148,8,cpp_seq,0.002782,6.2e-05,0.080399,0.083244,0.0,0.0,0.0,0.0,40,102,2448
148,8,cpp_par,0.007473,3.6e-05,0.080093,0.087603,0.0,0.0,0.0,0.0,40,102,2448
148,8,cpp_adv,0.001875,3.5e-05,0.078421,0.080331,0.0,0.0,0.0,0.0,40,102,2448
149,8,seq,0.592163,0.000738,0.000207,0.593108,178.44043,7.149414,5.678711,178.44043,17,2,0
149,8,par,0.264891,0.033931,0.028371,0.327192,183.250977,38.056641,33.758789,183.250977,17,2,0
149,8,weights,0.268688,0.033132,0.000745,0.302565,186.342773,39.748047,6.020508,186.342773,17,2,0
149,8,cpp_seq,0.004327,4.3e-05,1.2e-05,0.004383,0.0,0.0,0.0,0.0,17,2,0
149,8,cpp_par,0.002512,3.5e-05,1.1e-05,0.002559,0.0,0.0,0.0,0.0,17,2,0
149,8,cpp_adv,0.00302,3e-05,1.4e-05,0.003065,0.0,0.0,0.0,0.0,17,2,0
150,8,seq,0.427242,0.000971,0.033138,0.461352,132.884766,8.189453,91.515625,132.884766,27,54,39
150,8,par,0.195118,0.047565,0.292424,0.535107,154.386719,39.873047,76.769531,154.386719,27,54,39
150,8,weights,0.24001,0.039784,0.250558,0.530352,150.954102,40.633789,67.070312,150.954102,27,54,39
150,8,cpp_seq,0.003872,7.6e-05,0.001664,0.005613,0.0,0.0,0.0,0.0,27,54,39
150,8,cpp_par,0.002287,3.4e-05,0.00161,0.003931,0.0,0.0,0.0,0.0,27,54,39
150,8,cpp_adv,0.002127,3.4e-05,0.001635,0.003796,0.0,0.0,0.0,0.0,27,54,39
151,8,seq,1.035108,0.000909,0.069653,1.10567,210.086914,8.197266,88.445312,210.086914,34,66,96
151,8,par,0.502552,0.035908,0.232839,0.771299,199.719727,41.348633,89.308594,199.719727,34,66,96
151,8,weights,0.484564,0.042465,0.256611,0.78364,201.77832,40.25,73.375,201.77832,34,66,96
151,8,cpp_seq,0.009949,6.1e-05,0.002754,0.012766,0.0,0.0,0.0,0.0,34,66,96
151,8,cpp_par,0.005406,3.5e-05,0.002639,0.00808,0.0,0.0,0.0,0.0,34,66,96
151,8,cpp_adv,0.005823,5.1e-05,0.002954,0.00883,0.0,0.0,0.0,0.0,34,66,96
152,8,seq,0.609524,0.00093,0.192835,0.803289,185.741211,8.267578,130.5,185.741211,34,80,256
152,8,par,0.280294,0.0353,0.296249,0.611842,188.785156,43.737305,338.416992,338.416992,34,80,256
152,8,weights,0.319519,0.059802,0.298829,0.67815,190.524414,40.589844,121.790039,190.524414,34,80,256
152,8,cpp_seq,0.005761,0.000154,0.006504,0.01242,0.0,0.0,0.0,0.0,34,80,256
152,8,cpp_par,0.00346,0.000136,0.006532,0.010128,0.0,0.0,0.0,0.0,34,80,256
152,8,cpp_adv,0.004598,5e-05,0.005899,0.010548,0.0,0.0,0.0,0.0,34,80,256
153,8,seq,1.387421,0.001501,0.000262,1.389184,237.12793,7.211914,5.678711,237.12793,17,4,0
153,8,par,0.615961,0.046014,0.038389,0.700364,191.833008,38.651367,33.508789,191.833008,17,4,0
153,8,weights,0.700625,0.049281,0.000741,0.750647,191.621094,39.446289,6.020508,191.621094,17,4,0
153,8,cpp_seq,0.010899,5.2e-05,4.8e-05,0.011,0.0,0.0,0.0,0.0,17,4,0
153,8,cpp_par,0.0048,7.4e-05,1.7e-05,0.004891,0.0,0.0,0.0,0.0,17,4,0
153,8,cpp_adv,0.006922,3.8e-05,1.6e-05,0.006977,0.0,0.0,0.0,0.0,17,4,0
154,8,seq,0.544498,0.000895,0.114037,0.65943,187.777344,8.150391,118.6875,187.777344,34,58,120
154,8,par,0.285289,0.033361,0.270838,0.589488,192.833008,39.699219,157.261719,192.833008,34,58,120
154,8,weights,0.269914,0.047966,0.285185,0.603065,192.172852,40.629883,126.542969,192.172852,34,58,120
154,8,cpp_seq,0.00286,6.2e-05,0.004589,0.007513,0.0,0.0,0.0,0.0,34,58,120
154,8,cpp_par,0.002039,3.3e-05,0.00446,0.006534,0.0,0.0,0.0,0.0,34,58,120
154,8,cpp_adv,0.002096,3.7e-05,0.004369,0.006502,0.0,0.0,0.0,0.0,34,58,120
155,8,seq,0.537975,0.000773,0.0002,0.538949,177.12207,7.180664,5.678711,177.12207,27,2,0
155,8,par,0.244485,0.031008,0.026325,0.301817,193.835938,38.152344,33.790039,193.835938,27,2,0
155,8,weights,0.271323,0.036048,0.000455,0.307827,194.05957,40.185547,6.020508,194.05957,27,2,0
155,8,cpp_seq,0.004094,8e-05,8.5e-05,0.004261,0.0,0.0,0.0,0.0,27,2,0
155,8,cpp_par,0.002216,2.8e-05,1.3e-05,0.002257,0.0,0.0,0.0,0.0,27,2,0
155,8,cpp_adv,0.002818,4.6e-05,1.7e-05,0.002883,0.0,0.0,0.0,0.0,27,2,0
156,8,seq,0.610424,0.000864,0.012807,0.624095,182.855469,7.775391,74.367188,182.855469,27,32,24
156,8,par,0.282424,0.029086,0.226494,0.538005,188.374023,38.59375,61.043945,188.374023,27,32,24
156,8,weights,0.314083,0.032462,0.226869,0.573414,191.012695,40.879883,55.5,191.012695,27,32,24
156,8,cpp_seq,0.002621,5.2e-05,0.000925,0.003599,0.0,0.0,0.0,0.0,27,32,24
156,8,cpp_par,0.001951,5e-05,0.000942,0.002943,0.0,0.0,0.0,0.0,27,32,24
156,8,cpp_adv,0.002031,4e-05,0.001297,0.003369,0.0,0.0,0.0,0.0,27,32,24
157,8,seq,0.976636,0.000918,0.000934,0.978488,215.042969,7.603516,12.379883,215.042969,17,20,1
157,8,par,0.442392,0.030276,0.192509,0.665177,184.422852,39.019531,45.286133,184.422852,17,20,1
157,8,weights,0.515022,0.04204,0.198627,0.755689,186.646484,39.839844,45.606445,186.646484,17,20,1
157,8,cpp_seq,0.009486,4.8e-05,8e-05,0.009615,0.0,0.0,0.0,0.0,17,20,1
157,8,cpp_par,0.005649,3.2e-05,8.2e-05,0.005764,0.0,0.0,0.0,0.0,17,20,1
157,8,cpp_adv,0.005344,3.2e-05,7.8e-05,0.005455,0.0,0.0,0.0,0.0,17,20,1
158,8,seq,0.427985,0.000777,0.000872,0.429634,169.395508,7.947266,12.043945,169.395508,16,16,2
158,8,par,0.158359,0.038474,0.207124,0.403958,173.46582,39.327148,45.458008,173.46582,16,16,2
158,8,weights,0.146491,0.03671,0.208259,0.39146,171.963867,41.652344,46.067383,171.963867,16,16,2
158,8,cpp_seq,0.003358,4.9e-05,8.6e-05,0.003494,0.0,0.0,0.0,0.0,16,16,2
158,8,cpp_par,0.001649,2.6e-05,8.1e-05,0.001757,0.0,0.0,0.0,0.0,16,16,2
158,8,cpp_adv,0.001771,2.7e-05,8.3e-05,0.001881,0.0,0.0,0.0,0.0,16,16,2
159,8,seq,0.501537,0.000991,4.054783,4.557311,139.270508,8.75293,1108.9375,1108.9375,44,116,2680
159,8,par,0.245184,0.048408,1.961392,2.254985,156.921875,42.65625,5206.988281,5206.988281,44,116,2680
159,8,weights,0.225542,0.032947,1.889563,2.148052,157.581055,42.162109,3164.521484,3164.521484,44,116,2680
159,8,cpp_seq,0.003976,0.00011,0.117379,0.121466,0.0,0.0,0.0,0.0,44,116,2680
159,8,cpp_par,0.009694,4.1e-05,0.110401,0.120136,0.0,0.0,0.0,0.0,44,116,2680
159,8,cpp_adv,0.002235,4e-05,0.113544,0.115819,0.0,0.0,0.0,0.0,44,116,2680
160,8,seq,0.825323,0.000805,0.000818,0.826946,201.427734,7.650391,11.012695,201.427734,17,19,1
160,8,par,0.477603,0.03197,0.192643,0.702215,186.487305,40.207031,45.137695,186.487305,17,19,1
160,8,weights,0.534563,0.034314,0.208993,0.777871,187.226562,40.308594,45.442383,187.226562,17,19,1
160,8,cpp_seq,0.010058,4.8e-05,6.7e-05,0.010174,0.0,0.0,0.0,0.0,17,19,1
160,8,cpp_par,0.006635,3e-05,6.9e-05,0.006735,0.0,0.0,0.0,0.0,17,19,1
160,8,cpp_adv,0.005474,2.8e-05,6.9e-05,0.005571,0.0,0.0,0.0,0.0,17,19,1
161,8,seq,0.484363,0.000844,0.000202,0.48541,178.304688,7.266602,5.678711,178.304688,17,4,0
161,8,par,0.275734,0.035746,0.026407,0.337887,182.577148,39.132812,34.008789,182.577148,17,4,0
161,8,weights,0.226788,0.035384,0.00046,0.262632,183.580078,38.839844,6.020508,183.580078,17,4,0
161,8,cpp_seq,0.003383,4.6e-05,1.5e-05,0.003445,0.0,0.0,0.0,0.0,17,4,0
161,8,cpp_par,0.002725,3.2e-05,1.5e-05,0.002772,0.0,0.0,0.0,0.0,17,4,0
161,8,cpp_adv,0.002872,3.5e-05,1.4e-05,0.002921,0.0,0.0,0.0,0.0,17,4,0
162,8,seq,0.681433,0.001188,0.000753,0.683375,200.870117,7.610352,7.68457,200.870117,16,8,1
162,8,par,0.30194,0.034549,0.211436,0.547926,179.458008,40.210938,44.911133,179.458008,16,8,1
162,8,weights,0.279045,0.038667,0.211535,0.529248,182.010742,41.394531,45.37207,182.010742,16,8,1
162,8,cpp_seq,0.005773,4.3e-05,5e-05,0.005866,0.0,0.0,0.0,0.0,16,8,1
162,8,cpp_par,0.00308,2.9e-05,4.7e-05,0.003157,0.0,0.0,0.0,0.0,16,8,1
162,8,cpp_adv,0.003191,4.3e-05,7.1e-05,0.003305,0.0,0.0,0.0,0.0,16,8,1
163,8,seq,0.71746,0.000991,0.013343,0.731794,186.678711,8.158203,71.560547,186.678711,32,44,49
163,8,par,0.325769,0.034789,0.226509,0.587067,166.513672,41.875,75.979492,166.513672,32,44,49
163,8,weights,0.337053,0.034645,0.211515,0.583213,169.365234,41.011719,53.578125,169.365234,32,44,49
163,8,cpp_seq,0.007777,6.2e-05,0.000841,0.008681,0.0,0.0,0.0,0.0,32,44,49
163,8,cpp_par,0.004513,3.9e-05,0.000748,0.005302,0.0,0.0,0.0,0.0,32,44,49
163,8,cpp_adv,0.004169,3.2e-05,0.000702,0.004904,0.0,0.0,0.0,0.0,32,44,49
164,8,seq,0.478134,0.001073,0.000224,0.479431,176.836914,7.000977,5.678711,176.836914,17,0,0
164,8,par,0.274867,0.031671,0.028011,0.334549,182.793945,38.886719,33.602539,182.793945,17,0,0
164,8,weights,0.21804,0.035389,0.000498,0.253927,184.919922,39.445312,6.020508,184.919922,17,0,0
164,8,cpp_seq,0.003371,4.5e-05,1.3e-05,0.00343,0.0,0.0,0.0,0.0,17,0,0
164,8,cpp_par,0.002362,2.6e-05,1.1e-05,0.002399,0.0,0.0,0.0,0.0,17,0,0
164,8,cpp_adv,0.002092,2.7e-05,1.1e-05,0.00213,0.0,0.0,0.0,0.0,17,0,0
165,8,seq,0.396763,0.001201,0.000757,0.39872,169.355469,7.556641,10.293945,169.355469,16,16,1
165,8,par,0.179175,0.034729,0.231793,0.445697,173.638672,39.019531,45.21582,173.638672,16,16,1
165,8,weights,0.169184,0.032492,0.235109,0.436785,174.325195,38.787109,45.59082,174.325195,16,16,1
165,8,cpp_seq,0.002559,4.4e-05,6.2e-05,0.002666,0.0,0.0,0.0,0.0,16,16,1
165,8,cpp_par,0.001472,2.6e-05,6.1e-05,0.001559,0.0,0.0,0.0,0.0,16,16,1
165,8,cpp_adv,0.001361,3e-05,6.1e-05,0.001451,0.0,0.0,0.0,0.0,16,16,1
166,8,seq,1.384274,0.000877,0.067004,1.452154,225.65625,8.009766,92.828125,225.65625,34,52,64
166,8,par,0.576088,0.029998,0.245482,0.851567,201.878906,40.242188,145.160156,201.878906,34,52,64
166,8,weights,0.590792,0.033968,0.235179,0.859939,203.035156,40.204102,74.417969,203.035156,34,52,64
166,8,cpp_seq,0.011141,5.6e-05,0.002432,0.01363,0.0,0.0,0.0,0.0,34,52,64
166,8,cpp_par,0.006604,3.5e-05,0.002402,0.009042,0.0,0.0,0.0,0.0,34,52,64
166,8,cpp_adv,0.007028,4.3e-05,0.002395,0.009466,0.0,0.0,0.0,0.0,34,52,64
167,8,seq,0.345871,0.000792,0.000885,0.347547,168.990234,7.947266,12.043945,168.990234,16,16,2
167,8,par,0.159402,0.033817,0.219709,0.412928,171.300781,39.359375,45.40332,171.300781,16,16,2
167,8,weights,0.155107,0.03412,0.214493,0.40372,174.15918,40.119141,46.18457,174.15918,16,16,2
167,8,cpp_seq,0.003085,4.7e-05,8.9e-05,0.003223,0.0,0.0,0.0,0.0,16,16,2
167,8,cpp_par,0.001647,2.6e-05,8e-05,0.001753,0.0,0.0,0.0,0.0,16,16,2
167,8,cpp_adv,0.001539,2.7e-05,8.8e-05,0.001655,0.0,0.0,0.0,0.0,16,16,2
168,8,seq,1.376005,0.000906,0.102905,1.479815,203.435547,8.220703,99.765625,203.435547,37,66,86
168,8,par,0.59091,0.031314,0.268248,0.890472,203.143555,40.053711,138.707031,203.143555,37,66,86
168,8,weights,0.567282,0.030111,0.255743,0.853136,203.758789,41.780273,87.097656,203.758789,37,66,86
168,8,cpp_seq,0.007015,6.2e-05,0.003923,0.011002,0.0,0.0,0.0,0.0,37,66,86
168,8,cpp_par,0.003748,3.5e-05,0.003907,0.007691,0.0,0.0,0.0,0.0,37,66,86
168,8,cpp_adv,0.003835,3.6e-05,0.00388,0.007752,0.0,0.0,0.0,0.0,37,66,86
169,8,seq,1.448657,0.000901,0.007861,1.457419,223.603516,7.822266,59.802734,223.603516,27,29,12
169,8,par,0.676625,0.030956,0.19609,0.903671,194.042969,39.206055,48.74707,194.042969,27,29,12
169,8,weights,0.618593,0.035335,0.214133,0.868061,195.116211,39.564453,48.93457,195.116211,27,29,12
169,8,cpp_seq,0.01515,6e-05,0.000346,0.015557,0.0,0.0,0.0,0.0,27,29,12
169,8,cpp_par,0.008487,3.3e-05,0.000365,0.008886,0.0,0.0,0.0,0.0,27,29,12
169,8,cpp_adv,0.008187,5.3e-05,0.000344,0.008586,0.0,0.0,0.0,0.0,27,29,12
170,8,seq,1.089675,0.001156,0.000233,1.091063,214.941406,7.000977,5.678711,214.941406,16,0,0
170,8,par,0.403554,0.042692,0.026751,0.472997,187.686523,39.248047,34.133789,187.686523,16,0,0
170,8,weights,0.403821,0.034019,0.000457,0.438296,190.438477,39.393555,6.020508,190.438477,16,0,0
170,8,cpp_seq,0.010659,4.1e-05,1.4e-05,0.010715,0.0,0.0,0.0,0.0,16,0,0
170,8,cpp_par,0.005849,2.4e-05,3.5e-05,0.005909,0.0,0.0,0.0,0.0,16,0,0
170,8,cpp_adv,0.006665,2.7e-05,1.3e-05,0.006706,0.0,0.0,0.0,0.0,16,0,0
171,8,seq,0.463072,0.000872,0.016062,0.480006,172.390625,7.744141,72.921875,172.390625,27,40,8
171,8,par,0.189162,0.036991,0.230266,0.456419,179.024414,38.972656,56.926758,179.024414,27,40,8
171,8,weights,0.173709,0.035364,0.237353,0.446425,181.733398,38.828125,53.757812,181.733398,27,40,8
171,8,cpp_seq,0.003311,5.4e-05,0.000822,0.004187,0.0,0.0,0.0,0.0,27,40,8
171,8,cpp_par,0.001972,5e-05,0.000826,0.00285,0.0,0.0,0.0,0.0,27,40,8
171,8,cpp_adv,0.001853,3.5e-05,0.000833,0.002722,0.0,0.0,0.0,0.0,27,40,8
172,8,seq,0.540945,0.000816,0.000202,0.541964,182.886719,7.461914,5.678711,182.886719,17,7,0
172,8,par,0.269077,0.032238,0.029798,0.331113,188.421875,38.704102,33.602539,188.421875,17,7,0
172,8,weights,0.274466,0.031575,0.00047,0.30651,192.073242,39.460938,6.020508,192.073242,17,7,0
172,8,cpp_seq,0.003882,4.5e-05,1.3e-05,0.003941,0.0,0.0,0.0,0.0,17,7,0
172,8,cpp_par,0.002194,2.7e-05,1.1e-05,0.002232,0.0,0.0,0.0,0.0,17,7,0
172,8,cpp_adv,0.002576,0.000119,3.3e-05,0.00273,0.0,0.0,0.0,0.0,17,7,0
173,8,seq,0.538106,0.000753,0.000201,0.539059,173.389648,7.313477,5.678711,173.389648,17,5,0
173,8,par,0.230219,0.035315,0.026742,0.292276,181.328125,39.901367,34.602539,181.328125,17,5,0
173,8,weights,0.22323,0.040669,0.000514,0.264413,183.014648,39.158203,6.020508,183.014648,17,5,0
173,8,cpp_seq,0.002196,6.4e-05,1.3e-05,0.002275,0.0,0.0,0.0,0.0,17,5,0
173,8,cpp_par,0.001189,2.6e-05,1.1e-05,0.001227,0.0,0.0,0.0,0.0,17,5,0
173,8,cpp_adv,0.001112,2.6e-05,1.2e-05,0.00115,0.0,0.0,0.0,0.0,17,5,0
174,8,seq,0.525526,0.000882,0.060299,0.586707,169.010742,7.939453,107.054688,169.010742,27,50,256
174,8,par,0.219926,0.038546,0.324839,0.583311,167.27832,39.151367,179.78418,179.78418,27,50,256
174,8,weights,0.277184,0.043155,0.250798,0.571137,169.59668,39.750977,122.032227,169.59668,27,50,256
174,8,cpp_seq,0.006705,5.8e-05,0.003534,0.010299,0.0,0.0,0.0,0.0,27,50,256
174,8,cpp_par,0.004298,3.2e-05,0.003553,0.007884,0.0,0.0,0.0,0.0,27,50,256
174,8,cpp_adv,0.003806,3.3e-05,0.003491,0.007331,0.0,0.0,0.0,0.0,27,50,256
175,8,seq,0.476616,0.000885,0.00073,0.478231,182.708984,7.556641,8.668945,182.708984,17,11,1
175,8,par,0.262664,0.032513,0.195745,0.490922,182.642578,38.672852,44.754883,182.642578,17,11,1
175,8,weights,0.216932,0.036594,0.206384,0.45991,185.050781,39.305664,45.161133,185.050781,17,11,1
175,8,cpp_seq,0.003589,4.7e-05,5.9e-05,0.003695,0.0,0.0,0.0,0.0,17,11,1
175,8,cpp_par,0.002749,2.9e-05,6.1e-05,0.002839,0.0,0.0,0.0,0.0,17,11,1
175,8,cpp_adv,0.002127,2.8e-05,5.5e-05,0.002211,0.0,0.0,0.0,0.0,17,11,1
176,8,seq,0.573655,0.000841,0.085229,0.659724,171.769531,8.166016,117.789062,171.769531,34,60,256
176,8,par,0.220434,0.031722,0.263992,0.516148,166.491211,39.491211,150.416992,166.491211,34,60,256
176,8,weights,0.216804,0.031777,0.253732,0.502313,169.107422,42.042969,121.790039,169.107422,34,60,256
176,8,cpp_seq,0.006331,5.9e-05,0.004029,0.01042,0.0,0.0,0.0,0.0,34,60,256
176,8,cpp_par,0.003928,3.4e-05,0.00387,0.007833,0.0,0.0,0.0,0.0,34,60,256
176,8,cpp_adv,0.00429,4.8e-05,0.00386,0.008199,0.0,0.0,0.0,0.0,34,60,256
177,8,seq,1.044068,0.000809,0.001004,1.04588,198.450195,7.603516,12.200195,198.450195,17,19,1
177,8,par,0.468752,0.033899,0.195452,0.698103,185.822266,39.019531,45.21582,185.822266,17,19,1
177,8,weights,0.431605,0.02986,0.20342,0.664886,189.448242,40.558594,45.65332,189.448242,17,19,1
177,8,cpp_seq,0.011622,4.9e-05,8.2e-05,0.011754,0.0,0.0,0.0,0.0,17,19,1
177,8,cpp_par,0.005332,2.9e-05,8e-05,0.005442,0.0,0.0,0.0,0.0,17,19,1
177,8,cpp_adv,0.005764,3.1e-05,8.1e-05,0.005877,0.0,0.0,0.0,0.0,17,19,1
178,8,seq,0.580635,0.000989,0.251258,0.832881,184.583008,8.322266,168.03125,184.583008,34,76,256
178,8,par,0.238712,0.033501,0.32483,0.597043,190.008789,41.264648,411.613281,411.613281,34,76,256
178,8,weights,0.261295,0.033851,0.314538,0.609684,191.942383,40.123047,221.492188,221.492188,34,76,256
178,8,cpp_seq,0.005514,6.3e-05,0.009192,0.01477,0.0,0.0,0.0,0.0,34,76,256
178,8,cpp_par,0.003402,3.4e-05,0.009321,0.012758,0.0,0.0,0.0,0.0,34,76,256
178,8,cpp_adv,0.002934,3.5e-05,0.009196,0.012166,0.0,0.0,0.0,0.0,34,76,256
179,8,seq,0.386962,0.000953,1.277756,1.665671,134.649414,8.682617,556.042969,556.042969,37,114,1617
179,8,par,0.21607,0.032761,0.693894,0.942724,157.770508,41.847656,1764.647461,1764.647461,37,114,1617
179,8,weights,0.186419,0.030291,0.806186,1.022896,158.361328,40.230469,968.962891,968.962891,37,114,1617
179,8,cpp_seq,0.005359,6.8e-05,0.037403,0.042832,0.0,0.0,0.0,0.0,37,114,1617
179,8,cpp_par,0.002494,5.1e-05,0.037815,0.040362,0.0,0.0,0.0,0.0,37,114,1617
179,8,cpp_adv,0.005626,5.7e-05,0.035966,0.04165,0.0,0.0,0.0,0.0,37,114,1617
180,8,seq,0.435749,0.001051,7.221198,7.657998,136.353516,8.799805,1549.890625,1549.890625,44,131,3796
180,8,par,0.207604,0.049483,2.944675,3.201762,156.767578,43.300781,6542.660156,6542.660156,44,131,3796
180,8,weights,0.220448,0.042565,2.944164,3.207176,157.779297,41.723633,4242.789062,4242.789062,44,131,3796
180,8,cpp_seq,0.003537,0.000119,0.165386,0.169043,0.0,0.0,0.0,0.0,44,131,3796
180,8,cpp_par,0.002213,4.6e-05,0.163282,0.165543,0.0,0.0,0.0,0.0,44,131,3796
180,8,cpp_adv,0.002971,6.1e-05,0.167314,0.170347,0.0,0.0,0.0,0.0,44,131,3796
181,8,seq,1.666383,0.00082,0.001702,1.668905,239.867188,7.595703,18.481445,239.867188,27,28,2
181,8,par,0.802629,0.030062,0.207622,1.040314,198.199219,39.054688,47.895508,198.199219,27,28,2
181,8,weights,0.730749,0.031709,0.202379,0.964837,197.266602,40.310547,46.489258,197.266602,27,28,2
181,8,cpp_seq,0.014573,5.8e-05,0.000128,0.01476,0.0,0.0,0.0,0.0,27,28,2
181,8,cpp_par,0.008551,5.9e-05,0.00012,0.008731,0.0,0.0,0.0,0.0,27,28,2
181,8,cpp_adv,0.008323,5.3e-05,0.000118,0.008495,0.0,0.0,0.0,0.0,27,28,2
182,8,seq,0.441786,0.00106,0.000513,0.44336,170.941406,7.485352,7.239258,170.941406,17,8,0
182,8,par,0.21739,0.041224,0.173502,0.432115,181.799805,39.836914,44.80957,181.799805,17,8,0
182,8,weights,0.216307,0.049082,0.170268,0.435657,183.116211,39.4375,44.77832,183.116211,17,8,0
182,8,cpp_seq,0.003705,5.4e-05,5e-05,0.00381,0.0,0.0,0.0,0.0,17,8,0
182,8,cpp_par,0.002018,2.8e-05,4.6e-05,0.002092,0.0,0.0,0.0,0.0,17,8,0
182,8,cpp_adv,0.001956,4.9e-05,3.8e-05,0.002044,0.0,0.0,0.0,0.0,17,8,0
183,8,seq,0.365669,0.000788,0.000869,0.367326,168.931641,8.001953,12.043945,168.931641,16,16,2
183,8,par,0.154582,0.03361,0.227258,0.415451,171.699219,41.484375,45.62207,171.699219,16,16,2
183,8,weights,0.156852,0.033642,0.227216,0.417711,173.276367,40.332031,46.18457,173.276367,16,16,2
183,8,cpp_seq,0.003608,4.6e-05,8.6e-05,0.00374,0.0,0.0,0.0,0.0,16,16,2
183,8,cpp_par,0.00238,2.5e-05,8.1e-05,0.002486,0.0,0.0,0.0,0.0,16,16,2
183,8,cpp_adv,0.0023,3.3e-05,8.2e-05,0.002416,0.0,0.0,0.0,0.0,16,16,2
184,8,seq,0.603333,0.000829,0.012957,0.617119,138.40625,7.931641,69.90625,138.40625,27,36,13
184,8,par,0.313999,0.039462,0.227212,0.580673,151.820312,39.889648,76.192383,151.820312,27,36,13
184,8,weights,0.2889,0.037369,0.235129,0.561398,153.739258,40.594727,53.226562,153.739258,27,36,13
184,8,cpp_seq,0.004573,5.3e-05,0.000795,0.005422,0.0,0.0,0.0,0.0,27,36,13
184,8,cpp_par,0.002546,3e-05,0.00078,0.003357,0.0,0.0,0.0,0.0,27,36,13
184,8,cpp_adv,0.002681,4e-05,0.000953,0.003674,0.0,0.0,0.0,0.0,27,36,13
185,8,seq,0.806332,0.000848,0.067159,0.874339,206.412109,7.939453,113.765625,206.412109,32,44,128
185,8,par,0.327199,0.035522,0.264505,0.627226,192.753906,39.269531,259.785156,259.785156,32,44,128
185,8,weights,0.324114,0.034616,0.259628,0.618358,194.689453,41.265625,100.339844,194.689453,32,44,128
185,8,cpp_seq,0.006562,5.3e-05,0.003827,0.010443,0.0,0.0,0.0,0.0,32,44,128
185,8,cpp_par,0.003683,3e-05,0.003921,0.007634,0.0,0.0,0.0,0.0,32,44,128
185,8,cpp_adv,0.00342,3.1e-05,0.003835,0.007287,0.0,0.0,0.0,0.0,32,44,128
186,8,seq,0.553818,0.00137,0.001127,0.556315,169.488281,7.759766,10.637695,169.488281,17,17,1
186,8,par,0.23014,0.03708,0.209893,0.477113,177.251953,40.483398,45.18457,177.251953,17,17,1
186,8,weights,0.187625,0.041819,0.287254,0.516697,178.685547,40.803711,45.731445,178.685547,17,17,1
186,8,cpp_seq,0.007049,4.8e-05,7.1e-05,0.007169,0.0,0.0,0.0,0.0,17,17,1
186,8,cpp_par,0.005465,3.4e-05,7.2e-05,0.005572,0.0,0.0,0.0,0.0,17,17,1
186,8,cpp_adv,0.002637,3.5e-05,7.3e-05,0.002746,0.0,0.0,0.0,0.0,17,17,1
187,8,seq,0.475169,0.000778,0.000823,0.476769,169.485352,7.853516,10.817383,169.485352,17,18,1
187,8,par,0.212351,0.04475,0.21407,0.471171,175.96582,40.796875,45.067383,175.96582,17,18,1
187,8,weights,0.204224,0.04105,0.211902,0.457175,177.938477,41.074219,45.43457,177.938477,17,18,1
187,8,cpp_seq,0.003973,5.4e-05,8.1e-05,0.004109,0.0,0.0,0.0,0.0,17,18,1
187,8,cpp_par,0.001774,2.8e-05,6.6e-05,0.00187,0.0,0.0,0.0,0.0,17,18,1
187,8,cpp_adv,0.002118,3.1e-05,8.6e-05,0.002235,0.0,0.0,0.0,0.0,17,18,1
188,8,seq,0.565234,0.000833,0.000887,0.566954,180.59375,7.650391,11.614258,180.59375,17,16,1
188,8,par,0.304262,0.036085,0.217807,0.558154,177.243164,39.513672,45.442383,177.243164,17,16,1
188,8,weights,0.94862,0.031766,0.215296,1.195682,180.28125,40.396484,45.825195,180.28125,17,16,1
188,8,cpp_seq,0.002031,4.8e-05,8.3e-05,0.002164,0.0,0.0,0.0,0.0,17,16,1
188,8,cpp_par,0.001356,2.7e-05,7.9e-05,0.001462,0.0,0.0,0.0,0.0,17,16,1
188,8,cpp_adv,0.001128,2.6e-05,7.8e-05,0.001233,0.0,0.0,0.0,0.0,17,16,1
189,8,seq,0.624911,0.001032,1.932764,2.558706,178.268555,8.682617,1014.011719,1014.011719,44,121,3004
189,8,par,0.248054,0.032274,0.996681,1.27701,189.256836,42.733398,2894.974609,2894.974609,44,121,3004
189,8,weights,0.24984,0.033641,1.01146,1.294941,191.289062,41.586914,1905.181641,1905.181641,44,121,3004
189,8,cpp_seq,0.005966,7.2e-05,0.060754,0.066793,0.0,0.0,0.0,0.0,44,121,3004
189,8,cpp_par,0.003564,4e-05,0.060651,0.064256,0.0,0.0,0.0,0.0,44,121,3004
189,8,cpp_adv,0.003673,4.4e-05,0.063264,0.066982,0.0,0.0,0.0,0.0,44,121,3004
190,8,seq,0.469182,0.000734,0.000212,0.470129,180.640625,7.211914,5.678711,180.640625,17,4,0
190,8,par,0.232681,0.031984,0.027756,0.292422,187.875977,38.46875,34.008789,187.875977,17,4,0
190,8,weights,0.530186,0.032353,0.000556,0.563095,186.905273,39.28125,6.020508,186.905273,17,4,0
190,8,cpp_seq,0.004987,4.6e-05,1.3e-05,0.005046,0.0,0.0,0.0,0.0,17,4,0
190,8,cpp_par,0.002643,2.8e-05,1.2e-05,0.002684,0.0,0.0,0.0,0.0,17,4,0
190,8,cpp_adv,0.00254,2.7e-05,1.1e-05,0.002579,0.0,0.0,0.0,0.0,17,4,0
191,8,seq,0.506954,0.000741,0.000204,0.507899,177.460938,7.313477,5.678711,177.460938,17,5,0
191,8,par,0.268201,0.034062,0.028694,0.330957,182.657227,38.868164,34.290039,182.657227,17,5,0
191,8,weights,0.25523,0.034251,0.000513,0.289994,183.290039,39.240234,6.020508,183.290039,17,5,0
191,8,cpp_seq,0.005759,4.7e-05,1.3e-05,0.00582,0.0,0.0,0.0,0.0,17,5,0
191,8,cpp_par,0.003008,2.8e-05,1.1e-05,0.003047,0.0,0.0,0.0,0.0,17,5,0
191,8,cpp_adv,0.003027,2.6e-05,1.1e-05,0.003064,0.0,0.0,0.0,0.0,17,5,0
192,8,seq,1.167881,0.000905,0.034346,1.203132,202.863281,7.900391,97.625,202.863281,27,54,192
192,8,par,0.644187,0.031182,0.23584,0.911209,190.828125,39.085938,118.924805,190.828125,27,54,192
192,8,weights,0.639218,0.034715,0.233323,0.907256,191.279297,39.928711,104.008789,191.279297,27,54,192
192,8,cpp_seq,0.009791,5.8e-05,0.002195,0.012045,0.0,0.0,0.0,0.0,27,54,192
192,8,cpp_par,0.005719,4.1e-05,0.002125,0.007886,0.0,0.0,0.0,0.0,27,54,192
192,8,cpp_adv,0.005281,3.6e-05,0.002114,0.007432,0.0,0.0,0.0,0.0,27,54,192
193,8,seq,2.60122,0.000752,0.000492,2.602463,198.088867,7.500977,7.051758,198.088867,16,8,0
193,8,par,0.323545,0.033009,0.174062,0.530616,182.447266,39.773438,44.793945,182.447266,16,8,0
193,8,weights,0.325805,0.041843,0.185727,0.553374,183.651367,39.595703,44.59082,183.651367,16,8,0
193,8,cpp_seq,0.002765,4.2e-05,4e-05,0.002847,0.0,0.0,0.0,0.0,16,8,0
193,8,cpp_par,0.001556,2.5e-05,3.7e-05,0.001618,0.0,0.0,0.0,0.0,16,8,0
193,8,cpp_adv,0.001403,2.4e-05,3.8e-05,0.001464,0.0,0.0,0.0,0.0,16,8,0
194,8,seq,1.58362,0.000833,0.000756,1.585209,265.699219,7.853516,11.708008,265.699219,17,18,1
194,8,par,0.750078,0.035356,0.203848,0.989281,186.208984,40.535156,46.27832,186.208984,17,18,1
194,8,weights,0.681647,0.029323,0.200596,0.911566,186.518555,40.371094,45.911133,186.518555,17,18,1
194,8,cpp_seq,0.010083,0.000112,8.9e-05,0.010285,0.0,0.0,0.0,0.0,17,18,1
194,8,cpp_par,0.005996,3.8e-05,7.5e-05,0.006109,0.0,0.0,0.0,0.0,17,18,1
194,8,cpp_adv,0.006081,5.6e-05,6.8e-05,0.006205,0.0,0.0,0.0,0.0,17,18,1
195,8,seq,0.444193,0.000872,0.186859,0.631924,151.172852,9.259766,155.546875,155.546875,34,60,192
195,8,par,0.200024,0.030695,0.296419,0.527138,158.871094,41.621094,433.339844,433.339844,34,60,192
195,8,weights,0.189574,0.037885,0.288178,0.515636,160.676758,40.777344,165.777344,165.777344,34,60,192
195,8,cpp_seq,0.005561,5.6e-05,0.006872,0.012491,0.0,0.0,0.0,0.0,34,60,192
195,8,cpp_par,0.003504,3.5e-05,0.00664,0.01018,0.0,0.0,0.0,0.0,34,60,192
195,8,cpp_adv,0.003842,4.5e-05,0.007177,0.011066,0.0,0.0,0.0,0.0,34,60,192
196,8,seq,0.535809,0.000769,0.000429,0.537007,179.286133,7.243164,6.458008,179.286133,16,4,0
196,8,par,0.230237,0.046555,0.119665,0.396458,184.022461,39.398438,44.020508,184.022461,16,4,0
196,8,weights,0.216408,0.038861,0.123855,0.379123,185.194336,39.0625,43.37207,185.194336,16,4,0
196,8,cpp_seq,0.003548,4.3e-05,2.8e-05,0.003621,0.0,0.0,0.0,0.0,16,4,0
196,8,cpp_par,0.002062,2.3e-05,2.5e-05,0.002112,0.0,0.0,0.0,0.0,16,4,0
196,8,cpp_adv,0.00236,2.6e-05,2.8e-05,0.002414,0.0,0.0,0.0,0.0,16,4,0
197,8,seq,0.353172,0.000897,0.000881,0.354951,168.875,7.947266,12.043945,168.875,16,16,2
197,8,par,0.159534,0.032584,0.226078,0.418196,170.751953,41.319336,45.40332,170.751953,16,16,2
197,8,weights,0.151192,0.035193,0.214561,0.400946,173.032227,39.996094,46.129883,173.032227,16,16,2
197,8,cpp_seq,0.003192,4.4e-05,8.5e-05,0.003323,0.0,0.0,0.0,0.0,16,16,2
197,8,cpp_par,0.001684,2.5e-05,8.3e-05,0.001792,0.0,0.0,0.0,0.0,16,16,2
197,8,cpp_adv,0.001631,2.4e-05,8.2e-05,0.001738,0.0,0.0,0.0,0.0,16,16,2
198,8,seq,0.413209,0.001148,0.000292,0.414649,168.982422,7.243164,5.678711,168.982422,16,4,0
198,8,par,0.165461,0.032775,0.035193,0.233429,177.207031,38.643555,33.790039,177.207031,16,4,0
198,8,weights,0.162861,0.042622,0.000459,0.205943,180.307617,39.133789,6.020508,180.307617,16,4,0
198,8,cpp_seq,0.003097,4.3e-05,1.4e-05,0.003155,0.0,0.0,0.0,0.0,16,4,0
198,8,cpp_par,0.002194,3.3e-05,1.3e-05,0.002241,0.0,0.0,0.0,0.0,16,4,0
198,8,cpp_adv,0.002019,3.4e-05,1.5e-05,0.002069,0.0,0.0,0.0,0.0,16,4,0
199,8,seq,0.667327,0.001139,0.001164,0.66963,174.029297,7.830078,11.223633,174.029297,17,20,1
199,8,par,0.264489,0.03921,0.207088,0.510786,178.810547,39.019531,45.02832,178.810547,17,20,1
199,8,weights,0.257289,0.032746,0.208521,0.498556,177.905273,40.175781,45.450195,177.905273,17,20,1
199,8,cpp_seq,0.003477,4.9e-05,7.2e-05,0.0036,0.0,0.0,0.0,0.0,17,20,1
199,8,cpp_par,0.002015,2.8e-05,6.7e-05,0.002111,0.0,0.0,0.0,0.0,17,20,1
199,8,cpp_adv,0.002268,3.2e-05,7.1e-05,0.002372,0.0,0.0,0.0,0.0,17,20,1
200,8,seq,0.694643,0.000938,0.038199,0.73378,192.208984,7.908203,93.796875,192.208984,32,54,192
200,8,par,0.274849,0.034321,0.249068,0.558239,191.5625,39.34668,119.588867,191.5625,32,54,192
200,8,weights,0.294722,0.035498,0.257671,0.587891,191.918945,41.311523,103.055664,191.918945,32,54,192
200,8,cpp_seq,0.00601,5.4e-05,0.002087,0.008152,0.0,0.0,0.0,0.0,32,54,192
200,8,cpp_par,0.003742,3.1e-05,0.002083,0.005857,0.0,0.0,0.0,0.0,32,54,192
200,8,cpp_adv,0.003367,3.8e-05,0.002068,0.005474,0.0,0.0,0.0,0.0,32,54,192
201,8,seq,0.641984,0.000848,0.000384,0.643216,185.573242,7.407227,6.067383,185.573242,16,6,0
201,8,par,0.265266,0.032049,0.064627,0.361942,182.961914,40.585938,41.379883,182.961914,16,6,0
201,8,weights,0.266285,0.033432,0.059131,0.358848,184.345703,39.469727,42.879883,184.345703,16,6,0
201,8,cpp_seq,0.004849,4.3e-05,2.2e-05,0.004916,0.0,0.0,0.0,0.0,16,6,0
201,8,cpp_par,0.002601,2.5e-05,2e-05,0.002646,0.0,0.0,0.0,0.0,16,6,0
201,8,cpp_adv,0.002354,2.4e-05,1.9e-05,0.002397,0.0,0.0,0.0,0.0,16,6,0
202,8,seq,0.982575,0.00094,0.285903,1.269418,205.558594,8.369141,168.5,205.558594,34,84,256
202,8,par,0.447655,0.031607,0.356164,0.835426,195.725586,40.832031,357.777344,357.777344,34,84,256
202,8,weights,0.480437,0.031814,0.326887,0.839138,197.535156,41.048828,225.601562,225.601562,34,84,256
202,8,cpp_seq,0.010373,8e-05,0.009738,0.020192,0.0,0.0,0.0,0.0,34,84,256
202,8,cpp_par,0.005853,3.8e-05,0.009464,0.015357,0.0,0.0,0.0,0.0,34,84,256
202,8,cpp_adv,0.005786,5.9e-05,0.009879,0.015725,0.0,0.0,0.0,0.0,34,84,256
203,8,seq,0.365461,0.000961,0.167198,0.533619,129.701172,8.228516,168.96875,168.96875,32,64,256
203,8,par,0.151184,0.037985,0.297469,0.486638,143.729492,40.21582,320.785156,320.785156,32,64,256
203,8,weights,0.156116,0.040308,0.319234,0.515658,145.338867,40.97168,222.765625,222.765625,32,64,256
203,8,cpp_seq,0.002809,6e-05,0.008376,0.011246,0.0,0.0,0.0,0.0,32,64,256
203,8,cpp_par,0.002588,3.9e-05,0.008383,0.011011,0.0,0.0,0.0,0.0,32,64,256
203,8,cpp_adv,0.001794,3.2e-05,0.008681,0.010508,0.0,0.0,0.0,0.0,32,64,256
204,8,seq,0.453511,0.000869,0.000805,0.455185,183.154297,7.634766,10.426758,183.154297,17,18,1
204,8,par,0.246478,0.032318,0.198656,0.477452,166.288086,39.100586,45.083008,166.288086,17,18,1
204,8,weights,0.21072,0.036445,0.209653,0.456818,167.411133,41.276367,45.575195,167.411133,17,18,1
204,8,cpp_seq,0.00234,6.2e-05,6.8e-05,0.00247,0.0,0.0,0.0,0.0,17,18,1
204,8,cpp_par,0.00162,3e-05,6.5e-05,0.001716,0.0,0.0,0.0,0.0,17,18,1
204,8,cpp_adv,0.001977,3.5e-05,8.5e-05,0.002098,0.0,0.0,0.0,0.0,17,18,1
205,8,seq,0.605054,0.000829,0.001048,0.606931,197.405273,7.533203,12.65332,197.405273,17,18,1
205,8,par,0.274676,0.031602,0.207035,0.513313,183.711914,39.119141,45.481445,183.711914,17,18,1
205,8,weights,0.352662,0.039719,0.201495,0.593877,185.782227,40.709961,45.96582,185.782227,17,18,1
205,8,cpp_seq,0.008056,5.3e-05,9.4e-05,0.008204,0.0,0.0,0.0,0.0,17,18,1
205,8,cpp_par,0.004398,3.6e-05,9.1e-05,0.004526,0.0,0.0,0.0,0.0,17,18,1
205,8,cpp_adv,0.004336,2.9e-05,8.5e-05,0.004451,0.0,0.0,0.0,0.0,17,18,1
206,8,seq,1.583561,0.000862,0.001042,1.585465,226.5,7.869141,12.379883,226.5,17,20,1
206,8,par,0.632606,0.03472,0.206118,0.873444,183.947266,40.381836,45.34082,183.947266,17,20,1
206,8,weights,0.648948,0.031201,0.192873,0.873022,186.935547,39.996094,45.606445,186.935547,17,20,1
206,8,cpp_seq,0.009912,4.9e-05,8e-05,0.010043,0.0,0.0,0.0,0.0,17,20,1
206,8,cpp_par,0.005451,3.5e-05,8.5e-05,0.005572,0.0,0.0,0.0,0.0,17,20,1
206,8,cpp_adv,0.006428,5.7e-05,0.0001,0.006585,0.0,0.0,0.0,0.0,17,20,1
207,8,seq,1.409633,0.001114,0.17037,1.581117,237.682617,10.783203,158.8125,237.682617,27,60,192
207,8,par,0.621209,0.034469,0.288341,0.944018,190.243164,40.972656,434.792969,434.792969,27,60,192
207,8,weights,0.649057,0.03304,0.28189,0.963987,193.004883,40.536133,164.972656,193.004883,27,60,192
207,8,cpp_seq,0.009964,5.7e-05,0.006154,0.016176,0.0,0.0,0.0,0.0,27,60,192
207,8,cpp_par,0.005788,3.8e-05,0.006215,0.012042,0.0,0.0,0.0,0.0,27,60,192
207,8,cpp_adv,0.00527,3.7e-05,0.006294,0.011603,0.0,0.0,0.0,0.0,27,60,192
208,8,seq,0.502506,0.000855,0.000824,0.504186,193.65332,7.587891,10.036133,193.65332,17,16,1
208,8,par,0.28409,0.030204,0.198798,0.513093,182.81543,39.144531,45.020508,182.81543,17,16,1
208,8,weights,0.254939,0.032986,0.210945,0.498869,183.495117,40.086914,45.489258,183.495117,17,16,1
208,8,cpp_seq,0.004313,4.9e-05,6.5e-05,0.004428,0.0,0.0,0.0,0.0,17,16,1
208,8,cpp_par,0.002801,2.9e-05,6.1e-05,0.002891,0.0,0.0,0.0,0.0,17,16,1
208,8,cpp_adv,0.002494,3.5e-05,6.4e-05,0.002593,0.0,0.0,0.0,0.0,17,16,1
209,8,seq,1.119655,0.000783,0.000634,1.121072,212.87793,7.822266,8.723633,212.87793,16,13,1
209,8,par,0.447627,0.042146,0.204245,0.694017,182.996094,39.988281,45.012695,182.996094,16,13,1
209,8,weights,0.444629,0.038704,0.198549,0.681882,185.042969,40.078125,45.614258,185.042969,16,13,1
209,8,cpp_seq,0.007168,4.5e-05,5.8e-05,0.007272,0.0,0.0,0.0,0.0,16,13,1
209,8,cpp_par,0.004449,3.3e-05,7e-05,0.004553,0.0,0.0,0.0,0.0,16,13,1
209,8,cpp_adv,0.004182,3.6e-05,7.2e-05,0.00429,0.0,0.0,0.0,0.0,16,13,1
210,8,seq,0.625459,0.00096,0.256108,0.882526,162.56543,8.322266,168.195312,168.195312,34,76,256
210,8,par,0.314762,0.034651,0.325305,0.674718,170.232422,39.954102,359.269531,359.269531,34,76,256
210,8,weights,0.305268,0.034044,0.388846,0.728159,172.381836,40.253906,223.398438,223.398438,34,76,256
210,8,cpp_seq,0.006292,6.2e-05,0.010197,0.016553,0.0,0.0,0.0,0.0,34,76,256
210,8,cpp_par,0.004339,3.7e-05,0.009165,0.013542,0.0,0.0,0.0,0.0,34,76,256
210,8,cpp_adv,0.003396,3.7e-05,0.008776,0.01221,0.0,0.0,0.0,0.0,34,76,256
211,8,seq,0.286748,0.000885,0.001482,0.289116,123.664062,7.572266,10.62207,123.664062,17,15,1
211,8,par,0.175654,0.035901,0.203007,0.414562,143.811523,40.202148,44.864258,143.811523,17,15,1
211,8,weights,0.129319,0.062336,0.270691,0.462346,143.833008,39.863281,45.614258,143.833008,17,15,1
211,8,cpp_seq,0.002442,7.1e-05,0.000109,0.002623,0.0,0.0,0.0,0.0,17,15,1
211,8,cpp_par,0.001719,2.8e-05,6.9e-05,0.001817,0.0,0.0,0.0,0.0,17,15,1
211,8,cpp_adv,0.001238,2.7e-05,6.7e-05,0.001332,0.0,0.0,0.0,0.0,17,15,1
212,8,seq,1.067327,0.000879,0.000657,1.068863,227.445312,7.619141,8.80957,227.445312,17,17,0
212,8,par,0.515062,0.032243,0.171233,0.718539,191.204102,39.078125,44.87207,191.204102,17,17,0
212,8,weights,0.540694,0.030411,0.193087,0.764192,190.498047,39.244141,45.536133,190.498047,17,17,0
212,8,cpp_seq,0.015065,4.9e-05,5.7e-05,0.015173,0.0,0.0,0.0,0.0,17,17,0
212,8,cpp_par,0.007903,0.0001,8e-05,0.008084,0.0,0.0,0.0,0.0,17,17,0
212,8,cpp_adv,0.007553,3.3e-05,5.7e-05,0.007643,0.0,0.0,0.0,0.0,17,17,0
213,8,seq,0.472212,0.000943,0.022496,0.495651,165.470703,8.103516,74.265625,165.470703,27,54,70
213,8,par,0.228108,0.02953,0.237977,0.495616,172.085938,39.639648,64.316406,172.085938,27,54,70
213,8,weights,0.27236,0.038976,0.244097,0.555433,172.166016,41.827148,56.042969,172.166016,27,54,70
213,8,cpp_seq,0.00558,5.7e-05,0.001226,0.006865,0.0,0.0,0.0,0.0,27,54,70
213,8,cpp_par,0.003128,3.4e-05,0.001223,0.004385,0.0,0.0,0.0,0.0,27,54,70
213,8,cpp_adv,0.003138,3.3e-05,0.001252,0.004423,0.0,0.0,0.0,0.0,27,54,70
214,8,seq,1.095886,0.000996,0.001179,1.098061,199.953125,7.705078,13.825195,199.953125,17,21,1
214,8,par,0.420447,0.033427,0.204885,0.65876,184.607422,39.527344,45.286133,184.607422,17,21,1
214,8,weights,0.454619,0.03663,0.205951,0.6972,187.015625,39.516602,46.075195,187.015625,17,21,1
214,8,cpp_seq,0.00889,4.8e-05,9.1e-05,0.00903,0.0,0.0,0.0,0.0,17,21,1
214,8,cpp_par,0.005599,3.6e-05,0.000114,0.005751,0.0,0.0,0.0,0.0,17,21,1
214,8,cpp_adv,0.005003,2.9e-05,8.9e-05,0.005121,0.0,0.0,0.0,0.0,17,21,1
215,8,seq,0.961022,0.000811,0.001636,0.963469,198.889648,7.564453,26.825195,198.889648,24,24,1
215,8,par,0.384399,0.034308,0.231392,0.650099,188.839844,38.833984,46.71582,188.839844,24,24,1
215,8,weights,0.485398,0.031939,0.219542,0.736879,189.073242,39.97168,46.62207,189.073242,24,24,1
215,8,cpp_seq,0.00377,5.4e-05,0.000186,0.00401,0.0,0.0,0.0,0.0,24,24,1
215,8,cpp_par,0.002102,3.3e-05,0.000157,0.002293,0.0,0.0,0.0,0.0,24,24,1
215,8,cpp_adv,0.001879,2.6e-05,0.000151,0.002056,0.0,0.0,0.0,0.0,24,24,1
216,8,seq,0.588519,0.001459,0.146548,0.736526,180.725586,8.251953,123.499023,180.725586,34,72,256
216,8,par,0.318915,0.034258,0.276925,0.630099,188.202148,40.914062,148.073242,188.202148,34,72,256
216,8,weights,0.282635,0.032834,0.278862,0.594331,190.033203,39.914062,125.063477,190.033203,34,72,256
216,8,cpp_seq,0.00528,6e-05,0.005849,0.011191,0.0,0.0,0.0,0.0,34,72,256
216,8,cpp_par,0.003753,3.9e-05,0.005877,0.00967,0.0,0.0,0.0,0.0,34,72,256
216,8,cpp_adv,0.003658,7.9e-05,0.00553,0.009267,0.0,0.0,0.0,0.0,34,72,256
217,8,seq,0.614003,0.000736,0.000201,0.61494,181.729492,7.149414,5.678711,181.729492,17,2,0
217,8,par,0.277954,0.038283,0.032271,0.348507,186.662109,38.31543,34.008789,186.662109,17,2,0
217,8,weights,0.349827,0.038679,0.00053,0.389036,188.954102,38.602539,6.020508,188.954102,17,2,0
217,8,cpp_seq,0.006439,5.8e-05,1.8e-05,0.006516,0.0,0.0,0.0,0.0,17,2,0
217,8,cpp_par,0.00343,2.8e-05,1.4e-05,0.003473,0.0,0.0,0.0,0.0,17,2,0
217,8,cpp_adv,0.003099,2.6e-05,1.1e-05,0.003136,0.0,0.0,0.0,0.0,17,2,0
218,8,seq,0.517984,0.00103,0.24987,0.768885,176.03418,8.244141,166.78125,176.03418,34,68,256
218,8,par,0.337094,0.034798,0.321717,0.693609,187.427734,40.682617,273.324219,273.324219,34,68,256
218,8,weights,0.249771,0.037401,0.32287,0.610043,188.992188,40.75,199.289062,199.289062,34,68,256
218,8,cpp_seq,0.0052,6.2e-05,0.008232,0.013496,0.0,0.0,0.0,0.0,34,68,256
218,8,cpp_par,0.003267,3.7e-05,0.008154,0.011459,0.0,0.0,0.0,0.0,34,68,256
218,8,cpp_adv,0.002476,3.8e-05,0.007864,0.010379,0.0,0.0,0.0,0.0,34,68,256
219,8,seq,0.50844,0.000759,0.001086,0.510285,183.850586,7.587891,10.442383,183.850586,17,16,1
219,8,par,0.242797,0.031683,0.200756,0.475236,180.801758,38.890625,44.879883,180.801758,17,16,1
219,8,weights,0.221111,0.03858,0.216825,0.476515,182.291992,40.150391,45.762695,182.291992,17,16,1
219,8,cpp_seq,0.004288,4.7e-05,6.9e-05,0.004405,0.0,0.0,0.0,0.0,17,16,1
219,8,cpp_par,0.003747,4e-05,0.000231,0.00402,0.0,0.0,0.0,0.0,17,16,1
219,8,cpp_adv,0.002591,2.8e-05,6.7e-05,0.002686,0.0,0.0,0.0,0.0,17,16,1
220,8,seq,0.745319,0.001028,0.000218,0.746565,186.944336,7.149414,5.678711,186.944336,17,2,0
220,8,par,0.38185,0.029628,0.028312,0.43979,189.082031,38.816406,33.758789,189.082031,17,2,0
220,8,weights,0.326443,0.036005,0.000575,0.363023,190.335938,39.290039,6.020508,190.335938,17,2,0
220,8,cpp_seq,0.00317,4.5e-05,1.3e-05,0.003228,0.0,0.0,0.0,0.0,17,2,0
220,8,cpp_par,0.002064,4.8e-05,3.9e-05,0.002152,0.0,0.0,0.0,0.0,17,2,0
220,8,cpp_adv,0.001505,2.6e-05,1.1e-05,0.001543,0.0,0.0,0.0,0.0,17,2,0
221,8,seq,0.922339,0.000852,0.146835,1.070026,205.731445,8.001953,141.8125,205.731445,27,56,192
221,8,par,0.475987,0.0314,0.421482,0.92887,190.314453,39.395508,400.558594,400.558594,27,56,192
221,8,weights,0.531441,0.035446,0.339936,0.906823,193.580078,40.566406,167.878906,193.580078,27,56,192
221,8,cpp_seq,0.010888,5.6e-05,0.006461,0.017407,0.0,0.0,0.0,0.0,27,56,192
221,8,cpp_par,0.007357,3.8e-05,0.007222,0.014619,0.0,0.0,0.0,0.0,27,56,192
221,8,cpp_adv,0.006365,4.4e-05,0.006196,0.012606,0.0,0.0,0.0,0.0,27,56,192
222,8,seq,1.152843,0.000914,0.389364,1.543121,228.264648,8.470703,610.691406,610.691406,37,90,1869
222,8,par,0.591653,0.032927,0.460823,1.085403,164.825195,40.708008,1458.959961,1458.959961,37,90,1869
222,8,weights,0.59012,0.034813,0.424961,1.049894,166.21875,40.319336,974.744141,974.744141,37,90,1869
222,8,cpp_seq,0.013335,6.6e-05,0.020515,0.033917,0.0,0.0,0.0,0.0,37,90,1869
222,8,cpp_par,0.011035,4.1e-05,0.020379,0.031457,0.0,0.0,0.0,0.0,37,90,1869
222,8,cpp_adv,0.006515,3.7e-05,0.020678,0.027231,0.0,0.0,0.0,0.0,37,90,1869
223,8,seq,1.077704,0.000941,0.025456,1.1041,204.839844,8.197266,78.125,204.839844,27,64,64
223,8,par,0.495482,0.033299,0.232832,0.761613,193.982422,39.212891,62.386719,193.982422,27,64,64
223,8,weights,0.672394,0.031114,0.239436,0.942944,203.363281,45.286133,95.367188,203.363281,27,64,64
223,8,cpp_seq,0.013282,6.1e-05,0.001394,0.014738,0.0,0.0,0.0,0.0,27,64,64
223,8,cpp_par,0.006407,3.5e-05,0.001358,0.007801,0.0,0.0,0.0,0.0,27,64,64
223,8,cpp_adv,0.006271,3.5e-05,0.001312,0.007619,0.0,0.0,0.0,0.0,27,64,64
224,8,seq,0.453442,0.000836,0.041558,0.495837,178.398438,8.158203,98.25,178.398438,27,44,80
224,8,par,0.251211,0.037145,0.233458,0.521814,170.790039,39.198242,108.823242,170.790039,27,44,80
224,8,weights,0.204974,0.043926,0.240472,0.489372,173.571289,40.866211,69.416992,173.571289,27,44,80
224,8,cpp_seq,0.005542,5.6e-05,0.002662,0.008262,0.0,0.0,0.0,0.0,27,44,80
224,8,cpp_par,0.003792,3.3e-05,0.002097,0.005923,0.0,0.0,0.0,0.0,27,44,80
224,8,cpp_adv,0.003429,4.4e-05,0.002286,0.00576,0.0,0.0,0.0,0.0,27,44,80
225,8,seq,0.509081,0.000945,1.600188,2.110214,159.189453,8.486328,801.0625,801.0625,40,99,2068
225,8,par,0.20886,0.032316,1.051391,1.292567,173.961914,40.584961,3052.97168,3052.97168,40,99,2068
225,8,weights,0.281401,0.045844,0.891961,1.219207,179.463867,41.347656,2103.979492,2103.979492,40,99,2068
225,8,cpp_seq,0.005139,6.1e-05,0.067694,0.072895,0.0,0.0,0.0,0.0,40,99,2068
225,8,cpp_par,0.007431,3.5e-05,0.06394,0.071407,0.0,0.0,0.0,0.0,40,99,2068
225,8,cpp_adv,0.002647,3.5e-05,0.063332,0.066015,0.0,0.0,0.0,0.0,40,99,2068
226,8,seq,0.737321,0.000738,0.0004,0.738458,185.520508,7.250977,5.825195,185.520508,17,5,0
226,8,par,0.342233,0.034574,0.034789,0.411596,191.102539,38.686523,34.417969,191.102539,17,5,0
226,8,weights,0.343125,0.035185,0.034196,0.412506,190.99707,38.994141,34.902344,190.99707,17,5,0
226,8,cpp_seq,0.007694,5.7e-05,3.7e-05,0.007789,0.0,0.0,0.0,0.0,17,5,0
226,8,cpp_par,0.004712,3.4e-05,2e-05,0.004767,0.0,0.0,0.0,0.0,17,5,0
226,8,cpp_adv,0.003996,2.8e-05,1.5e-05,0.004039,0.0,0.0,0.0,0.0,17,5,0
227,8,seq,0.457816,0.000952,0.028505,0.487273,168.552734,8.041016,87.320312,168.552734,27,41,59
227,8,par,0.235493,0.037793,0.29206,0.565345,181.994141,40.235352,63.980469,181.994141,27,41,59
227,8,weights,0.241045,0.049774,0.273227,0.564046,183.236328,40.191406,57.581055,183.236328,27,41,59
227,8,cpp_seq,0.003624,5.6e-05,0.001604,0.005285,0.0,0.0,0.0,0.0,27,41,59
227,8,cpp_par,0.002158,3.6e-05,0.001359,0.003554,0.0,0.0,0.0,0.0,27,41,59
227,8,cpp_adv,0.001988,3.4e-05,0.001362,0.003385,0.0,0.0,0.0,0.0,27,41,59
228,8,seq,0.464858,0.000711,0.00034,0.465909,170.628906,7.555664,6.46582,170.628906,16,8,0
228,8,par,0.1969,0.061547,0.091073,0.34952,177.279297,40.301758,42.620117,177.279297,16,8,0
228,8,weights,0.195825,0.041353,0.086581,0.32376,180.144531,39.609375,43.479492,180.144531,16,8,0
228,8,cpp_seq,0.003359,4.1e-05,2.4e-05,0.003425,0.0,0.0,0.0,0.0,16,8,0
228,8,cpp_par,0.001676,2.5e-05,2.4e-05,0.001725,0.0,0.0,0.0,0.0,16,8,0
228,8,cpp_adv,0.001581,2.7e-05,2.5e-05,0.001634,0.0,0.0,0.0,0.0,16,8,0
229,8,seq,0.879978,0.000962,0.000218,0.881158,205.617188,7.916016,5.678711,205.617188,34,48,0
229,8,par,0.460795,0.035931,0.02753,0.524256,200.167969,39.652344,33.542969,200.167969,34,48,0
229,8,weights,0.491798,0.040145,0.000463,0.532406,201.579102,39.948242,6.051758,201.579102,34,48,0
229,8,cpp_seq,0.008961,5.6e-05,3.6e-05,0.009055,0.0,0.0,0.0,0.0,34,48,0
229,8,cpp_par,0.004705,3.6e-05,1.7e-05,0.004759,0.0,0.0,0.0,0.0,34,48,0
229,8,cpp_adv,0.004506,4.4e-05,5.8e-05,0.004608,0.0,0.0,0.0,0.0,34,48,0
230,8,seq,0.804741,0.001179,2.597262,3.403182,155.112305,8.666992,733.992188,733.992188,44,118,1718
230,8,par,0.413524,0.030808,1.223593,1.667924,167.916016,49.788086,2713.919922,2713.919922,44,118,1718
230,8,weights,0.321954,0.033915,1.184132,1.540001,163.926758,40.795898,1562.269531,1562.269531,44,118,1718
230,8,cpp_seq,0.005954,7e-05,0.068892,0.074917,0.0,0.0,0.0,0.0,44,118,1718
230,8,cpp_par,0.008005,4.6e-05,0.064924,0.072977,0.0,0.0,0.0,0.0,44,118,1718
230,8,cpp_adv,0.007485,5.3e-05,0.06495,0.072489,0.0,0.0,0.0,0.0,44,118,1718
231,8,seq,0.508891,0.000824,0.000213,0.509929,176.535156,7.439453,5.678711,176.535156,17,16,0
231,8,par,0.231969,0.030978,0.030977,0.293924,181.728516,38.623047,33.792969,181.728516,17,16,0
231,8,weights,0.247193,0.034979,0.000534,0.282706,183.299805,39.599609,6.020508,183.299805,17,16,0
231,8,cpp_seq,0.005996,4.9e-05,1.5e-05,0.006061,0.0,0.0,0.0,0.0,17,16,0
231,8,cpp_par,0.003888,3.1e-05,1.4e-05,0.003934,0.0,0.0,0.0,0.0,17,16,0
231,8,cpp_adv,0.003253,2.9e-05,1.2e-05,0.003294,0.0,0.0,0.0,0.0,17,16,0
232,8,seq,0.42073,0.000746,0.000234,0.421709,170.644531,7.360352,5.678711,170.644531,17,6,0
232,8,par,0.211914,0.037805,0.030879,0.280597,181.005859,38.474609,34.011719,181.005859,17,6,0
232,8,weights,0.19848,0.046464,0.000791,0.245735,182.018555,39.256836,6.020508,182.018555,17,6,0
232,8,cpp_seq,0.006559,6e-05,1.8e-05,0.006638,0.0,0.0,0.0,0.0,17,6,0
232,8,cpp_par,0.003426,3.5e-05,1.8e-05,0.00348,0.0,0.0,0.0,0.0,17,6,0
232,8,cpp_adv,0.002656,2.8e-05,1.1e-05,0.002696,0.0,0.0,0.0,0.0,17,6,0
233,8,seq,0.484196,0.000887,0.07427,0.559354,166.688477,8.072266,99.375,166.688477,27,60,144
233,8,par,0.225761,0.034266,0.275833,0.53586,165.751953,39.280273,101.927734,165.751953,27,60,144
233,8,weights,0.213946,0.040673,0.257585,0.512205,166.984375,41.496094,86.214844,166.984375,27,60,144
233,8,cpp_seq,0.007537,5.8e-05,0.003346,0.010943,0.0,0.0,0.0,0.0,27,60,144
233,8,cpp_par,0.004597,3.4e-05,0.003269,0.0079,0.0,0.0,0.0,0.0,27,60,144
233,8,cpp_adv,0.004252,3.4e-05,0.003273,0.007559,0.0,0.0,0.0,0.0,27,60,144
234,8,seq,0.584178,0.000987,5.956272,6.541437,142.354492,8.588867,1524.789062,1524.789062,44,108,3716
234,8,par,0.243099,0.031909,2.561182,2.83619,161.456055,42.769531,6363.700195,6363.700195,44,108,3716
234,8,weights,0.268472,0.033071,2.523603,2.825146,163.592773,43.397461,4119.861328,4119.861328,44,108,3716
234,8,cpp_seq,0.005694,7e-05,0.148944,0.15471,0.0,0.0,0.0,0.0,44,108,3716
234,8,cpp_par,0.002745,4.1e-05,0.147978,0.150765,0.0,0.0,0.0,0.0,44,108,3716
234,8,cpp_adv,0.002602,4.1e-05,0.154128,0.156772,0.0,0.0,0.0,0.0,44,108,3716
235,8,seq,0.299661,0.0008,0.000213,0.300675,161.125,7.258789,5.678711,161.125,17,5,0
235,8,par,0.153213,0.041127,0.034542,0.228882,175.543945,39.694336,33.855469,175.543945,17,5,0
235,8,weights,0.256904,0.033953,0.000458,0.291314,176.399414,41.06543,6.020508,176.399414,17,5,0
235,8,cpp_seq,0.004115,4.6e-05,1.5e-05,0.004178,0.0,0.0,0.0,0.0,17,5,0
235,8,cpp_par,0.002233,2.6e-05,1.1e-05,0.00227,0.0,0.0,0.0,0.0,17,5,0
235,8,cpp_adv,0.001958,2.7e-05,1.1e-05,0.001996,0.0,0.0,0.0,0.0,17,5,0
236,8,seq,0.760721,0.000868,0.001242,0.76283,201.116211,7.705078,15.926758,201.116211,27,22,1
236,8,par,0.347032,0.035637,0.220826,0.603495,193.103516,39.108398,45.979492,193.103516,27,22,1
236,8,weights,0.348988,0.036214,0.21615,0.601351,194.454102,39.928711,46.432617,194.454102,27,22,1
236,8,cpp_seq,0.006915,5e-05,0.00011,0.007076,0.0,0.0,0.0,0.0,27,22,1
236,8,cpp_par,0.004483,3.8e-05,0.000111,0.004633,0.0,0.0,0.0,0.0,27,22,1
236,8,cpp_adv,0.004503,4.9e-05,0.000113,0.004666,0.0,0.0,0.0,0.0,27,22,1
237,8,seq,0.724257,0.000792,0.000186,0.725235,189.672852,7.461914,5.678711,189.672852,17,7,0
237,8,par,0.316717,0.03721,0.037513,0.39144,190.341797,39.928711,33.636719,190.341797,17,7,0
237,8,weights,0.328667,0.036055,0.000634,0.365356,191.84375,39.217773,6.020508,191.84375,17,7,0
237,8,cpp_seq,0.003157,4.7e-05,1.4e-05,0.003219,0.0,0.0,0.0,0.0,17,7,0
237,8,cpp_par,0.00215,3.7e-05,1.7e-05,0.002205,0.0,0.0,0.0,0.0,17,7,0
237,8,cpp_adv,0.001641,2.7e-05,1.2e-05,0.001681,0.0,0.0,0.0,0.0,17,7,0
238,8,seq,1.268642,0.000845,0.001544,1.271031,241.829102,7.947266,19.254883,241.829102,24,35,1
238,8,par,0.591661,0.037241,0.21883,0.847731,189.732422,39.514648,45.401367,189.732422,24,35,1
238,8,weights,0.582298,0.033757,0.26423,0.880285,192.802734,39.991211,46.049805,192.802734,24,35,1
238,8,cpp_seq,0.014194,7.3e-05,0.000155,0.014424,0.0,0.0,0.0,0.0,24,35,1
238,8,cpp_par,0.005716,3.5e-05,0.000195,0.005947,0.0,0.0,0.0,0.0,24,35,1
238,8,cpp_adv,0.006351,3.4e-05,0.000111,0.006497,0.0,0.0,0.0,0.0,24,35,1
239,8,seq,0.479013,0.000794,0.000869,0.480676,170.822266,7.861328,11.208008,170.822266,17,16,1
239,8,par,0.278259,0.035825,0.21709,0.531175,176.939453,40.545898,45.213867,176.939453,17,16,1
239,8,weights,0.21333,0.039326,0.220609,0.473264,178.71582,41.021484,45.674805,178.71582,17,16,1
239,8,cpp_seq,0.003699,6e-05,9.6e-05,0.003857,0.0,0.0,0.0,0.0,17,16,1
239,8,cpp_par,0.002229,2.9e-05,7.3e-05,0.002332,0.0,0.0,0.0,0.0,17,16,1
239,8,cpp_adv,0.002082,2.9e-05,7.2e-05,0.002183,0.0,0.0,0.0,0.0,17,16,1
240,8,seq,0.629078,0.0008,0.000206,0.630084,180.960938,7.461914,5.678711,180.960938,17,8,0
240,8,par,0.335986,0.034986,0.028768,0.39974,183.140625,39.448242,33.511719,183.140625,17,8,0
240,8,weights,0.253774,0.037676,0.000556,0.292007,184.606445,39.263672,6.020508,184.606445,17,8,0
240,8,cpp_seq,0.00389,4.7e-05,1.4e-05,0.003951,0.0,0.0,0.0,0.0,17,8,0
240,8,cpp_par,0.002075,2.7e-05,1.5e-05,0.002118,0.0,0.0,0.0,0.0,17,8,0
240,8,cpp_adv,0.002832,3.2e-05,1.6e-05,0.002882,0.0,0.0,0.0,0.0,17,8,0
241,8,seq,0.493896,0.000897,0.269524,0.764317,129.904297,8.376953,168.140625,168.140625,34,80,256
241,8,par,0.223824,0.034116,0.354805,0.612745,149.672852,41.896484,556.834961,556.834961,34,80,256
241,8,weights,0.180187,0.034599,0.359474,0.57426,151.985352,41.12207,227.25293,227.25293,34,80,256
241,8,cpp_seq,0.003253,6.2e-05,0.009909,0.013225,0.0,0.0,0.0,0.0,34,80,256
241,8,cpp_par,0.002491,5.1e-05,0.009216,0.011759,0.0,0.0,0.0,0.0,34,80,256
241,8,cpp_adv,0.002082,3.7e-05,0.009487,0.011608,0.0,0.0,0.0,0.0,34,80,256
242,8,seq,0.497262,0.000851,0.000789,0.498902,171.94043,7.923828,10.817383,171.94043,17,20,1
242,8,par,0.198289,0.042089,0.216622,0.457001,177.181641,41.762695,44.963867,177.181641,17,20,1
242,8,weights,0.191348,0.038255,0.218327,0.44793,178.804688,39.871094,45.581055,178.804688,17,20,1
242,8,cpp_seq,0.003689,5.4e-05,7e-05,0.003814,0.0,0.0,0.0,0.0,17,20,1
242,8,cpp_par,0.002185,2.8e-05,6.4e-05,0.002278,0.0,0.0,0.0,0.0,17,20,1
242,8,cpp_adv,0.002071,3e-05,6.4e-05,0.002165,0.0,0.0,0.0,0.0,17,20,1
243,8,seq,1.82912,0.000819,0.005602,1.83554,242.443359,7.728516,59.43457,242.443359,27,23,8
243,8,par,0.657438,0.031274,0.224504,0.913216,199.567383,39.741211,53.924805,199.567383,27,23,8
243,8,weights,0.559318,0.032167,0.232639,0.824124,202.254883,39.712891,52.948242,202.254883,27,23,8
243,8,cpp_seq,0.010586,5.1e-05,0.000501,0.011139,0.0,0.0,0.0,0.0,27,23,8
243,8,cpp_par,0.007056,3.3e-05,0.000508,0.007599,0.0,0.0,0.0,0.0,27,23,8
243,8,cpp_adv,0.006573,5.3e-05,0.000525,0.007151,0.0,0.0,0.0,0.0,27,23,8
244,8,seq,0.753504,0.00084,0.001375,0.755719,194.344727,7.767578,16.739258,194.344727,27,32,1
244,8,par,0.433949,0.037747,0.211349,0.683044,192.3125,39.869141,45.393555,192.3125,27,32,1
244,8,weights,0.391494,0.035257,0.218245,0.644996,194.173828,40.286133,46.018555,194.173828,27,32,1
244,8,cpp_seq,0.006699,5.3e-05,0.000103,0.006856,0.0,0.0,0.0,0.0,27,32,1
244,8,cpp_par,0.00362,3.3e-05,0.0001,0.003753,0.0,0.0,0.0,0.0,27,32,1
244,8,cpp_adv,0.004627,4.2e-05,0.00014,0.00481,0.0,0.0,0.0,0.0,27,32,1
245,8,seq,0.419898,0.000818,0.000571,0.421288,169.081055,7.672852,7.887695,169.081055,16,9,1
245,8,par,0.178891,0.043242,0.239365,0.461497,175.34668,40.104492,44.862305,175.34668,16,9,1
245,8,weights,0.185395,0.041285,0.218482,0.445162,176.597656,39.727539,45.393555,176.597656,16,9,1
245,8,cpp_seq,0.003073,4.3e-05,6.5e-05,0.003182,0.0,0.0,0.0,0.0,16,9,1
245,8,cpp_par,0.002057,2.6e-05,4.8e-05,0.002132,0.0,0.0,0.0,0.0,16,9,1
245,8,cpp_adv,0.001526,2.4e-05,4.6e-05,0.001597,0.0,0.0,0.0,0.0,16,9,1
246,8,seq,1.024245,0.000801,0.000831,1.025877,246.829102,7.681641,10.833008,246.829102,17,18,1
246,8,par,0.562811,0.048076,0.209457,0.820344,183.895508,39.102539,45.25293,183.895508,17,18,1
246,8,weights,0.48496,0.034856,0.212619,0.732436,185.652344,40.714844,45.229492,185.652344,17,18,1
246,8,cpp_seq,0.012754,4.8e-05,7.2e-05,0.012875,0.0,0.0,0.0,0.0,17,18,1
246,8,cpp_par,0.011418,3.8e-05,9.4e-05,0.011551,0.0,0.0,0.0,0.0,17,18,1
246,8,cpp_adv,0.007501,5.8e-05,7.2e-05,0.007631,0.0,0.0,0.0,0.0,17,18,1
247,8,seq,0.98914,0.000835,0.000893,0.990868,200.236328,7.556641,11.856445,200.236328,16,16,1
247,8,par,0.38562,0.041534,0.215567,0.642721,175.05957,39.570312,45.213867,175.05957,16,16,1
247,8,weights,0.413879,0.031297,0.214523,0.6597,178.34082,39.49707,45.768555,178.34082,16,16,1
247,8,cpp_seq,0.003415,4.4e-05,8.2e-05,0.003542,0.0,0.0,0.0,0.0,16,16,1
247,8,cpp_par,0.001895,4.4e-05,7.9e-05,0.002018,0.0,0.0,0.0,0.0,16,16,1
247,8,cpp_adv,0.002371,3.3e-05,0.000103,0.002508,0.0,0.0,0.0,0.0,16,16,1
248,8,seq,0.547701,0.001079,0.001284,0.550064,185.075195,7.587891,11.856445,185.075195,24,16,1
248,8,par,0.31696,0.043045,0.248976,0.60898,185.432617,39.081055,45.354492,185.432617,24,16,1
248,8,weights,0.283726,0.035843,0.242084,0.561653,187.657227,40.063477,46.143555,187.657227,24,16,1
248,8,cpp_seq,0.00541,4.6e-05,8.4e-05,0.005541,0.0,0.0,0.0,0.0,24,16,1
248,8,cpp_par,0.003091,3.7e-05,0.00012,0.003249,0.0,0.0,0.0,0.0,24,16,1
248,8,cpp_adv,0.002563,2.7e-05,8.2e-05,0.002672,0.0,0.0,0.0,0.0,24,16,1
249,8,seq,1.364189,0.001068,5.960505,7.325763,171.140625,9.323242,3167.172852,3167.172852,54,188,10272
249,8,par,0.602605,0.035455,2.727408,3.365467,170.855469,43.070312,7918.232422,7918.232422,54,188,10272
249,8,weights,0.683506,0.039212,2.89412,3.616839,172.330078,43.717773,6918.845703,6918.845703,54,188,10272
249,8,cpp_seq,0.01044,8.3e-05,0.167987,0.178511,0.0,0.0,0.0,0.0,54,188,10272
249,8,cpp_par,0.007026,5.6e-05,0.161724,0.168808,0.0,0.0,0.0,0.0,54,188,10272
249,8,cpp_adv,0.007034,6.1e-05,0.162589,0.169685,0.0,0.0,0.0,0.0,54,188,10272
250,8,seq,0.43719,0.001178,0.000713,0.439082,170.314453,7.642578,6.473633,170.314453,17,15,0
250,8,par,0.207449,0.042738,0.080878,0.331065,181.155273,39.261719,42.370117,181.155273,17,15,0
250,8,weights,0.274519,0.050532,0.062319,0.387371,181.761719,39.299805,42.401367,181.761719,17,15,0
250,8,cpp_seq,0.004421,4.9e-05,2.5e-05,0.004496,0.0,0.0,0.0,0.0,17,15,0
250,8,cpp_par,0.002674,2.9e-05,2.4e-05,0.002728,0.0,0.0,0.0,0.0,17,15,0
250,8,cpp_adv,0.002342,2.7e-05,2.1e-05,0.002389,0.0,0.0,0.0,0.0,17,15,0
251,8,seq,0.660822,0.001344,0.000362,0.662528,192.932617,7.439453,5.678711,192.932617,17,16,0
251,8,par,0.287336,0.03309,0.029866,0.350292,188.198242,38.516602,34.792969,188.198242,17,16,0
251,8,weights,0.28405,0.034791,0.00046,0.319302,192.146484,39.128906,6.020508,192.146484,17,16,0
251,8,cpp_seq,0.004621,4.9e-05,1.5e-05,0.004686,0.0,0.0,0.0,0.0,17,16,0
251,8,cpp_par,0.002719,2.8e-05,1.2e-05,0.00276,0.0,0.0,0.0,0.0,17,16,0
251,8,cpp_adv,0.002558,3e-05,1.2e-05,0.002601,0.0,0.0,0.0,0.0,17,16,0
252,8,seq,0.570471,0.000838,0.000201,0.57151,180.921875,7.580078,5.678711,180.921875,27,26,0
252,8,par,0.352364,0.046478,0.028755,0.427597,194.726562,39.430664,33.511719,194.726562,27,26,0
252,8,weights,0.307723,0.037728,0.000767,0.346218,194.725586,41.618164,6.020508,194.725586,27,26,0
252,8,cpp_seq,0.004928,9.6e-05,2e-05,0.005045,0.0,0.0,0.0,0.0,27,26,0
252,8,cpp_par,0.002442,3.1e-05,1.3e-05,0.002486,0.0,0.0,0.0,0.0,27,26,0
252,8,cpp_adv,0.002789,3e-05,1.2e-05,0.002832,0.0,0.0,0.0,0.0,27,26,0
253,8,seq,0.892726,0.001239,0.000198,0.894163,193.063477,7.407227,5.678711,193.063477,17,7,0
253,8,par,0.352499,0.031249,0.033483,0.417231,187.214844,38.265625,33.511719,187.214844,17,7,0
253,8,weights,0.365779,0.042447,0.000536,0.408762,196.25,41.913086,6.020508,196.25,17,7,0
253,8,cpp_seq,0.003527,4.7e-05,3.1e-05,0.003606,0.0,0.0,0.0,0.0,17,7,0
253,8,cpp_par,0.001971,3.4e-05,2.5e-05,0.00203,0.0,0.0,0.0,0.0,17,7,0
253,8,cpp_adv,0.001639,3.1e-05,1.5e-05,0.001686,0.0,0.0,0.0,0.0,17,7,0
254,8,seq,0.479886,0.000757,0.000829,0.481472,170.408203,7.587891,10.817383,170.408203,17,18,1
254,8,par,0.28267,0.039884,0.226705,0.549259,178.53125,38.866211,45.307617,178.53125,17,18,1
254,8,weights,0.239538,0.032277,0.223921,0.495736,178.977539,40.749023,45.956055,178.977539,17,18,1
254,8,cpp_seq,0.003085,4.8e-05,7.1e-05,0.003206,0.0,0.0,0.0,0.0,17,18,1
254,8,cpp_par,0.001858,2.8e-05,6.9e-05,0.001955,0.0,0.0,0.0,0.0,17,18,1
254,8,cpp_adv,0.001979,3.2e-05,7.1e-05,0.002082,0.0,0.0,0.0,0.0,17,18,1
255,8,seq,0.638299,0.000723,0.000203,0.639225,185.045898,7.032227,5.678711,185.045898,17,0,0
255,8,par,0.283406,0.033439,0.029309,0.346155,187.460938,37.87793,34.292969,187.460938,17,0,0
255,8,weights,0.284466,0.032317,0.00045,0.317234,189.698242,39.803711,6.020508,189.698242,17,0,0
255,8,cpp_seq,0.005458,4.5e-05,1.3e-05,0.005517,0.0,0.0,0.0,0.0,17,0,0
255,8,cpp_par,0.002944,2.6e-05,1.4e-05,0.002984,0.0,0.0,0.0,0.0,17,0,0
255,8,cpp_adv,0.002679,4.8e-05,1.1e-05,0.002738,0.0,0.0,0.0,0.0,17,0,0
256,8,seq,0.526984,0.000785,0.000888,0.528657,178.453125,7.666016,11.614258,178.453125,17,18,1
256,8,par,0.243158,0.03209,0.217077,0.492324,177.845703,39.116211,45.28418,177.845703,17,18,1
256,8,weights,0.257609,0.041391,0.209956,0.508955,178.972656,39.436523,45.948242,178.972656,17,18,1
256,8,cpp_seq,0.005933,4.8e-05,0.000122,0.006104,0.0,0.0,0.0,0.0,17,18,1
256,8,cpp_par,0.003819,2.9e-05,8e-05,0.003929,0.0,0.0,0.0,0.0,17,18,1
256,8,cpp_adv,0.003237,2.8e-05,7.7e-05,0.003343,0.0,0.0,0.0,0.0,17,18,1
257,8,seq,0.872674,0.000959,0.063822,0.937455,184.618164,8.212891,122.039062,184.618164,34,64,256
257,8,par,0.452436,0.034563,0.278756,0.765754,164.076172,40.0625,269.146484,269.146484,34,64,256
257,8,weights,0.326187,0.038792,0.255884,0.620864,166.216797,40.491211,122.933594,166.216797,34,64,256
257,8,cpp_seq,0.006396,7.6e-05,0.003845,0.01032,0.0,0.0,0.0,0.0,34,64,256
257,8,cpp_par,0.003807,3.5e-05,0.003093,0.006935,0.0,0.0,0.0,0.0,34,64,256
257,8,cpp_adv,0.003276,3.5e-05,0.003202,0.006514,0.0,0.0,0.0,0.0,34,64,256
258,8,seq,1.031348,0.00104,0.159735,1.192123,216.212891,8.267578,115.507812,216.212891,34,80,256
258,8,par,0.478135,0.032558,0.290079,0.800773,195.317383,39.834961,198.380859,198.380859,34,80,256
258,8,weights,0.471366,0.040831,0.280341,0.792538,196.259766,42.538086,125.019531,196.259766,34,80,256
258,8,cpp_seq,0.005445,6.2e-05,0.005643,0.011152,0.0,0.0,0.0,0.0,34,80,256
258,8,cpp_par,0.003616,3.7e-05,0.005639,0.009294,0.0,0.0,0.0,0.0,34,80,256
258,8,cpp_adv,0.003395,3.8e-05,0.005611,0.009045,0.0,0.0,0.0,0.0,34,80,256
259,8,seq,1.247366,0.000909,0.0102,1.258475,210.316406,8.025391,62.146484,210.316406,24,37,37
259,8,par,0.4932,0.039914,0.226705,0.759819,185.533203,41.229492,54.745117,185.533203,24,37,37
259,8,weights,0.498299,0.034511,0.230938,0.763748,188.240234,40.527344,52.354492,188.240234,24,37,37
259,8,cpp_seq,0.009403,5.3e-05,0.000726,0.010183,0.0,0.0,0.0,0.0,24,37,37
259,8,cpp_par,0.005893,3.1e-05,0.000716,0.00664,0.0,0.0,0.0,0.0,24,37,37
259,8,cpp_adv,0.004952,3e-05,0.000712,0.005695,0.0,0.0,0.0,0.0,24,37,37
260,8,seq,0.662265,0.000849,0.038016,0.70113,186.53418,8.095703,88.148438,186.53418,27,41,55
260,8,par,0.313915,0.035414,0.247592,0.596921,188.730469,39.824219,87.842773,188.730469,27,41,55
260,8,weights,0.348064,0.0315,0.232984,0.612548,190.490234,40.375,71.557617,190.490234,27,41,55
260,8,cpp_seq,0.005447,5.4e-05,0.002038,0.007541,0.0,0.0,0.0,0.0,27,41,55
260,8,cpp_par,0.004023,4.5e-05,0.002824,0.006893,0.0,0.0,0.0,0.0,27,41,55
260,8,cpp_adv,0.003638,4.4e-05,0.002238,0.005922,0.0,0.0,0.0,0.0,27,41,55
261,8,seq,0.563067,0.000908,0.047794,0.611769,177.03418,8.119141,89.84375,177.03418,27,48,61
261,8,par,0.275841,0.032313,0.239496,0.547649,184.060547,39.637695,92.436523,184.060547,27,48,61
261,8,weights,0.291177,0.033407,0.247206,0.57179,185.892578,40.904297,72.901367,185.892578,27,48,61
261,8,cpp_seq,0.003516,5.6e-05,0.002129,0.005702,0.0,0.0,0.0,0.0,27,48,61
261,8,cpp_par,0.002075,3.2e-05,0.002089,0.004197,0.0,0.0,0.0,0.0,27,48,61
261,8,cpp_adv,0.002039,4.6e-05,0.002137,0.004223,0.0,0.0,0.0,0.0,27,48,61
262,8,seq,0.5353,0.00095,0.093004,0.629253,178.042969,8.228516,96.28125,178.042969,34,68,160
262,8,par,0.26561,0.035091,0.268235,0.568936,192.870117,39.920898,109.905273,192.870117,34,68,160
262,8,weights,0.360807,0.047886,0.25289,0.661582,194.108398,40.577148,91.730469,194.108398,34,68,160
262,8,cpp_seq,0.004921,6e-05,0.004219,0.009202,0.0,0.0,0.0,0.0,34,68,160
262,8,cpp_par,0.003232,3.8e-05,0.003822,0.007092,0.0,0.0,0.0,0.0,34,68,160
262,8,cpp_adv,0.003035,3.6e-05,0.003667,0.006739,0.0,0.0,0.0,0.0,34,68,160
263,8,seq,0.67763,0.001068,0.000971,0.679669,169.917969,7.744141,12.637695,169.917969,17,22,1
263,8,par,0.321139,0.037017,0.210384,0.56854,172.724609,38.956055,45.229492,172.724609,17,22,1
263,8,weights,0.294484,0.037639,0.201151,0.533274,172.759766,40.760742,45.59668,172.759766,17,22,1
263,8,cpp_seq,0.003581,4.9e-05,7.2e-05,0.003703,0.0,0.0,0.0,0.0,17,22,1
263,8,cpp_par,0.001983,2.8e-05,7.1e-05,0.002082,0.0,0.0,0.0,0.0,17,22,1
263,8,cpp_adv,0.001873,2.9e-05,7e-05,0.001972,0.0,0.0,0.0,0.0,17,22,1
264,8,seq,1.4839,0.000834,0.000885,1.485619,239.341797,7.697266,11.598633,239.341797,17,20,1
264,8,par,0.645931,0.03337,0.199826,0.879127,186.294922,38.927734,45.135742,186.294922,17,20,1
264,8,weights,0.609395,0.041723,0.206697,0.857814,187.245117,39.49707,45.518555,187.245117,17,20,1
264,8,cpp_seq,0.010662,5.1e-05,7.5e-05,0.010788,0.0,0.0,0.0,0.0,17,20,1
264,8,cpp_par,0.005742,2.9e-05,7.2e-05,0.005844,0.0,0.0,0.0,0.0,17,20,1
264,8,cpp_adv,0.006992,0.0001,8.4e-05,0.007177,0.0,0.0,0.0,0.0,17,20,1
265,8,seq,4.520124,0.000919,0.08308,4.604122,270.243164,8.017578,106.921875,270.243164,27,52,112
265,8,par,1.095046,0.031119,0.252622,1.378787,191.15332,40.595703,124.694336,191.15332,27,52,112
265,8,weights,0.851716,0.037117,0.238309,1.127143,192.570312,40.686523,94.116211,192.570312,27,52,112
265,8,cpp_seq,0.013328,5.8e-05,0.003038,0.016426,0.0,0.0,0.0,0.0,27,52,112
265,8,cpp_par,0.007431,3.5e-05,0.003206,0.010674,0.0,0.0,0.0,0.0,27,52,112
265,8,cpp_adv,0.00838,5.6e-05,0.002979,0.011416,0.0,0.0,0.0,0.0,27,52,112
266,8,seq,0.538298,0.000894,0.038305,0.577497,177.829102,8.181641,98.913086,177.829102,34,62,192
266,8,par,0.261294,0.031821,0.234899,0.528013,190.405273,40.416016,117.982422,190.405273,34,62,192
266,8,weights,0.256137,0.03438,0.234492,0.525009,191.095703,40.801758,102.722656,191.095703,34,62,192
266,8,cpp_seq,0.004645,7.9e-05,0.002407,0.007132,0.0,0.0,0.0,0.0,34,62,192
266,8,cpp_par,0.002955,3.4e-05,0.002093,0.005082,0.0,0.0,0.0,0.0,34,62,192
266,8,cpp_adv,0.002947,5.6e-05,0.002146,0.00515,0.0,0.0,0.0,0.0,34,62,192
267,8,seq,0.502458,0.000852,0.032571,0.535881,173.109375,7.712891,88.554688,173.109375,27,36,32
267,8,par,0.224299,0.036924,0.239813,0.501036,184.358398,40.228516,83.788086,184.358398,27,36,32
267,8,weights,0.223674,0.038125,0.236036,0.497836,186.263672,39.902344,73.237305,186.263672,27,36,32
267,8,cpp_seq,0.002484,5.6e-05,0.001894,0.004436,0.0,0.0,0.0,0.0,27,36,32
267,8,cpp_par,0.001871,5e-05,0.001776,0.003698,0.0,0.0,0.0,0.0,27,36,32
267,8,cpp_adv,0.001363,3.2e-05,0.001805,0.003201,0.0,0.0,0.0,0.0,27,36,32
268,8,seq,0.525952,0.000763,0.000199,0.526915,174.916992,7.118164,5.678711,174.916992,17,2,0
268,8,par,0.264558,0.033745,0.025912,0.324214,185.680664,39.910156,33.355469,185.680664,17,2,0
268,8,weights,0.258814,0.032464,0.000753,0.292031,186.203125,39.138672,6.020508,186.203125,17,2,0
268,8,cpp_seq,0.003874,4.3e-05,1.3e-05,0.003931,0.0,0.0,0.0,0.0,17,2,0
268,8,cpp_par,0.002273,2.6e-05,1.1e-05,0.00231,0.0,0.0,0.0,0.0,17,2,0
268,8,cpp_adv,0.003011,3.8e-05,1.4e-05,0.003063,0.0,0.0,0.0,0.0,17,2,0
269,8,seq,1.716099,0.000807,0.008703,1.725609,264.698242,7.767578,59.820312,264.698242,27,26,16
269,8,par,0.926119,0.031159,0.215248,1.172525,197.838867,41.709961,72.057617,197.838867,27,26,16
269,8,weights,0.79241,0.033705,0.214738,1.040853,198.572266,41.0,53.651367,198.572266,27,26,16
269,8,cpp_seq,0.012103,5.3e-05,0.000576,0.012733,0.0,0.0,0.0,0.0,27,26,16
269,8,cpp_par,0.008269,3.2e-05,0.000582,0.008884,0.0,0.0,0.0,0.0,27,26,16
269,8,cpp_adv,0.008231,4e-05,0.000628,0.008901,0.0,0.0,0.0,0.0,27,26,16
270,8,seq,0.584531,0.000997,0.093962,0.679491,177.189453,7.978516,118.9375,177.189453,27,48,136
270,8,par,0.264232,0.032483,0.263201,0.559916,183.825195,40.327148,247.084961,247.084961,27,48,136
270,8,weights,0.266988,0.035314,0.268647,0.570949,185.398438,40.351562,103.40918,185.398438,27,48,136
270,8,cpp_seq,0.006965,5.8e-05,0.003691,0.010715,0.0,0.0,0.0,0.0,27,48,136
270,8,cpp_par,0.003669,3.4e-05,0.003682,0.007386,0.0,0.0,0.0,0.0,27,48,136
270,8,cpp_adv,0.003506,3.5e-05,0.003636,0.007178,0.0,0.0,0.0,0.0,27,48,136
271,8,seq,0.401964,0.000801,0.000206,0.402971,162.59375,7.360352,5.678711,162.59375,17,7,0
271,8,par,0.157841,0.03212,0.031653,0.221614,168.223633,40.436523,33.511719,168.223633,17,7,0
271,8,weights,0.178995,0.030951,0.000457,0.210403,168.041992,41.026367,6.020508,168.041992,17,7,0
271,8,cpp_seq,0.002054,4.6e-05,1.2e-05,0.002113,0.0,0.0,0.0,0.0,17,7,0
271,8,cpp_par,0.001272,2.6e-05,1.1e-05,0.001309,0.0,0.0,0.0,0.0,17,7,0
271,8,cpp_adv,0.001168,2.6e-05,1e-05,0.001204,0.0,0.0,0.0,0.0,17,7,0
272,8,seq,0.47148,0.000855,0.000434,0.472769,169.999023,7.461914,5.825195,169.999023,17,8,0
272,8,par,0.190367,0.036593,0.031513,0.258474,179.553711,39.241211,34.417969,179.553711,17,8,0
272,8,weights,0.17862,0.031363,0.038614,0.248596,183.447266,39.097656,34.558594,183.447266,17,8,0
272,8,cpp_seq,0.003253,4.6e-05,1.7e-05,0.003317,0.0,0.0,0.0,0.0,17,8,0
272,8,cpp_par,0.001975,2.7e-05,1.4e-05,0.002016,0.0,0.0,0.0,0.0,17,8,0
272,8,cpp_adv,0.001989,3.7e-05,1.7e-05,0.002043,0.0,0.0,0.0,0.0,17,8,0
273,8,seq,0.587492,0.000755,0.000203,0.58845,198.535156,7.165039,5.678711,198.535156,17,3,0
273,8,par,0.28895,0.038217,0.031539,0.358706,189.616211,39.880859,33.636719,189.616211,17,3,0
273,8,weights,0.240964,0.03689,0.000522,0.278376,190.523438,38.888672,6.020508,190.523438,17,3,0
273,8,cpp_seq,0.003101,7.2e-05,1.4e-05,0.003188,0.0,0.0,0.0,0.0,17,3,0
273,8,cpp_par,0.001798,2.6e-05,1.1e-05,0.001835,0.0,0.0,0.0,0.0,17,3,0
273,8,cpp_adv,0.002026,2.7e-05,1.1e-05,0.002064,0.0,0.0,0.0,0.0,17,3,0
274,8,seq,0.428933,0.000915,0.000164,0.430013,168.824219,7.266602,5.678711,168.824219,17,5,0
274,8,par,0.188955,0.041892,0.031285,0.262132,182.993164,39.612305,33.355469,182.993164,17,5,0
274,8,weights,0.208454,0.038549,0.00067,0.247673,184.615234,38.97168,6.020508,184.615234,17,5,0
274,8,cpp_seq,0.003464,4.8e-05,1.4e-05,0.003527,0.0,0.0,0.0,0.0,17,5,0
274,8,cpp_par,0.002209,9.2e-05,1.2e-05,0.002313,0.0,0.0,0.0,0.0,17,5,0
274,8,cpp_adv,0.002078,3e-05,1.2e-05,0.00212,0.0,0.0,0.0,0.0,17,5,0
275,8,seq,0.831246,0.001221,0.057855,0.890323,208.486328,7.884766,89.40625,208.486328,24,37,60
275,8,par,0.391671,0.036785,0.244564,0.67302,186.598633,39.205078,92.795898,186.598633,24,37,60
275,8,weights,0.388888,0.036719,0.222579,0.648185,187.411133,39.506836,72.495117,187.411133,24,37,60
275,8,cpp_seq,0.005766,5.5e-05,0.002007,0.007829,0.0,0.0,0.0,0.0,24,37,60
275,8,cpp_par,0.003276,3.1e-05,0.002262,0.00557,0.0,0.0,0.0,0.0,24,37,60
275,8,cpp_adv,0.003303,3.2e-05,0.002411,0.005747,0.0,0.0,0.0,0.0,24,37,60
276,8,seq,0.404173,0.00093,0.030004,0.435108,150.74707,8.134766,78.9375,150.74707,27,58,72
276,8,par,0.170742,0.031894,0.236684,0.43932,163.389648,40.955078,65.819336,163.389648,27,58,72
276,8,weights,0.176779,0.035219,0.251273,0.46327,165.047852,41.368164,55.94043,165.047852,27,58,72
276,8,cpp_seq,0.005923,6e-05,0.001462,0.007447,0.0,0.0,0.0,0.0,27,58,72
276,8,cpp_par,0.00321,3.5e-05,0.001438,0.004685,0.0,0.0,0.0,0.0,27,58,72
276,8,cpp_adv,0.003551,5.4e-05,0.001993,0.0056,0.0,0.0,0.0,0.0,27,58,72
277,8,seq,0.351164,0.001142,0.099171,0.451476,128.209961,8.142578,112.592773,128.209961,32,64,256
277,8,par,0.153434,0.036746,0.276671,0.466851,141.435547,39.652344,191.935547,191.935547,32,64,256
277,8,weights,0.163926,0.03909,0.281438,0.484454,144.554688,40.621094,124.316406,144.554688,32,64,256
277,8,cpp_seq,0.002929,5.8e-05,0.00522,0.008209,0.0,0.0,0.0,0.0,32,64,256
277,8,cpp_par,0.00235,3.2e-05,0.004992,0.007374,0.0,0.0,0.0,0.0,32,64,256
277,8,cpp_adv,0.001572,4e-05,0.005028,0.006641,0.0,0.0,0.0,0.0,32,64,256
278,8,seq,1.109092,0.000797,0.000809,1.110698,204.984375,7.673828,10.426758,204.984375,17,16,1
278,8,par,0.52756,0.034659,0.189553,0.751771,185.442383,39.201172,44.956055,185.442383,17,16,1
278,8,weights,0.493048,0.034478,0.201741,0.729266,185.164062,40.143555,45.385742,185.164062,17,16,1
278,8,cpp_seq,0.010157,5e-05,6.6e-05,0.010275,0.0,0.0,0.0,0.0,17,16,1
278,8,cpp_par,0.005736,4.3e-05,6.3e-05,0.005842,0.0,0.0,0.0,0.0,17,16,1
278,8,cpp_adv,0.006493,5.9e-05,6.8e-05,0.00662,0.0,0.0,0.0,0.0,17,16,1
279,8,seq,0.804495,0.001015,1.012266,1.817776,150.625977,8.90918,619.695312,619.695312,44,132,1948
279,8,par,0.315765,0.032024,0.8114,1.159188,161.644531,40.643555,1556.380859,1556.380859,44,132,1948
279,8,weights,0.311736,0.033111,0.659907,1.004755,164.321289,43.108398,1183.805664,1183.805664,44,132,1948
279,8,cpp_seq,0.006267,8.9e-05,0.032074,0.038431,0.0,0.0,0.0,0.0,44,132,1948
279,8,cpp_par,0.007553,4.3e-05,0.032136,0.039732,0.0,0.0,0.0,0.0,44,132,1948
279,8,cpp_adv,0.008236,5.1e-05,0.031403,0.039691,0.0,0.0,0.0,0.0,44,132,1948
280,8,seq,0.651804,0.000878,0.000428,0.65311,188.650391,7.344727,6.262695,188.650391,17,7,0
280,8,par,0.362651,0.030853,0.087981,0.481485,187.688477,39.248047,43.698242,187.688477,17,7,0
280,8,weights,0.280725,0.035285,0.097313,0.413323,188.929688,39.317383,42.97168,188.929688,17,7,0
280,8,cpp_seq,0.004932,4.6e-05,3.9e-05,0.005018,0.0,0.0,0.0,0.0,17,7,0
280,8,cpp_par,0.003346,2.8e-05,2.3e-05,0.003398,0.0,0.0,0.0,0.0,17,7,0
280,8,cpp_adv,0.002899,2.8e-05,2.3e-05,0.00295,0.0,0.0,0.0,0.0,17,7,0
281,8,seq,0.478306,0.001206,3.158848,3.63836,137.019531,8.963867,815.460938,815.460938,44,137,1816
281,8,par,0.216551,0.034865,1.392657,1.644073,157.19043,43.006836,3440.703125,3440.703125,44,137,1816
281,8,weights,0.238098,0.034504,1.351999,1.624601,159.001953,41.75,2110.118164,2110.118164,44,137,1816
281,8,cpp_seq,0.003475,7.3e-05,0.081557,0.085107,0.0,0.0,0.0,0.0,44,137,1816
281,8,cpp_par,0.006277,5.6e-05,0.078246,0.08458,0.0,0.0,0.0,0.0,44,137,1816
281,8,cpp_adv,0.002028,5e-05,0.083176,0.085256,0.0,0.0,0.0,0.0,44,137,1816
282,8,seq,0.556971,0.00082,0.111019,0.66881,181.28418,7.814453,139.648438,181.28418,27,46,144
282,8,par,0.326663,0.034907,0.270557,0.632127,178.994141,39.024414,157.366211,178.994141,27,46,144
282,8,weights,0.284147,0.037517,0.265567,0.58723,181.010742,40.729492,129.241211,181.010742,27,46,144
282,8,cpp_seq,0.003583,5.4e-05,0.005691,0.00933,0.0,0.0,0.0,0.0,27,46,144
282,8,cpp_par,0.002743,3.2e-05,0.005283,0.008058,0.0,0.0,0.0,0.0,27,46,144
282,8,cpp_adv,0.002293,3.3e-05,0.005944,0.008272,0.0,0.0,0.0,0.0,27,46,144
283,8,seq,0.562518,0.000784,0.000211,0.563513,182.514648,7.431641,5.678711,182.514648,17,10,0
283,8,par,0.289035,0.032846,0.030052,0.351934,183.789062,39.884766,33.511719,183.789062,17,10,0
283,8,weights,0.385302,0.035059,0.000614,0.420975,186.292969,39.401367,6.020508,186.292969,17,10,0
283,8,cpp_seq,0.006513,4.9e-05,1.4e-05,0.006577,0.0,0.0,0.0,0.0,17,10,0
283,8,cpp_par,0.003156,2.8e-05,1.1e-05,0.003196,0.0,0.0,0.0,0.0,17,10,0
283,8,cpp_adv,0.003576,3.5e-05,1.4e-05,0.003625,0.0,0.0,0.0,0.0,17,10,0
284,8,seq,0.484058,0.000828,0.001055,0.485942,173.355469,7.916016,13.770508,173.355469,24,32,1
284,8,par,0.248705,0.030813,0.199311,0.478829,180.695312,39.204102,44.862305,180.695312,24,32,1
284,8,weights,0.209574,0.039937,0.213855,0.463366,182.775391,41.987305,45.62793,182.775391,24,32,1
284,8,cpp_seq,0.003957,5.3e-05,8.4e-05,0.004094,0.0,0.0,0.0,0.0,24,32,1
284,8,cpp_par,0.002792,3.6e-05,8.8e-05,0.002916,0.0,0.0,0.0,0.0,24,32,1
284,8,cpp_adv,0.002231,3.3e-05,8.1e-05,0.002345,0.0,0.0,0.0,0.0,24,32,1
285,8,seq,0.53014,0.000827,0.000214,0.531181,177.958008,7.517578,5.678711,177.958008,17,13,0
285,8,par,0.279252,0.031856,0.035777,0.346885,181.552734,39.621094,33.519531,181.552734,17,13,0
285,8,weights,0.270292,0.037589,0.000679,0.308561,184.015625,40.067383,6.02832,184.015625,17,13,0
285,8,cpp_seq,0.00532,4.7e-05,1.5e-05,0.005384,0.0,0.0,0.0,0.0,17,13,0
285,8,cpp_par,0.002921,2.9e-05,1.3e-05,0.002963,0.0,0.0,0.0,0.0,17,13,0
285,8,cpp_adv,0.003656,5.3e-05,1.6e-05,0.003725,0.0,0.0,0.0,0.0,17,13,0
286,8,seq,0.833126,0.001074,4.579026,5.413226,151.366211,9.03418,1152.101562,1152.101562,44,148,2732
286,8,par,0.310588,0.038987,1.927609,2.277184,163.205078,42.217773,5138.206055,5138.206055,44,148,2732
286,8,weights,0.341582,0.037414,1.794343,2.173338,165.433594,41.773438,3286.016602,3286.016602,44,148,2732
286,8,cpp_seq,0.006058,7.5e-05,0.121768,0.127902,0.0,0.0,0.0,0.0,44,148,2732
286,8,cpp_par,0.009428,4.3e-05,0.118524,0.127996,0.0,0.0,0.0,0.0,44,148,2732
286,8,cpp_adv,0.009364,4.4e-05,0.116651,0.126061,0.0,0.0,0.0,0.0,44,148,2732
287,8,seq,1.233524,0.00106,0.000214,1.234798,214.482422,7.196289,5.678711,214.482422,17,4,0
287,8,par,0.540363,0.032739,0.028547,0.60165,193.972656,38.219727,34.542969,193.972656,17,4,0
287,8,weights,0.500315,0.03448,0.000455,0.53525,194.604492,39.375977,6.020508,194.604492,17,4,0
287,8,cpp_seq,0.00805,4.6e-05,1.3e-05,0.00811,0.0,0.0,0.0,0.0,17,4,0
287,8,cpp_par,0.00463,2.9e-05,1.4e-05,0.004674,0.0,0.0,0.0,0.0,17,4,0
287,8,cpp_adv,0.00478,3.4e-05,1.2e-05,0.004827,0.0,0.0,0.0,0.0,17,4,0
288,8,seq,0.599456,0.000933,0.000215,0.600604,180.291016,7.345703,5.678711,180.291016,27,12,0
288,8,par,0.302977,0.031788,0.033065,0.367829,193.870117,40.026367,34.011719,193.870117,27,12,0
288,8,weights,0.276578,0.034635,0.000562,0.311775,194.588867,39.120117,6.020508,194.588867,27,12,0
288,8,cpp_seq,0.00509,9.5e-05,3.5e-05,0.005222,0.0,0.0,0.0,0.0,27,12,0
288,8,cpp_par,0.002856,3.2e-05,1.3e-05,0.002901,0.0,0.0,0.0,0.0,27,12,0
288,8,cpp_adv,0.002553,3.2e-05,1.2e-05,0.002597,0.0,0.0,0.0,0.0,27,12,0
289,8,seq,0.59677,0.000863,0.053918,0.651551,192.974609,7.822266,106.523438,192.974609,24,38,80
289,8,par,0.277673,0.033732,0.263273,0.574678,186.246094,39.674805,103.413086,186.246094,24,38,80
289,8,weights,0.281909,0.03729,0.269801,0.589,187.542969,40.952148,78.983398,187.542969,24,38,80
289,8,cpp_seq,0.005028,5.2e-05,0.002736,0.007818,0.0,0.0,0.0,0.0,24,38,80
289,8,cpp_par,0.003089,3.2e-05,0.002661,0.005782,0.0,0.0,0.0,0.0,24,38,80
289,8,cpp_adv,0.00362,3.7e-05,0.002637,0.006294,0.0,0.0,0.0,0.0,24,38,80
290,8,seq,0.539179,0.000781,0.00045,0.54041,179.476562,7.556641,7.114258,179.476562,16,13,0
290,8,par,0.206194,0.040029,0.069016,0.315239,177.705078,39.374023,41.120117,177.705078,16,13,0
290,8,weights,0.25161,0.036668,0.061812,0.350089,177.958008,39.402344,42.823242,177.958008,16,13,0
290,8,cpp_seq,0.005519,4.6e-05,3e-05,0.005596,0.0,0.0,0.0,0.0,16,13,0
290,8,cpp_par,0.002906,2.5e-05,2.6e-05,0.002958,0.0,0.0,0.0,0.0,16,13,0
290,8,cpp_adv,0.002632,2.5e-05,2.6e-05,0.002683,0.0,0.0,0.0,0.0,16,13,0
291,8,seq,0.979307,0.000837,0.001128,0.981272,199.189453,7.533203,12.59082,199.189453,17,18,1
291,8,par,0.487073,0.032341,0.216326,0.73574,183.640625,40.717773,45.424805,183.640625,17,18,1
291,8,weights,0.411245,0.034921,0.228906,0.675073,185.191406,39.944336,45.737305,185.191406,17,18,1
291,8,cpp_seq,0.005723,4.8e-05,8.8e-05,0.00586,0.0,0.0,0.0,0.0,17,18,1
291,8,cpp_par,0.003616,3.9e-05,8.7e-05,0.003742,0.0,0.0,0.0,0.0,17,18,1
291,8,cpp_adv,0.003226,2.9e-05,8.5e-05,0.00334,0.0,0.0,0.0,0.0,17,18,1
292,8,seq,0.667602,0.000909,0.166419,0.834929,182.363281,8.197266,173.742188,182.363281,32,64,256
292,8,par,0.236998,0.033714,0.325488,0.5962,181.22168,40.464844,556.616211,556.616211,32,64,256
292,8,weights,0.242152,0.040309,0.30087,0.583331,182.838867,41.936523,222.385742,222.385742,32,64,256
292,8,cpp_seq,0.004406,5.4e-05,0.008439,0.0129,0.0,0.0,0.0,0.0,32,64,256
292,8,cpp_par,0.002946,3.1e-05,0.008147,0.011125,0.0,0.0,0.0,0.0,32,64,256
292,8,cpp_adv,0.002674,4.2e-05,0.008498,0.011256,0.0,0.0,0.0,0.0,32,64,256
293,8,seq,0.498839,0.000884,0.245446,0.745168,175.807617,8.275391,164.851562,175.807617,34,68,256
293,8,par,0.281344,0.036623,0.322503,0.64047,187.504883,40.975586,319.506836,319.506836,34,68,256
293,8,weights,0.244961,0.033374,0.3224,0.600735,189.604492,40.879883,215.698242,215.698242,34,68,256
293,8,cpp_seq,0.004125,5.6e-05,0.008846,0.01303,0.0,0.0,0.0,0.0,34,68,256
293,8,cpp_par,0.003083,3.6e-05,0.008471,0.011591,0.0,0.0,0.0,0.0,34,68,256
293,8,cpp_adv,0.002477,7.7e-05,0.008676,0.01123,0.0,0.0,0.0,0.0,34,68,256
294,8,seq,0.469775,0.000791,0.000835,0.471401,171.124023,7.548828,11.46582,171.124023,16,16,1
294,8,par,0.214887,0.037977,0.226826,0.47969,171.719727,39.716797,45.37793,171.719727,16,16,1
294,8,weights,0.189117,0.037636,0.211488,0.438241,174.499023,39.537109,45.75293,174.499023,16,16,1
294,8,cpp_seq,0.003662,4.4e-05,7.7e-05,0.003784,0.0,0.0,0.0,0.0,16,16,1
294,8,cpp_par,0.002342,2.7e-05,7.8e-05,0.002448,0.0,0.0,0.0,0.0,16,16,1
294,8,cpp_adv,0.001909,2.5e-05,7.4e-05,0.002008,0.0,0.0,0.0,0.0,16,16,1
295,8,seq,0.500715,0.000857,0.001048,0.50262,174.080078,7.767578,13.567383,174.080078,17,22,1
295,8,par,0.26014,0.032027,0.217281,0.509448,178.464844,39.702148,45.331055,178.464844,17,22,1
295,8,weights,0.242991,0.062406,0.230771,0.536168,179.581055,39.522461,45.948242,179.581055,17,22,1
295,8,cpp_seq,0.005355,4.9e-05,8.9e-05,0.005494,0.0,0.0,0.0,0.0,17,22,1
295,8,cpp_par,0.003439,3.3e-05,9e-05,0.003563,0.0,0.0,0.0,0.0,17,22,1
295,8,cpp_adv,0.003236,7.4e-05,9.6e-05,0.003407,0.0,0.0,0.0,0.0,17,22,1
296,8,seq,0.561642,0.000951,0.027634,0.590227,177.750977,8.126953,78.742188,177.750977,27,45,52
296,8,par,0.27078,0.037176,0.248278,0.556234,187.486328,40.512695,64.077148,187.486328,27,45,52
296,8,weights,0.270456,0.034231,0.237403,0.54209,191.65625,40.160156,57.510742,191.65625,27,45,52
296,8,cpp_seq,0.005622,5.7e-05,0.001529,0.00721,0.0,0.0,0.0,0.0,27,45,52
296,8,cpp_par,0.003457,3.2e-05,0.001472,0.004963,0.0,0.0,0.0,0.0,27,45,52
296,8,cpp_adv,0.003256,3.4e-05,0.001604,0.004896,0.0,0.0,0.0,0.0,27,45,52
297,8,seq,0.626794,0.000963,0.028517,0.656274,180.563477,8.056641,78.436523,180.563477,27,53,108
297,8,par,0.308752,0.037935,0.241097,0.587784,183.692383,38.881836,85.107422,183.692383,27,53,108
297,8,weights,0.308682,0.035052,0.232049,0.575784,187.032227,41.025391,73.957031,187.032227,27,53,108
297,8,cpp_seq,0.006766,6.1e-05,0.001865,0.008694,0.0,0.0,0.0,0.0,27,53,108
297,8,cpp_par,0.004206,4.6e-05,0.00161,0.005863,0.0,0.0,0.0,0.0,27,53,108
297,8,cpp_adv,0.004209,3.6e-05,0.001593,0.005839,0.0,0.0,0.0,0.0,27,53,108
298,8,seq,0.789871,0.000893,0.258325,1.049089,158.326172,8.259766,170.203125,170.203125,34,72,256
298,8,par,0.411459,0.032125,0.322121,0.765705,167.458984,39.577148,321.530273,321.530273,34,72,256
298,8,weights,0.410651,0.033473,0.327896,0.772021,168.332031,40.538086,223.268555,223.268555,34,72,256
298,8,cpp_seq,0.004466,6e-05,0.009779,0.014307,0.0,0.0,0.0,0.0,34,72,256
298,8,cpp_par,0.002931,3.4e-05,0.009576,0.012543,0.0,0.0,0.0,0.0,34,72,256
298,8,cpp_adv,0.0024,3.5e-05,0.009129,0.011565,0.0,0.0,0.0,0.0,34,72,256
299,8,seq,0.926654,0.000897,0.000827,0.928378,213.990234,7.595703,10.62207,213.990234,17,17,1
299,8,par,0.409914,0.043618,0.207915,0.661446,181.72168,38.307617,45.057617,181.72168,17,17,1
299,8,weights,0.409683,0.038961,0.212766,0.66141,187.563477,39.180664,45.479492,187.563477,17,17,1
299,8,cpp_seq,0.011691,4.9e-05,7e-05,0.01181,0.0,0.0,0.0,0.0,17,17,1
299,8,cpp_par,0.006284,3e-05,6.6e-05,0.006379,0.0,0.0,0.0,0.0,17,17,1
299,8,cpp_adv,0.006596,3e-05,7e-05,0.006697,0.0,0.0,0.0,0.0,17,17,1
300,8,seq,0.485371,0.000778,0.000754,0.486902,174.150391,7.611328,9.05957,174.150391,17,12,1
300,8,par,0.25662,0.043921,0.21214,0.512681,181.401367,38.859375,44.956055,181.401367,17,12,1
300,8,weights,0.2726,0.034622,0.218559,0.525781,182.864258,40.222656,45.549805,182.864258,17,12,1
300,8,cpp_seq,0.004042,4.8e-05,6.2e-05,0.004154,0.0,0.0,0.0,0.0,17,12,1
300,8,cpp_par,0.002177,2.7e-05,5.9e-05,0.002264,0.0,0.0,0.0,0.0,17,12,1
300,8,cpp_adv,0.002136,4e-05,5.9e-05,0.002237,0.0,0.0,0.0,0.0,17,12,1
301,8,seq,0.379869,0.0008,0.000923,0.381593,168.865234,7.587891,12.59082,168.865234,17,18,1
301,8,par,0.178914,0.035427,0.235789,0.450131,180.886719,38.9375,45.37793,180.886719,17,18,1
301,8,weights,0.190566,0.034541,0.219357,0.444465,182.008789,39.999023,45.987305,182.008789,17,18,1
301,8,cpp_seq,0.004517,4.8e-05,8.7e-05,0.004653,0.0,0.0,0.0,0.0,17,18,1
301,8,cpp_par,0.002501,2.8e-05,8.4e-05,0.002615,0.0,0.0,0.0,0.0,17,18,1
301,8,cpp_adv,0.0023,2.7e-05,8.4e-05,0.00241,0.0,0.0,0.0,0.0,17,18,1
302,8,seq,0.653378,0.001002,0.839225,1.493606,143.696289,8.854492,648.753906,648.753906,44,136,2007
302,8,par,0.284209,0.03873,0.565151,0.88809,162.432617,42.245117,1856.392578,1856.392578,44,136,2007
302,8,weights,0.296432,0.037585,0.552096,0.886113,163.794922,40.642578,1066.364258,1066.364258,44,136,2007
302,8,cpp_seq,0.006108,8.9e-05,0.029458,0.035657,0.0,0.0,0.0,0.0,44,136,2007
302,8,cpp_par,0.008245,5.5e-05,0.028773,0.037075,0.0,0.0,0.0,0.0,44,136,2007
302,8,cpp_adv,0.007899,4.8e-05,0.028898,0.036846,0.0,0.0,0.0,0.0,44,136,2007
303,8,seq,0.458115,0.000855,0.098157,0.557126,172.860352,7.830078,111.507812,172.860352,34,44,96
303,8,par,0.294551,0.044714,0.267163,0.606428,183.182617,39.245117,133.131836,183.182617,34,44,96
303,8,weights,0.258152,0.036391,0.277407,0.57195,184.258789,40.845703,95.014648,184.258789,34,44,96
303,8,cpp_seq,0.002794,5.9e-05,0.004446,0.0073,0.0,0.0,0.0,0.0,34,44,96
303,8,cpp_par,0.002036,4e-05,0.004015,0.006092,0.0,0.0,0.0,0.0,34,44,96
303,8,cpp_adv,0.001949,4.7e-05,0.005125,0.007123,0.0,0.0,0.0,0.0,34,44,96
304,8,seq,0.568104,0.001466,0.000788,0.570358,185.429688,7.908203,10.59082,185.429688,24,32,0
304,8,par,0.275336,0.033379,0.121865,0.430579,185.128906,39.605469,44.260742,185.128906,24,32,0
304,8,weights,0.35104,0.037333,0.135366,0.523739,185.970703,39.539062,43.87793,185.970703,24,32,0
304,8,cpp_seq,0.005155,5.2e-05,5.4e-05,0.005262,0.0,0.0,0.0,0.0,24,32,0
304,8,cpp_par,0.003307,4.2e-05,7e-05,0.003421,0.0,0.0,0.0,0.0,24,32,0
304,8,cpp_adv,0.003055,3.1e-05,7.3e-05,0.00316,0.0,0.0,0.0,0.0,24,32,0
305,8,seq,0.832968,0.000778,0.000205,0.833951,197.417969,7.563477,5.678711,197.417969,17,9,0
305,8,par,0.561401,0.031373,0.030148,0.622922,189.15918,39.294922,33.800781,189.15918,17,9,0
305,8,weights,0.358354,0.034287,0.000449,0.393091,190.958008,41.331055,6.02832,190.958008,17,9,0
305,8,cpp_seq,0.005808,7.3e-05,1.6e-05,0.005897,0.0,0.0,0.0,0.0,17,9,0
305,8,cpp_par,0.003091,2.6e-05,1.2e-05,0.003129,0.0,0.0,0.0,0.0,17,9,0
305,8,cpp_adv,0.004569,4.6e-05,1.9e-05,0.004635,0.0,0.0,0.0,0.0,17,9,0
306,8,seq,0.72728,0.000815,0.000874,0.728969,184.360352,7.517578,11.02832,184.360352,17,15,1
306,8,par,0.365146,0.034103,0.207866,0.607115,183.53418,39.055664,44.97168,183.53418,17,15,1
306,8,weights,0.398594,0.032986,0.24471,0.67629,184.375,39.19043,45.893555,184.375,17,15,1
306,8,cpp_seq,0.006202,5e-05,8.1e-05,0.006334,0.0,0.0,0.0,0.0,17,15,1
306,8,cpp_par,0.004431,4.3e-05,8.2e-05,0.004557,0.0,0.0,0.0,0.0,17,15,1
306,8,cpp_adv,0.003845,2.9e-05,7.6e-05,0.003951,0.0,0.0,0.0,0.0,17,15,1
307,8,seq,1.313306,0.001041,0.654783,1.96913,171.308594,8.78418,495.828125,495.828125,44,135,1419
307,8,par,0.448304,0.033911,0.494983,0.977198,167.53125,41.104492,990.739258,990.739258,44,135,1419
307,8,weights,0.5148,0.036885,0.522991,1.074675,170.570312,43.413086,1303.774414,1303.774414,44,135,1419
307,8,cpp_seq,0.007823,7.8e-05,0.024434,0.032336,0.0,0.0,0.0,0.0,44,135,1419
307,8,cpp_par,0.007539,4.1e-05,0.030063,0.037645,0.0,0.0,0.0,0.0,44,135,1419
307,8,cpp_adv,0.004399,4.1e-05,0.025023,0.029464,0.0,0.0,0.0,0.0,44,135,1419
308,8,seq,1.685347,0.000992,4.863913,6.550252,220.15625,8.760742,1299.03125,1299.03125,44,125,3148
308,8,par,0.978106,0.037716,2.109109,3.124932,185.832031,43.398438,5660.938477,5660.938477,44,125,3148
308,8,weights,1.048902,0.038647,2.159635,3.247184,185.839844,41.245117,3612.652344,3612.652344,44,125,3148
308,8,cpp_seq,0.013756,7.2e-05,0.12989,0.14372,0.0,0.0,0.0,0.0,44,125,3148
308,8,cpp_par,0.007644,4.4e-05,0.130714,0.138404,0.0,0.0,0.0,0.0,44,125,3148
308,8,cpp_adv,0.008949,6.7e-05,0.133659,0.142677,0.0,0.0,0.0,0.0,44,125,3148
309,8,seq,1.194251,0.000963,0.132043,1.327256,215.68457,8.267578,124.320312,215.68457,37,69,111
309,8,par,0.562683,0.040352,0.310966,0.914001,201.646484,39.984375,129.725586,201.646484,37,69,111
309,8,weights,0.513638,0.035506,0.289475,0.83862,202.675781,41.362305,97.897461,202.675781,37,69,111
309,8,cpp_seq,0.010781,6.2e-05,0.004668,0.015512,0.0,0.0,0.0,0.0,37,69,111
309,8,cpp_par,0.005578,3.5e-05,0.005868,0.011483,0.0,0.0,0.0,0.0,37,69,111
309,8,cpp_adv,0.006099,4.6e-05,0.004684,0.010829,0.0,0.0,0.0,0.0,37,69,111
310,8,seq,0.298953,0.001059,0.000914,0.300927,128.856445,7.587891,10.24707,128.856445,17,17,1
310,8,par,0.19167,0.043756,0.225972,0.461398,143.521484,38.866211,45.120117,143.521484,17,17,1
310,8,weights,0.145255,0.034556,0.235998,0.415809,141.938477,40.674805,45.588867,141.938477,17,17,1
310,8,cpp_seq,0.002595,4.7e-05,6.5e-05,0.002708,0.0,0.0,0.0,0.0,17,17,1
310,8,cpp_par,0.00168,2.9e-05,6.5e-05,0.001774,0.0,0.0,0.0,0.0,17,17,1
310,8,cpp_adv,0.001253,2.8e-05,6.3e-05,0.001344,0.0,0.0,0.0,0.0,17,17,1
311,8,seq,0.557205,0.000767,0.000201,0.558173,171.124023,7.313477,5.678711,171.124023,17,6,0
311,8,par,0.229927,0.036887,0.035965,0.302779,182.717773,38.631836,34.261719,182.717773,17,6,0
311,8,weights,0.227761,0.033077,0.000563,0.2614,183.818359,40.120117,6.020508,183.818359,17,6,0
311,8,cpp_seq,0.003557,4.6e-05,1.3e-05,0.003617,0.0,0.0,0.0,0.0,17,6,0
311,8,cpp_par,0.001987,2.6e-05,1.1e-05,0.002024,0.0,0.0,0.0,0.0,17,6,0
311,8,cpp_adv,0.00227,3e-05,1.3e-05,0.002314,0.0,0.0,0.0,0.0,17,6,0
312,8,seq,0.321624,0.000724,0.000199,0.322547,143.898438,7.118164,5.678711,143.898438,17,2,0
312,8,par,0.186275,0.038705,0.055123,0.280103,170.25293,40.116211,33.511719,170.25293,17,2,0
312,8,weights,0.166749,0.035016,0.000569,0.202333,171.185547,39.139648,6.020508,171.185547,17,2,0
312,8,cpp_seq,0.001518,4.4e-05,1.2e-05,0.001575,0.0,0.0,0.0,0.0,17,2,0
312,8,cpp_par,0.001072,2.9e-05,1.3e-05,0.001115,0.0,0.0,0.0,0.0,17,2,0
312,8,cpp_adv,0.001212,3.3e-05,1.6e-05,0.001262,0.0,0.0,0.0,0.0,17,2,0
313,8,seq,0.610795,0.000862,0.162692,0.774348,193.410156,8.181641,153.726562,193.410156,34,62,192
313,8,par,0.367571,0.032581,0.296956,0.697108,193.833008,39.875,462.459961,462.459961,34,62,192
313,8,weights,0.291719,0.038232,0.288364,0.618315,192.981445,40.507812,167.506836,192.981445,34,62,192
313,8,cpp_seq,0.006634,5.9e-05,0.007564,0.01426,0.0,0.0,0.0,0.0,34,62,192
313,8,cpp_par,0.004429,3.6e-05,0.007506,0.011972,0.0,0.0,0.0,0.0,34,62,192
313,8,cpp_adv,0.003039,4.1e-05,0.007358,0.010439,0.0,0.0,0.0,0.0,34,62,192
314,8,seq,0.519717,0.000981,0.260934,0.781632,149.904297,8.447266,169.4375,169.4375,34,88,256
314,8,par,0.280247,0.03616,0.352862,0.669269,172.760742,41.635742,342.733398,342.733398,34,88,256
314,8,weights,0.268577,0.040165,0.323736,0.632477,172.951172,40.410156,226.90918,226.90918,34,88,256
314,8,cpp_seq,0.005576,6.3e-05,0.009272,0.014912,0.0,0.0,0.0,0.0,34,88,256
314,8,cpp_par,0.003435,3.7e-05,0.010009,0.013482,0.0,0.0,0.0,0.0,34,88,256
314,8,cpp_adv,0.004183,5.7e-05,0.011016,0.015258,0.0,0.0,0.0,0.0,34,88,256
315,8,seq,0.552993,0.000821,0.000731,0.554546,174.155273,7.697266,10.418945,174.155273,17,13,1
315,8,par,0.267928,0.031351,0.219155,0.518434,180.072266,39.333008,45.268555,180.072266,17,13,1
315,8,weights,0.271596,0.035892,0.221093,0.528581,181.750977,40.685547,45.698242,181.750977,17,13,1
315,8,cpp_seq,0.004044,4.8e-05,7.4e-05,0.004167,0.0,0.0,0.0,0.0,17,13,1
315,8,cpp_par,0.003438,3.6e-05,9.4e-05,0.003569,0.0,0.0,0.0,0.0,17,13,1
315,8,cpp_adv,0.002625,2.9e-05,7.2e-05,0.002726,0.0,0.0,0.0,0.0,17,13,1
316,8,seq,0.525161,0.000851,0.095285,0.621297,186.841797,8.087891,105.210938,186.841797,34,54,160
316,8,par,0.390699,0.039718,0.281532,0.71195,190.395508,39.588867,115.733398,190.395508,34,54,160
316,8,weights,0.24123,0.035095,0.276866,0.553191,191.862305,40.085938,91.613281,191.862305,34,54,160
316,8,cpp_seq,0.004928,7.9e-05,0.004896,0.009904,0.0,0.0,0.0,0.0,34,54,160
316,8,cpp_par,0.003954,3.7e-05,0.004107,0.0081,0.0,0.0,0.0,0.0,34,54,160
316,8,cpp_adv,0.003011,3.6e-05,0.003923,0.006971,0.0,0.0,0.0,0.0,34,54,160
317,8,seq,0.609305,0.000796,0.000211,0.610311,180.566406,7.486328,5.678711,180.566406,17,18,0
317,8,par,0.313843,0.039275,0.06394,0.417058,182.142578,40.745117,34.308594,182.142578,17,18,0
317,8,weights,0.362583,0.037107,0.000957,0.400646,185.339844,39.344727,6.036133,185.339844,17,18,0
317,8,cpp_seq,0.006633,4.8e-05,1.6e-05,0.006698,0.0,0.0,0.0,0.0,17,18,0
317,8,cpp_par,0.003616,3.4e-05,1.9e-05,0.00367,0.0,0.0,0.0,0.0,17,18,0
317,8,cpp_adv,0.003312,2.9e-05,1.4e-05,0.003355,0.0,0.0,0.0,0.0,17,18,0
318,8,seq,0.423142,0.001364,0.00314,0.427646,173.342773,7.619141,33.137695,173.342773,24,24,2
318,8,par,0.171512,0.04005,0.247204,0.458766,181.231445,38.65332,48.354492,181.231445,24,24,2
318,8,weights,0.194967,0.051928,0.248574,0.495468,184.334961,39.499023,48.487305,184.334961,24,24,2
318,8,cpp_seq,0.0021,4.8e-05,0.000228,0.002378,0.0,0.0,0.0,0.0,24,24,2
318,8,cpp_par,0.001526,3e-05,0.000233,0.00179,0.0,0.0,0.0,0.0,24,24,2
318,8,cpp_adv,0.001406,2.8e-05,0.000213,0.001648,0.0,0.0,0.0,0.0,24,24,2
319,8,seq,0.423361,0.001079,0.00508,0.42952,164.793945,7.705078,10.426758,164.793945,17,18,1
319,8,par,0.197438,0.046579,0.218054,0.46207,165.720703,39.270508,44.97168,165.720703,17,18,1
319,8,weights,0.194616,0.044736,0.217882,0.457234,166.912109,41.462891,45.510742,166.912109,17,18,1
319,8,cpp_seq,0.005475,4.8e-05,6.6e-05,0.00559,0.0,0.0,0.0,0.0,17,18,1
319,8,cpp_par,0.003538,3.1e-05,6.6e-05,0.003636,0.0,0.0,0.0,0.0,17,18,1
319,8,cpp_adv,0.003071,2.9e-05,6.2e-05,0.003163,0.0,0.0,0.0,0.0,17,18,1
320,8,seq,1.293071,0.001433,0.014195,1.3087,218.765625,8.173828,73.570312,218.765625,27,52,43
320,8,par,0.649699,0.033145,0.231728,0.914572,190.734375,39.736328,56.428711,190.734375,27,52,43
320,8,weights,0.67526,0.036699,0.224739,0.936699,192.675781,40.885742,53.56543,192.675781,27,52,43
320,8,cpp_seq,0.010196,5.8e-05,0.000823,0.011078,0.0,0.0,0.0,0.0,27,52,43
320,8,cpp_par,0.00521,3.2e-05,0.000805,0.006047,0.0,0.0,0.0,0.0,27,52,43
320,8,cpp_adv,0.00609,5.6e-05,0.000804,0.006951,0.0,0.0,0.0,0.0,27,52,43
321,8,seq,0.459949,0.000749,0.00043,0.461128,170.953125,7.391602,6.458008,170.953125,16,6,0
321,8,par,0.195658,0.041959,0.12581,0.363428,177.972656,39.525391,44.026367,177.972656,16,6,0
321,8,weights,0.261081,0.049342,0.12652,0.436943,178.679688,38.972656,44.37793,178.679688,16,6,0
321,8,cpp_seq,0.003243,5.4e-05,3.8e-05,0.003337,0.0,0.0,0.0,0.0,16,6,0
321,8,cpp_par,0.001767,2.5e-05,2.6e-05,0.001819,0.0,0.0,0.0,0.0,16,6,0
321,8,cpp_adv,0.002621,3.2e-05,3.5e-05,0.002689,0.0,0.0,0.0,0.0,16,6,0
322,8,seq,0.462764,0.000904,0.000386,0.464053,171.170898,7.102539,5.825195,171.170898,17,2,0
322,8,par,0.22535,0.054,0.030262,0.309613,184.917969,38.475586,34.136719,184.917969,17,2,0
322,8,weights,0.217672,0.038975,0.031805,0.288453,185.491211,39.108398,34.621094,185.491211,17,2,0
322,8,cpp_seq,0.003502,4.8e-05,1.9e-05,0.00357,0.0,0.0,0.0,0.0,17,2,0
322,8,cpp_par,0.002459,3.3e-05,1.9e-05,0.002512,0.0,0.0,0.0,0.0,17,2,0
322,8,cpp_adv,0.001959,2.7e-05,1.4e-05,0.002,0.0,0.0,0.0,0.0,17,2,0
323,8,seq,1.252426,0.000823,0.000208,1.253456,234.486328,7.461914,5.678711,234.486328,17,8,0
323,8,par,0.536113,0.034898,0.02815,0.599161,192.480469,38.707031,33.355469,192.480469,17,8,0
323,8,weights,0.529998,0.03168,0.000504,0.562181,193.556641,39.027344,6.020508,193.556641,17,8,0
323,8,cpp_seq,0.013602,4.7e-05,1.4e-05,0.013664,0.0,0.0,0.0,0.0,17,8,0
323,8,cpp_par,0.007406,3e-05,1.5e-05,0.007452,0.0,0.0,0.0,0.0,17,8,0
323,8,cpp_adv,0.007298,5.7e-05,1.1e-05,0.007366,0.0,0.0,0.0,0.0,17,8,0
324,8,seq,0.645257,0.000923,0.263718,0.909899,179.929688,8.353516,168.640625,179.929688,34,80,256
324,8,par,0.313974,0.036816,0.346374,0.697164,185.663086,40.946289,324.545898,324.545898,34,80,256
324,8,weights,0.325669,0.037595,0.3308,0.694064,185.96875,40.955078,226.75293,226.75293,34,80,256
324,8,cpp_seq,0.003271,6.1e-05,0.009388,0.012722,0.0,0.0,0.0,0.0,34,80,256
324,8,cpp_par,0.002341,3.5e-05,0.009523,0.0119,0.0,0.0,0.0,0.0,34,80,256
324,8,cpp_adv,0.002196,3.8e-05,0.010135,0.01237,0.0,0.0,0.0,0.0,34,80,256
325,8,seq,0.60072,0.000856,0.028128,0.629704,175.743164,8.025391,79.0,175.743164,27,42,48
325,8,par,0.324565,0.035461,0.240758,0.600785,186.976562,40.056641,64.108398,186.976562,27,42,48
325,8,weights,0.266883,0.036911,0.242882,0.546677,185.668945,42.151367,57.87793,185.668945,27,42,48
325,8,cpp_seq,0.004782,7.5e-05,0.001622,0.006481,0.0,0.0,0.0,0.0,27,42,48
325,8,cpp_par,0.003223,4.8e-05,0.001565,0.004837,0.0,0.0,0.0,0.0,27,42,48
325,8,cpp_adv,0.002803,3.3e-05,0.001627,0.004464,0.0,0.0,0.0,0.0,27,42,48
326,8,seq,0.902788,0.000936,0.191605,1.095329,200.285156,8.189453,132.0,200.285156,34,68,256
326,8,par,0.403616,0.037657,0.282657,0.72393,195.209961,41.741211,339.654297,339.654297,34,68,256
326,8,weights,0.481315,0.037254,0.291531,0.8101,195.81543,40.711914,123.996094,195.81543,34,68,256
326,8,cpp_seq,0.007741,6e-05,0.00636,0.014184,0.0,0.0,0.0,0.0,34,68,256
326,8,cpp_par,0.004796,3.7e-05,0.005483,0.010316,0.0,0.0,0.0,0.0,34,68,256
326,8,cpp_adv,0.005094,6.1e-05,0.005769,0.010925,0.0,0.0,0.0,0.0,34,68,256
327,8,seq,1.080433,0.000864,0.001008,1.082306,203.255859,7.791016,13.43457,203.255859,17,20,1
327,8,par,0.479552,0.031932,0.215972,0.727456,185.904297,39.672852,45.604492,185.904297,17,20,1
327,8,weights,0.48115,0.032927,0.207024,0.721101,184.974609,39.874023,46.041992,184.974609,17,20,1
327,8,cpp_seq,0.008147,5.1e-05,9.1e-05,0.00829,0.0,0.0,0.0,0.0,17,20,1
327,8,cpp_par,0.004386,3e-05,8.9e-05,0.004505,0.0,0.0,0.0,0.0,17,20,1
327,8,cpp_adv,0.004794,5.8e-05,8.7e-05,0.004939,0.0,0.0,0.0,0.0,17,20,1
328,8,seq,0.658396,0.000932,0.035404,0.694733,177.102539,7.900391,86.101562,177.102539,27,46,160
328,8,par,0.338005,0.033054,0.25373,0.62479,176.571289,39.561523,105.630859,176.571289,27,46,160
328,8,weights,0.328924,0.04077,0.236911,0.606605,177.258789,41.341797,89.933594,177.258789,27,46,160
328,8,cpp_seq,0.004499,7.1e-05,0.002123,0.006693,0.0,0.0,0.0,0.0,27,46,160
328,8,cpp_par,0.002684,3.2e-05,0.002112,0.004829,0.0,0.0,0.0,0.0,27,46,160
328,8,cpp_adv,0.002707,3.2e-05,0.002128,0.004868,0.0,0.0,0.0,0.0,27,46,160
329,8,seq,0.846307,0.000799,0.000203,0.847309,192.264648,7.102539,5.678711,192.264648,17,2,0
329,8,par,0.37683,0.032385,0.030247,0.439462,189.862305,39.256836,33.855469,189.862305,17,2,0
329,8,weights,0.343618,0.03967,0.000466,0.383754,191.545898,39.042969,6.020508,191.545898,17,2,0
329,8,cpp_seq,0.007333,4.3e-05,1.3e-05,0.00739,0.0,0.0,0.0,0.0,17,2,0
329,8,cpp_par,0.004786,2.8e-05,1.4e-05,0.004828,0.0,0.0,0.0,0.0,17,2,0
329,8,cpp_adv,0.003948,2.8e-05,1.1e-05,0.003987,0.0,0.0,0.0,0.0,17,2,0
330,8,seq,0.517572,0.000788,0.000202,0.518562,175.222656,7.408203,5.678711,175.222656,17,12,0
330,8,par,0.210347,0.038379,0.0287,0.277426,180.618164,39.268555,33.636719,180.618164,17,12,0
330,8,weights,0.212208,0.041521,0.000516,0.254244,181.34082,40.273438,6.020508,181.34082,17,12,0
330,8,cpp_seq,0.004533,4.6e-05,1.4e-05,0.004594,0.0,0.0,0.0,0.0,17,12,0
330,8,cpp_par,0.002558,4.2e-05,1.2e-05,0.002612,0.0,0.0,0.0,0.0,17,12,0
330,8,cpp_adv,0.002723,2.9e-05,1.3e-05,0.002766,0.0,0.0,0.0,0.0,17,12,0
331,8,seq,0.425967,0.00079,0.000891,0.427649,169.945312,7.728516,10.637695,169.945312,17,17,1
331,8,par,0.207417,0.040448,0.224683,0.472548,176.87793,39.476562,45.018555,176.87793,17,17,1
331,8,weights,0.300987,0.040405,0.218341,0.559733,177.774414,39.80957,45.682617,177.774414,17,17,1
331,8,cpp_seq,0.003987,4.8e-05,7.1e-05,0.004108,0.0,0.0,0.0,0.0,17,17,1
331,8,cpp_par,0.002114,3.1e-05,6.9e-05,0.002215,0.0,0.0,0.0,0.0,17,17,1
331,8,cpp_adv,0.002052,2.9e-05,6.9e-05,0.00215,0.0,0.0,0.0,0.0,17,17,1
332,8,seq,0.778973,0.000781,0.000211,0.779964,206.999023,7.486328,5.678711,206.999023,17,10,0
332,8,par,0.396436,0.037027,0.031216,0.464679,186.553711,38.795898,34.011719,186.553711,17,10,0
332,8,weights,0.367218,0.035894,0.000695,0.403807,185.62207,39.03418,6.020508,185.62207,17,10,0
332,8,cpp_seq,0.005801,4.9e-05,1.5e-05,0.005865,0.0,0.0,0.0,0.0,17,10,0
332,8,cpp_par,0.003476,2.8e-05,1.2e-05,0.003516,0.0,0.0,0.0,0.0,17,10,0
332,8,cpp_adv,0.003307,2.7e-05,1.1e-05,0.003345,0.0,0.0,0.0,0.0,17,10,0
333,8,seq,0.461162,0.000915,0.041807,0.503885,167.720703,8.150391,85.585938,167.720703,27,60,52
333,8,par,0.227432,0.035849,0.261985,0.525266,181.450195,40.716797,82.381836,181.450195,27,60,52
333,8,weights,0.215375,0.036767,0.256971,0.509114,182.640625,40.267578,68.737305,182.640625,27,60,52
333,8,cpp_seq,0.003211,5.8e-05,0.001917,0.005186,0.0,0.0,0.0,0.0,27,60,52
333,8,cpp_par,0.002035,4.1e-05,0.002056,0.004134,0.0,0.0,0.0,0.0,27,60,52
333,8,cpp_adv,0.001707,3.3e-05,0.001904,0.003644,0.0,0.0,0.0,0.0,27,60,52
334,8,seq,0.880519,0.00097,0.094501,0.975991,206.532227,8.119141,102.578125,206.532227,34,66,96
334,8,par,0.415309,0.03208,0.263837,0.711225,199.521484,40.576172,123.334961,199.521484,34,66,96
334,8,weights,0.45514,0.037381,0.25412,0.746641,201.02832,41.401367,86.256836,201.02832,34,66,96
334,8,cpp_seq,0.007427,5.9e-05,0.003366,0.010853,0.0,0.0,0.0,0.0,34,66,96
334,8,cpp_par,0.004174,3.5e-05,0.00343,0.007641,0.0,0.0,0.0,0.0,34,66,96
334,8,cpp_adv,0.005306,4.2e-05,0.003247,0.008596,0.0,0.0,0.0,0.0,34,66,96
335,8,seq,0.441652,0.00091,0.000898,0.44346,169.803711,7.533203,11.793945,169.803711,17,17,1
335,8,par,0.190486,0.040748,0.218138,0.449372,165.104492,38.995117,45.104492,165.104492,17,17,1
335,8,weights,0.177989,0.037591,0.232412,0.447992,167.797852,39.31543,45.776367,167.797852,17,17,1
335,8,cpp_seq,0.002122,4.8e-05,8e-05,0.002251,0.0,0.0,0.0,0.0,17,17,1
335,8,cpp_par,0.001439,3.4e-05,9.7e-05,0.001572,0.0,0.0,0.0,0.0,17,17,1
335,8,cpp_adv,0.001336,2.9e-05,7.9e-05,0.001444,0.0,0.0,0.0,0.0,17,17,1
336,8,seq,0.515385,0.000962,0.001279,0.517626,174.807617,7.837891,13.37207,174.807617,17,23,1
336,8,par,0.224461,0.037211,0.211437,0.473108,178.456055,39.200195,45.174805,178.456055,17,23,1
336,8,weights,0.232795,0.046469,0.220847,0.50011,178.475586,39.714844,45.28418,178.475586,17,23,1
336,8,cpp_seq,0.006816,5.2e-05,9.5e-05,0.006964,0.0,0.0,0.0,0.0,17,23,1
336,8,cpp_par,0.003671,3e-05,8.9e-05,0.003791,0.0,0.0,0.0,0.0,17,23,1
336,8,cpp_adv,0.003007,2.8e-05,8.2e-05,0.003117,0.0,0.0,0.0,0.0,17,23,1
337,8,seq,0.669429,0.001016,0.277431,0.947876,178.765625,8.353516,169.070312,178.765625,34,80,256
337,8,par,0.28761,0.034546,0.328395,0.650551,187.998047,41.853516,376.420898,376.420898,34,80,256
337,8,weights,0.303334,0.039052,0.331388,0.673773,189.262695,40.868164,230.432617,230.432617,34,80,256
337,8,cpp_seq,0.003318,6.3e-05,0.009448,0.01283,0.0,0.0,0.0,0.0,34,80,256
337,8,cpp_par,0.002917,4.6e-05,0.009987,0.012952,0.0,0.0,0.0,0.0,34,80,256
337,8,cpp_adv,0.001666,3.6e-05,0.009323,0.011025,0.0,0.0,0.0,0.0,34,80,256
338,8,seq,0.52074,0.000918,0.001041,0.522699,169.839844,7.619141,12.96582,169.839844,17,23,1
338,8,par,0.249838,0.042274,0.212855,0.504967,174.704102,40.020508,45.120117,174.704102,17,23,1
338,8,weights,0.231062,0.037642,0.215037,0.48374,175.835938,39.899414,45.581055,175.835938,17,23,1
338,8,cpp_seq,0.006522,6.6e-05,8.3e-05,0.006672,0.0,0.0,0.0,0.0,17,23,1
338,8,cpp_par,0.004384,3.8e-05,0.000108,0.004531,0.0,0.0,0.0,0.0,17,23,1
338,8,cpp_adv,0.003227,3.1e-05,8.2e-05,0.003341,0.0,0.0,0.0,0.0,17,23,1
339,8,seq,1.77574,0.000818,0.03732,1.813877,246.667969,7.908203,85.289062,246.667969,27,42,48
339,8,par,0.784359,0.033587,0.239853,1.057798,196.94043,40.766602,81.155273,196.94043,27,42,48
339,8,weights,0.806867,0.034731,0.231786,1.073384,197.976562,40.213867,68.213867,197.976562,27,42,48
339,8,cpp_seq,0.01358,5.6e-05,0.00182,0.015457,0.0,0.0,0.0,0.0,27,42,48
339,8,cpp_par,0.007759,3.3e-05,0.001795,0.009587,0.0,0.0,0.0,0.0,27,42,48
339,8,cpp_adv,0.008328,4.7e-05,0.001826,0.010202,0.0,0.0,0.0,0.0,27,42,48
340,8,seq,0.40226,0.000888,0.000221,0.40337,167.580078,7.360352,5.678711,167.580078,17,6,0
340,8,par,0.177156,0.032758,0.030303,0.240217,182.808594,38.807617,33.511719,182.808594,17,6,0
340,8,weights,0.250824,0.054407,0.000465,0.305695,180.570312,39.347656,6.020508,180.570312,17,6,0
340,8,cpp_seq,0.002581,6.2e-05,1.4e-05,0.002658,0.0,0.0,0.0,0.0,17,6,0
340,8,cpp_par,0.001742,0.000121,1.9e-05,0.001883,0.0,0.0,0.0,0.0,17,6,0
340,8,cpp_adv,0.001445,2.6e-05,1.2e-05,0.001483,0.0,0.0,0.0,0.0,17,6,0
341,8,seq,0.8829,0.000901,0.065708,0.94951,193.488281,8.111328,88.445312,193.488281,34,60,96
341,8,par,0.379274,0.033838,0.268342,0.681454,201.688477,39.816406,87.030273,201.688477,34,60,96
341,8,weights,0.504641,0.03672,0.260597,0.801958,201.819336,40.263672,73.041992,201.819336,34,60,96
341,8,cpp_seq,0.006319,6e-05,0.002743,0.009122,0.0,0.0,0.0,0.0,34,60,96
341,8,cpp_par,0.003601,3.5e-05,0.002707,0.006343,0.0,0.0,0.0,0.0,34,60,96
341,8,cpp_adv,0.003816,3.8e-05,0.002757,0.006613,0.0,0.0,0.0,0.0,34,60,96
342,8,seq,1.110013,0.000908,0.000246,1.111166,213.396484,7.611328,5.678711,213.396484,16,10,0
342,8,par,0.482773,0.043043,0.038105,0.563921,186.419922,39.163086,33.636719,186.419922,16,10,0
342,8,weights,0.578597,0.04434,0.000521,0.623458,187.680664,40.069336,6.020508,187.680664,16,10,0
342,8,cpp_seq,0.010538,4.5e-05,1.5e-05,0.0106,0.0,0.0,0.0,0.0,16,10,0
342,8,cpp_par,0.005348,2.7e-05,1.3e-05,0.00539,0.0,0.0,0.0,0.0,16,10,0
342,8,cpp_adv,0.00687,3.6e-05,1.5e-05,0.006922,0.0,0.0,0.0,0.0,16,10,0
343,8,seq,0.473807,0.000938,0.077671,0.552416,176.617188,8.103516,114.476562,176.617188,27,49,100
343,8,par,0.284707,0.034425,0.265706,0.584838,173.366211,39.577148,246.506836,246.506836,27,49,100
343,8,weights,0.244889,0.035413,0.25263,0.532931,174.051758,41.030273,87.936523,174.051758,27,49,100
343,8,cpp_seq,0.005461,0.000749,0.003729,0.009941,0.0,0.0,0.0,0.0,27,49,100
343,8,cpp_par,0.004024,3.7e-05,0.003476,0.007537,0.0,0.0,0.0,0.0,27,49,100
343,8,cpp_adv,0.003632,3.8e-05,0.004209,0.00788,0.0,0.0,0.0,0.0,27,49,100
344,8,seq,1.366996,0.000939,0.040585,1.40852,223.179688,8.259766,87.039062,223.179688,34,70,160
344,8,par,0.661027,0.036273,0.231404,0.928704,200.228516,39.588867,112.263672,200.228516,34,70,160
344,8,weights,0.658505,0.034921,0.240231,0.933657,201.996094,40.395508,90.035156,201.996094,34,70,160
344,8,cpp_seq,0.006442,6.1e-05,0.002051,0.008555,0.0,0.0,0.0,0.0,34,70,160
344,8,cpp_par,0.004136,5.5e-05,0.00207,0.006262,0.0,0.0,0.0,0.0,34,70,160
344,8,cpp_adv,0.003619,3.6e-05,0.002013,0.005669,0.0,0.0,0.0,0.0,34,70,160
345,8,seq,0.489121,0.00107,0.001348,0.49154,187.303711,7.697266,14.981445,187.303711,27,25,1
345,8,par,0.276071,0.031693,0.20503,0.512794,190.455078,39.238281,45.213867,190.455078,27,25,1
345,8,weights,0.25732,0.033076,0.215352,0.505747,192.248047,39.871094,45.706055,192.248047,27,25,1
345,8,cpp_seq,0.004793,5.4e-05,8.8e-05,0.004936,0.0,0.0,0.0,0.0,27,25,1
345,8,cpp_par,0.003094,3.4e-05,8.7e-05,0.003216,0.0,0.0,0.0,0.0,27,25,1
345,8,cpp_adv,0.002867,4.8e-05,0.000111,0.003026,0.0,0.0,0.0,0.0,27,25,1
346,8,seq,0.78222,0.0009,0.000205,0.783325,194.181641,8.017578,5.678711,194.181641,34,64,0
346,8,par,0.331213,0.035749,0.032273,0.399236,200.791992,39.520508,33.511719,200.791992,34,64,0
346,8,weights,0.333509,0.0384,0.000631,0.37254,202.163086,40.417969,6.020508,202.163086,34,64,0
346,8,cpp_seq,0.007494,0.000102,1.6e-05,0.007614,0.0,0.0,0.0,0.0,34,64,0
346,8,cpp_par,0.003565,3.4e-05,1.3e-05,0.003612,0.0,0.0,0.0,0.0,34,64,0
346,8,cpp_adv,0.003688,3.5e-05,1.2e-05,0.003736,0.0,0.0,0.0,0.0,34,64,0
347,8,seq,0.996597,0.00084,0.001115,0.998552,200.448242,7.564453,14.99707,200.448242,17,24,1
347,8,par,0.428337,0.033856,0.208987,0.67118,185.194336,39.275391,44.94043,185.194336,17,24,1
347,8,weights,0.430297,0.037717,0.210617,0.678631,187.49707,39.725586,46.03418,187.49707,17,24,1
347,8,cpp_seq,0.009684,4.8e-05,9.4e-05,0.009827,0.0,0.0,0.0,0.0,17,24,1
347,8,cpp_par,0.005395,3e-05,9.4e-05,0.00552,0.0,0.0,0.0,0.0,17,24,1
347,8,cpp_adv,0.005393,2.8e-05,9.2e-05,0.005513,0.0,0.0,0.0,0.0,17,24,1
348,8,seq,0.433874,0.001058,0.001016,0.435949,170.366211,7.736328,13.161133,170.366211,17,22,1
348,8,par,0.195219,0.043026,0.219925,0.458171,177.988281,39.916992,44.612305,177.988281,17,22,1
348,8,weights,0.193956,0.042864,0.210208,0.447027,179.208984,40.050781,45.620117,179.208984,17,22,1
348,8,cpp_seq,0.004508,5.1e-05,9.1e-05,0.004652,0.0,0.0,0.0,0.0,17,22,1
348,8,cpp_par,0.002884,3.2e-05,8.3e-05,0.003,0.0,0.0,0.0,0.0,17,22,1
348,8,cpp_adv,0.002457,2.9e-05,8e-05,0.002566,0.0,0.0,0.0,0.0,17,22,1
349,8,seq,0.538293,0.001011,0.00113,0.540435,174.680664,7.775391,10.426758,174.680664,17,16,1
349,8,par,0.252033,0.040502,0.227576,0.52011,180.256836,39.883789,44.448242,180.256836,17,16,1
349,8,weights,0.240594,0.032848,0.208892,0.482334,180.59668,41.124023,45.385742,180.59668,17,16,1
349,8,cpp_seq,0.005242,4.9e-05,6.7e-05,0.005358,0.0,0.0,0.0,0.0,17,16,1
349,8,cpp_par,0.003587,3e-05,6.6e-05,0.003685,0.0,0.0,0.0,0.0,17,16,1
349,8,cpp_adv,0.002969,2.7e-05,6.2e-05,0.003059,0.0,0.0,0.0,0.0,17,16,1
350,8,seq,1.140827,0.001005,0.000222,1.142054,207.094727,7.000977,5.678711,207.094727,17,0,0
350,8,par,0.517262,0.033123,0.0297,0.580085,194.282227,38.512695,33.855469,194.282227,17,0,0
350,8,weights,0.492122,0.033352,0.000456,0.525929,195.077148,38.894531,6.020508,195.077148,17,0,0
350,8,cpp_seq,0.008233,4.6e-05,1.4e-05,0.008294,0.0,0.0,0.0,0.0,17,0,0
350,8,cpp_par,0.004108,6.2e-05,2.5e-05,0.004195,0.0,0.0,0.0,0.0,17,0,0
350,8,cpp_adv,0.004552,5.5e-05,1.2e-05,0.004619,0.0,0.0,0.0,0.0,17,0,0
351,8,seq,0.520971,0.000834,0.000921,0.522727,193.576172,7.556641,10.68457,193.576172,16,16,1
351,8,par,0.227627,0.039302,0.217046,0.483975,177.177734,39.522461,45.276367,177.177734,16,16,1
351,8,weights,0.226169,0.039866,0.220441,0.486477,181.389648,39.118164,45.588867,181.389648,16,16,1
351,8,cpp_seq,0.005275,4.5e-05,7e-05,0.005391,0.0,0.0,0.0,0.0,16,16,1
351,8,cpp_par,0.00272,2.6e-05,6.6e-05,0.002813,0.0,0.0,0.0,0.0,16,16,1
351,8,cpp_adv,0.002491,2.5e-05,6.5e-05,0.002582,0.0,0.0,0.0,0.0,16,16,1
352,8,seq,0.475236,0.00107,0.000392,0.476698,171.016602,7.102539,5.825195,171.016602,17,2,0
352,8,par,0.228218,0.033687,0.030926,0.292831,183.359375,38.212891,34.667969,183.359375,17,2,0
352,8,weights,0.216626,0.037873,0.031043,0.285542,185.15332,38.448242,34.558594,185.15332,17,2,0
352,8,cpp_seq,0.00372,4.5e-05,1.7e-05,0.003783,0.0,0.0,0.0,0.0,17,2,0
352,8,cpp_par,0.002015,2.6e-05,1.4e-05,0.002054,0.0,0.0,0.0,0.0,17,2,0
352,8,cpp_adv,0.002216,2.7e-05,1.5e-05,0.002259,0.0,0.0,0.0,0.0,17,2,0
353,8,seq,0.899713,0.000978,0.159048,1.059739,192.244141,8.205078,190.40625,192.244141,32,50,246
353,8,par,0.398,0.061048,0.326836,0.785883,190.898438,40.052734,486.647461,486.647461,32,50,246
353,8,weights,0.345742,0.035202,0.294537,0.675481,192.407227,41.892578,241.916992,241.916992,32,50,246
353,8,cpp_seq,0.003787,5.5e-05,0.009723,0.013567,0.0,0.0,0.0,0.0,32,50,246
353,8,cpp_par,0.002502,3.1e-05,0.009855,0.012389,0.0,0.0,0.0,0.0,32,50,246
353,8,cpp_adv,0.00192,3.2e-05,0.010045,0.011997,0.0,0.0,0.0,0.0,32,50,246
354,8,seq,0.399286,0.000859,0.012737,0.412883,167.125977,7.962891,74.5625,167.125977,24,33,27
354,8,par,0.165411,0.044984,0.243794,0.45419,163.757812,39.649414,61.338867,163.757812,24,33,27
354,8,weights,0.160259,0.034403,0.276068,0.47073,165.541016,41.327148,55.72168,165.541016,24,33,27
354,8,cpp_seq,0.003923,4.9e-05,0.001049,0.005022,0.0,0.0,0.0,0.0,24,33,27
354,8,cpp_par,0.002369,2.9e-05,0.001013,0.003412,0.0,0.0,0.0,0.0,24,33,27
354,8,cpp_adv,0.002655,3.9e-05,0.001462,0.004157,0.0,0.0,0.0,0.0,24,33,27
355,8,seq,0.471539,0.001387,0.010097,0.483023,167.946289,8.009766,70.523438,167.946289,34,52,16
355,8,par,0.189792,0.043083,0.240127,0.473003,174.96582,39.197266,49.479492,174.96582,34,52,16
355,8,weights,0.181348,0.042392,0.222877,0.446617,175.444336,40.214844,48.885742,175.444336,34,52,16
355,8,cpp_seq,0.002675,7.8e-05,0.000436,0.00319,0.0,0.0,0.0,0.0,34,52,16
355,8,cpp_par,0.001779,3.3e-05,0.000498,0.002312,0.0,0.0,0.0,0.0,34,52,16
355,8,cpp_adv,0.001584,3.9e-05,0.000461,0.002085,0.0,0.0,0.0,0.0,34,52,16
356,8,seq,0.668568,0.000946,0.185005,0.854518,147.198242,8.517578,287.00293,287.00293,40,92,889
356,8,par,0.305409,0.039171,0.348702,0.693282,152.820312,39.724609,571.705078,571.705078,40,92,889
356,8,weights,0.387933,0.032894,0.324057,0.744884,155.105469,40.385742,422.136719,422.136719,40,92,889
356,8,cpp_seq,0.005492,6.3e-05,0.008685,0.014241,0.0,0.0,0.0,0.0,40,92,889
356,8,cpp_par,0.004902,3.5e-05,0.008683,0.013621,0.0,0.0,0.0,0.0,40,92,889
356,8,cpp_adv,0.00461,5.2e-05,0.008548,0.013224,0.0,0.0,0.0,0.0,40,92,889
357,8,seq,0.47922,0.000844,0.000193,0.480258,171.641602,7.102539,5.678711,171.641602,17,1,0
357,8,par,0.231361,0.038917,0.030844,0.301122,183.039062,38.845703,34.792969,183.039062,17,1,0
357,8,weights,0.231028,0.053351,0.000461,0.28484,184.407227,38.667969,6.020508,184.407227,17,1,0
357,8,cpp_seq,0.001956,4.5e-05,1.3e-05,0.002015,0.0,0.0,0.0,0.0,17,1,0
357,8,cpp_par,0.001225,2.6e-05,1.1e-05,0.001263,0.0,0.0,0.0,0.0,17,1,0
357,8,cpp_adv,0.001053,2.5e-05,1.1e-05,0.001089,0.0,0.0,0.0,0.0,17,1,0
358,8,seq,1.185474,0.001108,0.023114,1.209696,205.595703,8.041016,74.484375,205.595703,27,42,40
358,8,par,0.506116,0.034931,0.394884,0.935931,186.657227,41.200195,68.124023,186.657227,27,42,40
358,8,weights,0.522377,0.040495,0.239635,0.802508,192.375,41.21875,65.924805,192.375,27,42,40
358,8,cpp_seq,0.004207,5.6e-05,0.001143,0.005407,0.0,0.0,0.0,0.0,27,42,40
358,8,cpp_par,0.002562,3.1e-05,0.001131,0.003724,0.0,0.0,0.0,0.0,27,42,40
358,8,cpp_adv,0.002418,3.2e-05,0.001188,0.003638,0.0,0.0,0.0,0.0,27,42,40
359,8,seq,0.682543,0.001262,0.0247,0.708506,188.943359,8.072266,86.070312,188.943359,27,46,25
359,8,par,0.333832,0.037957,0.266241,0.63803,189.145508,40.639648,69.104492,189.145508,27,46,25
359,8,weights,0.385854,0.042118,0.266668,0.69464,190.805664,40.984375,56.416992,190.805664,27,46,25
359,8,cpp_seq,0.006479,5.6e-05,0.001167,0.007703,0.0,0.0,0.0,0.0,27,46,25
359,8,cpp_par,0.004441,0.000726,0.001553,0.006722,0.0,0.0,0.0,0.0,27,46,25
359,8,cpp_adv,0.003762,3.2e-05,0.001196,0.004991,0.0,0.0,0.0,0.0,27,46,25
360,8,seq,1.237925,0.001589,0.036499,1.276013,221.0625,8.220703,82.742188,221.0625,27,54,37
360,8,par,0.614065,0.033754,0.263618,0.911437,190.628906,39.831055,86.459961,190.628906,27,54,37
360,8,weights,0.599414,0.040446,0.246237,0.886096,192.368164,41.357422,65.979492,192.368164,27,54,37
360,8,cpp_seq,0.009829,5.7e-05,0.001625,0.011512,0.0,0.0,0.0,0.0,27,54,37
360,8,cpp_par,0.005369,3.6e-05,0.001647,0.007053,0.0,0.0,0.0,0.0,27,54,37
360,8,cpp_adv,0.005676,5.4e-05,0.001594,0.007324,0.0,0.0,0.0,0.0,27,54,37
361,8,seq,0.568676,0.000902,0.095348,0.664926,177.849609,8.205078,112.140625,177.849609,27,65,120
361,8,par,0.244969,0.032949,0.295897,0.573816,185.612305,39.84668,235.655273,235.655273,27,65,120
361,8,weights,0.264988,0.0419,0.270737,0.577626,187.77832,40.291016,99.709961,187.77832,27,65,120
361,8,cpp_seq,0.006172,5.8e-05,0.004464,0.010695,0.0,0.0,0.0,0.0,27,65,120
361,8,cpp_par,0.003911,3.6e-05,0.004348,0.008296,0.0,0.0,0.0,0.0,27,65,120
361,8,cpp_adv,0.003518,3.2e-05,0.004287,0.007838,0.0,0.0,0.0,0.0,27,65,120
362,8,seq,0.378595,0.000853,0.020419,0.399868,152.59668,7.994141,74.0,152.59668,27,39,50
362,8,par,0.158479,0.044287,0.2763,0.479065,163.452148,39.038086,60.249023,163.452148,27,39,50
362,8,weights,0.166505,0.033481,0.268628,0.468614,163.780273,39.957031,55.19043,163.780273,27,39,50
362,8,cpp_seq,0.002136,5.3e-05,0.001223,0.003413,0.0,0.0,0.0,0.0,27,39,50
362,8,cpp_par,0.001384,3.2e-05,0.001182,0.002599,0.0,0.0,0.0,0.0,27,39,50
362,8,cpp_adv,0.001229,2.9e-05,0.001151,0.00241,0.0,0.0,0.0,0.0,27,39,50
363,8,seq,0.554777,0.000843,0.000209,0.55583,173.125,7.336914,5.678711,173.125,17,8,0
363,8,par,0.252888,0.038231,0.03099,0.322108,183.564453,39.944336,34.011719,183.564453,17,8,0
363,8,weights,0.260752,0.036187,0.000523,0.297461,184.825195,39.916016,6.020508,184.825195,17,8,0
363,8,cpp_seq,0.003943,4.7e-05,1.4e-05,0.004005,0.0,0.0,0.0,0.0,17,8,0
363,8,cpp_par,0.002312,2.6e-05,1.1e-05,0.00235,0.0,0.0,0.0,0.0,17,8,0
363,8,cpp_adv,0.002285,3.9e-05,1.2e-05,0.002337,0.0,0.0,0.0,0.0,17,8,0
364,8,seq,0.746402,0.000847,0.00022,0.747469,195.0,7.196289,5.678711,195.0,17,3,0
364,8,par,0.479247,0.041049,0.037459,0.557755,188.817383,38.97168,34.011719,188.817383,17,3,0
364,8,weights,0.380219,0.038993,0.000556,0.419768,190.197266,39.327148,6.020508,190.197266,17,3,0
364,8,cpp_seq,0.006942,4.4e-05,1.3e-05,0.007,0.0,0.0,0.0,0.0,17,3,0
364,8,cpp_par,0.00544,3.5e-05,1.4e-05,0.00549,0.0,0.0,0.0,0.0,17,3,0
364,8,cpp_adv,0.003473,2.5e-05,1.1e-05,0.003509,0.0,0.0,0.0,0.0,17,3,0
365,8,seq,0.434605,0.001093,0.309848,0.745546,131.638672,8.298828,168.554688,168.554688,34,84,256
365,8,par,0.246738,0.043348,0.425896,0.715981,150.268555,41.557617,397.452148,397.452148,34,84,256
365,8,weights,0.24696,0.046591,0.389761,0.683312,152.005859,40.232422,225.713867,225.713867,34,84,256
365,8,cpp_seq,0.003316,6.3e-05,0.010685,0.014066,0.0,0.0,0.0,0.0,34,84,256
365,8,cpp_par,0.002409,3.7e-05,0.010252,0.012699,0.0,0.0,0.0,0.0,34,84,256
365,8,cpp_adv,0.002222,3.7e-05,0.009883,0.012143,0.0,0.0,0.0,0.0,34,84,256
366,8,seq,1.569351,0.000824,0.001033,1.571208,240.537109,7.814453,13.176758,240.537109,17,22,1
366,8,par,0.673865,0.035285,0.206728,0.915879,185.838867,39.510742,45.34668,185.838867,17,22,1
366,8,weights,0.677653,0.033325,0.213065,0.924043,187.183594,40.643555,45.963867,187.183594,17,22,1
366,8,cpp_seq,0.011345,5e-05,8.7e-05,0.011484,0.0,0.0,0.0,0.0,17,22,1
366,8,cpp_par,0.006827,6.5e-05,8.9e-05,0.006982,0.0,0.0,0.0,0.0,17,22,1
366,8,cpp_adv,0.006369,3.1e-05,8.6e-05,0.006487,0.0,0.0,0.0,0.0,17,22,1
367,8,seq,1.039353,0.000958,0.091136,1.131448,210.371094,8.244141,102.859375,210.371094,37,61,151
367,8,par,0.501526,0.040119,0.268134,0.809779,199.322266,39.730469,127.124023,199.322266,37,61,151
367,8,weights,0.490579,0.03299,0.274204,0.797773,203.495117,39.976562,92.663086,203.495117,37,61,151
367,8,cpp_seq,0.010311,6.1e-05,0.00442,0.014794,0.0,0.0,0.0,0.0,37,61,151
367,8,cpp_par,0.005353,3.4e-05,0.004398,0.009787,0.0,0.0,0.0,0.0,37,61,151
367,8,cpp_adv,0.006939,4.9e-05,0.004373,0.011362,0.0,0.0,0.0,0.0,37,61,151
368,8,seq,0.481918,0.000842,0.000386,0.483146,175.28125,7.525391,5.825195,175.28125,17,14,0
368,8,par,0.308137,0.03367,0.030996,0.372803,178.699219,38.44043,34.761719,178.699219,17,14,0
368,8,weights,0.248536,0.050935,0.031263,0.330735,184.204102,39.495117,34.558594,184.204102,17,14,0
368,8,cpp_seq,0.003799,5.1e-05,1.9e-05,0.003869,0.0,0.0,0.0,0.0,17,14,0
368,8,cpp_par,0.002264,3.2e-05,1.7e-05,0.002317,0.0,0.0,0.0,0.0,17,14,0
368,8,cpp_adv,0.003129,3.5e-05,1.8e-05,0.003183,0.0,0.0,0.0,0.0,17,14,0
369,8,seq,0.437035,0.000773,0.000205,0.438013,170.842773,7.438477,5.678711,170.842773,17,8,0
369,8,par,0.221402,0.038472,0.03245,0.292325,183.207031,39.912109,33.792969,183.207031,17,8,0
369,8,weights,0.331032,0.039144,0.000747,0.370923,183.936523,39.180664,6.020508,183.936523,17,8,0
369,8,cpp_seq,0.003372,4.7e-05,1.3e-05,0.003434,0.0,0.0,0.0,0.0,17,8,0
369,8,cpp_par,0.002118,2.7e-05,1.2e-05,0.002157,0.0,0.0,0.0,0.0,17,8,0
369,8,cpp_adv,0.002302,3.8e-05,1.3e-05,0.002354,0.0,0.0,0.0,0.0,17,8,0
370,8,seq,1.165469,0.000769,0.000207,1.166444,214.47168,7.102539,5.678711,214.47168,17,2,0
370,8,par,0.84136,0.037876,0.040346,0.919582,191.733398,38.501953,33.511719,191.733398,17,2,0
370,8,weights,0.558937,0.032444,0.00046,0.591841,193.666016,38.604492,6.020508,193.666016,17,2,0
370,8,cpp_seq,0.008567,4.7e-05,1.5e-05,0.00863,0.0,0.0,0.0,0.0,17,2,0
370,8,cpp_par,0.005484,2.8e-05,1.3e-05,0.005526,0.0,0.0,0.0,0.0,17,2,0
370,8,cpp_adv,0.004754,5.7e-05,1.1e-05,0.004822,0.0,0.0,0.0,0.0,17,2,0
371,8,seq,0.234241,0.000828,0.000795,0.235864,120.083008,7.587891,10.231445,120.083008,17,17,1
371,8,par,0.149118,0.038141,0.241095,0.428354,142.389648,40.612305,44.97168,142.389648,17,17,1
371,8,weights,0.120801,0.039035,0.238348,0.398184,143.314453,39.65332,45.526367,143.314453,17,17,1
371,8,cpp_seq,0.001919,4.9e-05,6.7e-05,0.002036,0.0,0.0,0.0,0.0,17,17,1
371,8,cpp_par,0.001325,3.1e-05,6.6e-05,0.001424,0.0,0.0,0.0,0.0,17,17,1
371,8,cpp_adv,0.001043,3.5e-05,7.8e-05,0.001157,0.0,0.0,0.0,0.0,17,17,1
372,8,seq,1.196345,0.000955,0.253736,1.451035,216.986328,10.533203,187.226562,216.986328,34,76,256
372,8,par,0.412176,0.035873,0.331702,0.77975,182.59668,42.117188,562.163086,562.163086,34,76,256
372,8,weights,0.465967,0.038418,0.334209,0.838594,184.025391,40.722656,222.53418,222.53418,34,76,256
372,8,cpp_seq,0.01191,6.2e-05,0.010065,0.022039,0.0,0.0,0.0,0.0,34,76,256
372,8,cpp_par,0.007247,4.2e-05,0.010682,0.017973,0.0,0.0,0.0,0.0,34,76,256
372,8,cpp_adv,0.007505,5.6e-05,0.009269,0.016831,0.0,0.0,0.0,0.0,34,76,256
373,8,seq,1.000619,0.001497,0.000488,1.002604,199.276367,7.650391,6.270508,199.276367,24,12,0
373,8,par,0.381098,0.035202,0.065452,0.481752,189.181641,39.238281,42.112305,189.181641,24,12,0
373,8,weights,0.304156,0.03583,0.063985,0.403971,190.449219,39.12793,41.393555,190.449219,24,12,0
373,8,cpp_seq,0.003455,4.5e-05,2.3e-05,0.003524,0.0,0.0,0.0,0.0,24,12,0
373,8,cpp_par,0.002089,3.2e-05,2.3e-05,0.002145,0.0,0.0,0.0,0.0,24,12,0
373,8,cpp_adv,0.001819,3.1e-05,2.1e-05,0.001872,0.0,0.0,0.0,0.0,24,12,0
374,8,seq,0.801054,0.000974,0.2917,1.093728,155.478516,8.291016,165.390625,165.390625,34,80,256
374,8,par,0.353012,0.034201,0.334675,0.721887,161.535156,41.298828,324.702148,324.702148,34,80,256
374,8,weights,0.35067,0.037416,0.337373,0.725459,164.571289,41.96582,220.745117,220.745117,34,80,256
374,8,cpp_seq,0.006783,6.1e-05,0.009335,0.016181,0.0,0.0,0.0,0.0,34,80,256
374,8,cpp_par,0.004327,3.8e-05,0.009592,0.013958,0.0,0.0,0.0,0.0,34,80,256
374,8,cpp_adv,0.003703,5.4e-05,0.009239,0.012997,0.0,0.0,0.0,0.0,34,80,256
375,8,seq,0.46519,0.000883,0.102103,0.568176,140.269531,8.197266,116.889648,140.269531,32,64,256
375,8,par,0.184625,0.059208,0.298162,0.541994,155.539062,40.089844,150.389648,155.539062,32,64,256
375,8,weights,0.162143,0.038886,0.29757,0.498599,157.057617,41.243164,123.769531,157.057617,32,64,256
375,8,cpp_seq,0.002519,5.7e-05,0.005057,0.007634,0.0,0.0,0.0,0.0,32,64,256
375,8,cpp_par,0.002721,5e-05,0.005735,0.008507,0.0,0.0,0.0,0.0,32,64,256
375,8,cpp_adv,0.001416,3.1e-05,0.005545,0.006993,0.0,0.0,0.0,0.0,32,64,256
376,8,seq,1.003513,0.000752,0.000285,1.00455,208.692383,7.165039,5.678711,208.692383,17,2,0
376,8,par,0.41899,0.038658,0.03178,0.489427,194.800781,38.12793,33.792969,194.800781,17,2,0
376,8,weights,0.42527,0.03361,0.000656,0.459535,196.299805,39.282227,6.020508,196.299805,17,2,0
376,8,cpp_seq,0.009045,4.5e-05,1.3e-05,0.009104,0.0,0.0,0.0,0.0,17,2,0
376,8,cpp_par,0.005309,2.6e-05,1.3e-05,0.005348,0.0,0.0,0.0,0.0,17,2,0
376,8,cpp_adv,0.005962,5.2e-05,1.3e-05,0.006028,0.0,0.0,0.0,0.0,17,2,0
377,8,seq,0.629373,0.000903,0.157105,0.787381,173.860352,8.173828,117.328125,173.860352,34,68,256
377,8,par,0.255535,0.04317,0.39321,0.691915,188.086914,39.536133,145.724609,188.086914,34,68,256
377,8,weights,0.446289,0.045846,0.350465,0.842599,190.151367,40.027344,124.152344,190.151367,34,68,256
377,8,cpp_seq,0.004926,6.1e-05,0.006374,0.011363,0.0,0.0,0.0,0.0,34,68,256
377,8,cpp_par,0.003383,3.5e-05,0.006103,0.009522,0.0,0.0,0.0,0.0,34,68,256
377,8,cpp_adv,0.003763,4.2e-05,0.006227,0.010033,0.0,0.0,0.0,0.0,34,68,256
378,8,seq,0.35903,0.000889,0.000425,0.360345,166.955078,7.555664,6.270508,166.955078,16,8,0
378,8,par,0.16477,0.033021,0.058654,0.256445,163.582031,39.022461,42.393555,163.582031,16,8,0
378,8,weights,0.228216,0.034765,0.062448,0.325428,164.733398,39.588867,41.893555,164.733398,16,8,0
378,8,cpp_seq,0.003556,4.2e-05,2.2e-05,0.003622,0.0,0.0,0.0,0.0,16,8,0
378,8,cpp_par,0.002,2.5e-05,2.2e-05,0.002048,0.0,0.0,0.0,0.0,16,8,0
378,8,cpp_adv,0.001781,2.4e-05,2e-05,0.001825,0.0,0.0,0.0,0.0,16,8,0
379,8,seq,0.943049,0.000825,0.001108,0.944982,211.713867,7.892578,12.981445,211.713867,17,21,1
379,8,par,0.921394,0.032262,0.205952,1.159608,184.055664,39.654297,45.401367,184.055664,17,21,1
379,8,weights,0.405983,0.036721,0.215086,0.657789,185.767578,40.407227,45.948242,185.767578,17,21,1
379,8,cpp_seq,0.008129,4.9e-05,8.7e-05,0.008266,0.0,0.0,0.0,0.0,17,21,1
379,8,cpp_par,0.005074,3.9e-05,0.000106,0.005221,0.0,0.0,0.0,0.0,17,21,1
379,8,cpp_adv,0.005369,5.5e-05,8.7e-05,0.005512,0.0,0.0,0.0,0.0,17,21,1
380,8,seq,0.97087,0.000746,0.000204,0.97182,190.541016,7.305664,5.678711,190.541016,17,7,0
380,8,par,0.356778,0.03318,0.028513,0.41847,188.576172,38.943359,33.605469,188.576172,17,7,0
380,8,weights,0.346478,0.034618,0.00047,0.381565,189.527344,40.803711,6.020508,189.527344,17,7,0
380,8,cpp_seq,0.00808,4.6e-05,1.3e-05,0.00814,0.0,0.0,0.0,0.0,17,7,0
380,8,cpp_par,0.004737,2.8e-05,1.3e-05,0.004779,0.0,0.0,0.0,0.0,17,7,0
380,8,cpp_adv,0.004664,2.9e-05,1.3e-05,0.004706,0.0,0.0,0.0,0.0,17,7,0
381,8,seq,1.027708,0.000935,0.249548,1.278191,215.055664,8.306641,168.359375,215.055664,34,72,256
381,8,par,0.555241,0.032948,0.416243,1.004431,181.733398,40.549805,322.944336,322.944336,34,72,256
381,8,weights,0.605287,0.031269,0.332245,0.968801,189.003906,45.803711,424.518555,424.518555,34,72,256
381,8,cpp_seq,0.011255,6.9e-05,0.010027,0.021353,0.0,0.0,0.0,0.0,34,72,256
381,8,cpp_par,0.006491,3.6e-05,0.009133,0.015661,0.0,0.0,0.0,0.0,34,72,256
381,8,cpp_adv,0.007107,5.2e-05,0.008929,0.016089,0.0,0.0,0.0,0.0,34,72,256
382,8,seq,0.599706,0.00069,0.000206,0.600602,184.584961,7.000977,5.678711,184.584961,17,0,0
382,8,par,0.310597,0.033908,0.029343,0.373848,188.326172,39.28125,34.292969,188.326172,17,0,0
382,8,weights,0.267565,0.03067,0.000462,0.298697,189.886719,38.299805,6.020508,189.886719,17,0,0
382,8,cpp_seq,0.004937,5.5e-05,1.7e-05,0.005009,0.0,0.0,0.0,0.0,17,0,0
382,8,cpp_par,0.002911,2.9e-05,1.2e-05,0.002953,0.0,0.0,0.0,0.0,17,0,0
382,8,cpp_adv,0.003334,2.9e-05,1.3e-05,0.003376,0.0,0.0,0.0,0.0,17,0,0
383,8,seq,0.501301,0.000851,0.000796,0.502948,173.918945,7.658203,10.426758,173.918945,17,18,1
383,8,par,0.242981,0.035716,0.204761,0.483459,182.335938,39.749023,44.963867,182.335938,17,18,1
383,8,weights,0.245151,0.033184,0.204937,0.483272,183.185547,40.131836,45.018555,183.185547,17,18,1
383,8,cpp_seq,0.004527,6.6e-05,6.7e-05,0.004661,0.0,0.0,0.0,0.0,17,18,1
383,8,cpp_par,0.0028,3e-05,6.4e-05,0.002895,0.0,0.0,0.0,0.0,17,18,1
383,8,cpp_adv,0.002832,3.1e-05,6.6e-05,0.00293,0.0,0.0,0.0,0.0,17,18,1
384,8,seq,0.52816,0.000748,0.000203,0.529111,179.90918,7.430664,5.678711,179.90918,17,9,0
384,8,par,0.252026,0.035544,0.031843,0.319413,184.856445,38.988281,33.761719,184.856445,17,9,0
384,8,weights,0.255756,0.034626,0.00069,0.291073,187.975586,39.225586,6.020508,187.975586,17,9,0
384,8,cpp_seq,0.005485,4.6e-05,1.4e-05,0.005546,0.0,0.0,0.0,0.0,17,9,0
384,8,cpp_par,0.002744,8.7e-05,1.7e-05,0.002848,0.0,0.0,0.0,0.0,17,9,0
384,8,cpp_adv,0.002728,4.8e-05,1.2e-05,0.002788,0.0,0.0,0.0,0.0,17,9,0
385,8,seq,0.544688,0.000834,0.000944,0.546467,174.736328,7.681641,12.200195,174.736328,17,19,1
385,8,par,0.245981,0.032664,0.20867,0.487315,178.743164,39.507812,45.354492,178.743164,17,19,1
385,8,weights,0.240104,0.034571,0.199991,0.474667,181.558594,41.044922,45.854492,181.558594,17,19,1
385,8,cpp_seq,0.003815,4.7e-05,8.1e-05,0.003944,0.0,0.0,0.0,0.0,17,19,1
385,8,cpp_par,0.002375,3.1e-05,8.3e-05,0.00249,0.0,0.0,0.0,0.0,17,19,1
385,8,cpp_adv,0.002251,3.1e-05,7.9e-05,0.002361,0.0,0.0,0.0,0.0,17,19,1
386,8,seq,0.824527,0.00087,0.160978,0.986374,218.525391,8.166016,134.234375,218.525391,34,60,160
386,8,par,0.48921,0.034632,0.274716,0.798558,194.443359,39.963867,220.530273,220.530273,34,60,160
386,8,weights,0.416156,0.045827,0.283593,0.745576,195.484375,40.554688,155.374023,195.484375,34,60,160
386,8,cpp_seq,0.008385,5.9e-05,0.005869,0.014315,0.0,0.0,0.0,0.0,34,60,160
386,8,cpp_par,0.005961,3.7e-05,0.005743,0.011741,0.0,0.0,0.0,0.0,34,60,160
386,8,cpp_adv,0.00486,5.3e-05,0.005626,0.010539,0.0,0.0,0.0,0.0,34,60,160
387,8,seq,0.376778,0.000725,0.000484,0.377986,169.623047,7.336914,7.49707,169.623047,16,6,0
387,8,par,0.26323,0.038793,0.099224,0.401248,176.901367,39.951172,43.97168,176.901367,16,6,0
387,8,weights,0.168787,0.031949,0.08851,0.289245,179.376953,38.936523,42.862305,179.376953,16,6,0
387,8,cpp_seq,0.002985,6e-05,3.5e-05,0.003081,0.0,0.0,0.0,0.0,16,6,0
387,8,cpp_par,0.00166,2.3e-05,3e-05,0.001714,0.0,0.0,0.0,0.0,16,6,0
387,8,cpp_adv,0.001745,2.3e-05,5.3e-05,0.001822,0.0,0.0,0.0,0.0,16,6,0
388,8,seq,0.788512,0.000843,0.000356,0.789711,202.229492,7.509766,5.825195,202.229492,17,17,0
388,8,par,0.346655,0.038492,0.035308,0.420455,189.055664,38.871094,34.480469,189.055664,17,17,0
388,8,weights,0.345445,0.035708,0.032535,0.413688,190.576172,40.466797,34.621094,190.576172,17,17,0
388,8,cpp_seq,0.008719,4.9e-05,1.9e-05,0.008787,0.0,0.0,0.0,0.0,17,17,0
388,8,cpp_par,0.005731,3.9e-05,1.6e-05,0.005787,0.0,0.0,0.0,0.0,17,17,0
388,8,cpp_adv,0.005167,6.2e-05,2.2e-05,0.005252,0.0,0.0,0.0,0.0,17,17,0
389,8,seq,1.191026,0.000776,0.000752,1.192555,213.443359,7.759766,10.293945,213.443359,17,15,1
389,8,par,0.522436,0.031553,0.21641,0.770399,185.21875,39.052734,45.112305,185.21875,17,15,1
389,8,weights,0.510517,0.032335,0.222748,0.765601,185.373047,39.685547,45.651367,185.373047,17,15,1
389,8,cpp_seq,0.008476,4.9e-05,7.1e-05,0.008596,0.0,0.0,0.0,0.0,17,15,1
389,8,cpp_par,0.004706,2.8e-05,8e-05,0.004815,0.0,0.0,0.0,0.0,17,15,1
389,8,cpp_adv,0.0052,6.2e-05,6.6e-05,0.005329,0.0,0.0,0.0,0.0,17,15,1
390,8,seq,0.959459,0.000771,0.000238,0.960468,215.364258,7.455078,5.678711,215.364258,17,10,0
390,8,par,0.439846,0.040579,0.029822,0.510247,190.244141,39.530273,33.511719,190.244141,17,10,0
390,8,weights,0.427232,0.033701,0.000628,0.461562,191.700195,39.541992,6.020508,191.700195,17,10,0
390,8,cpp_seq,0.008207,4.8e-05,2.9e-05,0.008285,0.0,0.0,0.0,0.0,17,10,0
390,8,cpp_par,0.004217,3e-05,1.4e-05,0.004262,0.0,0.0,0.0,0.0,17,10,0
390,8,cpp_adv,0.004299,2.9e-05,1.1e-05,0.004339,0.0,0.0,0.0,0.0,17,10,0
391,8,seq,0.439408,0.00091,0.088097,0.528416,150.167969,8.337891,113.15625,150.167969,34,72,256
391,8,par,0.176905,0.041145,0.277897,0.495946,162.869141,39.854492,142.380859,162.869141,34,72,256
391,8,weights,0.204218,0.038468,0.275892,0.518578,164.063477,40.522461,121.800781,164.063477,34,72,256
391,8,cpp_seq,0.005507,6.2e-05,0.003511,0.009081,0.0,0.0,0.0,0.0,34,72,256
391,8,cpp_par,0.003308,3.6e-05,0.003376,0.006721,0.0,0.0,0.0,0.0,34,72,256
391,8,cpp_adv,0.002878,4.9e-05,0.003444,0.006372,0.0,0.0,0.0,0.0,34,72,256
392,8,seq,0.818884,0.00082,0.000434,0.820138,199.28418,7.580078,6.71582,199.28418,16,10,0
392,8,par,0.323264,0.036621,0.06632,0.426205,184.147461,39.74707,42.612305,184.147461,16,10,0
392,8,weights,0.317973,0.033321,0.063725,0.41502,185.800781,38.901367,42.06543,185.800781,16,10,0
392,8,cpp_seq,0.005694,5.3e-05,2.9e-05,0.005777,0.0,0.0,0.0,0.0,16,10,0
392,8,cpp_par,0.003032,2.5e-05,2.5e-05,0.003083,0.0,0.0,0.0,0.0,16,10,0
392,8,cpp_adv,0.002724,2.4e-05,2.3e-05,0.002772,0.0,0.0,0.0,0.0,16,10,0
393,8,seq,0.544128,0.000796,0.000902,0.545826,175.46875,7.720703,12.004883,175.46875,17,18,1
393,8,par,0.249366,0.037084,0.221174,0.507625,176.423828,38.746094,45.338867,176.423828,17,18,1
393,8,weights,0.233807,0.031535,0.224222,0.489564,179.016602,39.473633,45.885742,179.016602,17,18,1
393,8,cpp_seq,0.003991,4.8e-05,8.4e-05,0.004124,0.0,0.0,0.0,0.0,17,18,1
393,8,cpp_par,0.002418,2.8e-05,8.3e-05,0.00253,0.0,0.0,0.0,0.0,17,18,1
393,8,cpp_adv,0.003396,3.9e-05,0.000112,0.003548,0.0,0.0,0.0,0.0,17,18,1
394,8,seq,1.216784,0.001196,0.052979,1.270959,226.303711,7.673828,88.359375,226.303711,27,38,32
394,8,par,0.612474,0.035387,0.243625,0.891486,198.942383,38.963867,84.022461,198.942383,27,38,32
394,8,weights,0.576615,0.036458,0.23248,0.845553,199.912109,39.503906,73.206055,199.912109,27,38,32
394,8,cpp_seq,0.012577,5.5e-05,0.001642,0.014275,0.0,0.0,0.0,0.0,27,38,32
394,8,cpp_par,0.006927,4.1e-05,0.001638,0.008607,0.0,0.0,0.0,0.0,27,38,32
394,8,cpp_adv,0.006652,5.2e-05,0.001638,0.008342,0.0,0.0,0.0,0.0,27,38,32
395,8,seq,0.477493,0.00083,0.000898,0.479221,179.523438,7.548828,11.02832,179.523438,17,15,1
395,8,par,0.250194,0.033152,0.219018,0.502364,180.65625,38.902344,45.166992,180.65625,17,15,1
395,8,weights,0.241739,0.034969,0.225673,0.502382,180.794922,39.34668,45.956055,180.794922,17,15,1
395,8,cpp_seq,0.003788,5.7e-05,8.5e-05,0.003932,0.0,0.0,0.0,0.0,17,15,1
395,8,cpp_par,0.002519,3.1e-05,7.9e-05,0.00263,0.0,0.0,0.0,0.0,17,15,1
395,8,cpp_adv,0.002233,2.8e-05,7.5e-05,0.002336,0.0,0.0,0.0,0.0,17,15,1
396,8,seq,0.788981,0.000877,0.067057,0.856915,182.712891,7.900391,97.09375,182.712891,27,46,112
396,8,par,0.395536,0.033025,0.271446,0.700006,184.276367,40.298828,101.889648,184.276367,27,46,112
396,8,weights,0.369402,0.035433,0.244595,0.649431,186.299805,39.367188,78.566406,186.299805,27,46,112
396,8,cpp_seq,0.004448,5.6e-05,0.003175,0.00768,0.0,0.0,0.0,0.0,27,46,112
396,8,cpp_par,0.002613,3.3e-05,0.00316,0.005806,0.0,0.0,0.0,0.0,27,46,112
396,8,cpp_adv,0.002564,3.3e-05,0.003132,0.00573,0.0,0.0,0.0,0.0,27,46,112
397,8,seq,1.100107,0.000865,0.016608,1.117579,231.220703,8.041016,75.3125,231.220703,27,43,20
397,8,par,0.638284,0.032435,0.220837,0.891556,186.05957,39.963867,54.893555,186.05957,27,43,20
397,8,weights,0.526596,0.034651,0.229406,0.790653,186.795898,41.766602,54.75293,186.795898,27,43,20
397,8,cpp_seq,0.008676,0.000115,0.00073,0.009521,0.0,0.0,0.0,0.0,27,43,20
397,8,cpp_par,0.005999,6.1e-05,0.00081,0.006871,0.0,0.0,0.0,0.0,27,43,20
397,8,cpp_adv,0.00529,6.2e-05,0.00079,0.006143,0.0,0.0,0.0,0.0,27,43,20
398,8,seq,0.480277,0.000943,0.239658,0.720878,175.692383,8.275391,165.804688,175.692383,34,72,256
398,8,par,0.225138,0.034994,0.384838,0.644971,187.650391,40.193359,275.420898,275.420898,34,72,256
398,8,weights,0.226198,0.034463,0.318646,0.579307,189.125977,40.683594,197.112305,197.112305,34,72,256
398,8,cpp_seq,0.002705,6.2e-05,0.007822,0.01059,0.0,0.0,0.0,0.0,34,72,256
398,8,cpp_par,0.00245,3.5e-05,0.00846,0.010945,0.0,0.0,0.0,0.0,34,72,256
398,8,cpp_adv,0.001833,5.6e-05,0.00791,0.0098,0.0,0.0,0.0,0.0,34,72,256
399,8,seq,0.525104,0.000993,2.213266,2.739363,162.132812,8.384766,727.484375,727.484375,37,95,1629
399,8,par,0.269516,0.038343,1.041845,1.349704,175.623047,42.992188,2555.798828,2555.798828,37,95,1629
399,8,weights,0.24731,0.0385,1.131655,1.417466,176.40625,40.799805,1458.192383,1458.192383,37,95,1629
399,8,cpp_seq,0.005526,6.6e-05,0.059913,0.065507,0.0,0.0,0.0,0.0,37,95,1629
399,8,cpp_par,0.007085,4e-05,0.057578,0.064704,0.0,0.0,0.0,0.0,37,95,1629
399,8,cpp_adv,0.002512,4.1e-05,0.056972,0.059526,0.0,0.0,0.0,0.0,37,95,1629
400,8,seq,0.886936,0.000982,0.253669,1.141587,190.672852,8.283203,183.164062,190.672852,34,80,256
400,8,par,0.519041,0.032342,0.340855,0.892238,169.021484,41.124023,407.569336,407.569336,34,80,256
400,8,weights,0.394976,0.037942,0.336404,0.769321,168.34082,41.756836,226.854492,226.854492,34,80,256
400,8,cpp_seq,0.01389,6.2e-05,0.01016,0.024113,0.0,0.0,0.0,0.0,34,80,256
400,8,cpp_par,0.007885,4.6e-05,0.009318,0.017249,0.0,0.0,0.0,0.0,34,80,256
400,8,cpp_adv,0.008123,3.8e-05,0.008917,0.017079,0.0,0.0,0.0,0.0,34,80,256
401,8,seq,0.498023,0.000948,0.248604,0.747574,175.757812,8.103516,166.65625,175.757812,34,64,256
401,8,par,0.197495,0.035761,0.347317,0.580573,178.750977,39.28418,315.491211,315.491211,34,64,256
401,8,weights,0.208751,0.036655,0.369467,0.614873,180.640625,41.436523,213.916992,213.916992,34,64,256
401,8,cpp_seq,0.002892,5.9e-05,0.009498,0.012451,0.0,0.0,0.0,0.0,34,64,256
401,8,cpp_par,0.002337,3.5e-05,0.009471,0.011844,0.0,0.0,0.0,0.0,34,64,256
401,8,cpp_adv,0.001759,4.1e-05,0.009135,0.010936,0.0,0.0,0.0,0.0,34,64,256
402,8,seq,1.016831,0.001567,1.889189,2.907587,211.166992,8.713867,1029.863281,1029.863281,44,124,3108
402,8,par,0.475784,0.036895,1.151745,1.664424,199.663086,41.897461,2888.172852,2888.172852,44,124,3108
402,8,weights,0.496964,0.042951,1.294392,1.834308,201.741211,40.916016,1922.161133,1922.161133,44,124,3108
402,8,cpp_seq,0.011618,7.2e-05,0.068246,0.079938,0.0,0.0,0.0,0.0,44,124,3108
402,8,cpp_par,0.005723,4.6e-05,0.061415,0.067185,0.0,0.0,0.0,0.0,44,124,3108
402,8,cpp_adv,0.005534,5e-05,0.060566,0.06615,0.0,0.0,0.0,0.0,44,124,3108
403,8,seq,1.106333,0.001244,2.201039,3.308616,207.348633,8.620117,1009.941406,1009.941406,44,111,2785
403,8,par,0.501114,0.038221,1.182201,1.721535,200.21875,43.397461,2617.008789,2617.008789,44,111,2785
403,8,weights,0.731488,0.052173,1.168599,1.952261,201.263672,41.75,2121.24707,2121.24707,44,111,2785
403,8,cpp_seq,0.004875,7.2e-05,0.061946,0.066894,0.0,0.0,0.0,0.0,44,111,2785
403,8,cpp_par,0.002985,4.1e-05,0.064195,0.067222,0.0,0.0,0.0,0.0,44,111,2785
403,8,cpp_adv,0.002896,3.9e-05,0.066457,0.069394,0.0,0.0,0.0,0.0,44,111,2785
404,8,seq,4.115782,0.001684,0.056263,4.173729,209.999023,8.087891,123.039062,209.999023,32,36,72
404,8,par,0.771949,0.034323,0.26388,1.070152,196.080078,39.853516,132.413086,196.080078,32,36,72
404,8,weights,0.992678,0.035044,0.330455,1.358178,195.631836,40.539062,94.217773,195.631836,32,36,72
404,8,cpp_seq,0.005958,5.5e-05,0.003797,0.009812,0.0,0.0,0.0,0.0,32,36,72
404,8,cpp_par,0.002797,3.1e-05,0.003752,0.006581,0.0,0.0,0.0,0.0,32,36,72
404,8,cpp_adv,0.002884,3.1e-05,0.003687,0.006602,0.0,0.0,0.0,0.0,32,36,72
405,8,seq,1.547152,0.000834,0.00101,1.548997,200.624023,7.619141,13.176758,200.624023,17,22,1
405,8,par,0.382268,0.037635,0.220972,0.640874,186.237305,39.145508,45.276367,186.237305,17,22,1
405,8,weights,0.396369,0.040772,0.218303,0.655445,187.229492,39.329102,45.72168,187.229492,17,22,1
405,8,cpp_seq,0.009954,5.1e-05,8.8e-05,0.010095,0.0,0.0,0.0,0.0,17,22,1
405,8,cpp_par,0.005287,2.8e-05,8.4e-05,0.0054,0.0,0.0,0.0,0.0,17,22,1
405,8,cpp_adv,0.006169,4.1e-05,0.000117,0.006328,0.0,0.0,0.0,0.0,17,22,1
406,8,seq,0.480053,0.000883,0.106714,0.58765,178.364258,8.064453,111.178711,178.364258,34,58,192
406,8,par,0.218283,0.035852,0.283952,0.538087,192.428711,39.947266,123.708984,192.428711,34,58,192
406,8,weights,0.220932,0.036295,0.279581,0.536808,192.776367,40.143555,106.144531,192.776367,34,58,192
406,8,cpp_seq,0.004253,5.9e-05,0.004401,0.008714,0.0,0.0,0.0,0.0,34,58,192
406,8,cpp_par,0.003256,3.6e-05,0.004427,0.00772,0.0,0.0,0.0,0.0,34,58,192
406,8,cpp_adv,0.007575,5.2e-05,0.005928,0.013556,0.0,0.0,0.0,0.0,34,58,192
407,8,seq,0.329355,0.000758,0.000206,0.330319,175.754883,7.313477,5.678711,175.754883,17,6,0
407,8,par,0.196378,0.035345,0.030288,0.262012,185.101562,38.334961,34.042969,185.101562,17,6,0
407,8,weights,0.163198,0.034758,0.000708,0.198664,186.341797,39.536133,6.020508,186.341797,17,6,0
407,8,cpp_seq,0.004002,5e-05,1.6e-05,0.004068,0.0,0.0,0.0,0.0,17,6,0
407,8,cpp_par,0.002298,2.8e-05,1.2e-05,0.002339,0.0,0.0,0.0,0.0,17,6,0
407,8,cpp_adv,0.001896,2.8e-05,1.1e-05,0.001936,0.0,0.0,0.0,0.0,17,6,0
408,8,seq,0.419868,0.000854,0.000546,0.421268,175.775391,7.791016,7.637695,175.775391,16,12,0
408,8,par,0.190807,0.034939,0.176886,0.402632,177.796875,40.448242,44.237305,177.796875,16,12,0
408,8,weights,0.169866,0.040628,0.191157,0.40165,176.87207,41.431641,44.59668,176.87207,16,12,0
408,8,cpp_seq,0.004717,4.5e-05,4.5e-05,0.004809,0.0,0.0,0.0,0.0,16,12,0
408,8,cpp_par,0.002676,2.5e-05,4.2e-05,0.002744,0.0,0.0,0.0,0.0,16,12,0
408,8,cpp_adv,0.00364,3.5e-05,7.2e-05,0.003748,0.0,0.0,0.0,0.0,16,12,0
409,8,seq,0.589603,0.00076,0.000208,0.590571,182.132812,7.313477,5.678711,182.132812,17,5,0
409,8,par,0.257907,0.038773,0.030962,0.327642,186.370117,38.59082,34.636719,186.370117,17,5,0
409,8,weights,0.251534,0.036128,0.000623,0.288285,188.756836,38.709961,6.020508,188.756836,17,5,0
409,8,cpp_seq,0.006908,9e-05,1.4e-05,0.007013,0.0,0.0,0.0,0.0,17,5,0
409,8,cpp_par,0.003135,2.7e-05,1.1e-05,0.003173,0.0,0.0,0.0,0.0,17,5,0
409,8,cpp_adv,0.003336,2.7e-05,1.1e-05,0.003375,0.0,0.0,0.0,0.0,17,5,0
410,8,seq,0.708718,0.001028,0.252999,0.962745,157.296875,8.212891,167.296875,167.296875,34,72,256
410,8,par,0.396273,0.036754,0.328404,0.761431,157.508789,39.713867,320.756836,320.756836,34,72,256
410,8,weights,0.324651,0.032833,0.36877,0.726254,157.485352,40.952148,223.338867,223.338867,34,72,256
410,8,cpp_seq,0.006149,7.8e-05,0.009196,0.015424,0.0,0.0,0.0,0.0,34,72,256
410,8,cpp_par,0.004504,3.5e-05,0.009248,0.013788,0.0,0.0,0.0,0.0,34,72,256
410,8,cpp_adv,0.003635,3.5e-05,0.009371,0.01304,0.0,0.0,0.0,0.0,34,72,256
411,8,seq,0.497239,0.000869,0.001416,0.499523,172.849609,8.009766,21.075195,172.849609,24,40,1
411,8,par,0.234886,0.034215,0.230671,0.499772,178.120117,42.092773,46.776367,178.120117,24,40,1
411,8,weights,0.238096,0.034398,0.223046,0.49554,178.996094,40.5625,46.432617,178.996094,24,40,1
411,8,cpp_seq,0.00453,5.4e-05,0.000128,0.004713,0.0,0.0,0.0,0.0,24,40,1
411,8,cpp_par,0.002624,3e-05,0.000108,0.002762,0.0,0.0,0.0,0.0,24,40,1
411,8,cpp_adv,0.002823,3.6e-05,0.000111,0.002971,0.0,0.0,0.0,0.0,24,40,1
412,8,seq,1.349881,0.000779,0.000217,1.350877,222.587891,7.352539,5.678711,222.587891,17,5,0
412,8,par,0.481384,0.036806,0.02901,0.5472,191.231445,38.616211,33.527344,191.231445,17,5,0
412,8,weights,0.498974,0.036152,0.00058,0.535706,192.264648,39.713867,6.036133,192.264648,17,5,0
412,8,cpp_seq,0.009616,4.5e-05,1.7e-05,0.009679,0.0,0.0,0.0,0.0,17,5,0
412,8,cpp_par,0.004854,2.6e-05,1.3e-05,0.004894,0.0,0.0,0.0,0.0,17,5,0
412,8,cpp_adv,0.00582,3.8e-05,3.5e-05,0.005893,0.0,0.0,0.0,0.0,17,5,0
413,8,seq,0.572406,0.000888,0.000994,0.574288,179.005859,7.798828,13.74707,179.005859,17,24,0
413,8,par,0.275488,0.035901,0.179024,0.490413,189.020508,39.374023,45.198242,189.020508,17,24,0
413,8,weights,0.259449,0.034329,0.178261,0.472039,188.851562,40.054688,45.807617,188.851562,17,24,0
413,8,cpp_seq,0.005524,5e-05,7.3e-05,0.005648,0.0,0.0,0.0,0.0,17,24,0
413,8,cpp_par,0.003179,2.9e-05,7.8e-05,0.003287,0.0,0.0,0.0,0.0,17,24,0
413,8,cpp_adv,0.003251,3e-05,7.3e-05,0.003355,0.0,0.0,0.0,0.0,17,24,0
414,8,seq,0.75009,0.000755,0.000216,0.751061,217.80957,7.438477,5.678711,217.80957,17,8,0
414,8,par,0.400838,0.03873,0.028458,0.468025,192.671875,38.010742,33.355469,192.671875,17,8,0
414,8,weights,0.344969,0.035574,0.000598,0.381141,197.229492,40.350586,6.020508,197.229492,17,8,0
414,8,cpp_seq,0.010012,4.6e-05,1.4e-05,0.010073,0.0,0.0,0.0,0.0,17,8,0
414,8,cpp_par,0.005039,2.8e-05,1.1e-05,0.005079,0.0,0.0,0.0,0.0,17,8,0
414,8,cpp_adv,0.005293,3.1e-05,1.4e-05,0.005338,0.0,0.0,0.0,0.0,17,8,0
415,8,seq,0.49675,0.000924,0.072959,0.570634,174.879883,8.158203,118.75,174.879883,32,64,264
415,8,par,0.224853,0.031072,0.30307,0.558995,173.169922,41.68457,287.669922,287.669922,32,64,264
415,8,weights,0.20845,0.031976,0.260147,0.500574,174.861328,41.78418,124.410156,174.861328,32,64,264
415,8,cpp_seq,0.002954,5.6e-05,0.003765,0.006775,0.0,0.0,0.0,0.0,32,64,264
415,8,cpp_par,0.002317,3.6e-05,0.003715,0.006069,0.0,0.0,0.0,0.0,32,64,264
415,8,cpp_adv,0.001748,3.7e-05,0.00378,0.005566,0.0,0.0,0.0,0.0,32,64,264
416,8,seq,0.664264,0.00122,0.008985,0.674469,182.448242,7.689453,66.851562,182.448242,27,28,6
416,8,par,0.277879,0.034708,0.230474,0.543062,189.477539,40.933594,55.745117,189.477539,27,28,6
416,8,weights,0.28284,0.035696,0.251204,0.56974,190.657227,40.345703,53.948242,190.657227,27,28,6
416,8,cpp_seq,0.002555,5.2e-05,0.000632,0.00324,0.0,0.0,0.0,0.0,27,28,6
416,8,cpp_par,0.003782,3.3e-05,0.000632,0.004447,0.0,0.0,0.0,0.0,27,28,6
416,8,cpp_adv,0.001485,3e-05,0.000635,0.00215,0.0,0.0,0.0,0.0,27,28,6
417,8,seq,0.442494,0.000924,0.262363,0.705781,157.970703,8.423828,169.070312,169.070312,34,80,256
417,8,par,0.204068,0.036126,0.36915,0.609344,158.702148,41.670898,437.436523,437.436523,34,80,256
417,8,weights,0.205122,0.043515,0.337677,0.586314,158.776367,41.108398,223.088867,223.088867,34,80,256
417,8,cpp_seq,0.003246,6.2e-05,0.009427,0.012737,0.0,0.0,0.0,0.0,34,80,256
417,8,cpp_par,0.002414,3.6e-05,0.009195,0.011647,0.0,0.0,0.0,0.0,34,80,256
417,8,cpp_adv,0.002362,3.6e-05,0.009162,0.01156,0.0,0.0,0.0,0.0,34,80,256
418,8,seq,0.899104,0.000794,0.000915,0.900813,225.511719,7.642578,11.46582,225.511719,16,16,1
418,8,par,0.306468,0.040087,0.216929,0.563484,158.560547,40.838867,45.323242,158.560547,16,16,1
418,8,weights,0.356097,0.050384,0.217705,0.624187,160.941406,41.22168,45.862305,160.941406,16,16,1
418,8,cpp_seq,0.013298,4.5e-05,7.8e-05,0.013423,0.0,0.0,0.0,0.0,16,16,1
418,8,cpp_par,0.006811,2.7e-05,7.7e-05,0.006916,0.0,0.0,0.0,0.0,16,16,1
418,8,cpp_adv,0.006599,2.6e-05,7.5e-05,0.006701,0.0,0.0,0.0,0.0,16,16,1
419,8,seq,1.464844,0.001048,4.673393,6.139285,221.213867,8.674805,1215.070312,1215.070312,44,128,2912
419,8,par,0.681283,0.033835,2.003879,2.718997,203.71582,42.748047,5274.672852,5274.672852,44,128,2912
419,8,weights,0.771188,0.035106,1.915556,2.72185,205.245117,41.664062,3379.118164,3379.118164,44,128,2912
419,8,cpp_seq,0.014279,7.2e-05,0.123143,0.137495,0.0,0.0,0.0,0.0,44,128,2912
419,8,cpp_par,0.013402,0.000674,0.129096,0.143174,0.0,0.0,0.0,0.0,44,128,2912
419,8,cpp_adv,0.007954,5e-05,0.12395,0.131954,0.0,0.0,0.0,0.0,44,128,2912
420,8,seq,0.627324,0.000756,0.000256,0.628337,176.955078,7.430664,5.678711,176.955078,17,9,0
420,8,par,0.272622,0.035371,0.031377,0.33937,180.759766,40.164062,33.371094,180.759766,17,9,0
420,8,weights,0.270077,0.040211,0.000462,0.310749,182.783203,41.092773,6.036133,182.783203,17,9,0
420,8,cpp_seq,0.004172,5.5e-05,2.2e-05,0.00425,0.0,0.0,0.0,0.0,17,9,0
420,8,cpp_par,0.002388,2.8e-05,1.5e-05,0.002432,0.0,0.0,0.0,0.0,17,9,0
420,8,cpp_adv,0.00263,3.7e-05,2.1e-05,0.002689,0.0,0.0,0.0,0.0,17,9,0
421,8,seq,0.57429,0.001183,0.000268,0.575741,178.214844,7.297852,5.678711,178.214844,17,6,0
421,8,par,0.311863,0.03269,0.033476,0.378029,182.795898,38.015625,33.652344,182.795898,17,6,0
421,8,weights,0.240719,0.035185,0.000491,0.276396,186.444336,40.099609,6.036133,186.444336,17,6,0
421,8,cpp_seq,0.004595,6.9e-05,1.8e-05,0.004682,0.0,0.0,0.0,0.0,17,6,0
421,8,cpp_par,0.00257,5.1e-05,1.8e-05,0.002639,0.0,0.0,0.0,0.0,17,6,0
421,8,cpp_adv,0.002376,2.7e-05,1.3e-05,0.002417,0.0,0.0,0.0,0.0,17,6,0
422,8,seq,1.152185,0.000748,0.000201,1.153133,245.923828,7.149414,5.678711,245.923828,17,2,0
422,8,par,0.677459,0.04483,0.02847,0.750759,190.942383,38.28418,34.605469,190.942383,17,2,0
422,8,weights,0.539873,0.032612,0.000455,0.57294,192.329102,39.198242,6.020508,192.329102,17,2,0
422,8,cpp_seq,0.007427,4.6e-05,1.4e-05,0.007488,0.0,0.0,0.0,0.0,17,2,0
422,8,cpp_par,0.005174,2.8e-05,1.2e-05,0.005215,0.0,0.0,0.0,0.0,17,2,0
422,8,cpp_adv,0.005037,5.6e-05,1.3e-05,0.005107,0.0,0.0,0.0,0.0,17,2,0
423,8,seq,0.380774,0.000718,0.000216,0.381708,161.479492,7.149414,5.678711,161.479492,17,2,0
423,8,par,0.170835,0.034009,0.030097,0.234941,179.112305,39.819336,33.355469,179.112305,17,2,0
423,8,weights,0.262725,0.038405,0.000606,0.301736,177.345703,40.169922,6.020508,177.345703,17,2,0
423,8,cpp_seq,0.001512,4.6e-05,1.2e-05,0.001571,0.0,0.0,0.0,0.0,17,2,0
423,8,cpp_par,0.000937,2.6e-05,1.1e-05,0.000974,0.0,0.0,0.0,0.0,17,2,0
423,8,cpp_adv,0.000869,2.5e-05,1.1e-05,0.000905,0.0,0.0,0.0,0.0,17,2,0
424,8,seq,0.378827,0.000725,0.000197,0.379749,170.111328,7.032227,5.678711,170.111328,17,0,0
424,8,par,0.204731,0.031354,0.029007,0.265092,183.125977,39.272461,34.136719,183.125977,17,0,0
424,8,weights,0.179519,0.034368,0.000646,0.214533,184.326172,39.741211,6.020508,184.326172,17,0,0
424,8,cpp_seq,0.004337,4.7e-05,1.5e-05,0.004399,0.0,0.0,0.0,0.0,17,0,0
424,8,cpp_par,0.002232,2.7e-05,1.2e-05,0.002271,0.0,0.0,0.0,0.0,17,0,0
424,8,cpp_adv,0.001908,2.6e-05,2.4e-05,0.001959,0.0,0.0,0.0,0.0,17,0,0
425,8,seq,1.03644,0.000835,0.117961,1.155236,224.820312,8.791016,124.539062,224.820312,34,56,128
425,8,par,0.876333,0.04141,0.283682,1.201425,199.216797,40.537109,251.749023,251.749023,34,56,128
425,8,weights,0.495539,0.035861,0.265235,0.796635,200.375977,39.864258,101.092773,200.375977,34,56,128
425,8,cpp_seq,0.008483,7.4e-05,0.004026,0.012585,0.0,0.0,0.0,0.0,34,56,128
425,8,cpp_par,0.005287,6.4e-05,0.003876,0.009228,0.0,0.0,0.0,0.0,34,56,128
425,8,cpp_adv,0.005233,5.3e-05,0.00387,0.009156,0.0,0.0,0.0,0.0,34,56,128
426,8,seq,0.519754,0.001167,0.001138,0.522059,167.702148,7.658203,13.43457,167.702148,17,20,1
426,8,par,0.200182,0.033149,0.244499,0.477831,178.763672,39.577148,45.541992,178.763672,17,20,1
426,8,weights,0.267439,0.041285,0.261533,0.570257,179.774414,39.170898,46.088867,179.774414,17,20,1
426,8,cpp_seq,0.00283,4.9e-05,9.1e-05,0.002971,0.0,0.0,0.0,0.0,17,20,1
426,8,cpp_par,0.001685,2.9e-05,8.8e-05,0.001803,0.0,0.0,0.0,0.0,17,20,1
426,8,cpp_adv,0.001666,3.1e-05,9.2e-05,0.00179,0.0,0.0,0.0,0.0,17,20,1
427,8,seq,1.495123,0.000875,0.00063,1.496628,236.018555,7.689453,8.80957,236.018555,27,15,0
427,8,par,0.89303,0.042047,0.111746,1.046823,198.837891,38.919922,43.59668,198.837891,27,15,0
427,8,weights,0.826616,0.040579,0.205942,1.073137,198.738281,39.944336,44.557617,198.738281,27,15,0
427,8,cpp_seq,0.005005,5.3e-05,4.6e-05,0.005105,0.0,0.0,0.0,0.0,27,15,0
427,8,cpp_par,0.003708,3.9e-05,4.8e-05,0.003796,0.0,0.0,0.0,0.0,27,15,0
427,8,cpp_adv,0.002938,2.8e-05,4.4e-05,0.00301,0.0,0.0,0.0,0.0,27,15,0
428,8,seq,0.735578,0.000862,0.02105,0.75749,183.634766,7.892578,78.398438,183.634766,27,38,32
428,8,par,0.273021,0.036502,0.225407,0.534931,190.249023,39.263672,62.006836,190.249023,27,38,32
428,8,weights,0.275301,0.034203,0.230487,0.53999,192.364258,39.456055,56.432617,192.364258,27,38,32
428,8,cpp_seq,0.005313,5.4e-05,0.001105,0.006473,0.0,0.0,0.0,0.0,27,38,32
428,8,cpp_par,0.002879,3.7e-05,0.001071,0.003988,0.0,0.0,0.0,0.0,27,38,32
428,8,cpp_adv,0.003055,3.3e-05,0.001047,0.004135,0.0,0.0,0.0,0.0,27,38,32
429,8,seq,0.577658,0.000852,0.107766,0.686276,165.785156,7.947266,123.0625,165.785156,27,52,144
429,8,par,0.275779,0.038653,0.308611,0.623044,168.55957,38.884766,194.663086,194.663086,27,52,144
429,8,weights,0.236891,0.037729,0.309296,0.583916,170.592773,41.213867,127.038086,170.592773,27,52,144
429,8,cpp_seq,0.007311,6e-05,0.005169,0.012541,0.0,0.0,0.0,0.0,27,52,144
429,8,cpp_par,0.006144,4.6e-05,0.00559,0.011782,0.0,0.0,0.0,0.0,27,52,144
429,8,cpp_adv,0.004573,3.7e-05,0.004959,0.009569,0.0,0.0,0.0,0.0,27,52,144
430,8,seq,0.503768,0.000778,0.000412,0.504959,174.730469,7.407227,6.262695,174.730469,17,9,0
430,8,par,0.234445,0.03437,0.086116,0.354931,183.181641,38.838867,42.666992,183.181641,17,9,0
430,8,weights,0.268673,0.039652,0.094112,0.402437,186.324219,40.881836,44.026367,186.324219,17,9,0
430,8,cpp_seq,0.003824,4.8e-05,2.5e-05,0.003898,0.0,0.0,0.0,0.0,17,9,0
430,8,cpp_par,0.002304,3.5e-05,2.6e-05,0.002366,0.0,0.0,0.0,0.0,17,9,0
430,8,cpp_adv,0.002206,2.8e-05,2.1e-05,0.002255,0.0,0.0,0.0,0.0,17,9,0
431,8,seq,0.912667,0.000854,0.092595,1.006115,205.489258,7.861328,103.84375,205.489258,27,56,192
431,8,par,0.405632,0.035455,0.306078,0.747165,191.222656,39.222656,134.833984,191.222656,27,56,192
431,8,weights,0.412148,0.035027,0.28957,0.736744,192.944336,40.941406,105.808594,192.944336,27,56,192
431,8,cpp_seq,0.011785,5.7e-05,0.004172,0.016017,0.0,0.0,0.0,0.0,27,56,192
431,8,cpp_par,0.007355,3.8e-05,0.004247,0.011642,0.0,0.0,0.0,0.0,27,56,192
431,8,cpp_adv,0.007156,6.3e-05,0.004245,0.011465,0.0,0.0,0.0,0.0,27,56,192
432,8,seq,0.474821,0.000791,0.000375,0.475987,168.994141,7.415039,5.825195,168.994141,17,7,0
432,8,par,0.28797,0.032446,0.030945,0.351361,182.926758,39.239258,33.980469,182.926758,17,7,0
432,8,weights,0.207194,0.033641,0.031582,0.272416,184.945312,39.902344,34.371094,184.945312,17,7,0
432,8,cpp_seq,0.003391,4.6e-05,1.6e-05,0.003454,0.0,0.0,0.0,0.0,17,7,0
432,8,cpp_par,0.001994,2.7e-05,1.4e-05,0.002035,0.0,0.0,0.0,0.0,17,7,0
432,8,cpp_adv,0.002162,3.6e-05,2.2e-05,0.002221,0.0,0.0,0.0,0.0,17,7,0
433,8,seq,0.404949,0.000804,0.000952,0.406705,170.061523,7.775391,11.614258,170.061523,17,18,1
433,8,par,0.19543,0.031797,0.217003,0.44423,177.448242,39.830078,45.245117,177.448242,17,18,1
433,8,weights,0.197363,0.035202,0.216929,0.449494,178.254883,39.796875,45.854492,178.254883,17,18,1
433,8,cpp_seq,0.003011,4.8e-05,7.7e-05,0.003137,0.0,0.0,0.0,0.0,17,18,1
433,8,cpp_par,0.001847,3.2e-05,7.8e-05,0.001957,0.0,0.0,0.0,0.0,17,18,1
433,8,cpp_adv,0.001788,4.6e-05,0.000108,0.001943,0.0,0.0,0.0,0.0,17,18,1
434,8,seq,0.625874,0.001033,0.023076,0.649983,190.493164,8.041016,79.960938,190.493164,24,44,40
434,8,par,0.295889,0.036737,0.23526,0.567886,185.961914,40.375,63.827148,185.961914,24,44,40
434,8,weights,0.246122,0.032863,0.227206,0.506191,187.645508,40.298828,58.03418,187.645508,24,44,40
434,8,cpp_seq,0.005328,5.5e-05,0.001097,0.006481,0.0,0.0,0.0,0.0,24,44,40
434,8,cpp_par,0.003156,3.2e-05,0.001094,0.004282,0.0,0.0,0.0,0.0,24,44,40
434,8,cpp_adv,0.003448,3.4e-05,0.00109,0.004573,0.0,0.0,0.0,0.0,24,44,40
435,8,seq,0.91122,0.001202,0.000669,0.91309,202.166016,7.250977,6.067383,202.166016,16,3,0
435,8,par,0.416066,0.036579,0.07098,0.523625,183.498047,38.338867,42.354492,183.498047,16,3,0
435,8,weights,0.390459,0.033732,0.060256,0.484448,186.277344,38.555664,41.885742,186.277344,16,3,0
435,8,cpp_seq,0.005724,4.2e-05,2e-05,0.005787,0.0,0.0,0.0,0.0,16,3,0
435,8,cpp_par,0.003125,2.3e-05,1.7e-05,0.003166,0.0,0.0,0.0,0.0,16,3,0
435,8,cpp_adv,0.003704,2.6e-05,2e-05,0.003751,0.0,0.0,0.0,0.0,16,3,0
436,8,seq,0.768856,0.000743,0.000225,0.769825,183.290039,7.313477,5.678711,183.290039,17,5,0
436,8,par,0.293383,0.03476,0.031199,0.359342,186.96582,39.027344,34.136719,186.96582,17,5,0
436,8,weights,0.328146,0.035179,0.000464,0.36379,190.101562,38.90918,6.020508,190.101562,17,5,0
436,8,cpp_seq,0.005077,5e-05,1.6e-05,0.005144,0.0,0.0,0.0,0.0,17,5,0
436,8,cpp_par,0.003029,2.9e-05,1.4e-05,0.003073,0.0,0.0,0.0,0.0,17,5,0
436,8,cpp_adv,0.002909,2.7e-05,1.1e-05,0.002948,0.0,0.0,0.0,0.0,17,5,0
437,8,seq,1.634571,0.000999,0.129552,1.765122,222.994141,8.361328,105.53125,222.994141,37,74,190
437,8,par,0.732827,0.035151,0.282094,1.050072,204.646484,41.048828,130.990234,204.646484,37,74,190
437,8,weights,0.81567,0.036641,0.309935,1.162246,206.517578,41.326172,105.386719,206.517578,37,74,190
437,8,cpp_seq,0.010048,6.4e-05,0.004528,0.014641,0.0,0.0,0.0,0.0,37,74,190
437,8,cpp_par,0.006127,3.7e-05,0.004439,0.010604,0.0,0.0,0.0,0.0,37,74,190
437,8,cpp_adv,0.005738,4.8e-05,0.004373,0.010161,0.0,0.0,0.0,0.0,37,74,190
438,8,seq,0.72031,0.000741,0.0002,0.721252,194.538086,7.102539,5.678711,194.538086,16,1,0
438,8,par,0.286844,0.035789,0.030595,0.353229,186.74707,39.419922,33.355469,186.74707,16,1,0
438,8,weights,0.276381,0.041172,0.000462,0.318015,187.845703,38.90918,6.020508,187.845703,16,1,0
438,8,cpp_seq,0.005069,5.9e-05,1.3e-05,0.005142,0.0,0.0,0.0,0.0,16,1,0
438,8,cpp_par,0.002712,2.6e-05,1.3e-05,0.002753,0.0,0.0,0.0,0.0,16,1,0
438,8,cpp_adv,0.002498,2.4e-05,1.1e-05,0.002533,0.0,0.0,0.0,0.0,16,1,0
439,8,seq,1.242091,0.000993,0.257875,1.500958,214.946289,8.322266,170.046875,214.946289,34,76,256
439,8,par,0.495205,0.033218,0.332363,0.860787,193.204102,40.338867,358.741211,358.741211,34,76,256
439,8,weights,0.640871,0.036893,0.528339,1.206103,196.614258,40.673828,223.995117,223.995117,34,76,256
439,8,cpp_seq,0.007893,6e-05,0.009434,0.017389,0.0,0.0,0.0,0.0,34,76,256
439,8,cpp_par,0.00511,3.4e-05,0.008995,0.014139,0.0,0.0,0.0,0.0,34,76,256
439,8,cpp_adv,0.005297,4.2e-05,0.009494,0.014833,0.0,0.0,0.0,0.0,34,76,256
440,8,seq,1.850436,0.000871,0.008508,1.859814,257.355469,7.767578,64.234375,257.355469,27,26,16
440,8,par,0.901262,0.037161,0.314443,1.252866,198.919922,39.867188,64.323242,198.919922,27,26,16
440,8,weights,0.713176,0.035415,0.237385,0.985976,198.293945,40.5,52.674805,198.293945,27,26,16
440,8,cpp_seq,0.014742,5.5e-05,0.000563,0.015361,0.0,0.0,0.0,0.0,27,26,16
440,8,cpp_par,0.009601,3.3e-05,0.000566,0.0102,0.0,0.0,0.0,0.0,27,26,16
440,8,cpp_adv,0.008496,5.3e-05,0.000563,0.009112,0.0,0.0,0.0,0.0,27,26,16
441,8,seq,0.719155,0.000796,0.001538,0.721489,176.668945,7.611328,17.645508,176.668945,27,26,4
441,8,par,0.300916,0.037152,0.219138,0.557207,167.174805,39.092773,45.385742,167.174805,27,26,4
441,8,weights,0.243186,0.031515,0.220023,0.494725,167.536133,39.322266,45.823242,167.536133,27,26,4
441,8,cpp_seq,0.010743,5.2e-05,0.000106,0.010902,0.0,0.0,0.0,0.0,27,26,4
441,8,cpp_par,0.006284,4.1e-05,0.000147,0.006473,0.0,0.0,0.0,0.0,27,26,4
441,8,cpp_adv,0.005974,5.4e-05,0.000105,0.006134,0.0,0.0,0.0,0.0,27,26,4
442,8,seq,0.489699,0.000858,0.000812,0.491369,169.830078,7.712891,10.817383,169.830078,17,16,1
442,8,par,0.194274,0.032382,0.215384,0.442039,176.725586,39.106445,45.00293,176.725586,17,16,1
442,8,weights,0.185103,0.037063,0.298502,0.520668,176.964844,40.311523,45.487305,176.964844,17,16,1
442,8,cpp_seq,0.005427,6.1e-05,8.3e-05,0.005572,0.0,0.0,0.0,0.0,17,16,1
442,8,cpp_par,0.002425,3.1e-05,7.4e-05,0.002532,0.0,0.0,0.0,0.0,17,16,1
442,8,cpp_adv,0.002469,4.8e-05,0.000101,0.00262,0.0,0.0,0.0,0.0,17,16,1
443,8,seq,1.962498,0.001527,0.295853,2.259878,178.245117,8.330078,187.5,187.5,37,61,211
443,8,par,0.243606,0.033373,0.358428,0.635407,192.321289,40.023438,621.155273,621.155273,37,61,211
443,8,weights,0.238476,0.033938,0.341827,0.614241,194.826172,41.799805,219.319336,219.319336,37,61,211
443,8,cpp_seq,0.004989,7.6e-05,0.011177,0.016243,0.0,0.0,0.0,0.0,37,61,211
443,8,cpp_par,0.003135,4.4e-05,0.011026,0.014206,0.0,0.0,0.0,0.0,37,61,211
443,8,cpp_adv,0.002723,3.6e-05,0.01093,0.01369,0.0,0.0,0.0,0.0,37,61,211
444,8,seq,0.502519,0.001001,5.132272,5.635792,168.258789,8.838867,1223.265625,1223.265625,44,137,3000
444,8,par,0.29034,0.042173,2.281967,2.614479,174.87793,42.588867,5047.888672,5047.888672,44,137,3000
444,8,weights,0.211719,0.035153,2.117746,2.364618,174.568359,43.366211,3569.235352,3569.235352,44,137,3000
444,8,cpp_seq,0.005121,9.2e-05,0.130894,0.136109,0.0,0.0,0.0,0.0,44,137,3000
444,8,cpp_par,0.008482,4.2e-05,0.128777,0.137302,0.0,0.0,0.0,0.0,44,137,3000
444,8,cpp_adv,0.00179,4.4e-05,0.131366,0.1332,0.0,0.0,0.0,0.0,44,137,3000
445,8,seq,0.839475,0.000885,0.129373,0.969733,209.214844,8.330078,123.6875,209.214844,34,72,256
445,8,par,0.658155,0.034966,0.295005,0.988127,185.972656,40.332031,144.623047,185.972656,34,72,256
445,8,weights,0.329994,0.038463,0.285407,0.653864,186.003906,40.905273,123.675781,186.003906,34,72,256
445,8,cpp_seq,0.004975,6.3e-05,0.005092,0.010131,0.0,0.0,0.0,0.0,34,72,256
445,8,cpp_par,0.003209,3.7e-05,0.005072,0.008318,0.0,0.0,0.0,0.0,34,72,256
445,8,cpp_adv,0.003293,3.6e-05,0.00511,0.00844,0.0,0.0,0.0,0.0,34,72,256
446,8,seq,0.486407,0.000999,0.001103,0.488509,174.228516,7.634766,13.43457,174.228516,17,20,1
446,8,par,0.187972,0.0393,0.234728,0.462,170.466797,39.456055,44.987305,170.466797,17,20,1
446,8,weights,0.214122,0.03604,0.234414,0.484576,171.337891,41.873047,45.956055,171.337891,17,20,1
446,8,cpp_seq,0.005982,4.9e-05,9e-05,0.006121,0.0,0.0,0.0,0.0,17,20,1
446,8,cpp_par,0.003215,2.8e-05,8.6e-05,0.003329,0.0,0.0,0.0,0.0,17,20,1
446,8,cpp_adv,0.003293,3.6e-05,9.2e-05,0.003423,0.0,0.0,0.0,0.0,17,20,1
447,8,seq,0.574173,0.000767,0.000767,0.575707,180.030273,7.736328,9.895508,180.030273,16,13,1
447,8,par,0.223499,0.033384,0.21324,0.470122,176.746094,40.589844,45.213867,176.746094,16,13,1
447,8,weights,0.223779,0.038458,0.230185,0.492421,178.375,39.849609,45.635742,178.375,16,13,1
447,8,cpp_seq,0.003197,4.4e-05,6.5e-05,0.003307,0.0,0.0,0.0,0.0,16,13,1
447,8,cpp_par,0.001819,2.5e-05,6.4e-05,0.001908,0.0,0.0,0.0,0.0,16,13,1
447,8,cpp_adv,0.001659,2.4e-05,6.2e-05,0.001747,0.0,0.0,0.0,0.0,16,13,1
448,8,seq,1.533023,0.000857,0.001005,1.534885,242.668945,7.759766,14.93457,242.668945,17,19,1
448,8,par,0.620459,0.035139,0.20995,0.865548,185.241211,40.773438,47.401367,185.241211,17,19,1
448,8,weights,0.612578,0.045739,0.213287,0.871605,188.504883,41.538086,46.526367,188.504883,17,19,1
448,8,cpp_seq,0.004804,4.7e-05,8.8e-05,0.00494,0.0,0.0,0.0,0.0,17,19,1
448,8,cpp_par,0.002767,2.8e-05,8.5e-05,0.00288,0.0,0.0,0.0,0.0,17,19,1
448,8,cpp_adv,0.003017,3.2e-05,9.1e-05,0.003141,0.0,0.0,0.0,0.0,17,19,1
449,8,seq,0.533737,0.000973,0.000249,0.534958,182.584961,7.454102,5.678711,182.584961,17,8,0
449,8,par,0.250894,0.033981,0.029683,0.314558,186.611328,39.186523,34.113281,186.611328,17,8,0
449,8,weights,0.268028,0.035003,0.000579,0.30361,190.149414,40.006836,6.02832,190.149414,17,8,0
449,8,cpp_seq,0.004872,5.9e-05,1.7e-05,0.004949,0.0,0.0,0.0,0.0,17,8,0
449,8,cpp_par,0.002592,3.6e-05,1.5e-05,0.002644,0.0,0.0,0.0,0.0,17,8,0
449,8,cpp_adv,0.001998,2.7e-05,1.2e-05,0.002037,0.0,0.0,0.0,0.0,17,8,0
450,8,seq,0.544596,0.00076,0.000197,0.545553,171.858398,7.313477,5.678711,171.858398,17,5,0
450,8,par,0.227082,0.032004,0.033695,0.292781,183.963867,38.717773,33.636719,183.963867,17,5,0
450,8,weights,0.218417,0.035093,0.00078,0.25429,185.779297,39.506836,6.020508,185.779297,17,5,0
450,8,cpp_seq,0.003548,4.7e-05,1.4e-05,0.00361,0.0,0.0,0.0,0.0,17,5,0
450,8,cpp_par,0.001934,2.7e-05,1.1e-05,0.001972,0.0,0.0,0.0,0.0,17,5,0
450,8,cpp_adv,0.001803,2.5e-05,1e-05,0.001838,0.0,0.0,0.0,0.0,17,5,0
451,8,seq,1.502713,0.000818,0.000654,1.504186,266.551758,7.556641,8.668945,266.551758,17,10,1
451,8,par,0.721874,0.037784,0.231156,0.990814,187.244141,38.979492,45.120117,187.244141,17,10,1
451,8,weights,0.587315,0.033264,0.213826,0.834404,188.488281,39.499023,45.776367,188.488281,17,10,1
451,8,cpp_seq,0.015109,4.8e-05,6.3e-05,0.015221,0.0,0.0,0.0,0.0,17,10,1
451,8,cpp_par,0.008888,6.4e-05,6.6e-05,0.009019,0.0,0.0,0.0,0.0,17,10,1
451,8,cpp_adv,0.008329,5.8e-05,6e-05,0.008447,0.0,0.0,0.0,0.0,17,10,1
452,8,seq,0.487408,0.00113,0.306295,0.794834,172.197266,8.439453,173.007812,173.007812,34,80,256
452,8,par,0.233539,0.032375,0.368407,0.634322,187.62793,40.069336,563.475586,563.475586,34,80,256
452,8,weights,0.188058,0.032165,0.350908,0.571131,188.750977,40.405273,233.674805,233.674805,34,80,256
452,8,cpp_seq,0.003617,6.3e-05,0.009886,0.013567,0.0,0.0,0.0,0.0,34,80,256
452,8,cpp_par,0.002725,3.7e-05,0.010023,0.012786,0.0,0.0,0.0,0.0,34,80,256
452,8,cpp_adv,0.002071,4e-05,0.009712,0.011823,0.0,0.0,0.0,0.0,34,80,256
453,8,seq,0.408826,0.000828,0.00094,0.410594,170.123047,7.767578,11.989258,170.123047,17,18,1
453,8,par,0.211584,0.036138,0.215991,0.463712,175.699219,40.604492,45.174805,175.699219,17,18,1
453,8,weights,0.20962,0.036144,0.215074,0.460837,180.860352,39.50293,45.549805,180.860352,17,18,1
453,8,cpp_seq,0.00456,4.9e-05,0.000125,0.004734,0.0,0.0,0.0,0.0,17,18,1
453,8,cpp_par,0.002773,3e-05,7.8e-05,0.002882,0.0,0.0,0.0,0.0,17,18,1
453,8,cpp_adv,0.002659,2.9e-05,7.7e-05,0.002766,0.0,0.0,0.0,0.0,17,18,1
454,8,seq,0.404199,0.000784,0.000927,0.40591,133.12207,7.603516,13.02832,133.12207,17,21,1
454,8,par,0.271517,0.039772,0.211079,0.522369,146.121094,39.082031,45.268555,146.121094,17,21,1
454,8,weights,0.191621,0.033542,0.21457,0.439733,148.466797,39.799805,45.807617,148.466797,17,21,1
454,8,cpp_seq,0.003499,4.8e-05,8e-05,0.003628,0.0,0.0,0.0,0.0,17,21,1
454,8,cpp_par,0.001991,2.7e-05,7.7e-05,0.002095,0.0,0.0,0.0,0.0,17,21,1
454,8,cpp_adv,0.002411,3e-05,8.1e-05,0.002523,0.0,0.0,0.0,0.0,17,21,1
455,8,seq,0.689948,0.000901,0.049599,0.740449,193.839844,8.197266,111.570312,193.839844,32,64,256
455,8,par,0.26527,0.036374,0.259931,0.561574,190.862305,40.0,140.451172,190.862305,32,64,256
455,8,weights,0.280182,0.037978,0.269997,0.588157,192.944336,40.25293,121.332031,192.944336,32,64,256
455,8,cpp_seq,0.005938,5.7e-05,0.002607,0.008602,0.0,0.0,0.0,0.0,32,64,256
455,8,cpp_par,0.003818,3.4e-05,0.002677,0.00653,0.0,0.0,0.0,0.0,32,64,256
455,8,cpp_adv,0.003278,3.3e-05,0.002674,0.005986,0.0,0.0,0.0,0.0,32,64,256
456,8,seq,1.428052,0.000888,0.027726,1.456666,224.166992,8.072266,84.125,224.166992,24,40,82
456,8,par,0.51423,0.036828,0.244637,0.795695,184.342773,39.858398,77.569336,184.342773,24,40,82
456,8,weights,0.532713,0.039862,0.245714,0.818289,185.62793,40.144531,67.143555,185.62793,24,40,82
456,8,cpp_seq,0.012669,5.4e-05,0.00167,0.014394,0.0,0.0,0.0,0.0,24,40,82
456,8,cpp_par,0.007401,3.1e-05,0.001687,0.009119,0.0,0.0,0.0,0.0,24,40,82
456,8,cpp_adv,0.006521,3.2e-05,0.00184,0.008393,0.0,0.0,0.0,0.0,24,40,82
457,8,seq,0.371786,0.000871,0.256121,0.628778,129.755859,8.330078,167.390625,167.390625,34,72,256
457,8,par,0.169298,0.035516,0.350706,0.55552,149.271484,39.776367,323.499023,323.499023,34,72,256
457,8,weights,0.247118,0.044346,0.352923,0.644387,150.996094,40.452148,227.838867,227.838867,34,72,256
457,8,cpp_seq,0.002852,6e-05,0.009568,0.012481,0.0,0.0,0.0,0.0,34,72,256
457,8,cpp_par,0.002161,3.5e-05,0.009662,0.011859,0.0,0.0,0.0,0.0,34,72,256
457,8,cpp_adv,0.001884,3.7e-05,0.009251,0.011172,0.0,0.0,0.0,0.0,34,72,256
458,8,seq,1.159834,0.000797,0.000444,1.161075,210.795898,7.555664,6.270508,210.795898,16,8,0
458,8,par,0.417922,0.041308,0.062831,0.522061,186.0625,39.03418,41.893555,186.0625,16,8,0
458,8,weights,0.413136,0.038684,0.058042,0.509862,186.544922,39.241211,43.393555,186.544922,16,8,0
458,8,cpp_seq,0.01013,4.3e-05,2.3e-05,0.010198,0.0,0.0,0.0,0.0,16,8,0
458,8,cpp_par,0.005296,2.5e-05,2e-05,0.005342,0.0,0.0,0.0,0.0,16,8,0
458,8,cpp_adv,0.005376,2.6e-05,2.3e-05,0.005426,0.0,0.0,0.0,0.0,16,8,0
459,8,seq,0.461046,0.00117,0.03974,0.501956,135.453125,8.619141,97.169922,135.453125,27,60,47
459,8,par,0.27989,0.032699,0.250467,0.563056,150.642578,41.540039,141.264648,150.642578,27,60,47
459,8,weights,0.212706,0.036201,0.247485,0.496393,153.141602,41.652344,68.807617,153.141602,27,60,47
459,8,cpp_seq,0.004193,7.4e-05,0.001942,0.00621,0.0,0.0,0.0,0.0,27,60,47
459,8,cpp_par,0.002566,3.4e-05,0.001874,0.004475,0.0,0.0,0.0,0.0,27,60,47
459,8,cpp_adv,0.002225,3.5e-05,0.001835,0.004095,0.0,0.0,0.0,0.0,27,60,47
460,8,seq,0.97563,0.000747,0.000343,0.976721,194.073242,7.149414,5.678711,194.073242,17,2,0
460,8,par,0.385004,0.034523,0.029201,0.448728,191.261719,39.026367,34.105469,191.261719,17,2,0
460,8,weights,0.321075,0.035263,0.000582,0.356919,191.56543,39.669922,6.020508,191.56543,17,2,0
460,8,cpp_seq,0.00305,5.7e-05,1.4e-05,0.003123,0.0,0.0,0.0,0.0,17,2,0
460,8,cpp_par,0.001706,3e-05,1.4e-05,0.001751,0.0,0.0,0.0,0.0,17,2,0
460,8,cpp_adv,0.001494,2.5e-05,1.3e-05,0.001533,0.0,0.0,0.0,0.0,17,2,0
461,8,seq,0.410421,0.001069,0.00034,0.41183,178.875977,7.102539,5.678711,178.875977,17,2,0
461,8,par,0.245309,0.033144,0.028412,0.306864,181.685547,38.932617,34.136719,181.685547,17,2,0
461,8,weights,0.208924,0.034541,0.00045,0.243915,185.155273,40.104492,6.020508,185.155273,17,2,0
461,8,cpp_seq,0.003582,4.6e-05,1.3e-05,0.003642,0.0,0.0,0.0,0.0,17,2,0
461,8,cpp_par,0.002423,2.7e-05,1.3e-05,0.002464,0.0,0.0,0.0,0.0,17,2,0
461,8,cpp_adv,0.002035,2.6e-05,1.1e-05,0.002071,0.0,0.0,0.0,0.0,17,2,0
462,8,seq,1.011042,0.000738,0.000416,1.012197,206.844727,7.196289,6.262695,206.844727,17,3,0
462,8,par,0.520122,0.031153,0.091749,0.643024,192.110352,38.973633,43.112305,192.110352,17,3,0
462,8,weights,0.401378,0.032679,0.089796,0.523853,190.882812,39.873047,42.526367,190.882812,17,3,0
462,8,cpp_seq,0.003684,5.6e-05,2.5e-05,0.003766,0.0,0.0,0.0,0.0,17,3,0
462,8,cpp_par,0.00249,2.5e-05,2.2e-05,0.002538,0.0,0.0,0.0,0.0,17,3,0
462,8,cpp_adv,0.002049,2.7e-05,2.1e-05,0.002097,0.0,0.0,0.0,0.0,17,3,0
463,8,seq,0.36195,0.00093,0.133877,0.496758,132.908203,8.306641,111.4375,132.908203,34,76,256
463,8,par,0.211041,0.032471,0.273694,0.517207,149.016602,39.807617,254.927734,254.927734,34,76,256
463,8,weights,0.164337,0.038029,0.28181,0.484175,150.949219,40.527344,123.683594,150.949219,34,76,256
463,8,cpp_seq,0.002958,6.1e-05,0.005142,0.008162,0.0,0.0,0.0,0.0,34,76,256
463,8,cpp_par,0.002515,3.8e-05,0.005227,0.00778,0.0,0.0,0.0,0.0,34,76,256
463,8,cpp_adv,0.002067,3.8e-05,0.005146,0.007252,0.0,0.0,0.0,0.0,34,76,256
464,8,seq,1.542771,0.000881,0.005312,1.548963,230.90918,7.916016,64.137695,230.90918,27,35,8
464,8,par,0.736464,0.032096,0.216819,0.985379,200.984375,40.632812,48.78418,200.984375,27,35,8
464,8,weights,0.687056,0.035512,0.22045,0.943018,200.005859,41.342773,48.862305,200.005859,27,35,8
464,8,cpp_seq,0.014773,5.6e-05,0.000359,0.015189,0.0,0.0,0.0,0.0,27,35,8
464,8,cpp_par,0.008451,6e-05,0.000403,0.008915,0.0,0.0,0.0,0.0,27,35,8
464,8,cpp_adv,0.008326,5.1e-05,0.000359,0.008737,0.0,0.0,0.0,0.0,27,35,8
465,8,seq,1.301622,0.000795,0.000652,1.303068,223.77832,7.681641,9.254883,223.77832,17,14,1
465,8,par,0.53705,0.035197,0.209553,0.781799,187.381836,40.209961,44.729492,187.381836,17,14,1
465,8,weights,0.527195,0.036777,0.221938,0.78591,189.163086,39.431641,45.487305,189.163086,17,14,1
465,8,cpp_seq,0.008909,4.9e-05,5.9e-05,0.009018,0.0,0.0,0.0,0.0,17,14,1
465,8,cpp_par,0.004944,2.8e-05,5.7e-05,0.00503,0.0,0.0,0.0,0.0,17,14,1
465,8,cpp_adv,0.005181,5.9e-05,5.6e-05,0.005297,0.0,0.0,0.0,0.0,17,14,1
466,8,seq,0.960693,0.001001,0.103702,1.065395,212.625977,8.376953,116.375,212.625977,34,76,256
466,8,par,0.399333,0.037571,0.280638,0.717542,193.638672,41.983398,147.498047,193.638672,34,76,256
466,8,weights,0.416902,0.03629,0.275274,0.728466,195.128906,40.768555,122.183594,195.128906,34,76,256
466,8,cpp_seq,0.008213,6.1e-05,0.004041,0.012315,0.0,0.0,0.0,0.0,34,76,256
466,8,cpp_par,0.005022,4e-05,0.003986,0.009049,0.0,0.0,0.0,0.0,34,76,256
466,8,cpp_adv,0.004782,4e-05,0.003971,0.008794,0.0,0.0,0.0,0.0,34,76,256
467,8,seq,0.545728,0.000785,0.000436,0.546949,182.902344,7.580078,6.71582,182.902344,24,23,0
467,8,par,0.230619,0.036771,0.06724,0.33463,188.400391,40.026367,43.59668,188.400391,24,23,0
467,8,weights,0.243773,0.035676,0.071009,0.350458,189.479492,39.483398,41.50293,189.479492,24,23,0
467,8,cpp_seq,0.005698,6e-05,3.6e-05,0.005795,0.0,0.0,0.0,0.0,24,23,0
467,8,cpp_par,0.002984,3.6e-05,3.3e-05,0.003053,0.0,0.0,0.0,0.0,24,23,0
467,8,cpp_adv,0.002814,3.6e-05,3.5e-05,0.002886,0.0,0.0,0.0,0.0,24,23,0
468,8,seq,1.325336,0.000773,0.000202,1.326312,226.891602,7.541016,5.678711,226.891602,17,10,0
468,8,par,0.551864,0.03197,0.029013,0.612847,190.84082,40.40625,33.371094,190.84082,17,10,0
468,8,weights,0.560571,0.034079,0.000482,0.595132,193.575195,40.241211,6.036133,193.575195,17,10,0
468,8,cpp_seq,0.008847,4.7e-05,2e-05,0.008916,0.0,0.0,0.0,0.0,17,10,0
468,8,cpp_par,0.004821,2.9e-05,1.6e-05,0.004867,0.0,0.0,0.0,0.0,17,10,0
468,8,cpp_adv,0.005233,5.8e-05,1.4e-05,0.005305,0.0,0.0,0.0,0.0,17,10,0
469,8,seq,0.391826,0.000879,0.023198,0.415903,165.151367,8.205078,75.867188,165.151367,27,53,51
469,8,par,0.198407,0.035303,0.238502,0.472212,180.72168,39.689453,57.217773,180.72168,27,53,51
469,8,weights,0.193665,0.040848,0.242408,0.47692,181.211914,41.736328,54.166992,181.211914,27,53,51
469,8,cpp_seq,0.002145,5.6e-05,0.001013,0.003215,0.0,0.0,0.0,0.0,27,53,51
469,8,cpp_par,0.001384,3.4e-05,0.001237,0.002657,0.0,0.0,0.0,0.0,27,53,51
469,8,cpp_adv,0.001386,3.7e-05,0.001063,0.002487,0.0,0.0,0.0,0.0,27,53,51
470,8,seq,0.442384,0.000894,0.240018,0.683296,170.608398,8.275391,166.710938,170.608398,34,72,256
470,8,par,0.3197,0.048036,0.334353,0.70209,173.765625,41.800781,330.381836,330.381836,34,72,256
470,8,weights,0.233245,0.03642,0.41579,0.685455,176.211914,41.706055,195.135742,195.135742,34,72,256
470,8,cpp_seq,0.002632,6.3e-05,0.008284,0.01098,0.0,0.0,0.0,0.0,34,72,256
470,8,cpp_par,0.002311,3.5e-05,0.008505,0.010851,0.0,0.0,0.0,0.0,34,72,256
470,8,cpp_adv,0.002024,3.8e-05,0.008005,0.010067,0.0,0.0,0.0,0.0,34,72,256
471,8,seq,0.501522,0.000875,0.066972,0.56937,176.619141,8.228516,96.600586,176.619141,37,60,147
471,8,par,0.244183,0.039069,0.288819,0.572071,192.666992,40.165039,109.802734,192.666992,37,60,147
471,8,weights,0.256663,0.036003,0.261864,0.55453,195.792969,41.901367,89.042969,195.792969,37,60,147
471,8,cpp_seq,0.003396,6e-05,0.003089,0.006546,0.0,0.0,0.0,0.0,37,60,147
471,8,cpp_par,0.00226,3.6e-05,0.003064,0.005361,0.0,0.0,0.0,0.0,37,60,147
471,8,cpp_adv,0.001918,4.2e-05,0.003135,0.005095,0.0,0.0,0.0,0.0,37,60,147
472,8,seq,1.02017,0.000888,0.00138,1.022438,211.640625,7.845703,17.129883,211.640625,27,34,1
472,8,par,0.507711,0.036763,0.210634,0.755107,195.023438,40.103516,45.276367,195.023438,27,34,1
472,8,weights,0.519938,0.032203,0.217434,0.769575,195.797852,41.600586,45.448242,195.797852,27,34,1
472,8,cpp_seq,0.008008,5.4e-05,0.000104,0.008166,0.0,0.0,0.0,0.0,27,34,1
472,8,cpp_par,0.004527,4.2e-05,0.000102,0.004672,0.0,0.0,0.0,0.0,27,34,1
472,8,cpp_adv,0.005152,4.9e-05,0.000106,0.005308,0.0,0.0,0.0,0.0,27,34,1
473,8,seq,0.422252,0.000754,0.000199,0.423205,185.09082,7.360352,5.678711,185.09082,17,7,0
473,8,par,0.249137,0.03407,0.028224,0.311431,184.838867,38.871094,33.511719,184.838867,17,7,0
473,8,weights,0.194181,0.03462,0.00054,0.22934,185.179688,40.411133,6.020508,185.179688,17,7,0
473,8,cpp_seq,0.005369,6.5e-05,1.5e-05,0.005451,0.0,0.0,0.0,0.0,17,7,0
473,8,cpp_par,0.003432,2.9e-05,1.2e-05,0.003474,0.0,0.0,0.0,0.0,17,7,0
473,8,cpp_adv,0.002782,4.2e-05,1.1e-05,0.002835,0.0,0.0,0.0,0.0,17,7,0
474,8,seq,0.567543,0.000888,0.118204,0.686635,176.879883,8.134766,117.523438,176.879883,27,53,85
474,8,par,0.243912,0.042428,0.265747,0.552087,184.931641,41.670898,226.936523,226.936523,27,53,85
474,8,weights,0.254256,0.040408,0.265231,0.559895,186.542969,40.459961,81.350586,186.542969,27,53,85
474,8,cpp_seq,0.004391,6e-05,0.003343,0.007796,0.0,0.0,0.0,0.0,27,53,85
474,8,cpp_par,0.002786,3.6e-05,0.003254,0.006076,0.0,0.0,0.0,0.0,27,53,85
474,8,cpp_adv,0.002928,3.8e-05,0.003251,0.006217,0.0,0.0,0.0,0.0,27,53,85
475,8,seq,0.973752,0.000831,0.000825,0.975408,213.418945,7.642578,10.817383,213.418945,17,18,1
475,8,par,0.44935,0.043548,0.211169,0.704066,185.704102,39.136719,45.081055,185.704102,17,18,1
475,8,weights,0.43231,0.033013,0.213048,0.67837,186.660156,39.207031,45.682617,186.660156,17,18,1
475,8,cpp_seq,0.011826,5.5e-05,8.1e-05,0.011963,0.0,0.0,0.0,0.0,17,18,1
475,8,cpp_par,0.006017,2.8e-05,6.8e-05,0.006114,0.0,0.0,0.0,0.0,17,18,1
475,8,cpp_adv,0.005946,3.1e-05,7.1e-05,0.006049,0.0,0.0,0.0,0.0,17,18,1
476,8,seq,1.184012,0.000734,0.000597,1.185343,239.019531,7.532227,7.68457,239.019531,16,8,1
476,8,par,0.434057,0.034893,0.212241,0.681191,183.831055,38.745117,44.963867,183.831055,16,8,1
476,8,weights,0.472759,0.035063,0.207683,0.715505,187.227539,39.432617,45.44043,187.227539,16,8,1
476,8,cpp_seq,0.010431,4.2e-05,5e-05,0.010525,0.0,0.0,0.0,0.0,16,8,1
476,8,cpp_par,0.005727,2.6e-05,5.1e-05,0.005805,0.0,0.0,0.0,0.0,16,8,1
476,8,cpp_adv,0.005349,2.4e-05,4.6e-05,0.005419,0.0,0.0,0.0,0.0,16,8,1
477,8,seq,0.990875,0.000768,0.000204,0.991848,200.932617,7.235352,5.678711,200.932617,27,8,0
477,8,par,0.519264,0.040429,0.03194,0.591634,195.962891,39.267578,33.792969,195.962891,27,8,0
477,8,weights,0.501458,0.032493,0.000474,0.534425,197.696289,39.201172,6.020508,197.696289,27,8,0
477,8,cpp_seq,0.007023,4.9e-05,1.4e-05,0.007087,0.0,0.0,0.0,0.0,27,8,0
477,8,cpp_par,0.003658,2.8e-05,1.2e-05,0.003698,0.0,0.0,0.0,0.0,27,8,0
477,8,cpp_adv,0.00508,6.1e-05,1.8e-05,0.005159,0.0,0.0,0.0,0.0,27,8,0
478,8,seq,0.49153,0.00094,0.256275,0.748744,171.270508,8.470703,168.320312,171.270508,34,84,256
478,8,par,0.250769,0.032225,0.321307,0.604301,183.895508,41.259766,447.553711,447.553711,34,84,256
478,8,weights,0.247081,0.036394,0.322812,0.606287,186.097656,40.494141,227.620117,227.620117,34,84,256
478,8,cpp_seq,0.002623,6.2e-05,0.009334,0.01202,0.0,0.0,0.0,0.0,34,84,256
478,8,cpp_par,0.002035,3.5e-05,0.009043,0.011113,0.0,0.0,0.0,0.0,34,84,256
478,8,cpp_adv,0.001886,3.5e-05,0.009354,0.011276,0.0,0.0,0.0,0.0,34,84,256
479,8,seq,0.33442,0.000944,0.156855,0.492219,128.323242,8.322266,124.928711,128.323242,34,80,256
479,8,par,0.182763,0.034134,0.278305,0.495202,150.064453,39.151367,144.115234,150.064453,34,80,256
479,8,weights,0.17043,0.033088,0.287677,0.491196,152.030273,40.054688,125.191406,152.030273,34,80,256
479,8,cpp_seq,0.004859,6.3e-05,0.00606,0.010983,0.0,0.0,0.0,0.0,34,80,256
479,8,cpp_par,0.003318,3.8e-05,0.005791,0.009148,0.0,0.0,0.0,0.0,34,80,256
479,8,cpp_adv,0.003948,4.7e-05,0.005961,0.009957,0.0,0.0,0.0,0.0,34,80,256
480,8,seq,0.411962,0.000786,0.000245,0.412992,170.047852,7.000977,5.678711,170.047852,17,0,0
480,8,par,0.200476,0.034821,0.032286,0.267583,183.329102,38.167969,34.261719,183.329102,17,0,0
480,8,weights,0.201232,0.033195,0.000488,0.234916,185.557617,38.956055,6.020508,185.557617,17,0,0
480,8,cpp_seq,0.003029,4.4e-05,1.4e-05,0.003088,0.0,0.0,0.0,0.0,17,0,0
480,8,cpp_par,0.002002,2.7e-05,1.2e-05,0.002041,0.0,0.0,0.0,0.0,17,0,0
480,8,cpp_adv,0.002028,3.1e-05,1.3e-05,0.002073,0.0,0.0,0.0,0.0,17,0,0
481,8,seq,1.338624,0.000997,0.190766,1.530387,225.955078,8.244141,143.992188,225.955078,34,70,192
481,8,par,0.585172,0.034653,0.333047,0.952873,198.717773,39.901367,237.827148,237.827148,34,70,192
481,8,weights,0.599531,0.03667,0.371466,1.007667,199.883789,40.22168,166.163086,199.883789,34,70,192
481,8,cpp_seq,0.011616,6e-05,0.007165,0.018843,0.0,0.0,0.0,0.0,34,70,192
481,8,cpp_par,0.006857,3.6e-05,0.0071,0.013994,0.0,0.0,0.0,0.0,34,70,192
481,8,cpp_adv,0.006541,4.7e-05,0.007322,0.013911,0.0,0.0,0.0,0.0,34,70,192
482,8,seq,0.589036,0.000872,0.24582,0.835728,178.849609,8.103516,168.617188,178.849609,34,64,256
482,8,par,0.284296,0.038285,0.331976,0.654557,186.975586,39.838867,310.952148,310.952148,34,64,256
482,8,weights,0.289633,0.03844,0.351612,0.679685,189.350586,40.349609,211.893555,211.893555,34,64,256
482,8,cpp_seq,0.005325,5.8e-05,0.009652,0.015036,0.0,0.0,0.0,0.0,34,64,256
482,8,cpp_par,0.003643,3.6e-05,0.012438,0.016118,0.0,0.0,0.0,0.0,34,64,256
482,8,cpp_adv,0.003086,3.7e-05,0.009011,0.012136,0.0,0.0,0.0,0.0,34,64,256
483,8,seq,0.410599,0.000806,0.017826,0.429232,166.583008,7.681641,76.539062,166.583008,27,32,32
483,8,par,0.17683,0.034504,0.232258,0.443592,174.642578,39.049805,60.213867,174.642578,27,32,32
483,8,weights,0.164672,0.044798,0.243383,0.452853,176.256836,39.399414,56.206055,176.256836,27,32,32
483,8,cpp_seq,0.003419,5.5e-05,0.00104,0.004515,0.0,0.0,0.0,0.0,27,32,32
483,8,cpp_par,0.001832,3.1e-05,0.000988,0.002851,0.0,0.0,0.0,0.0,27,32,32
483,8,cpp_adv,0.001716,3.1e-05,0.000996,0.002744,0.0,0.0,0.0,0.0,27,32,32
484,8,seq,0.32239,0.000831,0.000215,0.323436,171.074219,7.258789,5.678711,171.074219,17,5,0
484,8,par,0.22387,0.067258,0.03666,0.327788,184.183594,39.639648,34.011719,184.183594,17,5,0
484,8,weights,0.173584,0.034614,0.000472,0.208671,186.979492,39.356445,6.020508,186.979492,17,5,0
484,8,cpp_seq,0.004101,4.5e-05,1.3e-05,0.00416,0.0,0.0,0.0,0.0,17,5,0
484,8,cpp_par,0.002301,4.3e-05,1.3e-05,0.002357,0.0,0.0,0.0,0.0,17,5,0
484,8,cpp_adv,0.002158,2.8e-05,1.1e-05,0.002197,0.0,0.0,0.0,0.0,17,5,0
485,8,seq,1.355125,0.000824,0.018433,1.374383,275.542969,7.650391,78.414062,275.542969,27,28,32
485,8,par,0.751344,0.03467,0.236786,1.0228,197.616211,39.861328,61.78418,197.616211,27,28,32
485,8,weights,0.641538,0.040252,0.233765,0.915556,198.205078,39.308594,56.698242,198.205078,27,28,32
485,8,cpp_seq,0.013464,5.3e-05,0.001082,0.014601,0.0,0.0,0.0,0.0,27,28,32
485,8,cpp_par,0.008857,3.2e-05,0.001074,0.009964,0.0,0.0,0.0,0.0,27,28,32
485,8,cpp_adv,0.008056,5.7e-05,0.001084,0.009198,0.0,0.0,0.0,0.0,27,28,32
486,8,seq,0.481292,0.000857,0.000841,0.48299,171.974609,7.666016,11.223633,171.974609,17,20,1
486,8,par,0.226501,0.036059,0.215046,0.477606,179.320312,39.089844,45.143555,179.320312,17,20,1
486,8,weights,0.225149,0.03573,0.222582,0.48346,179.571289,39.499023,44.948242,179.571289,17,20,1
486,8,cpp_seq,0.002974,4.8e-05,7.2e-05,0.003096,0.0,0.0,0.0,0.0,17,20,1
486,8,cpp_par,0.001855,2.8e-05,7e-05,0.001953,0.0,0.0,0.0,0.0,17,20,1
486,8,cpp_adv,0.001997,3e-05,7e-05,0.002098,0.0,0.0,0.0,0.0,17,20,1
487,8,seq,0.525913,0.000974,0.289186,0.816074,178.224609,8.126953,187.421875,187.421875,27,72,256
487,8,par,0.235845,0.037336,0.339217,0.612398,178.446289,41.999023,557.319336,557.319336,27,72,256
487,8,weights,0.222111,0.03747,0.323649,0.583231,179.56543,40.707031,219.307617,219.307617,27,72,256
487,8,cpp_seq,0.004378,5.9e-05,0.009219,0.013657,0.0,0.0,0.0,0.0,27,72,256
487,8,cpp_par,0.002913,3.7e-05,0.008672,0.011623,0.0,0.0,0.0,0.0,27,72,256
487,8,cpp_adv,0.002767,3.8e-05,0.008814,0.01162,0.0,0.0,0.0,0.0,27,72,256
488,8,seq,1.150466,0.001208,0.000743,1.152418,209.280273,7.422852,6.262695,209.280273,17,9,0
488,8,par,0.499003,0.03703,0.089933,0.625966,190.193359,39.549805,42.916992,190.193359,17,9,0
488,8,weights,0.479926,0.035053,0.09574,0.61072,192.242188,39.06543,43.97168,192.242188,17,9,0
488,8,cpp_seq,0.007252,4.7e-05,2.5e-05,0.007326,0.0,0.0,0.0,0.0,17,9,0
488,8,cpp_par,0.004147,2.9e-05,2.4e-05,0.0042,0.0,0.0,0.0,0.0,17,9,0
488,8,cpp_adv,0.004451,5.8e-05,2.4e-05,0.004534,0.0,0.0,0.0,0.0,17,9,0
489,8,seq,0.430241,0.00101,0.000757,0.432008,170.113281,7.650391,9.512695,170.113281,16,16,1
489,8,par,0.18625,0.039064,0.215065,0.440379,165.369141,39.131836,45.081055,165.369141,16,16,1
489,8,weights,0.188236,0.034676,0.216031,0.438943,166.557617,39.558594,45.385742,166.557617,16,16,1
489,8,cpp_seq,0.005225,4.5e-05,5.8e-05,0.005329,0.0,0.0,0.0,0.0,16,16,1
489,8,cpp_par,0.002933,2.6e-05,5.4e-05,0.003013,0.0,0.0,0.0,0.0,16,16,1
489,8,cpp_adv,0.002599,2.5e-05,5.4e-05,0.002679,0.0,0.0,0.0,0.0,16,16,1
490,8,seq,0.642604,0.000858,0.008364,0.651826,187.800781,7.705078,63.671875,187.800781,27,30,16
490,8,par,0.346943,0.036455,0.230114,0.613512,189.729492,40.431641,50.901367,189.729492,27,30,16
490,8,weights,0.279325,0.039898,0.223788,0.54301,190.733398,41.285156,50.081055,190.733398,27,30,16
490,8,cpp_seq,0.005043,5.3e-05,0.000584,0.005681,0.0,0.0,0.0,0.0,27,30,16
490,8,cpp_par,0.003431,3.1e-05,0.000555,0.004018,0.0,0.0,0.0,0.0,27,30,16
490,8,cpp_adv,0.003706,3.9e-05,0.000555,0.0043,0.0,0.0,0.0,0.0,27,30,16
491,8,seq,1.048483,0.000892,0.003299,1.052675,210.851562,8.041016,56.036133,210.851562,34,56,0
491,8,par,0.601592,0.039629,0.129383,0.770604,203.195312,39.944336,45.09668,203.195312,34,56,0
491,8,weights,0.510708,0.033256,0.131934,0.675897,202.47168,42.467773,46.604492,202.47168,34,56,0
491,8,cpp_seq,0.01006,6.1e-05,0.000189,0.010312,0.0,0.0,0.0,0.0,34,56,0
491,8,cpp_par,0.005525,3.3e-05,0.000186,0.005745,0.0,0.0,0.0,0.0,34,56,0
491,8,cpp_adv,0.005946,3.5e-05,0.000214,0.006195,0.0,0.0,0.0,0.0,34,56,0
492,8,seq,0.792921,0.000763,0.000416,0.7941,209.34668,7.610352,6.270508,209.34668,16,8,0
492,8,par,0.319911,0.036719,0.064048,0.420679,184.339844,39.31543,41.862305,184.339844,16,8,0
492,8,weights,0.333221,0.033658,0.0635,0.430379,186.160156,39.404297,41.893555,186.160156,16,8,0
492,8,cpp_seq,0.008986,4.3e-05,2.3e-05,0.009053,0.0,0.0,0.0,0.0,16,8,0
492,8,cpp_par,0.004813,2.5e-05,2e-05,0.004858,0.0,0.0,0.0,0.0,16,8,0
492,8,cpp_adv,0.004888,2.7e-05,2.2e-05,0.004937,0.0,0.0,0.0,0.0,16,8,0
493,8,seq,0.30866,0.000801,0.000513,0.309974,161.678711,7.610352,6.270508,161.678711,16,8,0
493,8,par,0.14026,0.046664,0.060569,0.247492,162.313477,38.730469,41.893555,162.313477,16,8,0
493,8,weights,0.146995,0.036165,0.05928,0.242439,164.235352,39.87207,42.362305,164.235352,16,8,0
493,8,cpp_seq,0.004269,6.8e-05,2.4e-05,0.004362,0.0,0.0,0.0,0.0,16,8,0
493,8,cpp_par,0.002418,2.9e-05,2e-05,0.002468,0.0,0.0,0.0,0.0,16,8,0
493,8,cpp_adv,0.002163,2.5e-05,2.9e-05,0.002217,0.0,0.0,0.0,0.0,16,8,0
494,8,seq,0.530897,0.000842,0.001558,0.533297,178.917969,7.978516,19.325195,178.917969,24,35,1
494,8,par,0.264649,0.036086,0.219264,0.52,176.027344,39.436523,45.518555,176.027344,24,35,1
494,8,weights,0.258462,0.032967,0.212921,0.50435,178.391602,39.737305,45.84668,178.391602,24,35,1
494,8,cpp_seq,0.005139,5.2e-05,0.000109,0.005301,0.0,0.0,0.0,0.0,24,35,1
494,8,cpp_par,0.002903,3.2e-05,0.00013,0.003065,0.0,0.0,0.0,0.0,24,35,1
494,8,cpp_adv,0.002865,3.2e-05,0.00011,0.003008,0.0,0.0,0.0,0.0,24,35,1
495,8,seq,0.689441,0.000733,0.000203,0.690378,193.974609,7.000977,5.678711,193.974609,17,0,0
495,8,par,0.300911,0.038156,0.029397,0.368464,187.389648,39.874023,33.511719,187.389648,17,0,0
495,8,weights,0.2965,0.035988,0.000584,0.333072,189.398438,38.767578,6.020508,189.398438,17,0,0
495,8,cpp_seq,0.004593,4.3e-05,6.1e-05,0.004698,0.0,0.0,0.0,0.0,17,0,0
495,8,cpp_par,0.00268,2.7e-05,1.3e-05,0.00272,0.0,0.0,0.0,0.0,17,0,0
495,8,cpp_adv,0.002753,3.1e-05,1.6e-05,0.002801,0.0,0.0,0.0,0.0,17,0,0
496,8,seq,0.718542,0.000806,0.000493,0.719841,189.725586,7.344727,7.043945,189.725586,17,7,0
496,8,par,0.299685,0.036084,0.158452,0.494221,189.539062,40.359375,44.354492,189.539062,17,7,0
496,8,weights,0.293676,0.033746,0.157954,0.485375,191.109375,40.588867,44.823242,191.109375,17,7,0
496,8,cpp_seq,0.004398,5.4e-05,6.1e-05,0.004515,0.0,0.0,0.0,0.0,17,7,0
496,8,cpp_par,0.002648,3.7e-05,4e-05,0.002726,0.0,0.0,0.0,0.0,17,7,0
496,8,cpp_adv,0.002571,2.7e-05,3.2e-05,0.00263,0.0,0.0,0.0,0.0,17,7,0
497,8,seq,0.573189,0.000724,0.000247,0.574161,180.00293,7.000977,5.678711,180.00293,16,0,0
497,8,par,0.239856,0.033215,0.029351,0.302423,183.819336,39.014648,33.792969,183.819336,16,0,0
497,8,weights,0.249405,0.033485,0.000448,0.283338,184.545898,40.366211,6.020508,184.545898,16,0,0
497,8,cpp_seq,0.004489,4.1e-05,1.3e-05,0.004544,0.0,0.0,0.0,0.0,16,0,0
497,8,cpp_par,0.002463,2.6e-05,1.3e-05,0.002503,0.0,0.0,0.0,0.0,16,0,0
497,8,cpp_adv,0.002162,2.3e-05,1.1e-05,0.002196,0.0,0.0,0.0,0.0,16,0,0
498,8,seq,0.865558,0.001009,1.658826,2.525394,197.556641,8.541992,831.898438,831.898438,40,101,1908
498,8,par,0.326513,0.03843,0.988405,1.353348,183.301758,39.728516,3349.734375,3349.734375,40,101,1908
498,8,weights,0.337664,0.038452,0.896258,1.272374,185.676758,40.980469,1952.935547,1952.935547,40,101,1908
498,8,cpp_seq,0.005336,6.3e-05,0.068515,0.073916,0.0,0.0,0.0,0.0,40,101,1908
498,8,cpp_par,0.00684,3.5e-05,0.067242,0.074118,0.0,0.0,0.0,0.0,40,101,1908
498,8,cpp_adv,0.006554,4.3e-05,0.066428,0.073026,0.0,0.0,0.0,0.0,40,101,1908
499,8,seq,0.774741,0.000977,0.081839,0.857557,195.196289,8.119141,111.164062,195.196289,34,62,80
499,8,par,0.364888,0.036214,0.278187,0.679289,195.783203,39.767578,108.725586,195.783203,34,62,80
499,8,weights,0.367386,0.037186,0.26251,0.667082,199.672852,39.90918,81.538086,199.672852,34,62,80
499,8,cpp_seq,0.008074,7.3e-05,0.003288,0.011436,0.0,0.0,0.0,0.0,34,62,80
499,8,cpp_par,0.004221,4.3e-05,0.0031,0.007364,0.0,0.0,0.0,0.0,34,62,80
499,8,cpp_adv,0.004476,5.4e-05,0.003124,0.007654,0.0,0.0,0.0,0.0,34,62,80
500,8,seq,0.305506,0.000941,0.300538,0.606984,127.668945,8.376953,185.0,185.0,34,80,256
500,8,par,0.143251,0.036945,0.357047,0.537242,153.518555,43.537109,564.280273,564.280273,34,80,256
500,8,weights,0.139379,0.042813,0.345509,0.527701,152.579102,39.873047,224.393555,224.393555,34,80,256
500,8,cpp_seq,0.002658,0.000114,0.009402,0.012177,0.0,0.0,0.0,0.0,34,80,256
500,8,cpp_par,0.001941,3.6e-05,0.009259,0.011237,0.0,0.0,0.0,0.0,34,80,256
500,8,cpp_adv,0.001527,4.5e-05,0.009207,0.01078,0.0,0.0,0.0,0.0,34,80,256
501,8,seq,0.457456,0.000769,0.000201,0.458426,172.056641,7.344727,5.678711,172.056641,17,6,0
501,8,par,0.220499,0.035459,0.029678,0.285636,183.470703,38.495117,33.355469,183.470703,17,6,0
501,8,weights,0.21919,0.045424,0.000458,0.265072,184.977539,38.960938,6.020508,184.977539,17,6,0
501,8,cpp_seq,0.00376,4.6e-05,1.4e-05,0.00382,0.0,0.0,0.0,0.0,17,6,0
501,8,cpp_par,0.002011,2.8e-05,1.3e-05,0.002051,0.0,0.0,0.0,0.0,17,6,0
501,8,cpp_adv,0.001937,2.8e-05,1.1e-05,0.001976,0.0,0.0,0.0,0.0,17,6,0
502,8,seq,0.673331,0.000855,0.000208,0.674394,200.023438,7.321289,5.678711,200.023438,17,8,0
502,8,par,0.31293,0.038373,0.032868,0.384172,188.864258,39.25293,33.855469,188.864258,17,8,0
502,8,weights,0.320162,0.035219,0.000451,0.355831,190.893555,40.764648,6.020508,190.893555,17,8,0
502,8,cpp_seq,0.006808,4.7e-05,1.4e-05,0.006871,0.0,0.0,0.0,0.0,17,8,0
502,8,cpp_par,0.004415,5.9e-05,1.8e-05,0.004493,0.0,0.0,0.0,0.0,17,8,0
502,8,cpp_adv,0.003915,3.3e-05,1.1e-05,0.003959,0.0,0.0,0.0,0.0,17,8,0
503,8,seq,0.470299,0.000901,0.001553,0.472753,176.469727,7.587891,10.833008,176.469727,17,16,1
503,8,par,0.25534,0.041254,0.221356,0.51795,178.285156,38.895508,45.299805,178.285156,17,16,1
503,8,weights,0.220838,0.033246,0.224244,0.478328,178.061523,39.088867,45.791992,178.061523,17,16,1
503,8,cpp_seq,0.002936,4.8e-05,7.4e-05,0.00306,0.0,0.0,0.0,0.0,17,16,1
503,8,cpp_par,0.002038,2.8e-05,7.8e-05,0.002145,0.0,0.0,0.0,0.0,17,16,1
503,8,cpp_adv,0.00181,3.9e-05,7.4e-05,0.001924,0.0,0.0,0.0,0.0,17,16,1
504,8,seq,0.47199,0.000849,0.001044,0.473884,164.331055,7.775391,12.981445,164.331055,17,19,1
504,8,par,0.22892,0.034904,0.21914,0.482963,172.841797,39.666016,45.338867,172.841797,17,19,1
504,8,weights,0.248265,0.036488,0.217881,0.502634,173.350586,39.999023,45.948242,173.350586,17,19,1
504,8,cpp_seq,0.004785,4.9e-05,8.9e-05,0.004924,0.0,0.0,0.0,0.0,17,19,1
504,8,cpp_par,0.002736,2.8e-05,8.7e-05,0.002852,0.0,0.0,0.0,0.0,17,19,1
504,8,cpp_adv,0.003373,3.5e-05,0.000116,0.003524,0.0,0.0,0.0,0.0,17,19,1
505,8,seq,0.511457,0.000977,0.284452,0.796886,179.462891,8.353516,169.210938,179.462891,34,92,256
505,8,par,0.222141,0.032587,0.354021,0.60875,189.467773,39.655273,319.764648,319.764648,34,92,256
505,8,weights,0.220102,0.040763,0.396001,0.656866,191.013672,41.158203,221.69043,221.69043,34,92,256
505,8,cpp_seq,0.00537,6.4e-05,0.009787,0.015223,0.0,0.0,0.0,0.0,34,92,256
505,8,cpp_par,0.003669,3.6e-05,0.010036,0.013742,0.0,0.0,0.0,0.0,34,92,256
505,8,cpp_adv,0.003232,3.8e-05,0.009488,0.012759,0.0,0.0,0.0,0.0,34,92,256
506,8,seq,0.410093,0.000835,0.01955,0.430477,171.052734,8.017578,79.974609,171.052734,24,40,56
506,8,par,0.235166,0.053462,0.244449,0.533077,172.318359,40.397461,62.50293,172.318359,24,40,56
506,8,weights,0.173126,0.045084,0.24713,0.465341,173.763672,39.962891,56.56543,173.763672,24,40,56
506,8,cpp_seq,0.004776,5.1e-05,0.001269,0.006097,0.0,0.0,0.0,0.0,24,40,56
506,8,cpp_par,0.002756,2.9e-05,0.001248,0.004033,0.0,0.0,0.0,0.0,24,40,56
506,8,cpp_adv,0.00268,3e-05,0.00129,0.004001,0.0,0.0,0.0,0.0,24,40,56
507,8,seq,0.329832,0.000931,0.000928,0.331691,166.095703,7.556641,11.46582,166.095703,16,16,1
507,8,par,0.13894,0.03537,0.219902,0.394212,171.910156,38.705078,45.31543,171.910156,16,16,1
507,8,weights,0.153535,0.033885,0.212837,0.400257,173.649414,39.109375,45.979492,173.649414,16,16,1
507,8,cpp_seq,0.003923,4.7e-05,7.9e-05,0.004063,0.0,0.0,0.0,0.0,16,16,1
507,8,cpp_par,0.002146,2.6e-05,7.6e-05,0.002248,0.0,0.0,0.0,0.0,16,16,1
507,8,cpp_adv,0.001922,2.6e-05,7.4e-05,0.002023,0.0,0.0,0.0,0.0,16,16,1
508,8,seq,0.577863,0.000738,0.000381,0.578983,179.742188,7.149414,5.817383,179.742188,17,2,0
508,8,par,0.253535,0.035276,0.030284,0.319095,187.245117,38.28418,35.457031,187.245117,17,2,0
508,8,weights,0.237549,0.034465,0.034986,0.307,189.008789,39.827148,35.332031,189.008789,17,2,0
508,8,cpp_seq,0.005816,4.5e-05,1.5e-05,0.005877,0.0,0.0,0.0,0.0,17,2,0
508,8,cpp_par,0.003269,3.4e-05,1.9e-05,0.003323,0.0,0.0,0.0,0.0,17,2,0
508,8,cpp_adv,0.003191,2.5e-05,1.3e-05,0.003229,0.0,0.0,0.0,0.0,17,2,0
509,8,seq,0.25997,0.000863,0.038945,0.299778,122.893555,8.041016,90.740234,122.893555,27,44,58
509,8,par,0.149447,0.035935,0.254735,0.440117,144.203125,39.379883,84.639648,144.203125,27,44,58
509,8,weights,0.131409,0.03807,0.240085,0.409564,146.166016,39.830078,70.323242,146.166016,27,44,58
509,8,cpp_seq,0.002977,6.1e-05,0.001846,0.004884,0.0,0.0,0.0,0.0,27,44,58
509,8,cpp_par,0.001624,3.4e-05,0.001812,0.00347,0.0,0.0,0.0,0.0,27,44,58
509,8,cpp_adv,0.00151,3.4e-05,0.001797,0.003341,0.0,0.0,0.0,0.0,27,44,58
510,8,seq,0.514311,0.000786,0.000881,0.515978,193.791016,7.580078,11.418945,193.791016,17,17,1
510,8,par,0.293396,0.039245,0.216496,0.549137,178.235352,38.683594,45.463867,178.235352,17,17,1
510,8,weights,0.239544,0.038429,0.215539,0.493513,179.892578,39.4375,45.838867,179.892578,17,17,1
510,8,cpp_seq,0.00439,4.9e-05,8.1e-05,0.004521,0.0,0.0,0.0,0.0,17,17,1
510,8,cpp_par,0.002977,4.6e-05,8.1e-05,0.003104,0.0,0.0,0.0,0.0,17,17,1
510,8,cpp_adv,0.002616,3.4e-05,8.7e-05,0.002738,0.0,0.0,0.0,0.0,17,17,1
511,8,seq,0.609321,0.000809,0.000813,0.610943,194.629883,7.642578,10.24707,194.629883,17,17,1
511,8,par,0.351293,0.032661,0.224365,0.608319,183.243164,38.696289,45.03418,183.243164,17,17,1
511,8,weights,0.272339,0.034925,0.21645,0.523714,184.692383,40.819336,45.135742,184.692383,17,17,1
511,8,cpp_seq,0.005543,4.8e-05,6.7e-05,0.00566,0.0,0.0,0.0,0.0,17,17,1
511,8,cpp_par,0.003941,3e-05,6.9e-05,0.004041,0.0,0.0,0.0,0.0,17,17,1
511,8,cpp_adv,0.003712,3.1e-05,6.8e-05,0.003812,0.0,0.0,0.0,0.0,17,17,1
512,8,seq,0.818252,0.001046,0.138798,0.958096,207.865234,8.041016,139.6875,207.865234,34,60,192
512,8,par,0.442354,0.036557,0.289003,0.767914,197.555664,40.125,197.569336,197.569336,34,60,192
512,8,weights,0.370408,0.032102,0.296315,0.698825,199.560547,41.089844,164.280273,199.560547,34,60,192
512,8,cpp_seq,0.00869,5.9e-05,0.005573,0.014322,0.0,0.0,0.0,0.0,34,60,192
512,8,cpp_par,0.00555,5.3e-05,0.006068,0.011672,0.0,0.0,0.0,0.0,34,60,192
512,8,cpp_adv,0.005059,6.2e-05,0.005568,0.01069,0.0,0.0,0.0,0.0,34,60,192
513,8,seq,0.358498,0.000829,0.000206,0.359532,170.302734,7.360352,5.678711,170.302734,17,6,0
513,8,par,0.205211,0.03458,0.03094,0.270731,175.849609,38.526367,33.636719,175.849609,17,6,0
513,8,weights,0.165691,0.031949,0.000572,0.198212,180.390625,39.287109,6.020508,180.390625,17,6,0
513,8,cpp_seq,0.002701,4.6e-05,1.4e-05,0.002763,0.0,0.0,0.0,0.0,17,6,0
513,8,cpp_par,0.001726,2.6e-05,1.1e-05,0.001764,0.0,0.0,0.0,0.0,17,6,0
513,8,cpp_adv,0.001382,2.6e-05,1.2e-05,0.001419,0.0,0.0,0.0,0.0,17,6,0
514,8,seq,1.127849,0.000895,0.141546,1.27029,221.885742,8.150391,123.765625,221.885742,34,56,144
514,8,par,0.578753,0.033454,0.305067,0.917274,199.011719,39.670898,155.381836,199.011719,34,56,144
514,8,weights,0.524589,0.033032,0.448632,1.006252,201.833008,42.00293,127.788086,201.833008,34,56,144
514,8,cpp_seq,0.009423,6.2e-05,0.005487,0.014973,0.0,0.0,0.0,0.0,34,56,144
514,8,cpp_par,0.006247,4.2e-05,0.005418,0.011707,0.0,0.0,0.0,0.0,34,56,144
514,8,cpp_adv,0.006046,3.6e-05,0.005296,0.011378,0.0,0.0,0.0,0.0,34,56,144
515,8,seq,0.48458,0.001002,0.000839,0.486422,165.675781,7.658203,10.817383,165.675781,17,20,1
515,8,par,0.267501,0.033368,0.221006,0.521875,167.025391,39.827148,45.510742,167.025391,17,20,1
515,8,weights,0.272292,0.037934,0.214755,0.524982,169.609375,40.166992,45.416992,169.609375,17,20,1
515,8,cpp_seq,0.005342,6.1e-05,8.7e-05,0.005491,0.0,0.0,0.0,0.0,17,20,1
515,8,cpp_par,0.002645,2.9e-05,6.6e-05,0.00274,0.0,0.0,0.0,0.0,17,20,1
515,8,cpp_adv,0.002637,2.9e-05,6.4e-05,0.00273,0.0,0.0,0.0,0.0,17,20,1
516,8,seq,1.333036,0.000837,0.000212,1.334086,220.97168,7.305664,5.678711,220.97168,17,8,0
516,8,par,1.386194,0.037968,0.030264,1.454426,193.495117,39.803711,33.761719,193.495117,17,8,0
516,8,weights,0.601388,0.035901,0.000448,0.637737,194.635742,40.170898,6.020508,194.635742,17,8,0
516,8,cpp_seq,0.010928,4.7e-05,1.4e-05,0.01099,0.0,0.0,0.0,0.0,17,8,0
516,8,cpp_par,0.004613,2.7e-05,1.1e-05,0.004652,0.0,0.0,0.0,0.0,17,8,0
516,8,cpp_adv,0.005822,3e-05,1.2e-05,0.005865,0.0,0.0,0.0,0.0,17,8,0
517,8,seq,0.505845,0.00083,0.000925,0.5076,167.108398,7.626953,11.793945,167.108398,17,19,1
517,8,par,0.253284,0.035735,0.218828,0.507847,174.208984,40.561523,45.206055,174.208984,17,19,1
517,8,weights,0.245564,0.036856,0.216021,0.498441,175.296875,39.859375,45.729492,175.296875,17,19,1
517,8,cpp_seq,0.0038,6.2e-05,0.000104,0.003968,0.0,0.0,0.0,0.0,17,19,1
517,8,cpp_par,0.002766,3.7e-05,0.000103,0.002907,0.0,0.0,0.0,0.0,17,19,1
517,8,cpp_adv,0.002018,3.6e-05,8e-05,0.002135,0.0,0.0,0.0,0.0,17,19,1
518,8,seq,0.627168,0.000808,0.00088,0.628856,191.378906,7.798828,10.833008,191.378906,17,18,1
518,8,par,0.311931,0.043376,0.219057,0.574365,178.327148,41.999023,45.331055,178.327148,17,18,1
518,8,weights,0.280613,0.038539,0.222853,0.542005,177.631836,40.734375,45.737305,177.631836,17,18,1
518,8,cpp_seq,0.004104,4.9e-05,7.4e-05,0.004227,0.0,0.0,0.0,0.0,17,18,1
518,8,cpp_par,0.002871,3e-05,7.4e-05,0.002976,0.0,0.0,0.0,0.0,17,18,1
518,8,cpp_adv,0.002482,3.1e-05,7.1e-05,0.002585,0.0,0.0,0.0,0.0,17,18,1
519,8,seq,0.583661,0.000844,0.001078,0.585583,173.705078,7.908203,11.614258,173.705078,17,18,1
519,8,par,0.296095,0.033207,0.217474,0.546775,175.930664,39.669922,45.291992,175.930664,17,18,1
519,8,weights,0.213549,0.037903,0.214737,0.466189,177.429688,39.863281,45.831055,177.429688,17,18,1
519,8,cpp_seq,0.0037,5.1e-05,8.2e-05,0.003833,0.0,0.0,0.0,0.0,17,18,1
519,8,cpp_par,0.002738,3.4e-05,8.3e-05,0.002855,0.0,0.0,0.0,0.0,17,18,1
519,8,cpp_adv,0.002283,3e-05,7.8e-05,0.002393,0.0,0.0,0.0,0.0,17,18,1
520,8,seq,1.32445,0.000777,0.000768,1.325995,203.786133,7.533203,10.036133,203.786133,17,16,1
520,8,par,0.512003,0.033113,0.211342,0.756458,182.961914,38.699219,45.088867,182.961914,17,16,1
520,8,weights,0.369565,0.03469,0.223232,0.627487,185.847656,40.225586,45.581055,185.847656,17,16,1
520,8,cpp_seq,0.010132,5.1e-05,6.8e-05,0.010252,0.0,0.0,0.0,0.0,17,16,1
520,8,cpp_par,0.006125,3.1e-05,6.7e-05,0.006223,0.0,0.0,0.0,0.0,17,16,1
520,8,cpp_adv,0.005271,4.5e-05,6.5e-05,0.005382,0.0,0.0,0.0,0.0,17,16,1
521,8,seq,1.095501,0.000798,0.001129,1.097427,204.147461,7.666016,12.262695,204.147461,17,17,1
521,8,par,0.387123,0.034115,0.214088,0.635326,181.21582,39.134766,45.487305,181.21582,17,17,1
521,8,weights,0.348964,0.036645,0.223128,0.608738,184.762695,39.874023,46.151367,184.762695,17,17,1
521,8,cpp_seq,0.008914,5e-05,8.9e-05,0.009054,0.0,0.0,0.0,0.0,17,17,1
521,8,cpp_par,0.004479,2.9e-05,8.4e-05,0.004592,0.0,0.0,0.0,0.0,17,17,1
521,8,cpp_adv,0.004661,3.1e-05,8.5e-05,0.004777,0.0,0.0,0.0,0.0,17,17,1
522,8,seq,0.587919,0.000848,0.000205,0.588972,185.361328,7.360352,5.678711,185.361328,17,6,0
522,8,par,0.264642,0.040762,0.036815,0.342219,190.873047,39.319336,33.511719,190.873047,17,6,0
522,8,weights,0.279144,0.03445,0.000669,0.314262,192.97168,39.347656,6.020508,192.97168,17,6,0
522,8,cpp_seq,0.007554,4.6e-05,1.4e-05,0.007615,0.0,0.0,0.0,0.0,17,6,0
522,8,cpp_par,0.004093,2.8e-05,1.2e-05,0.004134,0.0,0.0,0.0,0.0,17,6,0
522,8,cpp_adv,0.003903,2.7e-05,1.1e-05,0.003941,0.0,0.0,0.0,0.0,17,6,0
523,8,seq,0.761755,0.001322,37.012578,37.775655,147.673828,15.549805,5543.742188,5543.742188,54,238,14112
523,8,par,0.381517,0.039664,12.824033,13.245214,170.450195,43.164062,22397.507812,22397.507812,54,238,14112
523,8,weights,0.319698,0.03725,12.736916,13.093864,172.583984,42.764648,15467.492188,15467.492188,54,238,14112
523,8,cpp_seq,0.00549,8.8e-05,0.726219,0.731799,0.0,0.0,0.0,0.0,54,238,14112
523,8,cpp_par,0.004345,7.1e-05,0.723712,0.728129,0.0,0.0,0.0,0.0,54,238,14112
523,8,cpp_adv,0.00371,6.5e-05,0.726151,0.729927,0.0,0.0,0.0,0.0,54,238,14112
524,8,seq,0.975684,0.00077,0.000577,0.977031,217.605469,7.587891,7.637695,217.605469,17,14,0
524,8,par,0.396127,0.038054,0.173479,0.60766,187.926758,39.229492,44.674805,187.926758,17,14,0
524,8,weights,0.391059,0.040625,0.184693,0.616377,190.342773,39.624023,44.651367,190.342773,17,14,0
524,8,cpp_seq,0.010679,5e-05,4.6e-05,0.010775,0.0,0.0,0.0,0.0,17,14,0
524,8,cpp_par,0.006143,3.1e-05,4.4e-05,0.006219,0.0,0.0,0.0,0.0,17,14,0
524,8,cpp_adv,0.005863,4.3e-05,5.3e-05,0.00596,0.0,0.0,0.0,0.0,17,14,0
525,8,seq,0.657125,0.001017,2.488313,3.146455,189.506836,8.651367,693.117188,693.117188,44,117,1532
525,8,par,0.292812,0.038297,1.109258,1.440367,186.081055,42.506836,2847.357422,2847.357422,44,117,1532
525,8,weights,0.246764,0.037313,1.114591,1.398668,186.59375,40.874023,1777.024414,1777.024414,44,117,1532
525,8,cpp_seq,0.005645,7.2e-05,0.063804,0.069522,0.0,0.0,0.0,0.0,44,117,1532
525,8,cpp_par,0.004763,6.4e-05,0.063577,0.068406,0.0,0.0,0.0,0.0,44,117,1532
525,8,cpp_adv,0.006644,7.1e-05,0.062562,0.069278,0.0,0.0,0.0,0.0,44,117,1532
526,8,seq,0.405654,0.000872,0.000861,0.407387,169.239258,7.955078,11.614258,169.239258,17,22,1
526,8,par,0.232564,0.039798,0.258851,0.531214,179.953125,40.733398,45.182617,179.953125,17,22,1
526,8,weights,0.206627,0.038727,0.241892,0.487246,179.907227,41.823242,45.401367,179.907227,17,22,1
526,8,cpp_seq,0.003753,5e-05,7.3e-05,0.003876,0.0,0.0,0.0,0.0,17,22,1
526,8,cpp_par,0.002547,4e-05,7.2e-05,0.00266,0.0,0.0,0.0,0.0,17,22,1
526,8,cpp_adv,0.002174,3e-05,7e-05,0.002275,0.0,0.0,0.0,0.0,17,22,1
527,8,seq,0.494504,0.001302,0.105644,0.60145,174.842773,8.455078,122.506836,174.842773,34,80,256
527,8,par,0.22877,0.038484,0.384238,0.651492,187.854492,40.539062,165.841797,187.854492,34,80,256
527,8,weights,0.243451,0.038541,0.31176,0.593752,190.139648,40.084961,121.800781,190.139648,34,80,256
527,8,cpp_seq,0.002592,9.2e-05,0.004256,0.006942,0.0,0.0,0.0,0.0,34,80,256
527,8,cpp_par,0.002065,3.6e-05,0.004187,0.006288,0.0,0.0,0.0,0.0,34,80,256
527,8,cpp_adv,0.001399,3.6e-05,0.004125,0.00556,0.0,0.0,0.0,0.0,34,80,256
528,8,seq,0.330687,0.000806,0.000201,0.331694,169.011719,7.211914,5.678711,169.011719,17,4,0
528,8,par,0.165453,0.03772,0.033218,0.236391,186.227539,39.100586,33.355469,186.227539,17,4,0
528,8,weights,0.161976,0.037568,0.000632,0.200175,187.393555,39.50293,6.020508,187.393555,17,4,0
528,8,cpp_seq,0.003373,4.4e-05,1.3e-05,0.003431,0.0,0.0,0.0,0.0,17,4,0
528,8,cpp_par,0.002039,2.7e-05,1.1e-05,0.002077,0.0,0.0,0.0,0.0,17,4,0
528,8,cpp_adv,0.001999,3e-05,1.3e-05,0.002042,0.0,0.0,0.0,0.0,17,4,0
529,8,seq,0.443529,0.000718,0.0002,0.444446,169.617188,7.297852,5.678711,169.617188,17,6,0
529,8,par,0.202978,0.039095,0.034352,0.276425,182.114258,38.808594,33.605469,182.114258,17,6,0
529,8,weights,0.206619,0.037076,0.000451,0.244147,185.025391,39.444336,6.020508,185.025391,17,6,0
529,8,cpp_seq,0.003251,4.6e-05,1.2e-05,0.003309,0.0,0.0,0.0,0.0,17,6,0
529,8,cpp_par,0.002313,2.8e-05,1.3e-05,0.002355,0.0,0.0,0.0,0.0,17,6,0
529,8,cpp_adv,0.001987,2.8e-05,1.3e-05,0.002029,0.0,0.0,0.0,0.0,17,6,0
530,8,seq,0.41261,0.000928,0.251616,0.665155,140.916992,8.392578,166.976562,166.976562,34,76,256
530,8,par,0.178654,0.03565,0.353595,0.567899,161.647461,41.463867,353.163086,353.163086,34,76,256
530,8,weights,0.173072,0.036786,0.365173,0.57503,164.043945,40.577148,218.893555,218.893555,34,76,256
530,8,cpp_seq,0.003126,6.5e-05,0.008747,0.01194,0.0,0.0,0.0,0.0,34,76,256
530,8,cpp_par,0.002272,3.6e-05,0.008367,0.010676,0.0,0.0,0.0,0.0,34,76,256
530,8,cpp_adv,0.002055,3.7e-05,0.008401,0.010494,0.0,0.0,0.0,0.0,34,76,256
531,8,seq,0.444274,0.001126,0.124597,0.569997,135.151367,8.384766,129.867188,135.151367,34,84,256
531,8,par,0.198148,0.035592,0.288596,0.522335,156.570312,43.295898,279.724609,279.724609,34,84,256
531,8,weights,0.200034,0.048927,0.297862,0.546823,157.124023,40.849609,121.925781,157.124023,34,84,256
531,8,cpp_seq,0.003597,6.2e-05,0.003478,0.007138,0.0,0.0,0.0,0.0,34,84,256
531,8,cpp_par,0.002581,4.2e-05,0.003509,0.006134,0.0,0.0,0.0,0.0,34,84,256
531,8,cpp_adv,0.001953,3.8e-05,0.003471,0.005463,0.0,0.0,0.0,0.0,34,84,256
532,8,seq,1.321787,0.00098,0.004224,1.326992,224.269531,7.767578,46.419922,224.269531,24,19,16
532,8,par,0.509751,0.038178,0.243769,0.791697,189.779297,38.556641,53.526367,189.779297,24,19,16
532,8,weights,0.501927,0.037528,0.246983,0.786439,191.892578,39.638672,52.643555,191.892578,24,19,16
532,8,cpp_seq,0.009691,4.7e-05,0.000455,0.010195,0.0,0.0,0.0,0.0,24,19,16
532,8,cpp_par,0.005399,2.9e-05,0.000443,0.005871,0.0,0.0,0.0,0.0,24,19,16
532,8,cpp_adv,0.004912,2.7e-05,0.000455,0.005395,0.0,0.0,0.0,0.0,24,19,16
533,8,seq,0.732721,0.000904,0.163466,0.897092,153.616211,8.197266,167.476562,167.476562,32,64,256
533,8,par,0.289605,0.039482,0.331179,0.660266,148.083984,40.763672,441.342773,441.342773,32,64,256
533,8,weights,0.306469,0.037488,0.326444,0.670402,150.347656,40.333008,223.50293,223.50293,32,64,256
533,8,cpp_seq,0.01059,5.7e-05,0.008561,0.019209,0.0,0.0,0.0,0.0,32,64,256
533,8,cpp_par,0.005954,3.2e-05,0.008304,0.01429,0.0,0.0,0.0,0.0,32,64,256
533,8,cpp_adv,0.005355,3.1e-05,0.008132,0.013518,0.0,0.0,0.0,0.0,32,64,256
534,8,seq,0.528741,0.000924,4.53888,5.068545,140.179688,8.604492,1277.234375,1277.234375,44,112,3140
534,8,par,0.277314,0.038767,2.032008,2.348089,161.503906,40.84082,4973.692383,4973.692383,44,112,3140
534,8,weights,1.329999,0.036771,1.916174,3.282945,163.080078,40.884766,3238.101562,3238.101562,44,112,3140
534,8,cpp_seq,0.004636,6.8e-05,0.121027,0.125732,0.0,0.0,0.0,0.0,44,112,3140
534,8,cpp_par,0.00285,4.2e-05,0.115823,0.118717,0.0,0.0,0.0,0.0,44,112,3140
534,8,cpp_adv,0.002466,4.2e-05,0.120501,0.123009,0.0,0.0,0.0,0.0,44,112,3140
535,8,seq,1.074346,0.000894,0.000203,1.075443,220.381836,7.931641,5.678711,220.381836,34,52,0
535,8,par,0.57417,0.037241,0.033621,0.645032,201.166016,40.646484,34.386719,201.166016,34,52,0
535,8,weights,0.544017,0.042011,0.000482,0.58651,203.0625,39.432617,6.020508,203.0625,34,52,0
535,8,cpp_seq,0.010345,5.7e-05,1.5e-05,0.010418,0.0,0.0,0.0,0.0,34,52,0
535,8,cpp_par,0.005977,4.7e-05,1.3e-05,0.006037,0.0,0.0,0.0,0.0,34,52,0
535,8,cpp_adv,0.006052,4.7e-05,1.7e-05,0.006118,0.0,0.0,0.0,0.0,34,52,0
536,8,seq,1.007815,0.000856,0.037146,1.045817,235.962891,7.978516,61.951172,235.962891,24,38,40
536,8,par,0.506331,0.041647,0.260916,0.808894,189.705078,41.675781,74.326172,189.705078,24,38,40
536,8,weights,0.484083,0.043056,0.255819,0.782958,190.832031,40.320312,52.25293,190.832031,24,38,40
536,8,cpp_seq,0.008985,6.7e-05,0.000598,0.009651,0.0,0.0,0.0,0.0,24,38,40
536,8,cpp_par,0.005101,3.2e-05,0.000677,0.005811,0.0,0.0,0.0,0.0,24,38,40
536,8,cpp_adv,0.005213,5.7e-05,0.000572,0.005842,0.0,0.0,0.0,0.0,24,38,40
537,8,seq,1.020905,0.000796,0.016183,1.037884,217.49707,7.728516,76.421875,217.49707,27,26,32
537,8,par,0.539148,0.035536,0.26529,0.839974,197.56543,40.956055,88.209961,197.56543,27,26,32
537,8,weights,0.422885,0.037439,0.263716,0.72404,196.693359,40.123047,58.807617,196.693359,27,26,32
537,8,cpp_seq,0.004252,7.1e-05,0.00134,0.005664,0.0,0.0,0.0,0.0,27,26,32
537,8,cpp_par,0.002642,3e-05,0.001374,0.004047,0.0,0.0,0.0,0.0,27,26,32
537,8,cpp_adv,0.00219,3e-05,0.001347,0.003567,0.0,0.0,0.0,0.0,27,26,32
538,8,seq,0.963169,0.000861,0.00128,0.965311,204.736328,7.869141,13.043945,204.736328,17,19,1
538,8,par,0.451326,0.040098,0.244038,0.735463,184.994141,40.362305,45.541992,184.994141,17,19,1
538,8,weights,0.451427,0.038368,0.250046,0.739841,185.500977,41.808594,46.198242,185.500977,17,19,1
538,8,cpp_seq,0.009004,5e-05,8.9e-05,0.009144,0.0,0.0,0.0,0.0,17,19,1
538,8,cpp_par,0.004963,2.8e-05,8.6e-05,0.005078,0.0,0.0,0.0,0.0,17,19,1
538,8,cpp_adv,0.005265,3.4e-05,8.9e-05,0.005387,0.0,0.0,0.0,0.0,17,19,1
539,8,seq,0.330441,0.000977,0.253116,0.584534,129.003906,8.251953,167.765625,167.765625,34,72,256
539,8,par,0.172257,0.039407,0.381746,0.59341,149.487305,39.772461,516.733398,516.733398,34,72,256
539,8,weights,0.16089,0.047172,0.365979,0.574041,151.425781,40.44043,224.84668,224.84668,34,72,256
539,8,cpp_seq,0.004349,5.8e-05,0.009509,0.013916,0.0,0.0,0.0,0.0,34,72,256
539,8,cpp_par,0.003089,3.6e-05,0.009284,0.01241,0.0,0.0,0.0,0.0,34,72,256
539,8,cpp_adv,0.002414,3.6e-05,0.009258,0.011708,0.0,0.0,0.0,0.0,34,72,256
540,8,seq,0.480091,0.000789,0.000739,0.481619,171.525391,7.517578,9.84082,171.525391,17,14,1
540,8,par,0.200348,0.038036,0.250564,0.488948,177.861328,39.404297,45.12793,177.861328,17,14,1
540,8,weights,0.207185,0.041921,0.249882,0.498988,178.726562,39.857422,45.37793,178.726562,17,14,1
540,8,cpp_seq,0.003586,4.8e-05,6.5e-05,0.0037,0.0,0.0,0.0,0.0,17,14,1
540,8,cpp_par,0.002172,3e-05,6.2e-05,0.002264,0.0,0.0,0.0,0.0,17,14,1
540,8,cpp_adv,0.002122,3.9e-05,6.5e-05,0.002227,0.0,0.0,0.0,0.0,17,14,1
541,8,seq,0.441885,0.000877,0.00091,0.443672,166.324219,7.603516,13.02832,166.324219,17,22,1
541,8,par,0.208142,0.040327,0.255755,0.504225,168.671875,39.94043,45.088867,168.671875,17,22,1
541,8,weights,0.209198,0.048253,0.249598,0.507048,172.054688,39.109375,45.53418,172.054688,17,22,1
541,8,cpp_seq,0.005903,4.9e-05,7.6e-05,0.006029,0.0,0.0,0.0,0.0,17,22,1
541,8,cpp_par,0.003129,2.8e-05,7.4e-05,0.003231,0.0,0.0,0.0,0.0,17,22,1
541,8,cpp_adv,0.002954,2.9e-05,7.5e-05,0.003058,0.0,0.0,0.0,0.0,17,22,1
542,8,seq,0.411696,0.000881,0.056217,0.468795,132.064453,7.986328,112.070312,132.064453,32,64,256
542,8,par,0.178588,0.050524,0.291736,0.520847,149.96875,39.023438,142.732422,149.96875,32,64,256
542,8,weights,0.18036,0.050139,0.289063,0.519562,150.402344,40.318359,121.863281,150.402344,32,64,256
542,8,cpp_seq,0.003603,6.2e-05,0.003261,0.006927,0.0,0.0,0.0,0.0,32,64,256
542,8,cpp_par,0.002496,7.3e-05,0.003015,0.005584,0.0,0.0,0.0,0.0,32,64,256
542,8,cpp_adv,0.002453,3.2e-05,0.003098,0.005584,0.0,0.0,0.0,0.0,32,64,256
543,8,seq,0.592614,0.001157,0.288339,0.88211,179.267578,8.353516,168.75,179.267578,34,80,256
543,8,par,0.301426,0.038267,0.368474,0.708167,187.608398,41.631836,327.514648,327.514648,34,80,256
543,8,weights,0.280215,0.042141,0.372402,0.694758,189.361328,41.267578,232.463867,232.463867,34,80,256
543,8,cpp_seq,0.002926,7.8e-05,0.009988,0.012993,0.0,0.0,0.0,0.0,34,80,256
543,8,cpp_par,0.002165,3.5e-05,0.010436,0.012637,0.0,0.0,0.0,0.0,34,80,256
543,8,cpp_adv,0.002051,3.7e-05,0.009713,0.011802,0.0,0.0,0.0,0.0,34,80,256
544,8,seq,0.577108,0.00082,0.000912,0.57884,190.818359,7.744141,11.87207,190.818359,17,16,1
544,8,par,0.314273,0.040946,0.254549,0.609767,183.050781,38.542969,45.424805,183.050781,17,16,1
544,8,weights,0.389228,0.04028,0.258931,0.68844,184.537109,40.923828,46.088867,184.537109,17,16,1
544,8,cpp_seq,0.005866,4.7e-05,8.3e-05,0.005997,0.0,0.0,0.0,0.0,17,16,1
544,8,cpp_par,0.003595,2.9e-05,8.5e-05,0.00371,0.0,0.0,0.0,0.0,17,16,1
544,8,cpp_adv,0.003555,2.7e-05,8.1e-05,0.003664,0.0,0.0,0.0,0.0,17,16,1
545,8,seq,0.804313,0.000852,0.000919,0.806084,216.231445,7.744141,11.614258,216.231445,17,20,1
545,8,par,0.366839,0.03935,0.245335,0.651524,184.370117,40.269531,44.75293,184.370117,17,20,1
545,8,weights,0.364689,0.036811,0.244601,0.646101,186.171875,39.40332,45.81543,186.171875,17,20,1
545,8,cpp_seq,0.008327,4.9e-05,7.4e-05,0.008451,0.0,0.0,0.0,0.0,17,20,1
545,8,cpp_par,0.004903,3e-05,7.7e-05,0.005011,0.0,0.0,0.0,0.0,17,20,1
545,8,cpp_adv,0.005414,0.000103,9.4e-05,0.005612,0.0,0.0,0.0,0.0,17,20,1
546,8,seq,0.648822,0.000948,5.329111,5.97888,151.339844,8.53418,1394.3125,1394.3125,44,108,3364
546,8,par,0.374023,0.038387,2.21002,2.62243,162.702148,41.954102,5930.364258,5930.364258,44,108,3364
546,8,weights,0.295601,0.03843,2.222884,2.556914,163.973633,42.561523,3799.585938,3799.585938,44,108,3364
546,8,cpp_seq,0.005655,0.000127,0.141717,0.147501,0.0,0.0,0.0,0.0,44,108,3364
546,8,cpp_par,0.00399,4.1e-05,0.14254,0.146572,0.0,0.0,0.0,0.0,44,108,3364
546,8,cpp_adv,0.003297,4.1e-05,0.137386,0.140726,0.0,0.0,0.0,0.0,44,108,3364
547,8,seq,0.553443,0.000931,0.157483,0.711856,177.24707,8.314453,141.351562,177.24707,27,66,160
547,8,par,0.289465,0.042104,0.314747,0.646316,183.762695,42.038086,400.717773,400.717773,27,66,160
547,8,weights,0.276348,0.045132,0.327232,0.648712,183.87793,40.170898,157.577148,183.87793,27,66,160
547,8,cpp_seq,0.004102,6.9e-05,0.006168,0.010341,0.0,0.0,0.0,0.0,27,66,160
547,8,cpp_par,0.002962,3.7e-05,0.005866,0.008866,0.0,0.0,0.0,0.0,27,66,160
547,8,cpp_adv,0.002403,3.3e-05,0.005796,0.008232,0.0,0.0,0.0,0.0,27,66,160
548,8,seq,0.607557,0.000829,0.007512,0.615898,178.300781,7.931641,66.671875,178.300781,27,32,8
548,8,par,0.271779,0.041733,0.255158,0.56867,188.293945,39.75293,53.588867,188.293945,27,32,8
548,8,weights,0.275298,0.036286,0.254362,0.565946,187.935547,40.428711,52.34668,187.935547,27,32,8
548,8,cpp_seq,0.005376,5.5e-05,0.000504,0.005936,0.0,0.0,0.0,0.0,27,32,8
548,8,cpp_par,0.003025,3e-05,0.00055,0.003606,0.0,0.0,0.0,0.0,27,32,8
548,8,cpp_adv,0.003122,3.6e-05,0.000514,0.003673,0.0,0.0,0.0,0.0,27,32,8
549,8,seq,0.770424,0.000741,0.000198,0.771362,192.196289,7.000977,5.678711,192.196289,17,0,0
549,8,par,0.314026,0.037384,0.032965,0.384374,191.889648,37.948242,33.511719,191.889648,17,0,0
549,8,weights,0.326425,0.040272,0.000693,0.36739,192.694336,40.272461,6.020508,192.694336,17,0,0
549,8,cpp_seq,0.002771,4.2e-05,1.1e-05,0.002824,0.0,0.0,0.0,0.0,17,0,0
549,8,cpp_par,0.001573,2.4e-05,1e-05,0.001608,0.0,0.0,0.0,0.0,17,0,0
549,8,cpp_adv,0.001518,2.6e-05,1e-05,0.001555,0.0,0.0,0.0,0.0,17,0,0
550,8,seq,0.585543,0.000741,0.000206,0.586489,178.272461,7.102539,5.678711,178.272461,17,2,0
550,8,par,0.275346,0.038206,0.036292,0.349844,185.296875,38.850586,33.511719,185.296875,17,2,0
550,8,weights,0.262003,0.038777,0.000446,0.301226,186.303711,40.006836,6.020508,186.303711,17,2,0
550,8,cpp_seq,0.005862,4.3e-05,1.3e-05,0.005919,0.0,0.0,0.0,0.0,17,2,0
550,8,cpp_par,0.004528,2.9e-05,1.4e-05,0.004573,0.0,0.0,0.0,0.0,17,2,0
550,8,cpp_adv,0.003039,2.7e-05,1e-05,0.003076,0.0,0.0,0.0,0.0,17,2,0
551,8,seq,1.416984,0.000987,0.249957,1.667928,238.614258,8.283203,169.265625,238.614258,34,68,256
551,8,par,0.633273,0.036923,0.34313,1.013325,195.587891,39.341797,362.764648,362.764648,34,68,256
551,8,weights,0.652842,0.038558,0.357859,1.049259,197.615234,41.107422,226.463867,226.463867,34,68,256
551,8,cpp_seq,0.013168,7.8e-05,0.010505,0.023753,0.0,0.0,0.0,0.0,34,68,256
551,8,cpp_par,0.006636,3.7e-05,0.009211,0.015886,0.0,0.0,0.0,0.0,34,68,256
551,8,cpp_adv,0.006726,5.3e-05,0.009121,0.015899,0.0,0.0,0.0,0.0,34,68,256
552,8,seq,0.537538,0.000916,0.059868,0.598322,162.461914,8.173828,99.460938,162.461914,27,47,88
552,8,par,0.24695,0.037178,0.297103,0.58123,163.237305,41.326172,103.178711,163.237305,27,47,88
552,8,weights,0.251008,0.041606,0.284252,0.576865,165.583008,41.959961,83.655273,165.583008,27,47,88
552,8,cpp_seq,0.006425,5.6e-05,0.002378,0.008859,0.0,0.0,0.0,0.0,27,47,88
552,8,cpp_par,0.003703,3.5e-05,0.002362,0.006101,0.0,0.0,0.0,0.0,27,47,88
552,8,cpp_adv,0.004029,3.6e-05,0.002394,0.00646,0.0,0.0,0.0,0.0,27,47,88
553,8,seq,1.057387,0.000812,0.000207,1.058406,238.003906,7.454102,5.678711,238.003906,17,9,0
553,8,par,0.499746,0.04149,0.04168,0.582916,192.541992,38.53418,33.886719,192.541992,17,9,0
553,8,weights,0.537878,0.044008,0.000511,0.582397,192.926758,39.59668,6.020508,192.926758,17,9,0
553,8,cpp_seq,0.013099,4.9e-05,1.4e-05,0.013163,0.0,0.0,0.0,0.0,17,9,0
553,8,cpp_par,0.006383,3.4e-05,4.9e-05,0.006468,0.0,0.0,0.0,0.0,17,9,0
553,8,cpp_adv,0.00676,3.9e-05,1.4e-05,0.006813,0.0,0.0,0.0,0.0,17,9,0
554,8,seq,0.372492,0.001611,0.000448,0.374551,135.592773,7.360352,5.678711,135.592773,17,7,0
554,8,par,0.247811,0.045196,0.036571,0.329578,152.612305,38.923828,34.355469,152.612305,17,7,0
554,8,weights,0.194007,0.048457,0.000506,0.24297,154.959961,39.129883,6.020508,154.959961,17,7,0
554,8,cpp_seq,0.003923,5.9e-05,1.8e-05,0.004002,0.0,0.0,0.0,0.0,17,7,0
554,8,cpp_par,0.002657,3.3e-05,1.7e-05,0.002708,0.0,0.0,0.0,0.0,17,7,0
554,8,cpp_adv,0.002324,3e-05,1.3e-05,0.002367,0.0,0.0,0.0,0.0,17,7,0
555,8,seq,0.714028,0.001051,2.617786,3.332864,191.546875,8.620117,711.617188,711.617188,44,112,1663
555,8,par,0.383139,0.041849,1.248425,1.673413,194.822266,40.9375,2809.329102,2809.329102,44,112,1663
555,8,weights,0.307243,0.038857,1.198066,1.544166,195.147461,41.356445,1629.206055,1629.206055,44,112,1663
555,8,cpp_seq,0.00314,6.8e-05,0.071621,0.074831,0.0,0.0,0.0,0.0,44,112,1663
555,8,cpp_par,0.002482,4.3e-05,0.068278,0.070804,0.0,0.0,0.0,0.0,44,112,1663
555,8,cpp_adv,0.002146,4.5e-05,0.074677,0.076868,0.0,0.0,0.0,0.0,44,112,1663
556,8,seq,0.5666,0.00093,0.189337,0.756866,177.445312,8.212891,183.953125,183.953125,32,64,264
556,8,par,0.244551,0.039973,0.419188,0.703712,169.179688,40.592773,318.116211,318.116211,32,64,264
556,8,weights,0.246458,0.044175,0.368714,0.659347,170.981445,40.823242,222.581055,222.581055,32,64,264
556,8,cpp_seq,0.003173,5.4e-05,0.008724,0.011953,0.0,0.0,0.0,0.0,32,64,264
556,8,cpp_par,0.002365,3.1e-05,0.009574,0.011972,0.0,0.0,0.0,0.0,32,64,264
556,8,cpp_adv,0.001848,4.8e-05,0.00961,0.011508,0.0,0.0,0.0,0.0,32,64,264
557,8,seq,0.480444,0.000806,0.000879,0.482128,165.958984,7.728516,11.02832,165.958984,17,17,1
557,8,par,0.247581,0.0393,0.272034,0.558915,176.638672,39.394531,45.291992,176.638672,17,17,1
557,8,weights,0.24627,0.047128,0.288355,0.581753,177.772461,41.118164,45.791992,177.772461,17,17,1
557,8,cpp_seq,0.003193,4.8e-05,7.6e-05,0.003318,0.0,0.0,0.0,0.0,17,17,1
557,8,cpp_par,0.002465,3.6e-05,0.000106,0.002608,0.0,0.0,0.0,0.0,17,17,1
557,8,cpp_adv,0.001878,3e-05,7.3e-05,0.001982,0.0,0.0,0.0,0.0,17,17,1
558,8,seq,1.004074,0.000837,0.003242,1.008153,205.449219,7.681641,34.74707,205.449219,27,32,2
558,8,par,0.408594,0.039976,0.275909,0.724479,187.007812,40.007812,47.463867,187.007812,27,32,2
558,8,weights,0.399686,0.041886,0.279548,0.72112,188.796875,40.216797,48.268555,188.796875,27,32,2
558,8,cpp_seq,0.005243,5.5e-05,0.000205,0.005504,0.0,0.0,0.0,0.0,27,32,2
558,8,cpp_par,0.003019,3.4e-05,0.000199,0.003253,0.0,0.0,0.0,0.0,27,32,2
558,8,cpp_adv,0.002979,3.4e-05,0.000205,0.003219,0.0,0.0,0.0,0.0,27,32,2
559,8,seq,0.55976,0.000962,0.294717,0.855439,176.662109,8.080078,185.898438,185.898438,34,56,256
559,8,par,0.320898,0.04101,0.386778,0.748686,182.753906,42.31543,564.272461,564.272461,34,56,256
559,8,weights,0.367673,0.054002,0.405558,0.827232,184.584961,40.355469,217.901367,217.901367,34,56,256
559,8,cpp_seq,0.004708,5.7e-05,0.009409,0.014175,0.0,0.0,0.0,0.0,34,56,256
559,8,cpp_par,0.003697,3.8e-05,0.009244,0.01298,0.0,0.0,0.0,0.0,34,56,256
559,8,cpp_adv,0.002854,3.9e-05,0.009238,0.012132,0.0,0.0,0.0,0.0,34,56,256
560,8,seq,0.882964,0.000978,0.261228,1.14517,203.974609,8.298828,167.289062,203.974609,34,80,256
560,8,par,0.454498,0.044623,0.397755,0.896876,193.722656,40.635742,324.311523,324.311523,34,80,256
560,8,weights,0.429396,0.044132,0.389191,0.862718,195.529297,40.749023,229.401367,229.401367,34,80,256
560,8,cpp_seq,0.008274,7.9e-05,0.010199,0.018553,0.0,0.0,0.0,0.0,34,80,256
560,8,cpp_par,0.00488,3.5e-05,0.010015,0.014932,0.0,0.0,0.0,0.0,34,80,256
560,8,cpp_adv,0.004965,5.8e-05,0.00931,0.014334,0.0,0.0,0.0,0.0,34,80,256
561,8,seq,0.634061,0.000784,0.000204,0.635048,177.624023,7.525391,5.678711,177.624023,17,10,0
561,8,par,0.252243,0.040302,0.038415,0.33096,183.010742,38.856445,33.355469,183.010742,17,10,0
561,8,weights,0.248744,0.04796,0.000473,0.297177,184.056641,40.18457,6.020508,184.056641,17,10,0
561,8,cpp_seq,0.005712,4.9e-05,1.6e-05,0.005778,0.0,0.0,0.0,0.0,17,10,0
561,8,cpp_par,0.003831,3.7e-05,1.4e-05,0.003882,0.0,0.0,0.0,0.0,17,10,0
561,8,cpp_adv,0.004229,3.4e-05,1.5e-05,0.00428,0.0,0.0,0.0,0.0,17,10,0
562,8,seq,0.569862,0.000941,0.271151,0.841954,173.708984,8.259766,168.671875,173.708984,34,72,256
562,8,par,0.269071,0.050411,0.39397,0.713452,188.713867,39.963867,322.420898,322.420898,34,72,256
562,8,weights,0.266312,0.039734,0.383579,0.689625,188.360352,42.025391,226.00293,226.00293,34,72,256
562,8,cpp_seq,0.004213,6e-05,0.009572,0.013847,0.0,0.0,0.0,0.0,34,72,256
562,8,cpp_par,0.003069,3.5e-05,0.009893,0.012998,0.0,0.0,0.0,0.0,34,72,256
562,8,cpp_adv,0.00312,3.6e-05,0.00929,0.012445,0.0,0.0,0.0,0.0,34,72,256
563,8,seq,0.579645,0.000779,0.000895,0.581319,192.040039,7.634766,10.637695,192.040039,17,17,1
563,8,par,0.330872,0.040436,0.258115,0.629423,174.34668,39.957031,45.245117,174.34668,17,17,1
563,8,weights,0.380944,0.044205,0.271679,0.696828,175.540039,40.057617,45.854492,175.540039,17,17,1
563,8,cpp_seq,0.002803,7.5e-05,9.3e-05,0.002972,0.0,0.0,0.0,0.0,17,17,1
563,8,cpp_par,0.001899,3.1e-05,7.4e-05,0.002004,0.0,0.0,0.0,0.0,17,17,1
563,8,cpp_adv,0.001279,3.5e-05,7.2e-05,0.001387,0.0,0.0,0.0,0.0,17,17,1
564,8,seq,0.59297,0.000885,0.000931,0.594787,176.417969,7.736328,11.418945,176.417969,17,16,1
564,8,par,0.300698,0.043142,0.275337,0.619177,178.757812,39.074219,45.291992,178.757812,17,16,1
564,8,weights,0.285061,0.044769,0.282935,0.612766,182.452148,40.083984,45.901367,182.452148,17,16,1
564,8,cpp_seq,0.004028,4.8e-05,7.9e-05,0.004156,0.0,0.0,0.0,0.0,17,16,1
564,8,cpp_par,0.002371,2.7e-05,7.6e-05,0.002475,0.0,0.0,0.0,0.0,17,16,1
564,8,cpp_adv,0.002429,2.9e-05,7.7e-05,0.002535,0.0,0.0,0.0,0.0,17,16,1
565,8,seq,0.414712,0.001776,0.104838,0.521325,167.229492,8.142578,123.530273,167.229492,32,64,256
565,8,par,0.233744,0.039878,0.366891,0.640513,175.842773,39.959961,146.224609,175.842773,32,64,256
565,8,weights,0.175374,0.041043,0.358379,0.574796,177.507812,42.055664,124.371094,177.507812,32,64,256
565,8,cpp_seq,0.003716,5.7e-05,0.005128,0.008903,0.0,0.0,0.0,0.0,32,64,256
565,8,cpp_par,0.002866,5.8e-05,0.005239,0.008164,0.0,0.0,0.0,0.0,32,64,256
565,8,cpp_adv,0.002223,3.4e-05,0.005083,0.00734,0.0,0.0,0.0,0.0,32,64,256
566,8,seq,0.597488,0.000944,0.000963,0.599394,187.536133,7.689453,11.223633,187.536133,17,18,1
566,8,par,0.329461,0.046922,0.282653,0.659037,178.180664,38.885742,44.745117,178.180664,17,18,1
566,8,weights,0.31066,0.045155,0.270741,0.626556,179.666016,40.583008,45.78418,179.666016,17,18,1
566,8,cpp_seq,0.007129,5.3e-05,8.1e-05,0.007265,0.0,0.0,0.0,0.0,17,18,1
566,8,cpp_par,0.00392,3e-05,7.7e-05,0.004029,0.0,0.0,0.0,0.0,17,18,1
566,8,cpp_adv,0.003249,3e-05,7.3e-05,0.003352,0.0,0.0,0.0,0.0,17,18,1
567,8,seq,0.37982,0.000797,0.000765,0.381382,168.392578,7.572266,10.231445,168.392578,17,15,1
567,8,par,0.260363,0.049928,0.262455,0.572746,184.710938,38.723633,44.073242,184.710938,17,15,1
567,8,weights,0.202623,0.038004,0.27564,0.516266,185.706055,40.495117,45.44043,185.706055,17,15,1
567,8,cpp_seq,0.004281,6e-05,9e-05,0.004432,0.0,0.0,0.0,0.0,17,15,1
567,8,cpp_par,0.002098,2.8e-05,6.3e-05,0.00219,0.0,0.0,0.0,0.0,17,15,1
567,8,cpp_adv,0.002139,2.9e-05,6.2e-05,0.002231,0.0,0.0,0.0,0.0,17,15,1
568,8,seq,0.627783,0.00078,0.000201,0.628764,196.360352,7.556641,5.678711,196.360352,17,11,0
568,8,par,0.353971,0.047554,0.039452,0.440977,188.143555,39.979492,34.050781,188.143555,17,11,0
568,8,weights,0.327177,0.048477,0.000681,0.376335,188.219727,40.554688,6.02832,188.219727,17,11,0
568,8,cpp_seq,0.006843,4.8e-05,1.6e-05,0.006908,0.0,0.0,0.0,0.0,17,11,0
568,8,cpp_par,0.00495,3.7e-05,1.6e-05,0.005004,0.0,0.0,0.0,0.0,17,11,0
568,8,cpp_adv,0.00343,3e-05,1.4e-05,0.003475,0.0,0.0,0.0,0.0,17,11,0
569,8,seq,1.492195,0.000761,0.000209,1.493165,225.932617,7.180664,5.678711,225.932617,17,2,0
569,8,par,0.698018,0.039454,0.036481,0.773953,191.920898,38.286133,34.011719,191.920898,17,2,0
569,8,weights,0.715283,0.055549,0.000475,0.771306,194.865234,39.136719,6.020508,194.865234,17,2,0
569,8,cpp_seq,0.014873,4.6e-05,1.4e-05,0.014934,0.0,0.0,0.0,0.0,17,2,0
569,8,cpp_par,0.00749,2.7e-05,1.4e-05,0.007531,0.0,0.0,0.0,0.0,17,2,0
569,8,cpp_adv,0.008004,5.6e-05,1.3e-05,0.008074,0.0,0.0,0.0,0.0,17,2,0
570,8,seq,0.497659,0.000953,0.024081,0.522692,167.855469,7.994141,78.070312,167.855469,27,40,44
570,8,par,0.257964,0.042638,0.300917,0.601519,175.507812,40.030273,61.59668,175.507812,27,40,44
570,8,weights,0.259426,0.0505,0.27447,0.584397,176.869141,40.597656,56.706055,176.869141,27,40,44
570,8,cpp_seq,0.00358,6.7e-05,0.001451,0.0051,0.0,0.0,0.0,0.0,27,40,44
570,8,cpp_par,0.002374,4.8e-05,0.001348,0.003771,0.0,0.0,0.0,0.0,27,40,44
570,8,cpp_adv,0.001965,3.2e-05,0.001306,0.003303,0.0,0.0,0.0,0.0,27,40,44
571,8,seq,0.707181,0.000857,0.112908,0.820946,188.579102,8.142578,125.882812,188.579102,34,64,256
571,8,par,0.414948,0.041645,0.338066,0.79466,193.507812,41.59668,288.107422,288.107422,34,64,256
571,8,weights,0.347623,0.043699,0.322894,0.714215,196.44043,42.288086,123.214844,196.44043,34,64,256
571,8,cpp_seq,0.006146,6e-05,0.0038,0.010008,0.0,0.0,0.0,0.0,34,64,256
571,8,cpp_par,0.004016,3.6e-05,0.003691,0.007743,0.0,0.0,0.0,0.0,34,64,256
571,8,cpp_adv,0.003618,3.8e-05,0.003971,0.007627,0.0,0.0,0.0,0.0,34,64,256
572,8,seq,0.816322,0.000803,0.000497,0.817622,199.00293,7.493164,7.043945,199.00293,16,7,0
572,8,par,0.341699,0.046572,0.261745,0.650015,180.394531,40.553711,44.90918,180.394531,16,7,0
572,8,weights,0.349456,0.039968,0.2702,0.659624,180.172852,39.561523,45.31543,180.172852,16,7,0
572,8,cpp_seq,0.004642,5.1e-05,4.4e-05,0.004739,0.0,0.0,0.0,0.0,16,7,0
572,8,cpp_par,0.002552,2.5e-05,4.1e-05,0.002619,0.0,0.0,0.0,0.0,16,7,0
572,8,cpp_adv,0.00233,2.4e-05,3.9e-05,0.002394,0.0,0.0,0.0,0.0,16,7,0
573,8,seq,0.464113,0.000771,0.000207,0.465091,170.246094,7.165039,5.678711,170.246094,17,2,0
573,8,par,0.22891,0.039961,0.037946,0.306817,182.095703,39.753906,33.355469,182.095703,17,2,0
573,8,weights,0.233559,0.040448,0.000457,0.274464,183.994141,39.792969,6.020508,183.994141,17,2,0
573,8,cpp_seq,0.004061,5.8e-05,1.8e-05,0.004139,0.0,0.0,0.0,0.0,17,2,0
573,8,cpp_par,0.002044,2.8e-05,1.3e-05,0.002086,0.0,0.0,0.0,0.0,17,2,0
573,8,cpp_adv,0.001922,2.7e-05,1.1e-05,0.001961,0.0,0.0,0.0,0.0,17,2,0
574,8,seq,0.578197,0.000915,0.000283,0.579396,178.803711,7.508789,5.678711,178.803711,17,8,0
574,8,par,0.303478,0.043162,0.040194,0.386834,183.383789,38.510742,34.394531,183.383789,17,8,0
574,8,weights,0.297054,0.040559,0.000487,0.3381,187.09082,39.203125,6.02832,187.09082,17,8,0
574,8,cpp_seq,0.007783,4.8e-05,1.7e-05,0.007849,0.0,0.0,0.0,0.0,17,8,0
574,8,cpp_par,0.0033,2.9e-05,1.6e-05,0.003345,0.0,0.0,0.0,0.0,17,8,0
574,8,cpp_adv,0.00327,2.8e-05,1.4e-05,0.003312,0.0,0.0,0.0,0.0,17,8,0
575,8,seq,0.677533,0.000784,0.000817,0.679133,191.552734,7.861328,10.62207,191.552734,17,16,1
575,8,par,0.430821,0.044411,0.2689,0.744131,182.448242,41.452148,45.06543,182.448242,17,16,1
575,8,weights,0.342645,0.042075,0.274489,0.659209,183.959961,39.666992,45.370117,183.959961,17,16,1
575,8,cpp_seq,0.005932,4.9e-05,7.1e-05,0.006053,0.0,0.0,0.0,0.0,17,16,1
575,8,cpp_par,0.002983,5.3e-05,7e-05,0.003107,0.0,0.0,0.0,0.0,17,16,1
575,8,cpp_adv,0.002793,2.7e-05,6.4e-05,0.002884,0.0,0.0,0.0,0.0,17,16,1
576,8,seq,0.462632,0.000797,0.000759,0.464187,188.231445,7.556641,10.293945,188.231445,16,16,1
576,8,par,0.219469,0.038664,0.272827,0.530959,178.277344,39.022461,45.229492,178.277344,16,16,1
576,8,weights,0.206598,0.044374,0.273547,0.524518,180.37793,41.561523,45.651367,180.37793,16,16,1
576,8,cpp_seq,0.003749,6.1e-05,9.1e-05,0.003902,0.0,0.0,0.0,0.0,16,16,1
576,8,cpp_par,0.002439,3.4e-05,6.6e-05,0.00254,0.0,0.0,0.0,0.0,16,16,1
576,8,cpp_adv,0.001914,2.7e-05,6.3e-05,0.002004,0.0,0.0,0.0,0.0,16,16,1
577,8,seq,0.561777,0.000827,0.000218,0.562822,177.972656,7.313477,5.678711,177.972656,17,4,0
577,8,par,0.270879,0.042173,0.041074,0.354126,185.927734,38.307617,33.511719,185.927734,17,4,0
577,8,weights,0.274529,0.045464,0.000484,0.320477,188.107422,39.960938,6.020508,188.107422,17,4,0
577,8,cpp_seq,0.003872,4.8e-05,1.5e-05,0.003937,0.0,0.0,0.0,0.0,17,4,0
577,8,cpp_par,0.003194,5.3e-05,1.6e-05,0.003263,0.0,0.0,0.0,0.0,17,4,0
577,8,cpp_adv,0.002427,2.8e-05,1.2e-05,0.002468,0.0,0.0,0.0,0.0,17,4,0
578,8,seq,0.464316,0.000821,0.000752,0.465889,182.143555,7.634766,9.65332,182.143555,17,13,1
578,8,par,0.256998,0.043246,0.271855,0.572099,180.482422,39.413086,45.237305,180.482422,17,13,1
578,8,weights,0.24363,0.044828,0.272877,0.561335,182.213867,39.458008,45.081055,182.213867,17,13,1
578,8,cpp_seq,0.0046,8.6e-05,9.6e-05,0.004783,0.0,0.0,0.0,0.0,17,13,1
578,8,cpp_par,0.002786,3.8e-05,7.9e-05,0.002905,0.0,0.0,0.0,0.0,17,13,1
578,8,cpp_adv,0.002395,2.9e-05,6.9e-05,0.002494,0.0,0.0,0.0,0.0,17,13,1
579,8,seq,0.8922,0.000979,0.000985,0.894163,210.983398,7.681641,10.043945,210.983398,17,15,1
579,8,par,0.334916,0.036627,0.259949,0.631492,185.154297,39.137695,44.791992,185.154297,17,15,1
579,8,weights,0.360039,0.041866,0.247828,0.649733,182.982422,40.914062,45.448242,182.982422,17,15,1
579,8,cpp_seq,0.010162,4.9e-05,6.6e-05,0.010278,0.0,0.0,0.0,0.0,17,15,1
579,8,cpp_par,0.005415,3.1e-05,6.4e-05,0.00551,0.0,0.0,0.0,0.0,17,15,1
579,8,cpp_adv,0.005463,2.9e-05,6.5e-05,0.005558,0.0,0.0,0.0,0.0,17,15,1
580,8,seq,0.818152,0.000899,0.051424,0.870476,190.268555,8.126953,87.867188,190.268555,34,62,160
580,8,par,0.423966,0.093862,0.333063,0.850891,196.977539,41.49707,108.615234,196.977539,34,62,160
580,8,weights,0.390516,0.042588,0.287747,0.720851,198.879883,41.375977,90.238281,198.879883,34,62,160
580,8,cpp_seq,0.004238,8.2e-05,0.002483,0.006804,0.0,0.0,0.0,0.0,34,62,160
580,8,cpp_par,0.002631,3.5e-05,0.00244,0.005108,0.0,0.0,0.0,0.0,34,62,160
580,8,cpp_adv,0.00256,3.7e-05,0.002432,0.00503,0.0,0.0,0.0,0.0,34,62,160
581,8,seq,0.449291,0.000916,3.228796,3.679002,168.330078,8.447266,1101.648438,1101.648438,37,92,2655
581,8,par,0.325025,0.040482,1.57001,1.935516,181.77832,40.073242,4908.37207,4908.37207,37,92,2655
581,8,weights,0.223866,0.037056,1.627871,1.888793,183.270508,42.569336,2926.494141,2926.494141,37,92,2655
581,8,cpp_seq,0.00266,6.4e-05,0.100957,0.103682,0.0,0.0,0.0,0.0,37,92,2655
581,8,cpp_par,0.008029,5.7e-05,0.100651,0.108738,0.0,0.0,0.0,0.0,37,92,2655
581,8,cpp_adv,0.00168,5.5e-05,0.097857,0.099593,0.0,0.0,0.0,0.0,37,92,2655
582,8,seq,0.27081,0.000897,0.023063,0.294771,122.787109,8.103516,85.65625,122.787109,27,50,57
582,8,par,0.216103,0.03588,0.25789,0.509873,146.634766,41.236328,61.241211,146.634766,27,50,57
582,8,weights,0.137046,0.039153,0.27082,0.447019,146.700195,40.412109,54.041992,146.700195,27,50,57
582,8,cpp_seq,0.002795,6.1e-05,0.001214,0.004071,0.0,0.0,0.0,0.0,27,50,57
582,8,cpp_par,0.001649,3.3e-05,0.00114,0.002822,0.0,0.0,0.0,0.0,27,50,57
582,8,cpp_adv,0.001456,3.3e-05,0.001143,0.002633,0.0,0.0,0.0,0.0,27,50,57
583,8,seq,1.493223,0.008454,0.038437,1.540114,235.082031,8.056641,86.695312,235.082031,27,40,29
583,8,par,0.848431,0.038873,0.294482,1.181786,192.830078,40.697266,101.061523,192.830078,27,40,29
583,8,weights,0.704536,0.041678,0.293746,1.03996,192.672852,41.890625,56.72168,192.672852,27,40,29
583,8,cpp_seq,0.008803,5.6e-05,0.001157,0.010018,0.0,0.0,0.0,0.0,27,40,29
583,8,cpp_par,0.004714,3.2e-05,0.001167,0.005914,0.0,0.0,0.0,0.0,27,40,29
583,8,cpp_adv,0.00534,3.3e-05,0.001165,0.00654,0.0,0.0,0.0,0.0,27,40,29
584,8,seq,1.058109,0.000853,0.000279,1.059241,200.572266,7.392578,5.678711,200.572266,27,11,0
584,8,par,0.581018,0.040707,0.038041,0.659765,199.779297,40.619141,33.511719,199.779297,27,11,0
584,8,weights,0.48807,0.043734,0.000463,0.532266,200.867188,39.745117,6.020508,200.867188,27,11,0
584,8,cpp_seq,0.01041,6.1e-05,1.9e-05,0.010491,0.0,0.0,0.0,0.0,27,11,0
584,8,cpp_par,0.005698,2.9e-05,1.3e-05,0.005741,0.0,0.0,0.0,0.0,27,11,0
584,8,cpp_adv,0.005855,4.8e-05,1.5e-05,0.005919,0.0,0.0,0.0,0.0,27,11,0
585,8,seq,0.589893,0.001293,0.00027,0.591456,185.152344,7.243164,5.678711,185.152344,17,4,0
585,8,par,0.390297,0.041192,0.036073,0.467562,190.574219,38.749023,33.800781,190.574219,17,4,0
585,8,weights,0.356924,0.04702,0.000586,0.40453,192.275391,38.854492,6.02832,192.275391,17,4,0
585,8,cpp_seq,0.005071,4.7e-05,1.6e-05,0.005134,0.0,0.0,0.0,0.0,17,4,0
585,8,cpp_par,0.002458,2.7e-05,1.4e-05,0.0025,0.0,0.0,0.0,0.0,17,4,0
585,8,cpp_adv,0.002557,3.4e-05,1.5e-05,0.002607,0.0,0.0,0.0,0.0,17,4,0
586,8,seq,0.411965,0.000808,0.000239,0.413012,129.454102,7.360352,5.678711,129.454102,17,8,0
586,8,par,0.199702,0.056362,0.044396,0.30046,147.830078,38.433594,33.511719,147.830078,17,8,0
586,8,weights,0.204505,0.044473,0.000467,0.249446,150.530273,39.938477,6.020508,150.530273,17,8,0
586,8,cpp_seq,0.003246,4.8e-05,1.4e-05,0.003318,0.0,0.0,0.0,0.0,17,8,0
586,8,cpp_par,0.001943,2.8e-05,1.1e-05,0.001984,0.0,0.0,0.0,0.0,17,8,0
586,8,cpp_adv,0.001969,2.9e-05,1.2e-05,0.002011,0.0,0.0,0.0,0.0,17,8,0
587,8,seq,0.615912,0.000836,0.000994,0.617742,169.744141,7.666016,12.59082,169.744141,17,18,1
587,8,par,0.25253,0.038815,0.273051,0.564396,177.640625,39.134766,45.385742,177.640625,17,18,1
587,8,weights,0.353295,0.04368,0.272565,0.66954,180.118164,39.874023,45.87793,180.118164,17,18,1
587,8,cpp_seq,0.003027,5e-05,8.9e-05,0.003166,0.0,0.0,0.0,0.0,17,18,1
587,8,cpp_par,0.001783,2.8e-05,8.5e-05,0.001896,0.0,0.0,0.0,0.0,17,18,1
587,8,cpp_adv,0.00197,3.4e-05,8.6e-05,0.002091,0.0,0.0,0.0,0.0,17,18,1
588,8,seq,2.362239,0.000927,0.000216,2.363382,229.691406,7.313477,5.678711,229.691406,17,5,0
588,8,par,0.674745,0.038888,0.032186,0.745818,189.46875,38.808594,33.511719,189.46875,17,5,0
588,8,weights,0.628264,0.040941,0.00066,0.669866,191.325195,39.69043,6.020508,191.325195,17,5,0
588,8,cpp_seq,0.009705,6.5e-05,1.9e-05,0.009791,0.0,0.0,0.0,0.0,17,5,0
588,8,cpp_par,0.006801,3.6e-05,1.7e-05,0.006856,0.0,0.0,0.0,0.0,17,5,0
588,8,cpp_adv,0.00741,6.5e-05,1.4e-05,0.007489,0.0,0.0,0.0,0.0,17,5,0
589,8,seq,0.549617,0.000791,0.000203,0.550612,184.723633,7.149414,5.678711,184.723633,17,2,0
589,8,par,0.228612,0.041482,0.034002,0.304097,164.538086,38.69043,33.792969,164.538086,17,2,0
589,8,weights,0.245671,0.037488,0.000521,0.28368,168.545898,39.616211,6.020508,168.545898,17,2,0
589,8,cpp_seq,0.009848,4.6e-05,1.3e-05,0.009909,0.0,0.0,0.0,0.0,17,2,0
589,8,cpp_par,0.005893,2.8e-05,1.3e-05,0.005936,0.0,0.0,0.0,0.0,17,2,0
589,8,cpp_adv,0.005339,2.6e-05,1.1e-05,0.005376,0.0,0.0,0.0,0.0,17,2,0
590,8,seq,1.189233,0.001221,0.013922,1.204376,225.296875,7.681641,70.84375,225.296875,27,22,16
590,8,par,0.610151,0.040923,0.259802,0.910877,197.061523,39.397461,62.495117,197.061523,27,22,16
590,8,weights,0.497802,0.041076,0.299419,0.838296,197.373047,39.999023,56.174805,197.373047,27,22,16
590,8,cpp_seq,0.004049,5.3e-05,0.000957,0.00506,0.0,0.0,0.0,0.0,27,22,16
590,8,cpp_par,0.002799,3.1e-05,0.000968,0.003798,0.0,0.0,0.0,0.0,27,22,16
590,8,cpp_adv,0.002342,3.2e-05,0.000975,0.00335,0.0,0.0,0.0,0.0,27,22,16
591,8,seq,0.30477,0.000906,0.000259,0.305935,158.220703,7.211914,5.678711,158.220703,17,4,0
591,8,par,0.165028,0.040619,0.033542,0.239189,165.233398,38.930664,33.355469,165.233398,17,4,0
591,8,weights,0.162821,0.041021,0.000461,0.204304,163.499023,39.686523,6.020508,163.499023,17,4,0
591,8,cpp_seq,0.001815,4.7e-05,7.1e-05,0.001934,0.0,0.0,0.0,0.0,17,4,0
591,8,cpp_par,0.001179,5.8e-05,1.5e-05,0.001254,0.0,0.0,0.0,0.0,17,4,0
591,8,cpp_adv,0.000968,2.6e-05,1.1e-05,0.001006,0.0,0.0,0.0,0.0,17,4,0
592,8,seq,0.551814,0.000933,0.072653,0.625401,174.832031,8.291016,109.859375,174.832031,34,72,256
592,8,par,0.280678,0.041757,0.318908,0.641344,185.119141,42.027344,222.255859,222.255859,34,72,256
592,8,weights,0.277132,0.038966,0.323772,0.63987,186.329102,41.035156,121.839844,186.329102,34,72,256
592,8,cpp_seq,0.005463,6e-05,0.003549,0.009074,0.0,0.0,0.0,0.0,34,72,256
592,8,cpp_par,0.003202,4.6e-05,0.003273,0.006522,0.0,0.0,0.0,0.0,34,72,256
592,8,cpp_adv,0.002843,3.7e-05,0.004377,0.007258,0.0,0.0,0.0,0.0,34,72,256
593,8,seq,1.310378,0.000916,0.026255,1.337548,269.776367,8.033203,81.085938,269.776367,24,45,40
593,8,par,0.706918,0.047567,0.290595,1.045079,189.55957,40.449219,73.881836,189.55957,24,45,40
593,8,weights,0.577437,0.037439,0.28742,0.902296,191.544922,41.676758,65.65918,191.544922,24,45,40
593,8,cpp_seq,0.009119,5.7e-05,0.001396,0.010573,0.0,0.0,0.0,0.0,24,45,40
593,8,cpp_par,0.005999,3.2e-05,0.001387,0.007419,0.0,0.0,0.0,0.0,24,45,40
593,8,cpp_adv,0.005293,3.2e-05,0.001352,0.006677,0.0,0.0,0.0,0.0,24,45,40
594,8,seq,0.500392,0.001123,0.159902,0.661417,177.56543,8.384766,112.765625,177.56543,37,80,157
594,8,par,0.250987,0.039647,0.345829,0.636462,192.945312,42.084961,161.061523,192.945312,37,80,157
594,8,weights,0.245953,0.041365,0.372792,0.66011,195.345703,42.654297,96.092773,195.345703,37,80,157
594,8,cpp_seq,0.00505,6.6e-05,0.005735,0.010853,0.0,0.0,0.0,0.0,37,80,157
594,8,cpp_par,0.003304,4.5e-05,0.005555,0.008905,0.0,0.0,0.0,0.0,37,80,157
594,8,cpp_adv,0.002733,3.8e-05,0.005857,0.008628,0.0,0.0,0.0,0.0,37,80,157
595,8,seq,0.85017,0.000929,0.001769,0.852868,218.03418,7.806641,17.71582,218.03418,27,31,1
595,8,par,0.553998,0.043759,0.324629,0.922386,193.635742,40.27832,45.323242,193.635742,27,31,1
595,8,weights,0.533825,0.044349,0.317229,0.895402,194.325195,39.713867,46.260742,194.325195,27,31,1
595,8,cpp_seq,0.006189,7e-05,0.000138,0.006398,0.0,0.0,0.0,0.0,27,31,1
595,8,cpp_par,0.003145,3.7e-05,0.000126,0.00331,0.0,0.0,0.0,0.0,27,31,1
595,8,cpp_adv,0.002433,3.5e-05,0.000104,0.002573,0.0,0.0,0.0,0.0,27,31,1
596,8,seq,0.541844,0.000835,0.000463,0.543141,193.695312,7.587891,6.270508,193.695312,17,14,0
596,8,par,0.324576,0.042016,0.087251,0.453843,183.035156,40.398438,40.862305,183.035156,17,14,0
596,8,weights,0.327127,0.046732,0.070035,0.443894,182.78418,39.791992,42.393555,182.78418,17,14,0
596,8,cpp_seq,0.007027,0.000125,3.5e-05,0.007188,0.0,0.0,0.0,0.0,17,14,0
596,8,cpp_par,0.003932,3.5e-05,2.5e-05,0.004006,0.0,0.0,0.0,0.0,17,14,0
596,8,cpp_adv,0.003123,2.8e-05,2.1e-05,0.003173,0.0,0.0,0.0,0.0,17,14,0
597,8,seq,2.12956,0.001491,0.006718,2.13777,240.314453,7.666016,48.40332,240.314453,27,30,4
597,8,par,1.231232,0.055352,0.346658,1.633242,196.679688,39.522461,48.37793,196.679688,27,30,4
597,8,weights,1.251608,0.043989,0.364454,1.66005,198.962891,39.152344,49.19043,198.962891,27,30,4
597,8,cpp_seq,0.019215,5.5e-05,0.000309,0.019579,0.0,0.0,0.0,0.0,27,30,4
597,8,cpp_par,0.008848,3.3e-05,0.000269,0.009151,0.0,0.0,0.0,0.0,27,30,4
597,8,cpp_adv,0.009534,3.4e-05,0.000269,0.009837,0.0,0.0,0.0,0.0,27,30,4
598,8,seq,1.656544,0.000899,0.075547,1.73299,167.697266,7.978516,95.0625,167.697266,27,52,96
598,8,par,0.237398,0.042215,0.318124,0.597737,176.500977,39.15332,94.053711,176.500977,27,52,96
598,8,weights,0.247264,0.050148,0.325607,0.623019,178.388672,41.151367,74.526367,178.388672,27,52,96
598,8,cpp_seq,0.00299,5.9e-05,0.002807,0.005857,0.0,0.0,0.0,0.0,27,52,96
598,8,cpp_par,0.001672,3.3e-05,0.002755,0.004461,0.0,0.0,0.0,0.0,27,52,96
598,8,cpp_adv,0.003,0.00012,0.004315,0.007437,0.0,0.0,0.0,0.0,27,52,96
599,8,seq,1.126774,0.000899,0.000245,1.127918,229.536133,7.165039,5.678711,229.536133,17,4,0
599,8,par,0.61754,0.039735,0.043211,0.700486,191.381836,38.191406,34.292969,191.381836,17,4,0
599,8,weights,0.575167,0.051909,0.000526,0.627602,190.181641,39.416016,6.020508,190.181641,17,4,0
599,8,cpp_seq,0.012194,4.8e-05,1.5e-05,0.012258,0.0,0.0,0.0,0.0,17,4,0
599,8,cpp_par,0.00472,3e-05,1.5e-05,0.004766,0.0,0.0,0.0,0.0,17,4,0
599,8,cpp_adv,0.005066,3.8e-05,1.7e-05,0.005122,0.0,0.0,0.0,0.0,17,4,0
600,8,seq,1.470144,0.000798,0.024365,1.495307,230.145508,8.001953,88.890625,230.145508,27,34,32
600,8,par,0.863693,0.040975,0.282411,1.18708,193.743164,39.754883,109.811523,193.743164,27,34,32
600,8,weights,0.603329,0.039745,0.261859,0.904934,194.570312,40.22168,65.557617,194.570312,27,34,32
600,8,cpp_seq,0.013109,5.5e-05,0.001197,0.014362,0.0,0.0,0.0,0.0,27,34,32
600,8,cpp_par,0.009247,3.5e-05,0.001247,0.01053,0.0,0.0,0.0,0.0,27,34,32
600,8,cpp_adv,0.007359,6.1e-05,0.001174,0.008594,0.0,0.0,0.0,0.0,27,34,32
601,8,seq,0.873187,0.000821,0.001064,0.875072,199.510742,8.001953,12.043945,199.510742,16,16,2
601,8,par,0.330801,0.093039,0.305549,0.729388,179.621094,39.920898,45.213867,179.621094,16,16,2
601,8,weights,0.355708,0.043944,0.297503,0.697155,180.878906,39.922852,46.135742,180.878906,16,16,2
601,8,cpp_seq,0.007713,4.3e-05,8.4e-05,0.007842,0.0,0.0,0.0,0.0,16,16,2
601,8,cpp_par,0.004629,2.6e-05,0.000107,0.004763,0.0,0.0,0.0,0.0,16,16,2
601,8,cpp_adv,0.003995,2.8e-05,8.7e-05,0.00411,0.0,0.0,0.0,0.0,16,16,2
602,8,seq,0.681318,0.000973,0.007086,0.689378,182.344727,8.087891,55.34375,182.344727,27,46,11
602,8,par,0.33541,0.057829,0.273966,0.667204,190.358398,40.375,48.291992,190.358398,27,46,11
602,8,weights,0.372403,0.055814,0.342073,0.77029,192.143555,41.630859,48.870117,192.143555,27,46,11
602,8,cpp_seq,0.003585,5.9e-05,0.000353,0.003998,0.0,0.0,0.0,0.0,27,46,11
602,8,cpp_par,0.002015,3.3e-05,0.000338,0.002387,0.0,0.0,0.0,0.0,27,46,11
602,8,cpp_adv,0.003519,4.4e-05,0.000464,0.004028,0.0,0.0,0.0,0.0,27,46,11
603,8,seq,0.435883,0.00166,0.001472,0.439015,166.493164,7.564453,10.62207,166.493164,17,15,1
603,8,par,0.30204,0.08611,0.332702,0.720852,155.212891,40.280273,44.956055,155.212891,17,15,1
603,8,weights,0.253896,0.038703,0.267944,0.560543,157.686523,39.807617,45.573242,157.686523,17,15,1
603,8,cpp_seq,0.00602,6e-05,7.8e-05,0.006159,0.0,0.0,0.0,0.0,17,15,1
603,8,cpp_par,0.004077,4.6e-05,9.6e-05,0.00422,0.0,0.0,0.0,0.0,17,15,1
603,8,cpp_adv,0.002872,2.7e-05,7e-05,0.002969,0.0,0.0,0.0,0.0,17,15,1
604,8,seq,0.865114,0.000796,0.00084,0.86675,201.344727,7.908203,10.833008,201.344727,17,18,1
604,8,par,0.430145,0.04368,0.258353,0.732178,182.15332,39.345703,45.307617,182.15332,17,18,1
604,8,weights,0.424945,0.041996,0.261679,0.72862,184.402344,39.842773,45.799805,184.402344,17,18,1
604,8,cpp_seq,0.007236,4.9e-05,7.3e-05,0.007359,0.0,0.0,0.0,0.0,17,18,1
604,8,cpp_par,0.004044,3.4e-05,7.5e-05,0.004153,0.0,0.0,0.0,0.0,17,18,1
604,8,cpp_adv,0.005237,6e-05,8.6e-05,0.005383,0.0,0.0,0.0,0.0,17,18,1
605,8,seq,1.583708,0.001085,0.016709,1.601502,208.254883,7.712891,60.757812,208.254883,27,32,8
605,8,par,1.056615,0.041684,0.277478,1.375776,196.004883,39.061523,54.331055,196.004883,27,32,8
605,8,weights,1.226101,0.051996,0.279983,1.558081,199.573242,39.839844,53.385742,199.573242,27,32,8
605,8,cpp_seq,0.018355,5.2e-05,0.00075,0.019159,0.0,0.0,0.0,0.0,27,32,8
605,8,cpp_par,0.006985,3.1e-05,0.000543,0.00756,0.0,0.0,0.0,0.0,27,32,8
605,8,cpp_adv,0.007392,3.8e-05,0.000544,0.007974,0.0,0.0,0.0,0.0,27,32,8
606,8,seq,1.807354,0.001343,0.155012,1.963709,167.750977,8.322266,115.007812,167.750977,34,80,256
606,8,par,0.390401,0.044218,0.334705,0.769324,170.130859,40.955078,285.302734,285.302734,34,80,256
606,8,weights,0.351436,0.038919,0.319756,0.710111,173.199219,41.850586,124.519531,173.199219,34,80,256
606,8,cpp_seq,0.006055,5.9e-05,0.005858,0.011973,0.0,0.0,0.0,0.0,34,80,256
606,8,cpp_par,0.003721,3.9e-05,0.005574,0.009335,0.0,0.0,0.0,0.0,34,80,256
606,8,cpp_adv,0.003801,4.3e-05,0.005506,0.00935,0.0,0.0,0.0,0.0,34,80,256
607,8,seq,0.7905,0.000829,0.003134,0.794463,201.667969,7.892578,38.724609,201.667969,24,24,17
607,8,par,0.31105,0.04547,0.271631,0.628151,185.703125,40.839844,48.666992,185.703125,24,24,17
607,8,weights,0.322718,0.046769,0.308926,0.678413,188.751953,41.160156,49.049805,188.751953,24,24,17
607,8,cpp_seq,0.007507,5e-05,0.000289,0.007848,0.0,0.0,0.0,0.0,24,24,17
607,8,cpp_par,0.00358,2.7e-05,0.000286,0.003894,0.0,0.0,0.0,0.0,24,24,17
607,8,cpp_adv,0.004206,2.9e-05,0.00028,0.004516,0.0,0.0,0.0,0.0,24,24,17
608,8,seq,0.857618,0.000837,0.000188,0.858642,191.049805,7.407227,5.678711,191.049805,17,7,0
608,8,par,0.347248,0.047474,0.039629,0.434351,188.538086,39.530273,33.855469,188.538086,17,7,0
608,8,weights,0.405393,0.040938,0.000564,0.446894,186.595703,39.819336,6.020508,186.595703,17,7,0
608,8,cpp_seq,0.007524,0.000121,2e-05,0.007666,0.0,0.0,0.0,0.0,17,7,0
608,8,cpp_par,0.006745,5.6e-05,1.9e-05,0.006822,0.0,0.0,0.0,0.0,17,7,0
608,8,cpp_adv,0.004359,0.003313,2.7e-05,0.007701,0.0,0.0,0.0,0.0,17,7,0
609,8,seq,0.923092,0.001033,0.000321,0.924445,188.818359,7.258789,5.678711,188.818359,17,6,0
609,8,par,0.375337,0.055815,0.034099,0.465251,183.072266,38.753906,33.355469,183.072266,17,6,0
609,8,weights,0.313564,0.042041,0.000541,0.356147,184.985352,40.172852,6.020508,184.985352,17,6,0
609,8,cpp_seq,0.002535,4.5e-05,1.2e-05,0.002594,0.0,0.0,0.0,0.0,17,6,0
609,8,cpp_par,0.001577,4.4e-05,3.2e-05,0.001653,0.0,0.0,0.0,0.0,17,6,0
609,8,cpp_adv,0.001298,2.9e-05,1.2e-05,0.00134,0.0,0.0,0.0,0.0,17,6,0
610,8,seq,0.594647,0.001341,0.03318,0.629167,175.724609,7.869141,89.5,175.724609,24,42,112
610,8,par,0.253536,0.044461,0.353745,0.651742,170.269531,39.889648,92.326172,170.269531,24,42,112
610,8,weights,0.238851,0.039794,0.34422,0.622865,171.745117,40.932617,77.074219,171.745117,24,42,112
610,8,cpp_seq,0.004295,5.2e-05,0.002597,0.006947,0.0,0.0,0.0,0.0,24,42,112
610,8,cpp_par,0.002631,2.9e-05,0.002272,0.004933,0.0,0.0,0.0,0.0,24,42,112
610,8,cpp_adv,0.002292,2.9e-05,0.002265,0.004587,0.0,0.0,0.0,0.0,24,42,112
611,8,seq,3.115662,0.001179,0.020178,3.137019,227.110352,8.033203,77.716797,227.110352,27,48,27
611,8,par,0.985259,0.040675,0.255528,1.281462,188.370117,39.601562,58.12793,188.370117,27,48,27
611,8,weights,1.144563,0.059701,0.262359,1.466623,190.40625,40.455078,53.948242,190.40625,27,48,27
611,8,cpp_seq,0.014066,7.3e-05,0.001301,0.015442,0.0,0.0,0.0,0.0,27,48,27
611,8,cpp_par,0.006592,3.8e-05,0.000984,0.007614,0.0,0.0,0.0,0.0,27,48,27
611,8,cpp_adv,0.007209,3.5e-05,0.000994,0.008239,0.0,0.0,0.0,0.0,27,48,27
612,8,seq,1.858472,0.001071,0.050375,1.909918,251.885742,8.251953,85.445312,251.885742,34,64,144
612,8,par,1.148373,0.044917,0.310609,1.503899,181.28125,39.439453,100.318359,181.28125,34,64,144
612,8,weights,0.860112,0.040838,0.300665,1.201615,182.988281,40.072266,85.230469,182.988281,34,64,144
612,8,cpp_seq,0.007599,6e-05,0.002389,0.010049,0.0,0.0,0.0,0.0,34,64,144
612,8,cpp_par,0.005046,6e-05,0.002452,0.007559,0.0,0.0,0.0,0.0,34,64,144
612,8,cpp_adv,0.004422,3.7e-05,0.002321,0.006781,0.0,0.0,0.0,0.0,34,64,144
613,8,seq,0.504745,0.000841,0.000204,0.50579,170.105469,7.196289,5.678711,170.105469,17,5,0
613,8,par,0.314486,0.042279,0.041735,0.3985,181.701172,38.69043,34.292969,181.701172,17,5,0
613,8,weights,0.240138,0.04649,0.000625,0.287253,183.583984,39.855469,6.020508,183.583984,17,5,0
613,8,cpp_seq,0.004567,6.8e-05,1.7e-05,0.004654,0.0,0.0,0.0,0.0,17,5,0
613,8,cpp_par,0.002501,3.3e-05,1.3e-05,0.002549,0.0,0.0,0.0,0.0,17,5,0
613,8,cpp_adv,0.003068,4.6e-05,1.7e-05,0.003132,0.0,0.0,0.0,0.0,17,5,0
614,8,seq,0.572956,0.00085,0.000555,0.574361,174.887695,7.243164,6.458008,174.887695,17,4,0
614,8,par,0.314161,0.048305,0.167934,0.530401,179.404297,39.274414,44.026367,179.404297,17,4,0
614,8,weights,0.377761,0.081837,0.181819,0.641418,178.586914,39.915039,43.44043,178.586914,17,4,0
614,8,cpp_seq,0.002687,4.6e-05,3e-05,0.002764,0.0,0.0,0.0,0.0,17,4,0
614,8,cpp_par,0.001911,5e-05,3.9e-05,0.002001,0.0,0.0,0.0,0.0,17,4,0
614,8,cpp_adv,0.001439,2.7e-05,2.7e-05,0.001493,0.0,0.0,0.0,0.0,17,4,0
615,8,seq,0.863622,0.001201,0.018522,0.883345,198.529297,8.111328,74.671875,198.529297,27,37,20
615,8,par,0.351979,0.049607,0.286081,0.687668,182.87793,39.241211,55.010742,182.87793,27,37,20
615,8,weights,0.345891,0.044024,0.318119,0.708034,185.230469,40.358398,54.03418,185.230469,27,37,20
615,8,cpp_seq,0.009064,6.2e-05,0.000776,0.009903,0.0,0.0,0.0,0.0,27,37,20
615,8,cpp_par,0.0055,4.5e-05,0.000753,0.006298,0.0,0.0,0.0,0.0,27,37,20
615,8,cpp_adv,0.004789,3.6e-05,0.000679,0.005504,0.0,0.0,0.0,0.0,27,37,20
616,8,seq,0.438798,0.000854,0.00082,0.440471,165.632812,7.501953,10.68457,165.632812,16,16,1
616,8,par,0.217352,0.045203,0.257473,0.520029,171.796875,40.124023,45.213867,171.796875,16,16,1
616,8,weights,0.169491,0.039083,0.248002,0.456576,173.458008,39.19043,45.581055,173.458008,16,16,1
616,8,cpp_seq,0.003088,7.1e-05,8e-05,0.003241,0.0,0.0,0.0,0.0,16,16,1
616,8,cpp_par,0.001559,2.5e-05,6.4e-05,0.001649,0.0,0.0,0.0,0.0,16,16,1
616,8,cpp_adv,0.001473,2.7e-05,6.6e-05,0.001567,0.0,0.0,0.0,0.0,16,16,1
617,8,seq,0.671423,0.000728,0.000477,0.672629,186.878906,7.297852,6.65332,186.878906,17,6,0
617,8,par,0.320183,0.041158,0.106783,0.468124,176.083984,38.527344,42.870117,176.083984,17,6,0
617,8,weights,0.341259,0.040391,0.096654,0.478304,177.522461,39.94043,43.799805,177.522461,17,6,0
617,8,cpp_seq,0.008072,4.5e-05,4e-05,0.008159,0.0,0.0,0.0,0.0,17,6,0
617,8,cpp_par,0.004419,2.7e-05,2.8e-05,0.004474,0.0,0.0,0.0,0.0,17,6,0
617,8,cpp_adv,0.004553,2.8e-05,2.7e-05,0.004608,0.0,0.0,0.0,0.0,17,6,0
618,8,seq,0.510983,0.000809,0.000252,0.512044,176.029297,7.407227,5.678711,176.029297,17,7,0
618,8,par,0.230943,0.040643,0.033535,0.305121,181.766602,39.152344,33.792969,181.766602,17,7,0
618,8,weights,0.221089,0.037894,0.000738,0.259721,183.625,39.43457,6.020508,183.625,17,7,0
618,8,cpp_seq,0.002484,4.5e-05,2.7e-05,0.002556,0.0,0.0,0.0,0.0,17,7,0
618,8,cpp_par,0.001353,2.5e-05,1.1e-05,0.001389,0.0,0.0,0.0,0.0,17,7,0
618,8,cpp_adv,0.001275,2.8e-05,1.1e-05,0.001314,0.0,0.0,0.0,0.0,17,7,0
619,8,seq,0.503046,0.001336,0.001835,0.506218,169.777344,7.666016,14.200195,169.777344,17,23,1
619,8,par,0.252812,0.03462,0.23741,0.524843,180.025391,39.202148,45.026367,180.025391,17,23,1
619,8,weights,0.247327,0.042134,0.265953,0.555414,182.538086,39.714844,45.323242,182.538086,17,23,1
619,8,cpp_seq,0.003607,4.9e-05,0.000122,0.003779,0.0,0.0,0.0,0.0,17,23,1
619,8,cpp_par,0.002131,2.8e-05,8.4e-05,0.002243,0.0,0.0,0.0,0.0,17,23,1
619,8,cpp_adv,0.002107,4e-05,8.5e-05,0.002232,0.0,0.0,0.0,0.0,17,23,1
620,8,seq,0.421314,0.000864,0.29046,0.712638,171.448242,8.259766,185.742188,185.742188,34,68,256
620,8,par,0.204538,0.037488,0.391775,0.633802,187.600586,42.967773,562.756836,562.756836,34,68,256
620,8,weights,0.201222,0.035439,0.336734,0.573394,188.560547,40.272461,226.182617,226.182617,34,68,256
620,8,cpp_seq,0.003683,6e-05,0.0099,0.013644,0.0,0.0,0.0,0.0,34,68,256
620,8,cpp_par,0.002629,3.7e-05,0.009015,0.011682,0.0,0.0,0.0,0.0,34,68,256
620,8,cpp_adv,0.002049,3.7e-05,0.00884,0.010926,0.0,0.0,0.0,0.0,34,68,256
621,8,seq,0.595054,0.000964,2.739849,3.335867,177.932617,8.462891,953.484375,953.484375,37,95,2421
621,8,par,0.26423,0.037851,1.36468,1.666761,190.341797,39.749023,3738.048828,3738.048828,37,95,2421
621,8,weights,0.278604,0.038471,1.317886,1.634961,191.733398,41.40625,2232.848633,2232.848633,37,95,2421
621,8,cpp_seq,0.002918,6.9e-05,0.085474,0.088463,0.0,0.0,0.0,0.0,37,95,2421
621,8,cpp_par,0.001853,4.1e-05,0.084355,0.08625,0.0,0.0,0.0,0.0,37,95,2421
621,8,cpp_adv,0.001834,7.3e-05,0.083833,0.085742,0.0,0.0,0.0,0.0,37,95,2421
622,8,seq,0.493041,0.000903,0.038523,0.532466,134.152344,8.041016,100.335938,134.152344,27,41,53
622,8,par,0.288624,0.036353,0.278459,0.603435,150.925781,40.206055,86.334961,150.925781,27,41,53
622,8,weights,0.240066,0.037302,0.273177,0.550545,152.398438,40.299805,71.362305,152.398438,27,41,53
622,8,cpp_seq,0.003466,5.6e-05,0.001861,0.005383,0.0,0.0,0.0,0.0,27,41,53
622,8,cpp_par,0.002214,3.4e-05,0.001961,0.004211,0.0,0.0,0.0,0.0,27,41,53
622,8,cpp_adv,0.002067,3.5e-05,0.001857,0.003959,0.0,0.0,0.0,0.0,27,41,53
623,8,seq,0.635194,0.000897,0.112868,0.748959,175.615234,7.947266,125.828125,175.615234,27,54,160
623,8,par,0.392456,0.035464,0.304544,0.732464,178.000977,38.901367,176.327148,178.000977,27,54,160
623,8,weights,0.34108,0.039173,0.297996,0.678248,178.038086,39.491211,154.577148,178.038086,27,54,160
623,8,cpp_seq,0.002743,6.1e-05,0.004384,0.007189,0.0,0.0,0.0,0.0,27,54,160
623,8,cpp_par,0.001913,3.5e-05,0.004437,0.006386,0.0,0.0,0.0,0.0,27,54,160
623,8,cpp_adv,0.001572,3.3e-05,0.004357,0.005963,0.0,0.0,0.0,0.0,27,54,160
624,8,seq,0.616151,0.000887,0.000479,0.617516,186.535156,7.297852,6.067383,186.535156,16,4,0
624,8,par,0.24264,0.038719,0.069843,0.351203,184.888672,38.797852,41.385742,184.888672,16,4,0
624,8,weights,0.32859,0.042691,0.097569,0.468851,187.494141,39.193359,42.885742,187.494141,16,4,0
624,8,cpp_seq,0.004534,4.3e-05,2.2e-05,0.0046,0.0,0.0,0.0,0.0,16,4,0
624,8,cpp_par,0.002303,2.5e-05,1.9e-05,0.002348,0.0,0.0,0.0,0.0,16,4,0
624,8,cpp_adv,0.002524,3.4e-05,2.6e-05,0.002585,0.0,0.0,0.0,0.0,16,4,0
625,8,seq,0.744409,0.001307,0.061307,0.807024,172.801758,7.814453,78.890625,172.801758,24,42,96
625,8,par,0.353354,0.055538,0.296942,0.705834,164.519531,41.28418,140.810547,164.519531,24,42,96
625,8,weights,0.205333,0.047041,0.257417,0.509791,166.268555,40.328125,71.245117,166.268555,24,42,96
625,8,cpp_seq,0.007186,5.2e-05,0.001062,0.008301,0.0,0.0,0.0,0.0,24,42,96
625,8,cpp_par,0.003816,2.9e-05,0.001046,0.004891,0.0,0.0,0.0,0.0,24,42,96
625,8,cpp_adv,0.003463,3e-05,0.001056,0.004549,0.0,0.0,0.0,0.0,24,42,96
626,8,seq,0.390121,0.000765,0.00042,0.391305,170.257812,7.509766,6.262695,170.257812,17,10,0
626,8,par,0.237603,0.062066,0.10512,0.404789,182.899414,39.522461,43.612305,182.899414,17,10,0
626,8,weights,0.199502,0.044205,0.104137,0.347843,185.571289,39.30957,42.526367,185.571289,17,10,0
626,8,cpp_seq,0.002033,5.8e-05,3.2e-05,0.002124,0.0,0.0,0.0,0.0,17,10,0
626,8,cpp_par,0.001228,2.8e-05,2.3e-05,0.001279,0.0,0.0,0.0,0.0,17,10,0
626,8,cpp_adv,0.001066,2.7e-05,2.1e-05,0.001114,0.0,0.0,0.0,0.0,17,10,0
627,8,seq,1.562682,0.005278,0.01633,1.58429,228.167969,7.970703,58.599609,228.167969,27,39,32
627,8,par,0.632257,0.035619,0.249757,0.917633,193.733398,40.112305,49.354492,193.733398,27,39,32
627,8,weights,0.713618,0.03935,0.265635,1.018603,195.208984,41.285156,48.229492,195.208984,27,39,32
627,8,cpp_seq,0.011515,5.7e-05,0.000384,0.011957,0.0,0.0,0.0,0.0,27,39,32
627,8,cpp_par,0.006055,3.2e-05,0.000377,0.006464,0.0,0.0,0.0,0.0,27,39,32
627,8,cpp_adv,0.006986,4.9e-05,0.000377,0.007412,0.0,0.0,0.0,0.0,27,39,32
628,8,seq,1.164556,0.00093,0.057541,1.223027,221.248047,8.001953,95.367188,221.248047,24,52,80
628,8,par,0.515209,0.038039,0.27326,0.826508,191.660156,39.545898,140.584961,191.660156,24,52,80
628,8,weights,0.503725,0.045392,0.258965,0.808083,194.258789,40.861328,76.100586,194.258789,24,52,80
628,8,cpp_seq,0.009299,5.5e-05,0.002482,0.011837,0.0,0.0,0.0,0.0,24,52,80
628,8,cpp_par,0.004986,3.3e-05,0.002488,0.007508,0.0,0.0,0.0,0.0,24,52,80
628,8,cpp_adv,0.005389,5.2e-05,0.00274,0.008182,0.0,0.0,0.0,0.0,24,52,80
629,8,seq,0.447569,0.000838,0.028566,0.476973,171.819336,8.158203,88.648438,171.819336,24,40,48
629,8,par,0.187422,0.036472,0.265527,0.48942,170.758789,41.951172,87.655273,170.758789,24,40,48
629,8,weights,0.185036,0.039101,0.274507,0.498644,170.995117,42.020508,72.073242,170.995117,24,40,48
629,8,cpp_seq,0.005948,5.1e-05,0.001909,0.00791,0.0,0.0,0.0,0.0,24,40,48
629,8,cpp_par,0.003328,2.9e-05,0.001892,0.005249,0.0,0.0,0.0,0.0,24,40,48
629,8,cpp_adv,0.00308,2.9e-05,0.001837,0.004947,0.0,0.0,0.0,0.0,24,40,48
630,8,seq,0.510081,0.000786,0.000246,0.511113,172.600586,7.102539,5.678711,172.600586,17,2,0
630,8,par,0.231645,0.042873,0.033733,0.308251,181.731445,38.475586,33.761719,181.731445,17,2,0
630,8,weights,0.180501,0.036087,0.000633,0.217221,183.688477,40.186523,6.020508,183.688477,17,2,0
630,8,cpp_seq,0.002849,4.5e-05,1.3e-05,0.002908,0.0,0.0,0.0,0.0,17,2,0
630,8,cpp_par,0.002001,2.6e-05,1.2e-05,0.002039,0.0,0.0,0.0,0.0,17,2,0
630,8,cpp_adv,0.001712,2.6e-05,1.2e-05,0.00175,0.0,0.0,0.0,0.0,17,2,0
631,8,seq,0.726053,0.00075,0.000199,0.727003,194.960938,7.313477,5.678711,194.960938,17,6,0
631,8,par,0.344974,0.036693,0.032286,0.413952,190.049805,39.456055,34.027344,190.049805,17,6,0
631,8,weights,0.401624,0.069964,0.000587,0.472175,193.21875,39.119141,6.036133,193.21875,17,6,0
631,8,cpp_seq,0.007233,5.8e-05,2.1e-05,0.007313,0.0,0.0,0.0,0.0,17,6,0
631,8,cpp_par,0.004148,3e-05,1.8e-05,0.004196,0.0,0.0,0.0,0.0,17,6,0
631,8,cpp_adv,0.003943,2.9e-05,1.5e-05,0.003987,0.0,0.0,0.0,0.0,17,6,0
632,8,seq,1.220067,0.000872,0.39484,1.615779,213.598633,8.212891,210.726562,213.598633,37,65,369
632,8,par,0.594414,0.037046,0.403074,1.034533,200.189453,39.96582,673.311523,673.311523,37,65,369
632,8,weights,0.723275,0.038257,0.411518,1.17305,203.836914,40.099609,294.166992,294.166992,37,65,369
632,8,cpp_seq,0.006793,6.2e-05,0.015121,0.021977,0.0,0.0,0.0,0.0,37,65,369
632,8,cpp_par,0.004893,3.9e-05,0.014637,0.019569,0.0,0.0,0.0,0.0,37,65,369
632,8,cpp_adv,0.003403,3.7e-05,0.015463,0.018905,0.0,0.0,0.0,0.0,37,65,369
633,8,seq,0.391125,0.001054,0.164598,0.556776,130.046875,8.267578,168.382812,168.382812,32,64,256
633,8,par,0.154094,0.03932,0.324037,0.517451,142.186523,40.030273,326.233398,326.233398,32,64,256
633,8,weights,0.171553,0.038904,0.327782,0.53824,143.700195,39.826172,221.729492,221.729492,32,64,256
633,8,cpp_seq,0.002661,7.1e-05,0.008335,0.011069,0.0,0.0,0.0,0.0,32,64,256
633,8,cpp_par,0.002002,3.1e-05,0.008182,0.010215,0.0,0.0,0.0,0.0,32,64,256
633,8,cpp_adv,0.001398,3.2e-05,0.008134,0.009564,0.0,0.0,0.0,0.0,32,64,256
634,8,seq,0.653927,0.001155,0.289388,0.94447,139.19043,8.291016,186.804688,186.804688,34,76,256
634,8,par,0.248798,0.037529,0.368615,0.654942,151.038086,42.635742,559.209961,559.209961,34,76,256
634,8,weights,0.260725,0.043594,0.360678,0.664998,151.371094,40.397461,221.260742,221.260742,34,76,256
634,8,cpp_seq,0.003486,6.2e-05,0.010125,0.013673,0.0,0.0,0.0,0.0,34,76,256
634,8,cpp_par,0.002917,3.6e-05,0.009541,0.012495,0.0,0.0,0.0,0.0,34,76,256
634,8,cpp_adv,0.002339,5.8e-05,0.009252,0.011649,0.0,0.0,0.0,0.0,34,76,256
635,8,seq,0.529693,0.000843,0.000858,0.531393,176.729492,7.830078,11.598633,176.729492,17,22,1
635,8,par,0.254559,0.04302,0.26156,0.559139,175.047852,39.108398,45.010742,175.047852,17,22,1
635,8,weights,0.25696,0.038552,0.240066,0.535578,176.787109,39.671875,45.331055,176.787109,17,22,1
635,8,cpp_seq,0.005939,5.1e-05,7.4e-05,0.006064,0.0,0.0,0.0,0.0,17,22,1
635,8,cpp_par,0.00351,3.3e-05,7.3e-05,0.003617,0.0,0.0,0.0,0.0,17,22,1
635,8,cpp_adv,0.003361,3e-05,8.8e-05,0.003479,0.0,0.0,0.0,0.0,17,22,1
636,8,seq,0.343932,0.000775,0.000228,0.344935,160.550781,7.360352,5.678711,160.550781,17,6,0
636,8,par,0.144972,0.038139,0.031708,0.21482,173.522461,39.513672,34.792969,173.522461,17,6,0
636,8,weights,0.145426,0.082222,0.000676,0.228324,173.026367,39.506836,6.020508,173.026367,17,6,0
636,8,cpp_seq,0.014671,6e-05,0.000117,0.014849,0.0,0.0,0.0,0.0,17,6,0
636,8,cpp_par,0.002116,3.4e-05,1.4e-05,0.002165,0.0,0.0,0.0,0.0,17,6,0
636,8,cpp_adv,0.000984,3.3e-05,1.1e-05,0.001029,0.0,0.0,0.0,0.0,17,6,0
637,8,seq,0.983931,0.000827,0.00052,0.985279,205.758789,7.603516,7.442383,205.758789,17,18,0
637,8,par,0.361919,0.039863,0.140686,0.542468,188.464844,38.798828,43.62793,188.464844,17,18,0
637,8,weights,0.361037,0.04101,0.138113,0.540159,189.061523,39.495117,44.737305,189.061523,17,18,0
637,8,cpp_seq,0.009543,4.9e-05,4e-05,0.009633,0.0,0.0,0.0,0.0,17,18,0
637,8,cpp_par,0.005603,3.1e-05,4e-05,0.005674,0.0,0.0,0.0,0.0,17,18,0
637,8,cpp_adv,0.007194,3.5e-05,4.6e-05,0.007276,0.0,0.0,0.0,0.0,17,18,0
638,8,seq,0.469192,0.000868,0.028785,0.498845,133.760742,8.056641,82.09375,133.760742,27,40,39
638,8,par,0.242554,0.04242,0.272013,0.556987,148.929688,41.709961,75.538086,148.929688,27,40,39
638,8,weights,0.222856,0.037093,0.262967,0.522916,150.94043,40.569336,66.28418,150.94043,27,40,39
638,8,cpp_seq,0.00373,5.4e-05,0.001641,0.005427,0.0,0.0,0.0,0.0,27,40,39
638,8,cpp_par,0.00215,3.1e-05,0.001557,0.003739,0.0,0.0,0.0,0.0,27,40,39
638,8,cpp_adv,0.00221,3.4e-05,0.001526,0.00377,0.0,0.0,0.0,0.0,27,40,39
639,8,seq,0.864645,0.00081,0.000757,0.866212,205.248047,7.517578,13.87207,205.248047,24,16,0
639,8,par,0.352799,0.036182,0.107842,0.496822,189.808594,38.430664,45.463867,189.808594,24,16,0
639,8,weights,0.328612,0.037047,0.111231,0.47689,193.012695,39.347656,44.479492,193.012695,24,16,0
639,8,cpp_seq,0.006052,4.7e-05,7.5e-05,0.006174,0.0,0.0,0.0,0.0,24,16,0
639,8,cpp_par,0.003398,2.7e-05,7.3e-05,0.003499,0.0,0.0,0.0,0.0,24,16,0
639,8,cpp_adv,0.003229,2.8e-05,7.4e-05,0.003331,0.0,0.0,0.0,0.0,24,16,0
640,8,seq,0.414546,0.00107,0.000206,0.415822,178.773438,7.336914,5.678711,178.773438,17,7,0
640,8,par,0.217679,0.03643,0.037288,0.291398,186.585938,39.473633,33.792969,186.585938,17,7,0
640,8,weights,0.21417,0.045528,0.000528,0.260226,187.744141,39.25,6.020508,187.744141,17,7,0
640,8,cpp_seq,0.00529,5.3e-05,1.6e-05,0.005361,0.0,0.0,0.0,0.0,17,7,0
640,8,cpp_par,0.002923,3.4e-05,1.3e-05,0.00297,0.0,0.0,0.0,0.0,17,7,0
640,8,cpp_adv,0.002875,2.9e-05,1.3e-05,0.002918,0.0,0.0,0.0,0.0,17,7,0
641,8,seq,0.688502,0.000802,0.002257,0.691562,188.041016,7.650391,27.426758,188.041016,27,19,0
641,8,par,0.34757,0.040547,0.244247,0.632364,195.916992,39.051758,48.338867,195.916992,27,19,0
641,8,weights,0.305259,0.037121,0.244202,0.586582,196.668945,40.307617,47.62793,196.668945,27,19,0
641,8,cpp_seq,0.005834,5.2e-05,0.000225,0.006112,0.0,0.0,0.0,0.0,27,19,0
641,8,cpp_par,0.003658,3.2e-05,0.000227,0.003917,0.0,0.0,0.0,0.0,27,19,0
641,8,cpp_adv,0.003679,3.2e-05,0.000228,0.00394,0.0,0.0,0.0,0.0,27,19,0
642,8,seq,1.079966,0.000979,0.273531,1.354476,220.595703,8.330078,168.460938,220.595703,34,84,256
642,8,par,0.572563,0.036067,0.364749,0.973379,181.725586,39.505859,325.084961,325.084961,34,84,256
642,8,weights,0.503206,0.039712,0.35231,0.895229,183.069336,41.493164,228.56543,228.56543,34,84,256
642,8,cpp_seq,0.006254,6.3e-05,0.009363,0.015681,0.0,0.0,0.0,0.0,34,84,256
642,8,cpp_par,0.00383,3.6e-05,0.009404,0.013271,0.0,0.0,0.0,0.0,34,84,256
642,8,cpp_adv,0.003943,3.5e-05,0.009614,0.013593,0.0,0.0,0.0,0.0,34,84,256
643,8,seq,0.964133,0.000754,0.000252,0.965139,206.057617,7.133789,5.678711,206.057617,27,4,0
643,8,par,0.470861,0.044784,0.035159,0.550805,199.071289,38.475586,33.855469,199.071289,27,4,0
643,8,weights,0.437793,0.035523,0.000582,0.473897,201.504883,39.188477,6.020508,201.504883,27,4,0
643,8,cpp_seq,0.006808,4.8e-05,1.3e-05,0.006871,0.0,0.0,0.0,0.0,27,4,0
643,8,cpp_par,0.005271,5.6e-05,1.5e-05,0.005343,0.0,0.0,0.0,0.0,27,4,0
643,8,cpp_adv,0.004011,3e-05,1.2e-05,0.004054,0.0,0.0,0.0,0.0,27,4,0
644,8,seq,0.747507,0.000848,0.024541,0.772896,196.288086,8.025391,80.632812,196.288086,24,41,40
644,8,par,0.290887,0.041309,0.27193,0.604126,167.6875,40.286133,67.045898,167.6875,24,41,40
644,8,weights,0.283708,0.038669,0.257258,0.579635,169.143555,40.119141,59.22168,169.143555,24,41,40
644,8,cpp_seq,0.00531,5.7e-05,0.001327,0.006695,0.0,0.0,0.0,0.0,24,41,40
644,8,cpp_par,0.002958,3e-05,0.001351,0.004341,0.0,0.0,0.0,0.0,24,41,40
644,8,cpp_adv,0.002823,3e-05,0.001331,0.004186,0.0,0.0,0.0,0.0,24,41,40
645,8,seq,0.875344,0.000874,0.611016,1.487234,178.472656,8.509766,751.679688,751.679688,40,99,2448
645,8,par,0.363786,0.035793,0.56385,0.963429,172.611328,42.417969,2027.630859,2027.630859,40,99,2448
645,8,weights,0.337918,0.045889,0.557485,0.941292,178.253906,42.499023,1245.368164,1245.368164,40,99,2448
645,8,cpp_seq,0.00546,6.3e-05,0.027514,0.033039,0.0,0.0,0.0,0.0,40,99,2448
645,8,cpp_par,0.003168,3.5e-05,0.027611,0.030814,0.0,0.0,0.0,0.0,40,99,2448
645,8,cpp_adv,0.002947,3.5e-05,0.027202,0.030184,0.0,0.0,0.0,0.0,40,99,2448
646,8,seq,0.671281,0.000795,0.00021,0.672286,200.666992,7.258789,5.678711,200.666992,17,6,0
646,8,par,0.365614,0.035219,0.033862,0.434695,188.144531,39.288086,33.511719,188.144531,17,6,0
646,8,weights,0.300058,0.03925,0.000503,0.339811,190.075195,39.042969,6.020508,190.075195,17,6,0
646,8,cpp_seq,0.00487,4.6e-05,1.3e-05,0.004929,0.0,0.0,0.0,0.0,17,6,0
646,8,cpp_par,0.004092,3e-05,1.5e-05,0.004138,0.0,0.0,0.0,0.0,17,6,0
646,8,cpp_adv,0.002963,2.6e-05,1.1e-05,0.003,0.0,0.0,0.0,0.0,17,6,0
647,8,seq,0.336581,0.000821,0.000789,0.338191,164.650391,7.697266,10.68457,164.650391,16,16,1
647,8,par,0.167314,0.038113,0.267122,0.472549,172.375,40.866211,44.65918,172.375,16,16,1
647,8,weights,0.162383,0.03668,0.246749,0.445812,173.720703,39.55957,45.651367,173.720703,16,16,1
647,8,cpp_seq,0.002897,4.4e-05,6.9e-05,0.003011,0.0,0.0,0.0,0.0,16,16,1
647,8,cpp_par,0.001796,7.2e-05,7.3e-05,0.001942,0.0,0.0,0.0,0.0,16,16,1
647,8,cpp_adv,0.001429,2.6e-05,8.1e-05,0.001536,0.0,0.0,0.0,0.0,16,16,1
648,8,seq,1.022882,0.000839,0.000227,1.023947,207.426758,7.360352,5.678711,207.426758,17,7,0
648,8,par,0.385506,0.035069,0.035762,0.456336,189.257812,38.704102,34.042969,189.257812,17,7,0
648,8,weights,0.477711,0.040746,0.000646,0.519103,191.574219,39.25293,6.020508,191.574219,17,7,0
648,8,cpp_seq,0.011154,4.7e-05,1.4e-05,0.011217,0.0,0.0,0.0,0.0,17,7,0
648,8,cpp_par,0.00561,5.3e-05,1.5e-05,0.005679,0.0,0.0,0.0,0.0,17,7,0
648,8,cpp_adv,0.005556,2.9e-05,1.3e-05,0.005598,0.0,0.0,0.0,0.0,17,7,0
649,8,seq,0.420195,0.000908,0.157679,0.578782,170.879883,8.376953,130.475586,170.879883,34,76,256
649,8,par,0.202154,0.036174,0.324524,0.562852,187.005859,40.50293,146.686523,187.005859,34,76,256
649,8,weights,0.201723,0.037716,0.310564,0.550003,188.947266,41.416016,125.199219,188.947266,34,76,256
649,8,cpp_seq,0.003794,6.4e-05,0.005964,0.009824,0.0,0.0,0.0,0.0,34,76,256
649,8,cpp_par,0.002696,4.8e-05,0.0058,0.008544,0.0,0.0,0.0,0.0,34,76,256
649,8,cpp_adv,0.002123,3.6e-05,0.00572,0.00788,0.0,0.0,0.0,0.0,34,76,256
650,8,seq,0.623295,0.000842,0.000205,0.624343,195.163086,7.423828,5.678711,195.163086,17,14,0
650,8,par,0.343398,0.038536,0.033371,0.415305,181.999023,40.212891,33.511719,181.999023,17,14,0
650,8,weights,0.293569,0.037832,0.000638,0.332039,183.776367,39.878906,6.020508,183.776367,17,14,0
650,8,cpp_seq,0.006167,4.6e-05,1.3e-05,0.006226,0.0,0.0,0.0,0.0,17,14,0
650,8,cpp_par,0.004697,2.9e-05,1.3e-05,0.00474,0.0,0.0,0.0,0.0,17,14,0
650,8,cpp_adv,0.003458,2.8e-05,1.2e-05,0.003499,0.0,0.0,0.0,0.0,17,14,0
651,8,seq,0.449583,0.000823,0.000797,0.451202,189.788086,7.587891,10.24707,189.788086,17,17,1
651,8,par,0.254794,0.03701,0.252983,0.544787,182.117188,39.592773,45.198242,182.117188,17,17,1
651,8,weights,0.216801,0.039365,0.251545,0.507711,183.379883,41.342773,45.581055,183.379883,17,17,1
651,8,cpp_seq,0.003834,4.8e-05,6.7e-05,0.00395,0.0,0.0,0.0,0.0,17,17,1
651,8,cpp_par,0.002549,4.4e-05,6.9e-05,0.002663,0.0,0.0,0.0,0.0,17,17,1
651,8,cpp_adv,0.002351,3.4e-05,6.6e-05,0.002452,0.0,0.0,0.0,0.0,17,17,1
652,8,seq,1.006083,0.001007,2.093855,3.100946,168.088867,14.010742,675.164062,675.164062,44,117,1492
652,8,par,0.481397,0.036087,1.049304,1.566789,162.838867,44.163086,2421.973633,2421.973633,44,117,1492
652,8,weights,0.545746,0.040758,1.145327,1.73183,163.297852,41.358398,1622.899414,1622.899414,44,117,1492
652,8,cpp_seq,0.008302,7e-05,0.056307,0.06468,0.0,0.0,0.0,0.0,44,117,1492
652,8,cpp_par,0.008872,4.7e-05,0.054771,0.063692,0.0,0.0,0.0,0.0,44,117,1492
652,8,cpp_adv,0.008209,0.0001,0.055046,0.063356,0.0,0.0,0.0,0.0,44,117,1492
653,8,seq,0.84507,0.000945,0.015494,0.861509,210.575195,8.033203,74.921875,210.575195,24,38,34
653,8,par,0.447944,0.036148,0.255736,0.739827,187.133789,40.069336,58.831055,187.133789,24,38,34
653,8,weights,0.385555,0.039848,0.275459,0.700862,188.467773,40.267578,53.557617,188.467773,24,38,34
653,8,cpp_seq,0.00811,5.5e-05,0.000796,0.008963,0.0,0.0,0.0,0.0,24,38,34
653,8,cpp_par,0.004813,3.3e-05,0.000847,0.005694,0.0,0.0,0.0,0.0,24,38,34
653,8,cpp_adv,0.004651,3.3e-05,0.000809,0.005494,0.0,0.0,0.0,0.0,24,38,34
654,8,seq,0.420888,0.000933,0.058507,0.480329,141.980469,8.392578,93.945312,141.980469,34,78,160
654,8,par,0.242093,0.039049,0.27952,0.560662,165.568359,40.538086,110.326172,165.568359,34,78,160
654,8,weights,0.248066,0.03701,0.277502,0.562578,166.899414,40.670898,89.972656,166.899414,34,78,160
654,8,cpp_seq,0.002874,6.5e-05,0.002216,0.005156,0.0,0.0,0.0,0.0,34,78,160
654,8,cpp_par,0.001889,3.9e-05,0.002201,0.00413,0.0,0.0,0.0,0.0,34,78,160
654,8,cpp_adv,0.001873,3.8e-05,0.002212,0.004124,0.0,0.0,0.0,0.0,34,78,160
655,8,seq,0.545853,0.000834,0.013208,0.559895,176.99707,8.072266,77.304688,176.99707,24,40,66
655,8,par,0.214883,0.038947,0.268452,0.522282,177.765625,40.125,60.999023,177.765625,24,40,66
655,8,weights,0.224619,0.039406,0.264616,0.528641,179.265625,42.092773,54.952148,179.265625,24,40,66
655,8,cpp_seq,0.004435,5.5e-05,0.000971,0.005462,0.0,0.0,0.0,0.0,24,40,66
655,8,cpp_par,0.00261,2.9e-05,0.000893,0.003533,0.0,0.0,0.0,0.0,24,40,66
655,8,cpp_adv,0.00242,3.4e-05,0.000901,0.003356,0.0,0.0,0.0,0.0,24,40,66
656,8,seq,0.742773,0.000996,0.02052,0.76429,195.144531,8.134766,73.671875,195.144531,27,55,65
656,8,par,0.318687,0.040583,0.262302,0.621572,190.796875,40.65918,63.006836,190.796875,27,55,65
656,8,weights,0.322648,0.037287,0.267904,0.627839,191.575195,40.307617,54.206055,191.575195,27,55,65
656,8,cpp_seq,0.009449,5.8e-05,0.001141,0.010648,0.0,0.0,0.0,0.0,27,55,65
656,8,cpp_par,0.005464,3.4e-05,0.001095,0.006594,0.0,0.0,0.0,0.0,27,55,65
656,8,cpp_adv,0.005405,5.7e-05,0.001139,0.0066,0.0,0.0,0.0,0.0,27,55,65
657,8,seq,0.696673,0.000783,0.002747,0.700203,189.667969,7.611328,42.101562,189.667969,27,20,0
657,8,par,0.341237,0.035874,0.175316,0.552427,194.370117,40.936523,64.643555,194.370117,27,20,0
657,8,weights,0.328866,0.039425,0.183485,0.551776,195.975586,39.569336,57.510742,195.975586,27,20,0
657,8,cpp_seq,0.005187,5.1e-05,0.000412,0.005651,0.0,0.0,0.0,0.0,27,20,0
657,8,cpp_par,0.003233,4e-05,0.000586,0.00386,0.0,0.0,0.0,0.0,27,20,0
657,8,cpp_adv,0.003292,3.2e-05,0.000407,0.003732,0.0,0.0,0.0,0.0,27,20,0
658,8,seq,0.426079,0.000762,0.000206,0.427047,169.817383,7.149414,5.678711,169.817383,17,2,0
658,8,par,0.242801,0.039633,0.033262,0.315696,183.59082,38.381836,33.792969,183.59082,17,2,0
658,8,weights,0.214057,0.037578,0.000652,0.252287,184.138672,40.327148,6.020508,184.138672,17,2,0
658,8,cpp_seq,0.003459,4.5e-05,1.3e-05,0.003517,0.0,0.0,0.0,0.0,17,2,0
658,8,cpp_par,0.002054,2.7e-05,1.1e-05,0.002092,0.0,0.0,0.0,0.0,17,2,0
658,8,cpp_adv,0.002032,2.6e-05,1.1e-05,0.00207,0.0,0.0,0.0,0.0,17,2,0
659,8,seq,0.746261,0.000743,0.00024,0.747244,206.348633,7.204102,5.678711,206.348633,17,3,0
659,8,par,0.39823,0.037592,0.034313,0.470135,190.453125,37.84082,34.511719,190.453125,17,3,0
659,8,weights,0.333592,0.038284,0.000632,0.372507,193.237305,38.689453,6.020508,193.237305,17,3,0
659,8,cpp_seq,0.006239,4.5e-05,1.4e-05,0.006299,0.0,0.0,0.0,0.0,17,3,0
659,8,cpp_par,0.004538,4.3e-05,7.9e-05,0.004662,0.0,0.0,0.0,0.0,17,3,0
659,8,cpp_adv,0.003686,2.8e-05,1.2e-05,0.003728,0.0,0.0,0.0,0.0,17,3,0
660,8,seq,0.390758,0.000915,0.000268,0.391941,169.59082,7.305664,5.678711,169.59082,17,7,0
660,8,par,0.181522,0.034995,0.033679,0.250195,187.244141,39.850586,33.511719,187.244141,17,7,0
660,8,weights,0.162038,0.040675,0.000637,0.203349,186.65625,41.824219,6.020508,186.65625,17,7,0
660,8,cpp_seq,0.003019,4.6e-05,1.3e-05,0.003079,0.0,0.0,0.0,0.0,17,7,0
660,8,cpp_par,0.001902,4.3e-05,1.1e-05,0.001956,0.0,0.0,0.0,0.0,17,7,0
660,8,cpp_adv,0.001825,3.1e-05,1.1e-05,0.001868,0.0,0.0,0.0,0.0,17,7,0
661,8,seq,0.368445,0.000771,0.000844,0.370061,164.600586,7.611328,11.856445,164.600586,16,16,1
661,8,par,0.159852,0.036899,0.23904,0.435791,171.74707,38.920898,45.416992,171.74707,16,16,1
661,8,weights,0.166945,0.03739,0.246661,0.450996,173.499023,39.768555,46.018555,173.499023,16,16,1
661,8,cpp_seq,0.003953,4.5e-05,8.5e-05,0.004084,0.0,0.0,0.0,0.0,16,16,1
661,8,cpp_par,0.002321,2.5e-05,9.6e-05,0.002442,0.0,0.0,0.0,0.0,16,16,1
661,8,cpp_adv,0.002092,2.5e-05,8e-05,0.002198,0.0,0.0,0.0,0.0,16,16,1
662,8,seq,0.772286,0.000857,0.001072,0.774215,206.116211,7.759766,14.99707,206.116211,17,24,1
662,8,par,0.333209,0.037171,0.252891,0.623271,185.610352,39.3125,45.479492,185.610352,17,24,1
662,8,weights,0.340289,0.044917,0.244992,0.630198,186.761719,40.101562,45.401367,186.761719,17,24,1
662,8,cpp_seq,0.010247,5e-05,9.4e-05,0.010392,0.0,0.0,0.0,0.0,17,24,1
662,8,cpp_par,0.00543,3.4e-05,9.3e-05,0.005558,0.0,0.0,0.0,0.0,17,24,1
662,8,cpp_adv,0.005475,2.9e-05,9.3e-05,0.005598,0.0,0.0,0.0,0.0,17,24,1
663,8,seq,0.572357,0.001141,0.000883,0.574381,190.452148,7.587891,10.817383,190.452148,17,18,1
663,8,par,0.274126,0.038032,0.237657,0.549815,182.643555,39.272461,44.870117,182.643555,17,18,1
663,8,weights,0.279088,0.037559,0.233981,0.550628,184.688477,40.775391,45.041992,184.688477,17,18,1
663,8,cpp_seq,0.004382,4.8e-05,7.2e-05,0.004504,0.0,0.0,0.0,0.0,17,18,1
663,8,cpp_par,0.002713,2.8e-05,6.6e-05,0.002808,0.0,0.0,0.0,0.0,17,18,1
663,8,cpp_adv,0.003708,3.7e-05,6.8e-05,0.003814,0.0,0.0,0.0,0.0,17,18,1
664,8,seq,1.187534,0.000788,0.018785,1.207107,206.185547,7.744141,73.625,206.185547,27,40,8
664,8,par,0.503993,0.035916,0.257269,0.797179,195.28418,39.948242,56.299805,195.28418,27,40,8
664,8,weights,0.457445,0.040825,0.247587,0.745857,195.481445,39.452148,53.729492,195.481445,27,40,8
664,8,cpp_seq,0.010568,7.1e-05,0.000738,0.011379,0.0,0.0,0.0,0.0,27,40,8
664,8,cpp_par,0.005429,3.1e-05,0.000732,0.006193,0.0,0.0,0.0,0.0,27,40,8
664,8,cpp_adv,0.005749,3.2e-05,0.000746,0.006528,0.0,0.0,0.0,0.0,27,40,8
665,8,seq,0.435816,0.000804,0.000819,0.437438,177.256836,7.595703,11.075195,177.256836,16,16,1
665,8,par,0.211058,0.038181,0.233259,0.482497,175.282227,38.682617,45.268555,175.282227,16,16,1
665,8,weights,0.264764,0.045826,0.244971,0.555561,172.967773,40.818359,45.698242,172.967773,16,16,1
665,8,cpp_seq,0.003463,4.4e-05,7.3e-05,0.003581,0.0,0.0,0.0,0.0,16,16,1
665,8,cpp_par,0.001988,2.5e-05,7.1e-05,0.002084,0.0,0.0,0.0,0.0,16,16,1
665,8,cpp_adv,0.001863,3.7e-05,7.3e-05,0.001974,0.0,0.0,0.0,0.0,16,16,1
666,8,seq,0.718868,0.001096,0.251225,0.971188,183.932617,8.392578,167.835938,183.932617,34,96,256
666,8,par,0.288252,0.038962,0.3543,0.681514,191.250977,40.570312,364.194336,364.194336,34,96,256
666,8,weights,0.375549,0.036486,0.371105,0.783141,191.134766,40.199219,230.870117,230.870117,34,96,256
666,8,cpp_seq,0.008769,6.6e-05,0.009916,0.018753,0.0,0.0,0.0,0.0,34,96,256
666,8,cpp_par,0.003526,3.6e-05,0.009087,0.012649,0.0,0.0,0.0,0.0,34,96,256
666,8,cpp_adv,0.003043,3.6e-05,0.009247,0.012327,0.0,0.0,0.0,0.0,34,96,256
667,8,seq,0.233451,0.000739,0.000898,0.235088,124.117188,7.533203,9.856445,124.117188,17,15,1
667,8,par,0.13976,0.036611,0.252307,0.428678,138.81543,38.956055,45.081055,138.81543,17,15,1
667,8,weights,0.1469,0.101301,0.252495,0.500696,148.939453,42.163086,49.112305,148.939453,17,15,1
667,8,cpp_seq,0.001832,4.9e-05,6.2e-05,0.001944,0.0,0.0,0.0,0.0,17,15,1
667,8,cpp_par,0.001527,3.5e-05,8.4e-05,0.001646,0.0,0.0,0.0,0.0,17,15,1
667,8,cpp_adv,0.001078,2.9e-05,6.2e-05,0.001169,0.0,0.0,0.0,0.0,17,15,1
668,8,seq,1.234671,0.000915,0.019021,1.254607,244.293945,8.173828,87.90625,244.293945,27,65,80
668,8,par,0.558004,0.035874,0.256973,0.850851,181.695312,40.007812,128.294922,181.695312,27,65,80
668,8,weights,0.559826,0.043544,0.253569,0.856939,183.666992,40.53125,64.557617,183.666992,27,65,80
668,8,cpp_seq,0.007713,5.9e-05,0.001136,0.00891,0.0,0.0,0.0,0.0,27,65,80
668,8,cpp_par,0.004287,3.5e-05,0.001218,0.005541,0.0,0.0,0.0,0.0,27,65,80
668,8,cpp_adv,0.00462,4.3e-05,0.001161,0.005825,0.0,0.0,0.0,0.0,27,65,80
669,8,seq,0.575637,0.001004,0.086938,0.663579,140.456055,8.369141,121.709961,140.456055,34,88,256
669,8,par,0.354822,0.041232,0.302328,0.698382,159.613281,40.923828,229.771484,229.771484,34,88,256
669,8,weights,0.268481,0.037491,0.298248,0.604221,158.466797,41.920898,123.082031,158.466797,34,88,256
669,8,cpp_seq,0.009413,6.4e-05,0.003992,0.01347,0.0,0.0,0.0,0.0,34,88,256
669,8,cpp_par,0.005926,3.6e-05,0.003891,0.009853,0.0,0.0,0.0,0.0,34,88,256
669,8,cpp_adv,0.00566,5e-05,0.003998,0.009708,0.0,0.0,0.0,0.0,34,88,256
670,8,seq,2.237592,0.000791,0.000204,2.238587,231.827148,7.360352,5.678711,231.827148,17,7,0
670,8,par,0.632522,0.03715,0.032152,0.701824,195.959961,38.624023,33.792969,195.959961,17,7,0
670,8,weights,0.707481,0.037111,0.000482,0.745073,196.929688,39.952148,6.020508,196.929688,17,7,0
670,8,cpp_seq,0.0137,4.6e-05,1.4e-05,0.013761,0.0,0.0,0.0,0.0,17,7,0
670,8,cpp_par,0.007654,3.1e-05,1.3e-05,0.007699,0.0,0.0,0.0,0.0,17,7,0
670,8,cpp_adv,0.007456,5.7e-05,1.1e-05,0.007525,0.0,0.0,0.0,0.0,17,7,0
671,8,seq,1.273732,0.000752,0.000404,1.274888,249.875,7.461914,5.678711,249.875,17,7,0
671,8,par,0.930443,0.040106,0.034182,1.004732,190.523438,39.772461,33.511719,190.523438,17,7,0
671,8,weights,0.575574,0.04204,0.000553,0.618167,191.492188,39.717773,6.020508,191.492188,17,7,0
671,8,cpp_seq,0.010198,4.8e-05,1.4e-05,0.010261,0.0,0.0,0.0,0.0,17,7,0
671,8,cpp_par,0.006645,2.8e-05,1.2e-05,0.006686,0.0,0.0,0.0,0.0,17,7,0
671,8,cpp_adv,0.006104,5.2e-05,1.4e-05,0.00617,0.0,0.0,0.0,0.0,17,7,0
672,8,seq,0.430909,0.000767,0.000203,0.43188,170.254883,7.336914,5.678711,170.254883,17,8,0
672,8,par,0.267524,0.057165,0.037486,0.362174,183.514648,39.719727,34.011719,183.514648,17,8,0
672,8,weights,0.260758,0.044293,0.000453,0.305503,184.160156,39.167969,6.020508,184.160156,17,8,0
672,8,cpp_seq,0.003994,6.5e-05,1.6e-05,0.004077,0.0,0.0,0.0,0.0,17,8,0
672,8,cpp_par,0.00212,2.7e-05,1.2e-05,0.002159,0.0,0.0,0.0,0.0,17,8,0
672,8,cpp_adv,0.001935,2.6e-05,1.1e-05,0.001972,0.0,0.0,0.0,0.0,17,8,0
673,8,seq,0.483923,0.000755,0.000204,0.484882,181.353516,7.000977,5.678711,181.353516,27,0,0
673,8,par,0.354274,0.036842,0.032585,0.423701,192.56543,38.71875,33.792969,192.56543,27,0,0
673,8,weights,0.29337,0.039163,0.000433,0.332967,193.504883,39.049805,6.020508,193.504883,27,0,0
673,8,cpp_seq,0.004095,5.9e-05,1.8e-05,0.004174,0.0,0.0,0.0,0.0,27,0,0
673,8,cpp_par,0.002721,2.9e-05,1.4e-05,0.002764,0.0,0.0,0.0,0.0,27,0,0
673,8,cpp_adv,0.002218,2.9e-05,1.2e-05,0.002259,0.0,0.0,0.0,0.0,27,0,0
674,8,seq,0.632153,0.000938,0.078097,0.711189,166.80957,8.259766,104.601562,166.80957,27,65,99
674,8,par,0.188505,0.036621,0.282245,0.507371,166.145508,39.12207,131.506836,166.145508,27,65,99
674,8,weights,0.324758,0.037567,0.284092,0.646417,165.040039,40.523438,86.928711,165.040039,27,65,99
674,8,cpp_seq,0.006433,5.9e-05,0.003381,0.009874,0.0,0.0,0.0,0.0,27,65,99
674,8,cpp_par,0.003616,3.3e-05,0.003294,0.006943,0.0,0.0,0.0,0.0,27,65,99
674,8,cpp_adv,0.003646,3.6e-05,0.00332,0.007003,0.0,0.0,0.0,0.0,27,65,99
675,8,seq,0.534608,0.000749,0.000687,0.536044,183.129883,7.650391,9.004883,183.129883,17,13,0
675,8,par,0.243129,0.039051,0.205184,0.487364,182.564453,40.142578,44.276367,182.564453,17,13,0
675,8,weights,0.250616,0.041256,0.201377,0.493249,182.786133,40.27832,45.198242,182.786133,17,13,0
675,8,cpp_seq,0.005811,5e-05,5.6e-05,0.005918,0.0,0.0,0.0,0.0,17,13,0
675,8,cpp_par,0.003452,3e-05,5.4e-05,0.003537,0.0,0.0,0.0,0.0,17,13,0
675,8,cpp_adv,0.003254,2.7e-05,5.1e-05,0.003333,0.0,0.0,0.0,0.0,17,13,0
676,8,seq,1.203326,0.000971,2.791225,3.995522,228.404297,8.84668,702.09375,702.09375,44,132,1645
676,8,par,0.526328,0.044214,1.313254,1.883796,170.257812,40.913086,2963.884766,2963.884766,44,132,1645
676,8,weights,0.471296,0.038679,1.306554,1.81653,174.824219,41.832031,1627.317383,1627.317383,44,132,1645
676,8,cpp_seq,0.014649,9.3e-05,0.075239,0.089983,0.0,0.0,0.0,0.0,44,132,1645
676,8,cpp_par,0.012229,4.3e-05,0.072336,0.08461,0.0,0.0,0.0,0.0,44,132,1645
676,8,cpp_adv,0.012868,4.9e-05,0.070953,0.083871,0.0,0.0,0.0,0.0,44,132,1645
677,8,seq,1.335531,0.001051,0.130816,1.467398,209.358398,8.275391,123.71875,209.358398,34,72,256
677,8,par,0.433221,0.053125,0.313299,0.799645,163.779297,40.486328,144.505859,163.779297,34,72,256
677,8,weights,0.435667,0.039296,0.305193,0.780156,165.466797,40.628906,123.332031,165.466797,34,72,256
677,8,cpp_seq,0.015067,6.2e-05,0.005016,0.020146,0.0,0.0,0.0,0.0,34,72,256
677,8,cpp_par,0.008913,4e-05,0.005058,0.014013,0.0,0.0,0.0,0.0,34,72,256
677,8,cpp_adv,0.009295,5.3e-05,0.004939,0.014288,0.0,0.0,0.0,0.0,34,72,256
678,8,seq,0.447507,0.000797,0.000882,0.449185,169.27832,7.978516,12.043945,169.27832,16,16,2
678,8,par,0.370045,0.043308,0.227569,0.640922,172.716797,40.666992,45.338867,172.716797,16,16,2
678,8,weights,0.154852,0.037148,0.24107,0.43307,174.416016,39.391602,46.081055,174.416016,16,16,2
678,8,cpp_seq,0.002895,4.5e-05,0.000104,0.003045,0.0,0.0,0.0,0.0,16,16,2
678,8,cpp_par,0.001685,2.4e-05,9.4e-05,0.001803,0.0,0.0,0.0,0.0,16,16,2
678,8,cpp_adv,0.001531,2.5e-05,8.5e-05,0.001641,0.0,0.0,0.0,0.0,16,16,2
679,8,seq,0.570945,0.000919,0.282328,0.854191,181.167969,8.322266,186.65625,186.65625,34,76,256
679,8,par,0.262062,0.041697,0.371525,0.675285,188.78418,41.885742,568.702148,568.702148,34,76,256
679,8,weights,0.32284,0.040189,0.34501,0.708038,189.855469,41.874023,226.47168,226.47168,34,76,256
679,8,cpp_seq,0.004935,5.9e-05,0.009791,0.014786,0.0,0.0,0.0,0.0,34,76,256
679,8,cpp_par,0.003082,6.9e-05,0.009225,0.012377,0.0,0.0,0.0,0.0,34,76,256
679,8,cpp_adv,0.003225,3.4e-05,0.009177,0.012437,0.0,0.0,0.0,0.0,34,76,256
680,8,seq,0.678611,0.001071,4.560228,5.23991,178.753906,8.768555,1263.671875,1263.671875,44,123,3160
680,8,par,0.309986,0.037338,2.047077,2.394401,189.179688,41.108398,5426.658203,5426.658203,44,123,3160
680,8,weights,0.307067,0.038136,2.035215,2.380418,191.499023,42.420898,3526.183594,3526.183594,44,123,3160
680,8,cpp_seq,0.005813,7.2e-05,0.126659,0.132545,0.0,0.0,0.0,0.0,44,123,3160
680,8,cpp_par,0.003231,4.4e-05,0.127129,0.130406,0.0,0.0,0.0,0.0,44,123,3160
680,8,cpp_adv,0.003297,4.4e-05,0.126016,0.129358,0.0,0.0,0.0,0.0,44,123,3160
681,8,seq,0.421826,0.000762,0.000204,0.422792,170.370117,7.290039,5.678711,170.370117,17,6,0
681,8,par,0.197321,0.040543,0.03409,0.271955,181.832031,39.492188,34.136719,181.832031,17,6,0
681,8,weights,0.190773,0.040385,0.000468,0.231626,183.767578,39.446289,6.020508,183.767578,17,6,0
681,8,cpp_seq,0.00349,6e-05,1.8e-05,0.00357,0.0,0.0,0.0,0.0,17,6,0
681,8,cpp_par,0.002033,2.8e-05,1.2e-05,0.002074,0.0,0.0,0.0,0.0,17,6,0
681,8,cpp_adv,0.002101,2.9e-05,1.2e-05,0.002142,0.0,0.0,0.0,0.0,17,6,0
682,8,seq,0.313016,0.000842,0.010351,0.324209,125.800781,7.947266,69.835938,125.800781,24,32,19
682,8,par,0.159507,0.037059,0.270864,0.46743,140.978516,39.682617,57.995117,140.978516,24,32,19
682,8,weights,0.145971,0.091164,0.289652,0.526786,145.12207,40.924805,54.120117,145.12207,24,32,19
682,8,cpp_seq,0.002734,4.9e-05,0.000771,0.003556,0.0,0.0,0.0,0.0,24,32,19
682,8,cpp_par,0.00156,2.8e-05,0.000873,0.002463,0.0,0.0,0.0,0.0,24,32,19
682,8,cpp_adv,0.001422,2.7e-05,0.000788,0.002238,0.0,0.0,0.0,0.0,24,32,19
683,8,seq,0.395687,0.001193,0.011089,0.407969,157.260742,7.822266,73.515625,157.260742,27,32,24
683,8,par,0.197604,0.043656,0.266202,0.507462,178.293945,39.699219,53.44043,178.293945,27,32,24
683,8,weights,0.197807,0.043683,0.287491,0.528981,175.383789,42.172852,52.87793,175.383789,27,32,24
683,8,cpp_seq,0.002547,5.1e-05,0.000644,0.003244,0.0,0.0,0.0,0.0,27,32,24
683,8,cpp_par,0.001761,5.7e-05,0.000691,0.002509,0.0,0.0,0.0,0.0,27,32,24
683,8,cpp_adv,0.001317,3.3e-05,0.000742,0.002093,0.0,0.0,0.0,0.0,27,32,24
684,8,seq,0.690606,0.000738,0.000205,0.691549,185.527344,7.149414,5.678711,185.527344,16,2,0
684,8,par,0.292058,0.04273,0.035299,0.370087,184.895508,39.827148,33.511719,184.895508,16,2,0
684,8,weights,0.276206,0.037713,0.000474,0.314393,186.378906,40.170898,6.020508,186.378906,16,2,0
684,8,cpp_seq,0.003045,4.1e-05,1.3e-05,0.0031,0.0,0.0,0.0,0.0,16,2,0
684,8,cpp_par,0.001471,2.3e-05,2.9e-05,0.001524,0.0,0.0,0.0,0.0,16,2,0
684,8,cpp_adv,0.001371,2.3e-05,1.1e-05,0.001406,0.0,0.0,0.0,0.0,16,2,0
685,8,seq,0.44869,0.000799,0.000773,0.450261,152.792969,7.697266,10.62207,152.792969,17,19,1
685,8,par,0.24152,0.038721,0.250487,0.530728,160.728516,39.272461,44.541992,160.728516,17,19,1
685,8,weights,0.240735,0.044123,0.247178,0.532035,159.879883,42.686523,44.995117,159.879883,17,19,1
685,8,cpp_seq,0.00444,4.8e-05,6.5e-05,0.004554,0.0,0.0,0.0,0.0,17,19,1
685,8,cpp_par,0.002588,3.7e-05,6.3e-05,0.002688,0.0,0.0,0.0,0.0,17,19,1
685,8,cpp_adv,0.002738,3.2e-05,6.4e-05,0.002835,0.0,0.0,0.0,0.0,17,19,1
686,8,seq,0.548285,0.000814,0.000684,0.549783,170.063477,7.548828,9.442383,170.063477,17,11,1
686,8,par,0.220499,0.038268,0.251874,0.510642,171.602539,40.121094,45.15918,171.602539,17,11,1
686,8,weights,0.235818,0.037904,0.244778,0.5185,173.40918,39.53418,45.573242,173.40918,17,11,1
686,8,cpp_seq,0.002116,4.6e-05,6.4e-05,0.002227,0.0,0.0,0.0,0.0,17,11,1
686,8,cpp_par,0.001476,2.8e-05,6.8e-05,0.001572,0.0,0.0,0.0,0.0,17,11,1
686,8,cpp_adv,0.001203,2.7e-05,6.5e-05,0.001296,0.0,0.0,0.0,0.0,17,11,1
687,8,seq,0.751474,0.000954,0.054972,0.807401,199.336914,8.267578,124.320312,199.336914,32,64,256
687,8,par,0.297647,0.041393,0.292506,0.631547,184.814453,40.47168,269.966797,269.966797,32,64,256
687,8,weights,0.300283,0.039638,0.294111,0.634032,185.6875,40.355469,122.152344,185.6875,32,64,256
687,8,cpp_seq,0.006695,5.6e-05,0.003155,0.009907,0.0,0.0,0.0,0.0,32,64,256
687,8,cpp_par,0.00423,3.8e-05,0.002994,0.007264,0.0,0.0,0.0,0.0,32,64,256
687,8,cpp_adv,0.003459,5e-05,0.00296,0.006469,0.0,0.0,0.0,0.0,32,64,256
688,8,seq,0.857134,0.000954,4.375758,5.233846,152.577148,8.72168,1199.445312,1199.445312,44,118,2904
688,8,par,0.415032,0.042374,1.944335,2.401741,164.948242,43.923828,5365.842773,5365.842773,44,118,2904
688,8,weights,0.414219,0.041899,2.070987,2.527104,165.911133,40.879883,3252.311523,3252.311523,44,118,2904
688,8,cpp_seq,0.016872,7.3e-05,0.12551,0.142456,0.0,0.0,0.0,0.0,44,118,2904
688,8,cpp_par,0.015273,4.1e-05,0.119764,0.135079,0.0,0.0,0.0,0.0,44,118,2904
688,8,cpp_adv,0.016035,4.7e-05,0.122701,0.138783,0.0,0.0,0.0,0.0,44,118,2904
689,8,seq,0.615845,0.000821,0.019822,0.636488,182.258789,7.650391,87.242188,182.258789,27,28,32
689,8,par,0.269577,0.040776,0.306873,0.617225,188.671875,39.334961,104.436523,188.671875,27,28,32
689,8,weights,0.283676,0.041507,0.278229,0.603412,190.773438,41.592773,58.495117,190.773438,27,28,32
689,8,cpp_seq,0.005375,5.3e-05,0.001367,0.006795,0.0,0.0,0.0,0.0,27,28,32
689,8,cpp_par,0.002949,3.1e-05,0.001513,0.004495,0.0,0.0,0.0,0.0,27,28,32
689,8,cpp_adv,0.003063,3.3e-05,0.001516,0.004613,0.0,0.0,0.0,0.0,27,28,32
690,8,seq,0.634108,0.000812,0.000841,0.635761,176.65332,7.634766,11.46582,176.65332,17,15,1
690,8,par,0.265281,0.038931,0.257761,0.561974,181.580078,39.709961,45.463867,181.580078,17,15,1
690,8,weights,0.26844,0.0382,0.247028,0.553669,182.959961,41.268555,46.12793,182.959961,17,15,1
690,8,cpp_seq,0.002041,4.7e-05,8.2e-05,0.002171,0.0,0.0,0.0,0.0,17,15,1
690,8,cpp_par,0.001292,3.4e-05,8.3e-05,0.00141,0.0,0.0,0.0,0.0,17,15,1
690,8,cpp_adv,0.001201,2.8e-05,8.1e-05,0.00131,0.0,0.0,0.0,0.0,17,15,1
691,8,seq,0.897511,0.000799,0.000818,0.899127,213.205078,7.642578,10.62207,213.205078,17,17,1
691,8,par,0.419912,0.03874,0.248706,0.707357,187.783203,39.259766,45.135742,187.783203,17,17,1
691,8,weights,0.419074,0.042354,0.243941,0.70537,189.34668,41.299805,45.44043,189.34668,17,17,1
691,8,cpp_seq,0.011851,5e-05,7e-05,0.011972,0.0,0.0,0.0,0.0,17,17,1
691,8,cpp_par,0.006419,2.8e-05,6.5e-05,0.006513,0.0,0.0,0.0,0.0,17,17,1
691,8,cpp_adv,0.006387,3e-05,6.8e-05,0.006485,0.0,0.0,0.0,0.0,17,17,1
692,8,seq,1.188595,0.000884,0.028894,1.218373,210.542969,7.783203,94.15625,210.542969,24,46,192
692,8,par,0.428474,0.037415,0.268225,0.734114,185.044922,39.879883,167.708984,185.044922,24,46,192
692,8,weights,0.427822,0.038212,0.278944,0.744979,185.87793,41.932617,103.292969,185.87793,24,46,192
692,8,cpp_seq,0.011668,5.1e-05,0.001947,0.013667,0.0,0.0,0.0,0.0,24,46,192
692,8,cpp_par,0.006098,3e-05,0.001898,0.008027,0.0,0.0,0.0,0.0,24,46,192
692,8,cpp_adv,0.005494,3e-05,0.001939,0.007464,0.0,0.0,0.0,0.0,24,46,192
693,8,seq,0.462427,0.000822,0.035096,0.498345,176.358398,7.736328,90.765625,176.358398,24,31,60
693,8,par,0.207837,0.037292,0.270845,0.515974,186.288086,40.505859,97.467773,186.288086,24,31,60
693,8,weights,0.189178,0.03729,0.273892,0.500361,188.539062,41.288086,72.807617,188.539062,24,31,60
693,8,cpp_seq,0.003469,5.3e-05,0.001959,0.005483,0.0,0.0,0.0,0.0,24,31,60
693,8,cpp_par,0.002086,3.1e-05,0.00191,0.004028,0.0,0.0,0.0,0.0,24,31,60
693,8,cpp_adv,0.001935,3.2e-05,0.001909,0.003877,0.0,0.0,0.0,0.0,24,31,60
694,8,seq,0.436694,0.000914,0.048675,0.486283,167.351562,7.970703,92.414062,167.351562,27,44,100
694,8,par,0.211183,0.037272,0.272261,0.520716,170.432617,39.666992,91.263672,170.432617,27,44,100
694,8,weights,0.201755,0.040284,0.276093,0.518131,171.952148,40.328125,75.105469,171.952148,27,44,100
694,8,cpp_seq,0.00284,5.7e-05,0.002234,0.005132,0.0,0.0,0.0,0.0,27,44,100
694,8,cpp_par,0.001932,5.6e-05,0.002264,0.004253,0.0,0.0,0.0,0.0,27,44,100
694,8,cpp_adv,0.001691,3.4e-05,0.002252,0.003978,0.0,0.0,0.0,0.0,27,44,100
695,8,seq,0.486324,0.000764,0.000206,0.487295,173.849609,7.376953,5.678711,173.849609,17,12,0
695,8,par,0.262311,0.039389,0.034333,0.336033,181.070312,39.655273,33.511719,181.070312,17,12,0
695,8,weights,0.230692,0.03696,0.00046,0.268112,184.026367,39.456055,6.020508,184.026367,17,12,0
695,8,cpp_seq,0.004582,4.6e-05,2.8e-05,0.004657,0.0,0.0,0.0,0.0,17,12,0
695,8,cpp_par,0.002784,3e-05,1.4e-05,0.002828,0.0,0.0,0.0,0.0,17,12,0
695,8,cpp_adv,0.002531,2.8e-05,1.2e-05,0.002571,0.0,0.0,0.0,0.0,17,12,0
696,8,seq,0.386101,0.000736,0.0002,0.387036,170.25,7.000977,5.678711,170.25,17,0,0
696,8,par,0.180856,0.039749,0.034993,0.255598,181.453125,39.514648,33.792969,181.453125,17,0,0
696,8,weights,0.197408,0.038166,0.000781,0.236355,183.350586,39.053711,6.020508,183.350586,17,0,0
696,8,cpp_seq,0.003606,9.1e-05,3.1e-05,0.003729,0.0,0.0,0.0,0.0,17,0,0
696,8,cpp_par,0.001923,2.7e-05,1.2e-05,0.001963,0.0,0.0,0.0,0.0,17,0,0
696,8,cpp_adv,0.001916,2.6e-05,1.1e-05,0.001954,0.0,0.0,0.0,0.0,17,0,0
697,8,seq,0.52051,0.000741,0.00026,0.52151,174.169922,7.360352,5.678711,174.169922,17,7,0
697,8,par,0.257239,0.043586,0.034276,0.335101,178.650391,40.155273,33.511719,178.650391,17,7,0
697,8,weights,0.249409,0.041321,0.000459,0.291189,180.205078,39.287109,6.020508,180.205078,17,7,0
697,8,cpp_seq,0.005786,4.5e-05,1.3e-05,0.005845,0.0,0.0,0.0,0.0,17,7,0
697,8,cpp_par,0.003077,2.7e-05,1.1e-05,0.003116,0.0,0.0,0.0,0.0,17,7,0
697,8,cpp_adv,0.002988,2.8e-05,1.1e-05,0.003027,0.0,0.0,0.0,0.0,17,7,0
698,8,seq,0.363352,0.000847,0.00698,0.371179,159.452148,7.666016,59.43457,159.452148,27,30,4
698,8,par,0.169691,0.037904,0.265817,0.473412,176.267578,40.416992,51.47168,176.267578,27,30,4
698,8,weights,0.166209,0.043425,0.255316,0.46495,177.378906,40.15332,50.143555,177.378906,27,30,4
698,8,cpp_seq,0.003357,6.3e-05,0.00056,0.00398,0.0,0.0,0.0,0.0,27,30,4
698,8,cpp_par,0.002022,3.3e-05,0.000485,0.002542,0.0,0.0,0.0,0.0,27,30,4
698,8,cpp_adv,0.001772,3.2e-05,0.000479,0.002283,0.0,0.0,0.0,0.0,27,30,4
699,8,seq,0.567943,0.000821,0.000954,0.569718,184.666016,7.587891,11.02832,184.666016,17,17,1
699,8,par,0.330758,0.041258,0.249435,0.621451,180.451172,38.830078,44.495117,180.451172,17,17,1
699,8,weights,0.251822,0.037838,0.244293,0.533953,180.59082,40.251953,45.463867,180.59082,17,17,1
699,8,cpp_seq,0.004679,6.2e-05,7.7e-05,0.004819,0.0,0.0,0.0,0.0,17,17,1
699,8,cpp_par,0.003036,2.9e-05,7.5e-05,0.003139,0.0,0.0,0.0,0.0,17,17,1
699,8,cpp_adv,0.002522,2.8e-05,7.4e-05,0.002623,0.0,0.0,0.0,0.0,17,17,1
700,8,seq,0.587699,0.000882,0.000209,0.588789,196.958984,7.258789,5.678711,196.958984,17,5,0
700,8,par,0.294904,0.039616,0.032078,0.366598,192.036133,38.901367,33.511719,192.036133,17,5,0
700,8,weights,0.28517,0.03954,0.000514,0.325224,193.432617,39.385742,6.020508,193.432617,17,5,0
700,8,cpp_seq,0.005533,4.6e-05,1.3e-05,0.005593,0.0,0.0,0.0,0.0,17,5,0
700,8,cpp_par,0.003242,2.7e-05,1.2e-05,0.003282,0.0,0.0,0.0,0.0,17,5,0
700,8,cpp_adv,0.003326,3.3e-05,1.3e-05,0.003372,0.0,0.0,0.0,0.0,17,5,0
701,8,seq,0.791678,0.000782,0.000795,0.793255,206.954102,7.587891,10.24707,206.954102,17,17,1
701,8,par,0.413189,0.039341,0.245315,0.697845,184.274414,38.789062,44.581055,184.274414,17,17,1
701,8,weights,0.366091,0.040274,0.246257,0.652622,184.883789,39.088867,45.581055,184.883789,17,17,1
701,8,cpp_seq,0.009848,4.8e-05,6.6e-05,0.009964,0.0,0.0,0.0,0.0,17,17,1
701,8,cpp_par,0.005728,3.2e-05,6.8e-05,0.005829,0.0,0.0,0.0,0.0,17,17,1
701,8,cpp_adv,0.005305,2.9e-05,6.4e-05,0.005398,0.0,0.0,0.0,0.0,17,17,1
702,8,seq,1.108023,0.000962,0.311579,1.420563,232.191406,8.509766,167.828125,232.191406,34,92,256
702,8,par,0.563149,0.041826,0.386977,0.991951,195.314453,42.416992,463.209961,463.209961,34,92,256
702,8,weights,0.490129,0.042806,0.368145,0.90108,197.4375,40.299805,230.885742,230.885742,34,92,256
702,8,cpp_seq,0.01077,6.7e-05,0.009989,0.020828,0.0,0.0,0.0,0.0,34,92,256
702,8,cpp_par,0.006429,4e-05,0.009737,0.016207,0.0,0.0,0.0,0.0,34,92,256
702,8,cpp_adv,0.006367,5.5e-05,0.009737,0.01616,0.0,0.0,0.0,0.0,34,92,256
703,8,seq,0.421916,0.000867,0.001016,0.423798,172.140625,7.650391,13.37207,172.140625,17,20,1
703,8,par,0.206609,0.038064,0.244774,0.489446,176.335938,38.777344,45.44043,176.335938,17,20,1
703,8,weights,0.2523,0.064648,0.250623,0.567571,179.249023,40.098633,45.56543,179.249023,17,20,1
703,8,cpp_seq,0.004887,4.8e-05,8.9e-05,0.005026,0.0,0.0,0.0,0.0,17,20,1
703,8,cpp_par,0.002664,3e-05,8.9e-05,0.002784,0.0,0.0,0.0,0.0,17,20,1
703,8,cpp_adv,0.002585,3.1e-05,8.7e-05,0.002704,0.0,0.0,0.0,0.0,17,20,1
704,8,seq,1.027982,0.000879,0.017493,1.046354,245.164062,8.017578,75.414062,245.164062,24,47,64
704,8,par,0.453224,0.037257,0.270042,0.760523,191.380859,39.342773,58.006836,191.380859,24,47,64
704,8,weights,0.442999,0.039735,0.252081,0.734816,190.838867,39.539062,53.967773,190.838867,24,47,64
704,8,cpp_seq,0.009158,5.5e-05,0.000909,0.010123,0.0,0.0,0.0,0.0,24,47,64
704,8,cpp_par,0.005932,4.4e-05,0.000887,0.006864,0.0,0.0,0.0,0.0,24,47,64
704,8,cpp_adv,0.005774,3.6e-05,0.000953,0.006765,0.0,0.0,0.0,0.0,24,47,64
705,8,seq,1.472811,0.00084,0.136521,1.610173,262.952148,7.955078,141.304688,262.952148,27,54,192
705,8,par,0.950975,0.039132,0.317827,1.307934,183.298828,44.862305,392.295898,392.295898,27,54,192
705,8,weights,0.747418,0.039016,0.306392,1.092825,183.508789,39.552734,163.999023,183.508789,27,54,192
705,8,cpp_seq,0.006469,5.7e-05,0.005853,0.01238,0.0,0.0,0.0,0.0,27,54,192
705,8,cpp_par,0.004917,3.9e-05,0.006052,0.01101,0.0,0.0,0.0,0.0,27,54,192
705,8,cpp_adv,0.004059,3.5e-05,0.005715,0.00981,0.0,0.0,0.0,0.0,27,54,192
706,8,seq,0.344749,0.000989,0.281958,0.627696,129.637695,8.369141,182.453125,182.453125,34,80,256
706,8,par,0.163534,0.037405,0.377021,0.57796,149.969727,40.37793,375.428711,375.428711,34,80,256
706,8,weights,0.174497,0.04013,0.371219,0.585846,152.183594,40.091797,225.932617,225.932617,34,80,256
706,8,cpp_seq,0.004282,6.1e-05,0.00959,0.013934,0.0,0.0,0.0,0.0,34,80,256
706,8,cpp_par,0.003573,3.8e-05,0.010041,0.013652,0.0,0.0,0.0,0.0,34,80,256
706,8,cpp_adv,0.002474,4e-05,0.009552,0.012066,0.0,0.0,0.0,0.0,34,80,256
707,8,seq,1.280014,0.000782,0.000206,1.281002,218.493164,7.102539,5.678711,218.493164,17,1,0
707,8,par,0.53905,0.040425,0.033771,0.613246,193.143555,38.348633,34.136719,193.143555,17,1,0
707,8,weights,0.487726,0.037262,0.000477,0.525465,195.076172,38.625,6.020508,195.076172,17,1,0
707,8,cpp_seq,0.011578,4.7e-05,1.5e-05,0.01164,0.0,0.0,0.0,0.0,17,1,0
707,8,cpp_par,0.009331,3.6e-05,1.7e-05,0.009385,0.0,0.0,0.0,0.0,17,1,0
707,8,cpp_adv,0.006343,2.8e-05,1.1e-05,0.006384,0.0,0.0,0.0,0.0,17,1,0
708,8,seq,0.662446,0.00087,0.244375,0.907691,202.638672,8.197266,168.390625,202.638672,34,64,256
708,8,par,0.399422,0.040462,0.385692,0.825577,174.992188,40.291016,321.928711,321.928711,34,64,256
708,8,weights,0.361397,0.039237,0.358674,0.759308,176.873047,39.939453,228.370117,228.370117,34,64,256
708,8,cpp_seq,0.003985,6e-05,0.010108,0.014154,0.0,0.0,0.0,0.0,34,64,256
708,8,cpp_par,0.003295,3.6e-05,0.009407,0.012739,0.0,0.0,0.0,0.0,34,64,256
708,8,cpp_adv,0.002179,3.7e-05,0.009363,0.01158,0.0,0.0,0.0,0.0,34,64,256
709,8,seq,0.441086,0.000753,0.000223,0.442062,174.777344,7.360352,5.678711,174.777344,17,6,0
709,8,par,0.221649,0.037933,0.040741,0.300323,183.948242,39.280273,33.355469,183.948242,17,6,0
709,8,weights,0.189781,0.037048,0.000708,0.227537,186.201172,39.100586,6.020508,186.201172,17,6,0
709,8,cpp_seq,0.005636,4.7e-05,1.4e-05,0.005698,0.0,0.0,0.0,0.0,17,6,0
709,8,cpp_par,0.003183,3.5e-05,1.2e-05,0.003231,0.0,0.0,0.0,0.0,17,6,0
709,8,cpp_adv,0.002823,2.6e-05,1.1e-05,0.00286,0.0,0.0,0.0,0.0,17,6,0
710,8,seq,0.363784,0.000802,0.000917,0.365503,169.657227,7.814453,11.856445,169.657227,16,16,1
710,8,par,0.243148,0.061927,0.261551,0.566626,173.643555,40.108398,45.47168,173.643555,16,16,1
710,8,weights,0.16817,0.040698,0.253103,0.461971,173.407227,40.704102,45.456055,173.407227,16,16,1
710,8,cpp_seq,0.002626,4.4e-05,8.3e-05,0.002755,0.0,0.0,0.0,0.0,16,16,1
710,8,cpp_par,0.001556,2.6e-05,8.2e-05,0.001664,0.0,0.0,0.0,0.0,16,16,1
710,8,cpp_adv,0.001541,2.9e-05,8.6e-05,0.001656,0.0,0.0,0.0,0.0,16,16,1
711,8,seq,0.9199,0.000804,0.004078,0.924783,192.076172,7.587891,44.223633,192.076172,27,17,0
711,8,par,0.431022,0.040599,0.22663,0.698252,195.03418,39.020508,51.19043,195.03418,27,17,0
711,8,weights,0.449185,0.03716,0.212939,0.699284,195.927734,39.152344,50.47168,195.927734,27,17,0
711,8,cpp_seq,0.007387,5.5e-05,0.00033,0.007774,0.0,0.0,0.0,0.0,27,17,0
711,8,cpp_par,0.004367,2.9e-05,0.000326,0.004723,0.0,0.0,0.0,0.0,27,17,0
711,8,cpp_adv,0.004439,5.1e-05,0.000324,0.004815,0.0,0.0,0.0,0.0,27,17,0
712,8,seq,0.45507,0.000769,0.000206,0.456044,173.216797,7.313477,5.678711,173.216797,17,5,0
712,8,par,0.202424,0.042456,0.033734,0.278613,181.873047,39.623047,33.511719,181.873047,17,5,0
712,8,weights,0.212009,0.042227,0.000653,0.254889,183.898438,38.972656,6.020508,183.898438,17,5,0
712,8,cpp_seq,0.003293,9.4e-05,1.7e-05,0.003405,0.0,0.0,0.0,0.0,17,5,0
712,8,cpp_par,0.001849,2.8e-05,1.2e-05,0.001889,0.0,0.0,0.0,0.0,17,5,0
712,8,cpp_adv,0.001706,2.7e-05,1.2e-05,0.001745,0.0,0.0,0.0,0.0,17,5,0
713,8,seq,0.544122,0.000833,0.000983,0.545937,178.623047,7.673828,13.161133,178.623047,17,22,1
713,8,par,0.283278,0.040522,0.253153,0.576953,183.178711,39.604492,44.666992,183.178711,17,22,1
713,8,weights,0.386425,0.037597,0.246299,0.670322,185.168945,40.568359,45.666992,185.168945,17,22,1
713,8,cpp_seq,0.004783,5e-05,8.5e-05,0.004919,0.0,0.0,0.0,0.0,17,22,1
713,8,cpp_par,0.002683,3.1e-05,8.1e-05,0.002808,0.0,0.0,0.0,0.0,17,22,1
713,8,cpp_adv,0.00283,3e-05,8.1e-05,0.002942,0.0,0.0,0.0,0.0,17,22,1
714,8,seq,1.033908,0.000735,0.000221,1.034864,243.507812,7.102539,5.678711,243.507812,17,1,0
714,8,par,0.573904,0.036682,0.036033,0.646619,189.993164,38.693359,33.855469,189.993164,17,1,0
714,8,weights,0.472362,0.036564,0.000674,0.5096,192.292969,40.733398,6.020508,192.292969,17,1,0
714,8,cpp_seq,0.006525,4.6e-05,1.3e-05,0.006584,0.0,0.0,0.0,0.0,17,1,0
714,8,cpp_par,0.004566,2.9e-05,1.4e-05,0.004609,0.0,0.0,0.0,0.0,17,1,0
714,8,cpp_adv,0.003925,2.9e-05,1.3e-05,0.003967,0.0,0.0,0.0,0.0,17,1,0
715,8,seq,0.594424,0.001049,4.319439,4.914912,149.929688,8.75293,1136.84375,1136.84375,44,122,2694
715,8,par,0.322122,0.043292,1.779651,2.145065,160.774414,41.837891,4930.242188,4930.242188,44,122,2694
715,8,weights,0.276428,0.044121,1.754235,2.074784,162.061523,41.256836,2998.799805,2998.799805,44,122,2694
715,8,cpp_seq,0.005559,7.2e-05,0.114093,0.119725,0.0,0.0,0.0,0.0,44,122,2694
715,8,cpp_par,0.00915,4.3e-05,0.107728,0.116922,0.0,0.0,0.0,0.0,44,122,2694
715,8,cpp_adv,0.008731,6e-05,0.109149,0.117941,0.0,0.0,0.0,0.0,44,122,2694
716,8,seq,1.056173,0.000973,0.307291,1.364438,229.219727,8.369141,181.476562,229.219727,34,80,256
716,8,par,0.541235,0.044288,0.368847,0.954371,183.598633,42.066406,560.756836,560.756836,34,80,256
716,8,weights,0.482168,0.038598,0.357301,0.878067,184.692383,40.772461,226.393555,226.393555,34,80,256
716,8,cpp_seq,0.012287,7.3e-05,0.009122,0.021484,0.0,0.0,0.0,0.0,34,80,256
716,8,cpp_par,0.007503,3.8e-05,0.008878,0.01642,0.0,0.0,0.0,0.0,34,80,256
716,8,cpp_adv,0.008777,4.1e-05,0.008752,0.017571,0.0,0.0,0.0,0.0,34,80,256
717,8,seq,0.554306,0.000783,0.000717,0.555806,190.728516,7.603516,9.450195,190.728516,17,11,1
717,8,par,0.309717,0.036538,0.249889,0.596144,181.100586,40.084961,45.268555,181.100586,17,11,1
717,8,weights,0.251676,0.040173,0.270432,0.56228,180.791016,39.807617,45.81543,180.791016,17,11,1
717,8,cpp_seq,0.004194,4.7e-05,7.2e-05,0.004313,0.0,0.0,0.0,0.0,17,11,1
717,8,cpp_par,0.003187,3.6e-05,7.9e-05,0.003302,0.0,0.0,0.0,0.0,17,11,1
717,8,cpp_adv,0.002432,3e-05,7e-05,0.002533,0.0,0.0,0.0,0.0,17,11,1
718,8,seq,0.436829,0.000818,0.000206,0.437852,171.116211,7.556641,5.678711,171.116211,17,10,0
718,8,par,0.200623,0.03977,0.036695,0.277088,182.105469,39.175781,33.792969,182.105469,17,10,0
718,8,weights,0.200589,0.038267,0.000655,0.239511,183.244141,40.827148,6.020508,183.244141,17,10,0
718,8,cpp_seq,0.003516,4.6e-05,1.3e-05,0.003575,0.0,0.0,0.0,0.0,17,10,0
718,8,cpp_par,0.002121,2.9e-05,1.4e-05,0.002164,0.0,0.0,0.0,0.0,17,10,0
718,8,cpp_adv,0.002019,2.9e-05,1.1e-05,0.00206,0.0,0.0,0.0,0.0,17,10,0
719,8,seq,0.478578,0.000816,0.000879,0.480272,171.133789,7.603516,11.208008,171.133789,17,20,1
719,8,par,0.301947,0.055514,0.266435,0.623895,173.451172,38.866211,45.06543,173.451172,17,20,1
719,8,weights,0.247143,0.039735,0.24737,0.534248,174.499023,39.435547,45.510742,174.499023,17,20,1
719,8,cpp_seq,0.00583,4.9e-05,6.9e-05,0.005949,0.0,0.0,0.0,0.0,17,20,1
719,8,cpp_par,0.003341,3.1e-05,6.8e-05,0.00344,0.0,0.0,0.0,0.0,17,20,1
719,8,cpp_adv,0.003292,3.3e-05,7.8e-05,0.003404,0.0,0.0,0.0,0.0,17,20,1
720,8,seq,0.905894,0.000841,0.00492,0.911654,199.181641,7.884766,54.789062,199.181641,24,22,0
720,8,par,0.358472,0.036561,0.259851,0.654884,188.453125,39.300781,55.338867,188.453125,24,22,0
720,8,weights,0.343536,0.038351,0.273497,0.655384,190.879883,39.589844,52.956055,190.879883,24,22,0
720,8,cpp_seq,0.003422,4.9e-05,0.000562,0.004034,0.0,0.0,0.0,0.0,24,22,0
720,8,cpp_par,0.001957,2.8e-05,0.000581,0.002566,0.0,0.0,0.0,0.0,24,22,0
720,8,cpp_adv,0.001772,2.7e-05,0.000692,0.002492,0.0,0.0,0.0,0.0,24,22,0
721,8,seq,0.393279,0.00078,0.000203,0.394261,170.25,7.376953,5.678711,170.25,17,11,0
721,8,par,0.186101,0.042372,0.038829,0.267302,181.839844,38.546875,33.355469,181.839844,17,11,0
721,8,weights,0.176891,0.039121,0.000621,0.216633,182.251953,39.25293,6.020508,182.251953,17,11,0
721,8,cpp_seq,0.003256,4.9e-05,1.5e-05,0.003322,0.0,0.0,0.0,0.0,17,11,0
721,8,cpp_par,0.002006,2.8e-05,1.2e-05,0.002046,0.0,0.0,0.0,0.0,17,11,0
721,8,cpp_adv,0.001948,2.7e-05,1.1e-05,0.001987,0.0,0.0,0.0,0.0,17,11,0
722,8,seq,0.484133,0.000889,0.248587,0.733609,175.274414,8.275391,168.367188,175.274414,34,72,256
722,8,par,0.276309,0.037265,0.354381,0.667955,188.041992,40.026367,331.741211,331.741211,34,72,256
722,8,weights,0.235609,0.037823,0.370008,0.643441,189.060547,40.867188,228.94043,228.94043,34,72,256
722,8,cpp_seq,0.004571,5.9e-05,0.009949,0.014581,0.0,0.0,0.0,0.0,34,72,256
722,8,cpp_par,0.003249,3.6e-05,0.009199,0.012485,0.0,0.0,0.0,0.0,34,72,256
722,8,cpp_adv,0.002794,3.7e-05,0.009185,0.012017,0.0,0.0,0.0,0.0,34,72,256
723,8,seq,0.3783,0.00091,2.541095,2.920305,135.910156,8.416016,974.96875,974.96875,37,92,2331
723,8,par,0.174818,0.043453,1.295122,1.513393,157.271484,43.810547,4171.93457,4171.93457,37,92,2331
723,8,weights,0.183139,0.038902,1.289013,1.511055,157.477539,41.049805,2232.022461,2232.022461,37,92,2331
723,8,cpp_seq,0.005724,8.5e-05,0.121347,0.127158,0.0,0.0,0.0,0.0,37,92,2331
723,8,cpp_par,0.007328,3.9e-05,0.088931,0.096299,0.0,0.0,0.0,0.0,37,92,2331
723,8,cpp_adv,0.007662,5.3e-05,0.088173,0.095888,0.0,0.0,0.0,0.0,37,92,2331
724,8,seq,1.281782,0.000893,0.167727,1.450402,242.75,8.244141,143.398438,242.75,37,62,149
724,8,par,0.714609,0.041854,0.327345,1.083808,199.902344,42.916016,376.038086,376.038086,37,62,149
724,8,weights,0.641686,0.03907,0.311597,0.992353,200.956055,40.928711,154.952148,200.956055,37,62,149
724,8,cpp_seq,0.010669,6.2e-05,0.005741,0.016473,0.0,0.0,0.0,0.0,37,62,149
724,8,cpp_par,0.007348,4e-05,0.005675,0.013063,0.0,0.0,0.0,0.0,37,62,149
724,8,cpp_adv,0.006279,5e-05,0.005712,0.012043,0.0,0.0,0.0,0.0,37,62,149
725,8,seq,0.492064,0.000803,0.000538,0.493406,178.573242,7.149414,6.067383,178.573242,17,2,0
725,8,par,0.244536,0.03824,0.068415,0.35119,182.40625,39.056641,41.854492,182.40625,17,2,0
725,8,weights,0.222851,0.05263,0.071718,0.347198,182.036133,38.952148,41.916992,182.036133,17,2,0
725,8,cpp_seq,0.003716,4.6e-05,2.1e-05,0.003784,0.0,0.0,0.0,0.0,17,2,0
725,8,cpp_par,0.002375,3.3e-05,2.7e-05,0.002437,0.0,0.0,0.0,0.0,17,2,0
725,8,cpp_adv,0.002786,3.4e-05,2.2e-05,0.002843,0.0,0.0,0.0,0.0,17,2,0
726,8,seq,0.472359,0.000861,0.000908,0.474128,172.012695,7.853516,11.012695,172.012695,17,17,1
726,8,par,0.207836,0.037272,0.254725,0.499833,178.788086,41.673828,45.182617,178.788086,17,17,1
726,8,weights,0.221854,0.039676,0.255426,0.516955,180.820312,39.976562,45.424805,180.820312,17,17,1
726,8,cpp_seq,0.003795,5e-05,7.1e-05,0.003917,0.0,0.0,0.0,0.0,17,17,1
726,8,cpp_par,0.002436,3.2e-05,7.4e-05,0.002542,0.0,0.0,0.0,0.0,17,17,1
726,8,cpp_adv,0.002128,2.9e-05,6.7e-05,0.002225,0.0,0.0,0.0,0.0,17,17,1
727,8,seq,0.424522,0.000828,0.000218,0.425568,173.717773,7.000977,5.678711,173.717773,17,0,0
727,8,par,0.219798,0.044456,0.035851,0.300105,182.90918,38.227539,34.386719,182.90918,17,0,0
727,8,weights,0.228311,0.039781,0.000653,0.268745,183.303711,38.603516,6.020508,183.303711,17,0,0
727,8,cpp_seq,0.002455,9.5e-05,1.3e-05,0.002564,0.0,0.0,0.0,0.0,17,0,0
727,8,cpp_par,0.001339,2.9e-05,1.6e-05,0.001385,0.0,0.0,0.0,0.0,17,0,0
727,8,cpp_adv,0.001352,2.9e-05,1.3e-05,0.001395,0.0,0.0,0.0,0.0,17,0,0
728,8,seq,1.212997,0.000839,0.047424,1.26126,234.029297,8.025391,93.429688,234.029297,27,41,68
728,8,par,0.686884,0.037083,0.277966,1.001933,186.424805,39.608398,101.889648,186.424805,27,41,68
728,8,weights,0.60041,0.044671,0.282446,0.927527,187.301758,40.111328,75.663086,187.301758,27,41,68
728,8,cpp_seq,0.009726,5.6e-05,0.00257,0.012353,0.0,0.0,0.0,0.0,27,41,68
728,8,cpp_par,0.007042,3.6e-05,0.0026,0.009678,0.0,0.0,0.0,0.0,27,41,68
728,8,cpp_adv,0.006105,9e-05,0.002533,0.008729,0.0,0.0,0.0,0.0,27,41,68
729,8,seq,0.540453,0.000956,0.048105,0.589514,191.806641,8.041016,93.046875,191.806641,27,40,69
729,8,par,0.30998,0.040032,0.272438,0.622449,188.151367,40.045898,98.381836,188.151367,27,40,69
729,8,weights,0.257348,0.039657,0.292779,0.589785,189.0625,40.053711,75.885742,189.0625,27,40,69
729,8,cpp_seq,0.005216,5.5e-05,0.002436,0.007708,0.0,0.0,0.0,0.0,27,40,69
729,8,cpp_par,0.003529,3.4e-05,0.002454,0.006017,0.0,0.0,0.0,0.0,27,40,69
729,8,cpp_adv,0.003067,3.5e-05,0.002417,0.00552,0.0,0.0,0.0,0.0,27,40,69
730,8,seq,1.318039,0.000961,0.001127,1.320128,177.643555,7.798828,13.567383,177.643555,17,22,1
730,8,par,0.265179,0.038608,0.270639,0.574427,179.058594,40.279297,44.893555,179.058594,17,22,1
730,8,weights,0.353477,0.040322,0.253961,0.64776,181.789062,39.956055,45.838867,181.789062,17,22,1
730,8,cpp_seq,0.005729,4.8e-05,8.7e-05,0.005865,0.0,0.0,0.0,0.0,17,22,1
730,8,cpp_par,0.003394,3e-05,8.8e-05,0.003513,0.0,0.0,0.0,0.0,17,22,1
730,8,cpp_adv,0.003354,2.9e-05,0.000108,0.003494,0.0,0.0,0.0,0.0,17,22,1
731,8,seq,0.52347,0.000878,0.063089,0.587437,175.175781,8.205078,93.068359,175.175781,34,72,64
731,8,par,0.241608,0.038534,0.290676,0.570818,177.669922,39.441406,90.397461,177.669922,34,72,64
731,8,weights,0.393465,0.03749,0.276505,0.70746,180.120117,39.973633,73.331055,180.120117,34,72,64
731,8,cpp_seq,0.004029,6.4e-05,0.002329,0.006423,0.0,0.0,0.0,0.0,34,72,64
731,8,cpp_par,0.002035,5.1e-05,0.002248,0.004335,0.0,0.0,0.0,0.0,34,72,64
731,8,cpp_adv,0.001808,3.7e-05,0.002204,0.00405,0.0,0.0,0.0,0.0,34,72,64
732,8,seq,0.650708,0.000848,0.009997,0.661553,186.838867,8.025391,69.482422,186.838867,27,39,45
732,8,par,0.257627,0.037876,0.283307,0.57881,186.875977,39.530273,55.795898,186.875977,27,39,45
732,8,weights,0.297036,0.042647,0.283535,0.623218,189.547852,40.119141,52.94043,189.547852,27,39,45
732,8,cpp_seq,0.004746,5.5e-05,0.00071,0.005512,0.0,0.0,0.0,0.0,27,39,45
732,8,cpp_par,0.002699,3.2e-05,0.000693,0.003424,0.0,0.0,0.0,0.0,27,39,45
732,8,cpp_adv,0.002801,3.1e-05,0.00069,0.003522,0.0,0.0,0.0,0.0,27,39,45
733,8,seq,0.39299,0.000855,0.241811,0.635657,132.320312,7.955078,166.226562,166.226562,34,60,256
733,8,par,0.183001,0.040552,0.355127,0.57868,154.123047,39.379883,339.241211,339.241211,34,60,256
733,8,weights,0.268903,0.038275,0.349073,0.65625,157.021484,41.178711,212.831055,212.831055,34,60,256
733,8,cpp_seq,0.005368,5.8e-05,0.008709,0.014137,0.0,0.0,0.0,0.0,34,60,256
733,8,cpp_par,0.003675,3.6e-05,0.00858,0.012292,0.0,0.0,0.0,0.0,34,60,256
733,8,cpp_adv,0.0031,3.8e-05,0.008633,0.011772,0.0,0.0,0.0,0.0,34,60,256
734,8,seq,1.298515,0.000753,0.000202,1.29947,217.914062,7.391602,5.678711,217.914062,17,6,0
734,8,par,0.489156,0.037881,0.032538,0.559575,188.625,39.514648,33.355469,188.625,17,6,0
734,8,weights,0.661928,0.041628,0.000457,0.704014,190.438477,39.398438,6.020508,190.438477,17,6,0
734,8,cpp_seq,0.006802,4.6e-05,1.3e-05,0.006861,0.0,0.0,0.0,0.0,17,6,0
734,8,cpp_par,0.003744,2.8e-05,1.3e-05,0.003786,0.0,0.0,0.0,0.0,17,6,0
734,8,cpp_adv,0.003527,2.7e-05,1.2e-05,0.003566,0.0,0.0,0.0,0.0,17,6,0
735,8,seq,0.444426,0.000869,0.001365,0.44666,172.84082,8.025391,17.676758,172.84082,24,40,1
735,8,par,0.238202,0.039713,0.244546,0.522461,182.288086,41.227539,45.213867,182.288086,24,40,1
735,8,weights,0.220999,0.04076,0.246802,0.508561,182.008789,41.393555,45.620117,182.008789,24,40,1
735,8,cpp_seq,0.004547,6.5e-05,0.000129,0.004743,0.0,0.0,0.0,0.0,24,40,1
735,8,cpp_par,0.002618,3.1e-05,0.000117,0.002767,0.0,0.0,0.0,0.0,24,40,1
735,8,cpp_adv,0.002298,3.2e-05,0.0001,0.002431,0.0,0.0,0.0,0.0,24,40,1
736,8,seq,0.440995,0.000774,0.000204,0.441973,169.900391,7.297852,5.678711,169.900391,17,5,0
736,8,par,0.197734,0.041031,0.036317,0.275083,183.645508,38.842773,33.777344,183.645508,17,5,0
736,8,weights,0.211764,0.041878,0.000448,0.25409,185.193359,40.693359,6.036133,185.193359,17,5,0
736,8,cpp_seq,0.003686,4.5e-05,1.6e-05,0.003749,0.0,0.0,0.0,0.0,17,5,0
736,8,cpp_par,0.002023,2.6e-05,1.4e-05,0.002064,0.0,0.0,0.0,0.0,17,5,0
736,8,cpp_adv,0.001872,2.7e-05,1.3e-05,0.001913,0.0,0.0,0.0,0.0,17,5,0
737,8,seq,0.456449,0.000825,0.000921,0.458196,159.705078,7.869141,11.418945,159.705078,17,19,1
737,8,par,0.164725,0.034953,0.266844,0.466522,165.994141,39.741211,45.299805,165.994141,17,19,1
737,8,weights,0.18739,0.105218,0.261672,0.55428,163.757812,39.425781,45.72168,163.757812,17,19,1
737,8,cpp_seq,0.005191,4.8e-05,7.6e-05,0.005316,0.0,0.0,0.0,0.0,17,19,1
737,8,cpp_par,0.003151,3.6e-05,7.6e-05,0.003263,0.0,0.0,0.0,0.0,17,19,1
737,8,cpp_adv,0.002892,2.9e-05,7.4e-05,0.002996,0.0,0.0,0.0,0.0,17,19,1
738,8,seq,0.519232,0.000799,0.000953,0.520984,170.128906,7.619141,11.856445,170.128906,16,16,1
738,8,par,0.267474,0.036327,0.245919,0.54972,165.84082,38.738281,45.40918,165.84082,16,16,1
738,8,weights,0.189327,0.039067,0.255484,0.483878,165.041992,40.311523,46.081055,165.041992,16,16,1
738,8,cpp_seq,0.005046,4.6e-05,8.4e-05,0.005177,0.0,0.0,0.0,0.0,16,16,1
738,8,cpp_par,0.002992,2.7e-05,8.4e-05,0.003103,0.0,0.0,0.0,0.0,16,16,1
738,8,cpp_adv,0.003033,2.7e-05,8.3e-05,0.003143,0.0,0.0,0.0,0.0,16,16,1
739,8,seq,0.370689,0.000759,0.000206,0.371655,169.563477,7.149414,5.678711,169.563477,16,2,0
739,8,par,0.247947,0.038812,0.033331,0.32009,176.870117,39.038086,33.792969,176.870117,16,2,0
739,8,weights,0.170095,0.038562,0.000453,0.20911,178.166016,38.666992,6.020508,178.166016,16,2,0
739,8,cpp_seq,0.003069,4e-05,1.3e-05,0.003124,0.0,0.0,0.0,0.0,16,2,0
739,8,cpp_par,0.001658,2.4e-05,1.1e-05,0.001693,0.0,0.0,0.0,0.0,16,2,0
739,8,cpp_adv,0.001465,2.4e-05,1e-05,0.0015,0.0,0.0,0.0,0.0,16,2,0
740,8,seq,0.398987,0.001105,0.283384,0.683476,130.52832,8.573242,168.585938,168.585938,34,100,256
740,8,par,0.171254,0.039813,0.502654,0.713721,152.053711,39.839844,316.155273,316.155273,34,100,256
740,8,weights,0.205456,0.039747,0.377016,0.622219,156.161133,41.139648,268.948242,268.948242,34,100,256
740,8,cpp_seq,0.002954,6.4e-05,0.009628,0.012647,0.0,0.0,0.0,0.0,34,100,256
740,8,cpp_par,0.002289,3.8e-05,0.009716,0.012044,0.0,0.0,0.0,0.0,34,100,256
740,8,cpp_adv,0.00168,3.9e-05,0.009457,0.011177,0.0,0.0,0.0,0.0,34,100,256
741,8,seq,0.489428,0.000889,0.138935,0.629252,175.185547,8.275391,125.070312,175.185547,34,72,256
741,8,par,1.367422,0.036978,0.318366,1.722766,188.277344,39.855469,145.662109,188.277344,34,72,256
741,8,weights,0.228528,0.038714,0.318862,0.586104,190.472656,40.612305,125.066406,190.472656,34,72,256
741,8,cpp_seq,0.002692,8e-05,0.005707,0.00848,0.0,0.0,0.0,0.0,34,72,256
741,8,cpp_par,0.002034,3.7e-05,0.005637,0.007708,0.0,0.0,0.0,0.0,34,72,256
741,8,cpp_adv,0.00144,3.7e-05,0.005639,0.007117,0.0,0.0,0.0,0.0,34,72,256
742,8,seq,1.021591,0.000953,0.134785,1.157329,224.929688,8.314453,122.09375,224.929688,34,72,256
742,8,par,0.434864,0.03847,0.326189,0.799522,193.238281,40.513672,146.694336,193.238281,34,72,256
742,8,weights,0.514026,0.038054,0.308168,0.860248,194.822266,40.666992,123.753906,194.822266,34,72,256
742,8,cpp_seq,0.010036,6.1e-05,0.005748,0.015847,0.0,0.0,0.0,0.0,34,72,256
742,8,cpp_par,0.005847,3.6e-05,0.005576,0.01146,0.0,0.0,0.0,0.0,34,72,256
742,8,cpp_adv,0.006106,5.2e-05,0.005549,0.011709,0.0,0.0,0.0,0.0,34,72,256
743,8,seq,0.397931,0.00088,0.00046,0.399271,171.401367,7.344727,6.71582,171.401367,17,6,0
743,8,par,0.220023,0.044992,0.120478,0.385492,181.863281,39.189453,43.47168,181.863281,17,6,0
743,8,weights,0.218446,0.041559,0.110156,0.370161,184.791992,40.59668,42.854492,184.791992,17,6,0
743,8,cpp_seq,0.003414,4.6e-05,3.1e-05,0.003491,0.0,0.0,0.0,0.0,17,6,0
743,8,cpp_par,0.002106,2.7e-05,3.1e-05,0.002164,0.0,0.0,0.0,0.0,17,6,0
743,8,cpp_adv,0.002034,2.8e-05,3e-05,0.002093,0.0,0.0,0.0,0.0,17,6,0
744,8,seq,0.722813,0.000809,0.000417,0.724039,188.47168,7.673828,6.270508,188.47168,24,10,0
744,8,par,0.298924,0.038319,0.073898,0.411141,187.616211,38.535156,42.393555,187.616211,24,10,0
744,8,weights,0.290818,0.039561,0.075325,0.405705,189.196289,39.643555,41.612305,189.196289,24,10,0
744,8,cpp_seq,0.002858,4.8e-05,2.7e-05,0.002933,0.0,0.0,0.0,0.0,24,10,0
744,8,cpp_par,0.001989,2.8e-05,2.4e-05,0.002042,0.0,0.0,0.0,0.0,24,10,0
744,8,cpp_adv,0.001536,2.7e-05,2.1e-05,0.001583,0.0,0.0,0.0,0.0,24,10,0
745,8,seq,0.870812,0.000896,0.005137,0.876844,203.612305,7.900391,61.801758,203.612305,27,34,4
745,8,par,0.408628,0.041586,0.262298,0.712512,200.763672,39.026367,51.010742,200.763672,27,34,4
745,8,weights,0.493893,0.046733,0.283572,0.824198,202.842773,40.339844,49.885742,202.842773,27,34,4
745,8,cpp_seq,0.00889,5.3e-05,0.000404,0.009349,0.0,0.0,0.0,0.0,27,34,4
745,8,cpp_par,0.004951,3.1e-05,0.000404,0.005387,0.0,0.0,0.0,0.0,27,34,4
745,8,cpp_adv,0.005283,5.1e-05,0.000404,0.005739,0.0,0.0,0.0,0.0,27,34,4
746,8,seq,0.823093,0.000756,0.000206,0.824056,214.206055,7.118164,5.678711,214.206055,17,1,0
746,8,par,0.431549,0.035651,0.033692,0.500892,188.058594,38.370117,33.761719,188.058594,17,1,0
746,8,weights,0.339984,0.04094,0.0007,0.381624,193.454102,39.905273,6.020508,193.454102,17,1,0
746,8,cpp_seq,0.007406,4.4e-05,1.3e-05,0.007463,0.0,0.0,0.0,0.0,17,1,0
746,8,cpp_par,0.005068,2.9e-05,1.4e-05,0.005111,0.0,0.0,0.0,0.0,17,1,0
746,8,cpp_adv,0.003886,4.2e-05,1.1e-05,0.00394,0.0,0.0,0.0,0.0,17,1,0
747,8,seq,1.03097,0.001087,0.26008,1.292137,219.601562,8.259766,168.585938,219.601562,34,72,256
747,8,par,0.485529,0.035706,0.345199,0.866434,167.759766,40.589844,330.545898,330.545898,34,72,256
747,8,weights,0.405181,0.037521,0.350936,0.793637,171.50293,40.217773,225.276367,225.276367,34,72,256
747,8,cpp_seq,0.012769,6.1e-05,0.009298,0.022129,0.0,0.0,0.0,0.0,34,72,256
747,8,cpp_par,0.00877,3.7e-05,0.009225,0.018034,0.0,0.0,0.0,0.0,34,72,256
747,8,cpp_adv,0.008022,0.000113,0.008989,0.017124,0.0,0.0,0.0,0.0,34,72,256
748,8,seq,1.238497,0.000776,0.000689,1.239962,231.919922,7.556641,8.864258,231.919922,17,10,1
748,8,par,0.647401,0.039682,0.240864,0.927947,186.368164,39.245117,45.28418,186.368164,17,10,1
748,8,weights,0.608282,0.037614,0.349596,0.995493,189.526367,39.220703,45.75293,189.526367,17,10,1
748,8,cpp_seq,0.00851,0.000115,8.6e-05,0.008712,0.0,0.0,0.0,0.0,17,10,1
748,8,cpp_par,0.005792,6.1e-05,7.1e-05,0.005925,0.0,0.0,0.0,0.0,17,10,1
748,8,cpp_adv,0.005012,2.8e-05,6.3e-05,0.005103,0.0,0.0,0.0,0.0,17,10,1
749,8,seq,0.461564,0.000824,0.000902,0.463291,173.099609,7.603516,12.387695,173.099609,17,19,0
749,8,par,0.214444,0.037639,0.252739,0.504822,183.900391,39.113281,45.31543,183.900391,17,19,0
749,8,weights,0.196482,0.042224,0.248239,0.486945,183.37793,41.308594,46.041992,183.37793,17,19,0
749,8,cpp_seq,0.003675,4.8e-05,8e-05,0.003803,0.0,0.0,0.0,0.0,17,19,0
749,8,cpp_par,0.002214,2.9e-05,7.7e-05,0.00232,0.0,0.0,0.0,0.0,17,19,0
749,8,cpp_adv,0.002154,3e-05,7.8e-05,0.002263,0.0,0.0,0.0,0.0,17,19,0
750,8,seq,1.335996,0.000744,0.000201,1.336941,226.577148,7.000977,5.678711,226.577148,17,0,0
750,8,par,0.535576,0.039432,0.035816,0.610825,193.932617,39.0625,34.511719,193.932617,17,0,0
750,8,weights,0.535332,0.037334,0.000528,0.573194,195.354492,39.017578,6.020508,195.354492,17,0,0
750,8,cpp_seq,0.013983,4.4e-05,1.4e-05,0.014042,0.0,0.0,0.0,0.0,17,0,0
750,8,cpp_par,0.007296,2.5e-05,1.1e-05,0.007332,0.0,0.0,0.0,0.0,17,0,0
750,8,cpp_adv,0.007603,5.4e-05,1.1e-05,0.007669,0.0,0.0,0.0,0.0,17,0,0
751,8,seq,1.050293,0.000785,0.000205,1.051284,222.819336,7.391602,5.678711,222.819336,17,7,0
751,8,par,0.687237,0.041556,0.04157,0.770363,193.972656,38.464844,34.292969,193.972656,17,7,0
751,8,weights,0.454843,0.036827,0.000604,0.492274,195.530273,39.381836,6.020508,195.530273,17,7,0
751,8,cpp_seq,0.009416,4.6e-05,1.3e-05,0.009476,0.0,0.0,0.0,0.0,17,7,0
751,8,cpp_par,0.005639,2.8e-05,1.3e-05,0.00568,0.0,0.0,0.0,0.0,17,7,0
751,8,cpp_adv,0.005403,2.9e-05,1.1e-05,0.005443,0.0,0.0,0.0,0.0,17,7,0
752,8,seq,0.633408,0.00075,0.00042,0.634577,186.533203,7.196289,6.262695,186.533203,16,3,0
752,8,par,0.272417,0.038129,0.106285,0.416831,184.685547,38.253906,43.612305,184.685547,16,3,0
752,8,weights,0.265034,0.037071,0.106966,0.409071,185.212891,38.874023,42.22168,185.212891,16,3,0
752,8,cpp_seq,0.004472,4.2e-05,2.5e-05,0.00454,0.0,0.0,0.0,0.0,16,3,0
752,8,cpp_par,0.002481,2.4e-05,2.2e-05,0.002527,0.0,0.0,0.0,0.0,16,3,0
752,8,cpp_adv,0.002331,2.4e-05,2.2e-05,0.002377,0.0,0.0,0.0,0.0,16,3,0
753,8,seq,0.621221,0.000868,0.000206,0.622296,185.650391,7.697266,5.678711,185.650391,17,15,0
753,8,par,0.305162,0.047586,0.035921,0.388669,188.048828,39.129883,33.824219,188.048828,17,15,0
753,8,weights,0.31267,0.039489,0.000497,0.352657,189.895508,39.466797,6.051758,189.895508,17,15,0
753,8,cpp_seq,0.007057,4.9e-05,2e-05,0.007126,0.0,0.0,0.0,0.0,17,15,0
753,8,cpp_par,0.003491,2.8e-05,1.7e-05,0.003536,0.0,0.0,0.0,0.0,17,15,0
753,8,cpp_adv,0.003519,2.8e-05,1.5e-05,0.003563,0.0,0.0,0.0,0.0,17,15,0
754,8,seq,0.463102,0.000763,0.000885,0.46475,183.928711,7.533203,11.856445,183.928711,16,16,1
754,8,par,0.217873,0.047338,0.26011,0.525321,178.181641,40.837891,45.526367,178.181641,16,16,1
754,8,weights,0.27296,0.053262,0.243848,0.57007,179.269531,39.285156,46.143555,179.269531,16,16,1
754,8,cpp_seq,0.004265,4.3e-05,8.2e-05,0.004391,0.0,0.0,0.0,0.0,16,16,1
754,8,cpp_par,0.002487,2.4e-05,8e-05,0.002591,0.0,0.0,0.0,0.0,16,16,1
754,8,cpp_adv,0.002233,2.4e-05,7.9e-05,0.002336,0.0,0.0,0.0,0.0,16,16,1
755,8,seq,0.787406,0.001053,14.16109,14.949549,150.044922,8.995117,5340.500977,5340.500977,54,162,17120
755,8,par,0.393626,0.046013,5.403164,5.842803,168.110352,42.554688,13274.443359,13274.443359,54,162,17120
755,8,weights,0.360724,0.04268,5.36186,5.765264,170.211914,44.421875,11499.439453,11499.439453,54,162,17120
755,8,cpp_seq,0.007098,7.9e-05,0.400283,0.407462,0.0,0.0,0.0,0.0,54,162,17120
755,8,cpp_par,0.004372,5.5e-05,0.429152,0.43358,0.0,0.0,0.0,0.0,54,162,17120
755,8,cpp_adv,0.004829,5.8e-05,0.402308,0.407197,0.0,0.0,0.0,0.0,54,162,17120
756,8,seq,0.873037,0.000739,0.000406,0.874181,182.301758,7.282227,6.067383,182.301758,16,3,0
756,8,par,0.249734,0.038748,0.072073,0.360555,184.563477,39.100586,41.635742,184.563477,16,3,0
756,8,weights,0.34128,0.039436,0.072088,0.452804,184.110352,39.881836,41.885742,184.110352,16,3,0
756,8,cpp_seq,0.00473,4.1e-05,2e-05,0.004792,0.0,0.0,0.0,0.0,16,3,0
756,8,cpp_par,0.002538,2.4e-05,1.9e-05,0.002581,0.0,0.0,0.0,0.0,16,3,0
756,8,cpp_adv,0.002148,2.2e-05,1.6e-05,0.002187,0.0,0.0,0.0,0.0,16,3,0
757,8,seq,0.397549,0.00082,0.000888,0.399257,173.949219,7.900391,11.46582,173.949219,16,16,1
757,8,par,0.196548,0.043042,0.262512,0.502101,172.766602,39.741211,45.479492,172.766602,16,16,1
757,8,weights,0.168431,0.04069,0.263653,0.472774,174.742188,40.561523,45.362305,174.742188,16,16,1
757,8,cpp_seq,0.003356,4.6e-05,7.9e-05,0.003481,0.0,0.0,0.0,0.0,16,16,1
757,8,cpp_par,0.001981,2.5e-05,7.5e-05,0.002081,0.0,0.0,0.0,0.0,16,16,1
757,8,cpp_adv,0.001777,3.1e-05,9.2e-05,0.001901,0.0,0.0,0.0,0.0,16,16,1
758,8,seq,0.761669,0.000826,0.000223,0.762717,192.139648,7.165039,5.678711,192.139648,17,2,0
758,8,par,0.323919,0.037657,0.038776,0.400352,189.504883,39.876953,33.855469,189.504883,17,2,0
758,8,weights,0.320806,0.039979,0.000468,0.361253,192.298828,38.823242,6.020508,192.298828,17,2,0
758,8,cpp_seq,0.005547,4.5e-05,1.3e-05,0.005606,0.0,0.0,0.0,0.0,17,2,0
758,8,cpp_par,0.003299,3.6e-05,1.6e-05,0.003351,0.0,0.0,0.0,0.0,17,2,0
758,8,cpp_adv,0.003259,3.2e-05,1.3e-05,0.003305,0.0,0.0,0.0,0.0,17,2,0
759,8,seq,0.413536,0.000724,0.000201,0.414461,177.84375,7.102539,5.678711,177.84375,17,2,0
759,8,par,0.229576,0.043551,0.03533,0.308457,182.125,39.553711,34.136719,182.125,17,2,0
759,8,weights,0.205613,0.045013,0.000771,0.251398,183.74707,39.259766,6.020508,183.74707,17,2,0
759,8,cpp_seq,0.003547,4.5e-05,1.3e-05,0.003605,0.0,0.0,0.0,0.0,17,2,0
759,8,cpp_par,0.002435,2.6e-05,1.1e-05,0.002472,0.0,0.0,0.0,0.0,17,2,0
759,8,cpp_adv,0.002385,3e-05,1.2e-05,0.002428,0.0,0.0,0.0,0.0,17,2,0
760,8,seq,0.639157,0.000797,0.000788,0.640742,176.974609,7.728516,10.426758,176.974609,17,13,1
760,8,par,0.259362,0.036481,0.252363,0.548206,179.629883,38.987305,45.47168,179.629883,17,13,1
760,8,weights,0.250868,0.045604,0.25594,0.552412,182.452148,39.504883,45.870117,182.452148,17,13,1
760,8,cpp_seq,0.004054,4.7e-05,7.6e-05,0.004178,0.0,0.0,0.0,0.0,17,13,1
760,8,cpp_par,0.00252,2.8e-05,7.8e-05,0.002627,0.0,0.0,0.0,0.0,17,13,1
760,8,cpp_adv,0.002411,2.7e-05,7.4e-05,0.002512,0.0,0.0,0.0,0.0,17,13,1
761,8,seq,0.484637,0.001039,0.096082,0.581758,173.149414,8.337891,112.725586,173.149414,34,80,256
761,8,par,0.240388,0.040963,0.307878,0.589228,189.402344,39.637695,276.802734,276.802734,34,80,256
761,8,weights,0.225133,0.044159,0.307123,0.576414,190.444336,40.647461,123.730469,190.444336,34,80,256
761,8,cpp_seq,0.004353,6.1e-05,0.00406,0.008475,0.0,0.0,0.0,0.0,34,80,256
761,8,cpp_par,0.002962,3.7e-05,0.003991,0.006992,0.0,0.0,0.0,0.0,34,80,256
761,8,cpp_adv,0.002459,3.8e-05,0.00398,0.006478,0.0,0.0,0.0,0.0,34,80,256
762,8,seq,0.677403,0.00072,0.000205,0.678327,194.739258,7.102539,5.678711,194.739258,17,1,0
762,8,par,0.345016,0.040588,0.033406,0.41901,190.911133,38.442383,33.511719,190.911133,17,1,0
762,8,weights,0.281274,0.040823,0.000509,0.322606,190.904297,39.417969,6.020508,190.904297,17,1,0
762,8,cpp_seq,0.0058,4.4e-05,1.4e-05,0.005859,0.0,0.0,0.0,0.0,17,1,0
762,8,cpp_par,0.003515,2.7e-05,1.2e-05,0.003554,0.0,0.0,0.0,0.0,17,1,0
762,8,cpp_adv,0.003162,2.8e-05,1.3e-05,0.003204,0.0,0.0,0.0,0.0,17,1,0
763,8,seq,0.480921,0.000903,0.002392,0.484216,183.922852,7.791016,26.950195,183.922852,27,34,2
763,8,par,0.27119,0.039044,0.253687,0.563922,187.842773,40.725586,46.56543,187.842773,27,34,2
763,8,weights,0.22488,0.038766,0.255419,0.519064,188.458008,41.405273,47.495117,188.458008,27,34,2
763,8,cpp_seq,0.004184,5.4e-05,0.000163,0.004402,0.0,0.0,0.0,0.0,27,34,2
763,8,cpp_par,0.002916,3.3e-05,0.000197,0.003146,0.0,0.0,0.0,0.0,27,34,2
763,8,cpp_adv,0.002492,3.7e-05,0.000143,0.002672,0.0,0.0,0.0,0.0,27,34,2
764,8,seq,0.75702,0.001078,11.049257,11.807355,152.115234,9.120117,4460.094727,4460.094727,54,180,13888
764,8,par,0.48093,0.040368,4.405842,4.927139,168.983398,43.933594,10585.240234,10585.240234,54,180,13888
764,8,weights,1.583471,0.040894,4.302146,5.926511,171.870117,41.639648,8661.220703,8661.220703,54,180,13888
764,8,cpp_seq,0.006664,0.000105,0.310172,0.316944,0.0,0.0,0.0,0.0,54,180,13888
764,8,cpp_par,0.005047,9.1e-05,0.309332,0.314472,0.0,0.0,0.0,0.0,54,180,13888
764,8,cpp_adv,0.004423,5.9e-05,0.304874,0.309357,0.0,0.0,0.0,0.0,54,180,13888
765,8,seq,1.044759,0.000761,0.000206,1.045726,209.84375,7.211914,5.678711,209.84375,16,6,0
765,8,par,0.377135,0.037174,0.039018,0.453327,184.853516,39.452148,33.855469,184.853516,16,6,0
765,8,weights,0.375052,0.040756,0.000477,0.416285,185.336914,40.233398,6.020508,185.336914,16,6,0
765,8,cpp_seq,0.009422,4.3e-05,1.4e-05,0.009481,0.0,0.0,0.0,0.0,16,6,0
765,8,cpp_par,0.005134,2.9e-05,1.4e-05,0.005177,0.0,0.0,0.0,0.0,16,6,0
765,8,cpp_adv,0.00474,2.5e-05,1.1e-05,0.004776,0.0,0.0,0.0,0.0,16,6,0
766,8,seq,1.113724,0.000783,0.000203,1.114711,208.508789,7.375977,5.678711,208.508789,17,6,0
766,8,par,0.569354,0.037222,0.034428,0.641004,190.323242,40.295898,34.136719,190.323242,17,6,0
766,8,weights,0.501052,0.044184,0.000468,0.545704,193.711914,39.62793,6.020508,193.711914,17,6,0
766,8,cpp_seq,0.0108,4.7e-05,1.4e-05,0.010863,0.0,0.0,0.0,0.0,17,6,0
766,8,cpp_par,0.006145,3.2e-05,1.5e-05,0.006192,0.0,0.0,0.0,0.0,17,6,0
766,8,cpp_adv,0.005894,2.9e-05,1.2e-05,0.005935,0.0,0.0,0.0,0.0,17,6,0
767,8,seq,0.426272,0.000991,0.000846,0.428109,165.679688,7.681641,10.62207,165.679688,17,18,1
767,8,par,0.209848,0.040924,0.254131,0.504903,177.168945,38.957031,45.081055,177.168945,17,18,1
767,8,weights,0.217088,0.039108,0.247425,0.50362,180.927734,40.681641,45.549805,180.927734,17,18,1
767,8,cpp_seq,0.004222,5e-05,7.7e-05,0.00435,0.0,0.0,0.0,0.0,17,18,1
767,8,cpp_par,0.002448,2.8e-05,6.6e-05,0.002542,0.0,0.0,0.0,0.0,17,18,1
767,8,cpp_adv,0.002543,2.9e-05,6.5e-05,0.002638,0.0,0.0,0.0,0.0,17,18,1
768,8,seq,0.555036,0.000977,1.140512,1.696525,144.90332,8.620117,549.1875,549.1875,44,112,1586
768,8,par,0.306164,0.0416,0.687334,1.035098,161.432617,42.335938,1744.833984,1744.833984,44,112,1586
768,8,weights,0.263116,0.037934,0.726006,1.027056,163.625977,41.734375,963.469727,963.469727,44,112,1586
768,8,cpp_seq,0.00502,6.9e-05,0.035632,0.040723,0.0,0.0,0.0,0.0,44,112,1586
768,8,cpp_par,0.003092,4.8e-05,0.033842,0.036983,0.0,0.0,0.0,0.0,44,112,1586
768,8,cpp_adv,0.002827,4.4e-05,0.032874,0.035746,0.0,0.0,0.0,0.0,44,112,1586
769,8,seq,0.627193,0.000911,0.082968,0.711072,184.021484,8.205078,112.195312,184.021484,34,68,256
769,8,par,0.298585,0.041787,0.298473,0.638846,192.384766,39.865234,140.318359,192.384766,34,68,256
769,8,weights,0.311564,0.040484,0.302002,0.654051,193.928711,40.078125,121.800781,193.928711,34,68,256
769,8,cpp_seq,0.004888,5.9e-05,0.003334,0.008282,0.0,0.0,0.0,0.0,34,68,256
769,8,cpp_par,0.003444,3.9e-05,0.003278,0.006761,0.0,0.0,0.0,0.0,34,68,256
769,8,cpp_adv,0.003306,3.8e-05,0.003309,0.006653,0.0,0.0,0.0,0.0,34,68,256
770,8,seq,0.396299,0.000987,0.086936,0.484223,131.643555,8.298828,109.203125,131.643555,34,80,256
770,8,par,0.231773,0.040279,0.321964,0.594016,151.251953,39.582031,144.708984,151.251953,34,80,256
770,8,weights,0.189578,0.037776,0.299831,0.527185,153.25293,41.87793,122.792969,153.25293,34,80,256
770,8,cpp_seq,0.003476,6.3e-05,0.003927,0.007467,0.0,0.0,0.0,0.0,34,80,256
770,8,cpp_par,0.002419,3.7e-05,0.004029,0.006484,0.0,0.0,0.0,0.0,34,80,256
770,8,cpp_adv,0.001759,3.5e-05,0.003873,0.005668,0.0,0.0,0.0,0.0,34,80,256
771,8,seq,0.366359,0.000898,0.135639,0.502896,130.084961,8.197266,114.335938,130.084961,34,64,256
771,8,par,0.25606,0.040314,0.328072,0.624447,149.352539,41.517578,146.694336,149.352539,34,64,256
771,8,weights,0.256802,0.036919,0.321171,0.614892,151.529297,39.980469,122.332031,151.529297,34,64,256
771,8,cpp_seq,0.005461,6e-05,0.005618,0.01114,0.0,0.0,0.0,0.0,34,64,256
771,8,cpp_par,0.003435,3.5e-05,0.005607,0.009078,0.0,0.0,0.0,0.0,34,64,256
771,8,cpp_adv,0.003129,3.7e-05,0.005591,0.008758,0.0,0.0,0.0,0.0,34,64,256
772,8,seq,0.578333,0.000861,0.000217,0.579411,170.282227,7.313477,5.678711,170.282227,17,5,0
772,8,par,0.165978,0.037044,0.035963,0.238984,184.549805,38.463867,33.355469,184.549805,17,5,0
772,8,weights,0.194099,0.036923,0.000478,0.231499,185.503906,39.366211,6.020508,185.503906,17,5,0
772,8,cpp_seq,0.00384,4.8e-05,1.4e-05,0.003902,0.0,0.0,0.0,0.0,17,5,0
772,8,cpp_par,0.00229,2.9e-05,1.1e-05,0.00233,0.0,0.0,0.0,0.0,17,5,0
772,8,cpp_adv,0.002179,2.7e-05,1.1e-05,0.002218,0.0,0.0,0.0,0.0,17,5,0
773,8,seq,0.572513,0.000905,0.173802,0.747221,181.845703,8.345703,114.835938,181.845703,37,67,157
773,8,par,0.296674,0.03627,0.336172,0.669116,192.854492,42.511719,284.084961,284.084961,37,67,157
773,8,weights,0.334064,0.041386,0.31793,0.693381,194.380859,40.683594,109.491211,194.380859,37,67,157
773,8,cpp_seq,0.005423,6.2e-05,0.005705,0.011191,0.0,0.0,0.0,0.0,37,67,157
773,8,cpp_par,0.003353,4.1e-05,0.005647,0.009042,0.0,0.0,0.0,0.0,37,67,157
773,8,cpp_adv,0.003116,3.8e-05,0.005643,0.008798,0.0,0.0,0.0,0.0,37,67,157
774,8,seq,0.514572,0.00092,0.150103,0.665594,172.742188,7.892578,144.007812,172.742188,27,56,192
774,8,par,0.220181,0.03848,0.343555,0.602216,177.134766,39.331055,291.866211,291.866211,27,56,192
774,8,weights,0.218013,0.038747,0.321378,0.578137,182.206055,40.015625,165.436523,182.206055,27,56,192
774,8,cpp_seq,0.002706,5.7e-05,0.006749,0.009514,0.0,0.0,0.0,0.0,27,56,192
774,8,cpp_par,0.001947,3.4e-05,0.006644,0.008626,0.0,0.0,0.0,0.0,27,56,192
774,8,cpp_adv,0.001839,5e-05,0.006586,0.008476,0.0,0.0,0.0,0.0,27,56,192
775,8,seq,2.031909,0.001083,1.084168,3.11716,179.956055,8.916992,1025.785156,1025.785156,44,145,3054
775,8,par,0.354018,0.040599,0.806649,1.201266,181.235352,41.011719,2275.571289,2275.571289,44,145,3054
775,8,weights,0.378987,0.041305,0.772648,1.192941,183.448242,43.209961,1858.62207,1858.62207,44,145,3054
775,8,cpp_seq,0.004418,0.000122,0.041082,0.045623,0.0,0.0,0.0,0.0,44,145,3054
775,8,cpp_par,0.002522,4.2e-05,0.041004,0.043568,0.0,0.0,0.0,0.0,44,145,3054
775,8,cpp_adv,0.002183,4.4e-05,0.040445,0.042672,0.0,0.0,0.0,0.0,44,145,3054
776,8,seq,0.896954,0.001032,1.174839,2.072825,157.728516,8.791992,743.507812,743.507812,44,123,2320
776,8,par,0.979479,0.044702,0.82594,1.850121,162.746094,40.454102,1881.740234,1881.740234,44,123,2320
776,8,weights,0.461034,0.040028,0.755766,1.256828,165.194336,42.3125,1312.118164,1312.118164,44,123,2320
776,8,cpp_seq,0.00834,7.5e-05,0.038842,0.047258,0.0,0.0,0.0,0.0,44,123,2320
776,8,cpp_par,0.009306,5.5e-05,0.038343,0.047704,0.0,0.0,0.0,0.0,44,123,2320
776,8,cpp_adv,0.004477,4.3e-05,0.038494,0.043015,0.0,0.0,0.0,0.0,44,123,2320
777,8,seq,0.493104,0.000828,0.03444,0.528372,185.25,8.041016,97.953125,185.25,27,41,49
777,8,par,0.293499,0.042154,0.272397,0.608051,185.046875,39.895508,78.499023,185.046875,27,41,49
777,8,weights,0.334135,0.043878,0.286866,0.66488,187.041992,41.714844,68.09668,187.041992,27,41,49
777,8,cpp_seq,0.004451,5.4e-05,0.001549,0.006054,0.0,0.0,0.0,0.0,27,41,49
777,8,cpp_par,0.00304,3.3e-05,0.001546,0.004619,0.0,0.0,0.0,0.0,27,41,49
777,8,cpp_adv,0.002735,3.4e-05,0.001505,0.004275,0.0,0.0,0.0,0.0,27,41,49
778,8,seq,0.546773,0.000807,0.000409,0.547989,186.300781,7.430664,6.067383,186.300781,17,8,0
778,8,par,0.294593,0.037781,0.073532,0.405905,183.900391,39.552734,41.104492,183.900391,17,8,0
778,8,weights,0.266602,0.042347,0.07378,0.382729,185.639648,40.619141,42.385742,185.639648,17,8,0
778,8,cpp_seq,0.005651,4.9e-05,2.4e-05,0.005725,0.0,0.0,0.0,0.0,17,8,0
778,8,cpp_par,0.003218,2.7e-05,1.9e-05,0.003265,0.0,0.0,0.0,0.0,17,8,0
778,8,cpp_adv,0.003159,2.6e-05,1.8e-05,0.003204,0.0,0.0,0.0,0.0,17,8,0
779,8,seq,1.076999,0.000851,0.001803,1.079652,212.520508,7.900391,21.62207,212.520508,27,35,1
779,8,par,1.073714,0.039986,0.245828,1.359528,193.601562,39.452148,45.698242,193.601562,27,35,1
779,8,weights,0.627078,0.040131,0.258156,0.925365,195.183594,42.106445,46.385742,195.183594,27,35,1
779,8,cpp_seq,0.008872,5.4e-05,0.000155,0.009083,0.0,0.0,0.0,0.0,27,35,1
779,8,cpp_par,0.004913,3.3e-05,0.000127,0.005073,0.0,0.0,0.0,0.0,27,35,1
779,8,cpp_adv,0.005372,5.5e-05,0.000123,0.005551,0.0,0.0,0.0,0.0,27,35,1
780,8,seq,0.638008,0.001027,0.330641,0.969676,187.395508,8.776367,491.34375,491.34375,44,126,1440
780,8,par,0.309019,0.046385,0.431761,0.787165,196.255859,43.670898,1332.21582,1332.21582,44,126,1440
780,8,weights,0.300394,0.041398,0.415623,0.757416,198.418945,42.009766,811.868164,811.868164,44,126,1440
780,8,cpp_seq,0.006151,7e-05,0.016367,0.022589,0.0,0.0,0.0,0.0,44,126,1440
780,8,cpp_par,0.006775,4e-05,0.01533,0.022146,0.0,0.0,0.0,0.0,44,126,1440
780,8,cpp_adv,0.003354,3.9e-05,0.014873,0.018267,0.0,0.0,0.0,0.0,44,126,1440
781,8,seq,1.308631,0.000839,0.013753,1.323224,201.145508,7.751953,77.601562,201.145508,27,29,12
781,8,par,0.44316,0.04062,0.274253,0.758033,195.706055,40.09082,60.40918,195.706055,27,29,12
781,8,weights,0.412786,0.041134,0.265224,0.719144,198.019531,41.194336,55.018555,198.019531,27,29,12
781,8,cpp_seq,0.004127,5.2e-05,0.000941,0.00512,0.0,0.0,0.0,0.0,27,29,12
781,8,cpp_par,0.002507,3e-05,0.000988,0.003527,0.0,0.0,0.0,0.0,27,29,12
781,8,cpp_adv,0.002361,3.1e-05,0.0009,0.003293,0.0,0.0,0.0,0.0,27,29,12
782,8,seq,0.54251,0.000808,0.000205,0.543524,180.169922,7.313477,5.678711,180.169922,17,5,0
782,8,par,0.270649,0.045366,0.037123,0.353139,181.217773,39.154297,33.792969,181.217773,17,5,0
782,8,weights,0.227024,0.040253,0.000883,0.268161,180.765625,39.349609,6.020508,180.765625,17,5,0
782,8,cpp_seq,0.003338,4.6e-05,1.3e-05,0.003397,0.0,0.0,0.0,0.0,17,5,0
782,8,cpp_par,0.002095,2.7e-05,1.1e-05,0.002133,0.0,0.0,0.0,0.0,17,5,0
782,8,cpp_adv,0.001822,2.8e-05,1.1e-05,0.001861,0.0,0.0,0.0,0.0,17,5,0
783,8,seq,1.129176,0.00088,0.000814,1.13087,232.977539,7.572266,10.817383,232.977539,17,16,1
783,8,par,0.552564,0.047059,0.254458,0.854081,184.930664,38.299805,44.987305,184.930664,17,16,1
783,8,weights,0.477463,0.039897,0.255684,0.773044,186.772461,39.342773,45.432617,186.772461,17,16,1
783,8,cpp_seq,0.006924,4.9e-05,7.1e-05,0.007045,0.0,0.0,0.0,0.0,17,16,1
783,8,cpp_par,0.004789,3e-05,7.3e-05,0.004892,0.0,0.0,0.0,0.0,17,16,1
783,8,cpp_adv,0.004006,3.5e-05,6.8e-05,0.00411,0.0,0.0,0.0,0.0,17,16,1
784,8,seq,0.922101,0.000849,0.00107,0.924021,196.574219,7.634766,14.981445,196.574219,17,25,1
784,8,par,0.405024,0.039412,0.259263,0.703699,187.310547,38.705078,45.206055,187.310547,17,25,1
784,8,weights,0.388358,0.044633,0.261223,0.694214,190.895508,40.464844,45.885742,190.895508,17,25,1
784,8,cpp_seq,0.008987,4.9e-05,8.8e-05,0.009126,0.0,0.0,0.0,0.0,17,25,1
784,8,cpp_par,0.004858,3e-05,9.1e-05,0.00498,0.0,0.0,0.0,0.0,17,25,1
784,8,cpp_adv,0.004975,3e-05,8.7e-05,0.005091,0.0,0.0,0.0,0.0,17,25,1
785,8,seq,0.73451,0.000955,0.297882,1.033346,196.533203,8.384766,167.679688,196.533203,34,80,256
785,8,par,0.464896,0.041948,0.38688,0.893723,192.779297,40.22168,330.147461,330.147461,34,80,256
785,8,weights,0.290853,0.041718,0.386394,0.718964,196.759766,41.777344,229.706055,229.706055,34,80,256
785,8,cpp_seq,0.005947,0.000153,0.009565,0.015667,0.0,0.0,0.0,0.0,34,80,256
785,8,cpp_par,0.004056,3.8e-05,0.009527,0.013623,0.0,0.0,0.0,0.0,34,80,256
785,8,cpp_adv,0.004003,5.4e-05,0.009568,0.013625,0.0,0.0,0.0,0.0,34,80,256
786,8,seq,0.503297,0.000784,0.00044,0.504521,175.131836,7.344727,6.458008,175.131836,17,6,0
786,8,par,0.234874,0.043752,0.107809,0.386436,182.932617,38.49707,43.260742,182.932617,17,6,0
786,8,weights,0.320712,0.039272,0.110147,0.470131,184.859375,39.350586,44.19043,184.859375,17,6,0
786,8,cpp_seq,0.003625,4.7e-05,2.8e-05,0.003702,0.0,0.0,0.0,0.0,17,6,0
786,8,cpp_par,0.002322,2.7e-05,2.5e-05,0.002373,0.0,0.0,0.0,0.0,17,6,0
786,8,cpp_adv,0.002257,2.8e-05,2.5e-05,0.00231,0.0,0.0,0.0,0.0,17,6,0
787,8,seq,0.482056,0.000834,0.000936,0.483826,172.100586,7.666016,10.036133,172.100586,17,14,1
787,8,par,0.221617,0.037578,0.251476,0.51067,180.280273,40.646484,45.229492,180.280273,17,14,1
787,8,weights,0.283771,0.038649,0.258108,0.580528,181.922852,39.390625,45.276367,181.922852,17,14,1
787,8,cpp_seq,0.004009,4.8e-05,7.2e-05,0.00413,0.0,0.0,0.0,0.0,17,14,1
787,8,cpp_par,0.002174,2.8e-05,7.1e-05,0.002275,0.0,0.0,0.0,0.0,17,14,1
787,8,cpp_adv,0.00211,2.9e-05,8.1e-05,0.002219,0.0,0.0,0.0,0.0,17,14,1
788,8,seq,2.509697,0.000758,0.000207,2.510662,181.171875,7.000977,5.678711,181.171875,17,0,0
788,8,par,0.255059,0.038831,0.036627,0.330517,188.264648,38.46875,33.792969,188.264648,17,0,0
788,8,weights,0.351576,0.045745,0.000597,0.397917,188.68457,38.913086,6.020508,188.68457,17,0,0
788,8,cpp_seq,0.006127,4.6e-05,1.5e-05,0.006189,0.0,0.0,0.0,0.0,17,0,0
788,8,cpp_par,0.003242,2.7e-05,1.3e-05,0.003283,0.0,0.0,0.0,0.0,17,0,0
788,8,cpp_adv,0.003137,2.7e-05,1.2e-05,0.003177,0.0,0.0,0.0,0.0,17,0,0
789,8,seq,0.403668,0.000821,0.000204,0.404693,170.530273,7.407227,5.678711,170.530273,17,7,0
789,8,par,0.206776,0.036441,0.035983,0.279201,178.244141,39.463867,34.011719,178.244141,17,7,0
789,8,weights,0.20056,0.040557,0.00053,0.241647,179.84375,40.723633,6.020508,179.84375,17,7,0
789,8,cpp_seq,0.005727,4.7e-05,1.4e-05,0.005789,0.0,0.0,0.0,0.0,17,7,0
789,8,cpp_par,0.002889,2.8e-05,1.2e-05,0.002929,0.0,0.0,0.0,0.0,17,7,0
789,8,cpp_adv,0.002857,2.9e-05,1.2e-05,0.002899,0.0,0.0,0.0,0.0,17,7,0
790,8,seq,0.978092,0.000803,0.000209,0.979104,211.259766,7.149414,5.678711,211.259766,16,2,0
790,8,par,0.378949,0.037152,0.035536,0.451637,186.071289,38.554688,34.011719,186.071289,16,2,0
790,8,weights,0.378138,0.039818,0.00048,0.418436,189.615234,38.852539,6.020508,189.615234,16,2,0
790,8,cpp_seq,0.009813,4.2e-05,3.7e-05,0.009893,0.0,0.0,0.0,0.0,16,2,0
790,8,cpp_par,0.005695,2.5e-05,1.4e-05,0.005734,0.0,0.0,0.0,0.0,16,2,0
790,8,cpp_adv,0.005294,2.5e-05,1.2e-05,0.005332,0.0,0.0,0.0,0.0,16,2,0
791,8,seq,0.564357,0.000918,0.327471,0.892746,142.897461,8.353516,185.9375,185.9375,34,76,256
791,8,par,0.255803,0.038409,0.40246,0.696672,157.139648,41.631836,574.483398,574.483398,34,76,256
791,8,weights,0.246364,0.039016,0.38564,0.67102,157.789062,40.37793,233.69043,233.69043,34,76,256
791,8,cpp_seq,0.008086,6e-05,0.01037,0.018518,0.0,0.0,0.0,0.0,34,76,256
791,8,cpp_par,0.004894,3.5e-05,0.009504,0.014435,0.0,0.0,0.0,0.0,34,76,256
791,8,cpp_adv,0.005236,5.5e-05,0.00945,0.014741,0.0,0.0,0.0,0.0,34,76,256
792,8,seq,1.252693,0.000898,0.194585,1.448175,203.674805,8.275391,122.4375,203.674805,37,69,196
792,8,par,0.599348,0.042908,0.345082,0.987338,200.355469,41.163086,174.045898,200.355469,37,69,196
792,8,weights,0.569998,0.042228,0.333432,0.945658,202.936523,40.426758,121.131836,202.936523,37,69,196
792,8,cpp_seq,0.005403,6.1e-05,0.00811,0.013576,0.0,0.0,0.0,0.0,37,69,196
792,8,cpp_par,0.003405,3.8e-05,0.007868,0.011313,0.0,0.0,0.0,0.0,37,69,196
792,8,cpp_adv,0.003203,4.7e-05,0.007641,0.010892,0.0,0.0,0.0,0.0,37,69,196
793,8,seq,0.414512,0.000957,0.249319,0.664789,160.84668,8.314453,168.976562,168.976562,34,68,256
793,8,par,0.17013,0.040716,0.458229,0.669075,171.054688,39.761719,319.241211,319.241211,34,68,256
793,8,weights,0.175568,0.039637,0.367845,0.58305,171.802734,40.412109,222.666992,222.666992,34,68,256
793,8,cpp_seq,0.002512,7.7e-05,0.009343,0.011933,0.0,0.0,0.0,0.0,34,68,256
793,8,cpp_par,0.00203,3.5e-05,0.009218,0.011284,0.0,0.0,0.0,0.0,34,68,256
793,8,cpp_adv,0.001867,3.8e-05,0.009271,0.011177,0.0,0.0,0.0,0.0,34,68,256
794,8,seq,0.826949,0.000787,0.000736,0.828472,187.051758,7.595703,9.606445,187.051758,27,15,0
794,8,par,0.376707,0.042574,0.176543,0.595824,193.638672,38.645508,44.893555,193.638672,27,15,0
794,8,weights,0.376907,0.040779,0.191426,0.609112,195.295898,39.526367,45.729492,195.295898,27,15,0
794,8,cpp_seq,0.003363,5.3e-05,6.4e-05,0.003481,0.0,0.0,0.0,0.0,27,15,0
794,8,cpp_par,0.001898,2.8e-05,6.1e-05,0.001988,0.0,0.0,0.0,0.0,27,15,0
794,8,cpp_adv,0.002061,3.7e-05,7.4e-05,0.002173,0.0,0.0,0.0,0.0,27,15,0
795,8,seq,1.020359,0.00086,0.039851,1.06107,206.646484,8.056641,86.921875,206.646484,27,46,50
795,8,par,0.571185,0.04076,0.271134,0.883079,191.00293,40.049805,83.428711,191.00293,27,46,50
795,8,weights,0.44827,0.044072,0.270832,0.763174,193.136719,40.132812,69.745117,193.136719,27,46,50
795,8,cpp_seq,0.010848,5.6e-05,0.001851,0.012756,0.0,0.0,0.0,0.0,27,46,50
795,8,cpp_par,0.009305,3.6e-05,0.001875,0.011217,0.0,0.0,0.0,0.0,27,46,50
795,8,cpp_adv,0.006089,5e-05,0.001848,0.007988,0.0,0.0,0.0,0.0,27,46,50
796,8,seq,1.329093,0.000971,0.256075,1.586139,219.975586,8.581055,217.936523,219.975586,44,101,640
796,8,par,0.56313,0.036991,0.376112,0.976232,204.319336,40.00293,391.310547,391.310547,44,101,640
796,8,weights,0.565757,0.042383,0.377786,0.985927,208.229492,41.926758,291.507812,291.507812,44,101,640
796,8,cpp_seq,0.011067,6.9e-05,0.009817,0.020955,0.0,0.0,0.0,0.0,44,101,640
796,8,cpp_par,0.007743,4.3e-05,0.009747,0.017534,0.0,0.0,0.0,0.0,44,101,640
796,8,cpp_adv,0.007547,4.4e-05,0.01009,0.017682,0.0,0.0,0.0,0.0,44,101,640
797,8,seq,0.418309,0.000865,0.02897,0.448144,152.657227,8.087891,81.28125,152.657227,27,52,92
797,8,par,0.183636,0.03816,0.275391,0.497187,164.467773,39.307617,79.802734,164.467773,27,52,92
797,8,weights,0.186007,0.038409,0.280098,0.504514,165.584961,40.206055,69.737305,165.584961,27,52,92
797,8,cpp_seq,0.00641,5.8e-05,0.001689,0.008158,0.0,0.0,0.0,0.0,27,52,92
797,8,cpp_par,0.003637,3.4e-05,0.00164,0.005312,0.0,0.0,0.0,0.0,27,52,92
797,8,cpp_adv,0.003536,3.2e-05,0.001647,0.005216,0.0,0.0,0.0,0.0,27,52,92
798,8,seq,0.378948,0.000919,0.139445,0.519312,129.847656,8.251953,113.460938,129.847656,34,76,256
798,8,par,0.176135,0.046745,0.325553,0.548433,149.842773,39.726562,145.654297,149.842773,34,76,256
798,8,weights,0.241213,0.038225,0.316604,0.596043,151.350586,40.262695,125.074219,151.350586,34,76,256
798,8,cpp_seq,0.002972,6.6e-05,0.005816,0.008855,0.0,0.0,0.0,0.0,34,76,256
798,8,cpp_par,0.002224,3.7e-05,0.005675,0.007937,0.0,0.0,0.0,0.0,34,76,256
798,8,cpp_adv,0.002107,3.9e-05,0.005577,0.007724,0.0,0.0,0.0,0.0,34,76,256
799,8,seq,0.816706,0.000823,0.001028,0.818557,226.535156,7.845703,12.395508,226.535156,17,20,1
799,8,par,0.424928,0.043476,0.245521,0.713924,184.013672,40.569336,44.84668,184.013672,17,20,1
799,8,weights,0.400255,0.040802,0.250723,0.69178,185.646484,40.09668,46.010742,185.646484,17,20,1
799,8,cpp_seq,0.010852,5e-05,8.4e-05,0.010986,0.0,0.0,0.0,0.0,17,20,1
799,8,cpp_par,0.006052,2.9e-05,8.9e-05,0.006171,0.0,0.0,0.0,0.0,17,20,1
799,8,cpp_adv,0.006396,6.7e-05,8.4e-05,0.006548,0.0,0.0,0.0,0.0,17,20,1
800,8,seq,0.538398,0.000844,0.015298,0.554539,172.456055,8.041016,74.65625,172.456055,27,43,58
800,8,par,0.255339,0.043289,0.273675,0.572303,182.444336,38.916992,58.374023,182.444336,27,43,58
800,8,weights,0.241858,0.04057,0.273761,0.556188,188.125,40.402344,53.776367,188.125,27,43,58
800,8,cpp_seq,0.003972,5.6e-05,0.000954,0.004984,0.0,0.0,0.0,0.0,27,43,58
800,8,cpp_par,0.002452,3.3e-05,0.000916,0.003401,0.0,0.0,0.0,0.0,27,43,58
800,8,cpp_adv,0.002319,3.4e-05,0.000935,0.003289,0.0,0.0,0.0,0.0,27,43,58
801,8,seq,0.539374,0.001011,0.321982,0.862367,169.088867,8.384766,184.960938,184.960938,34,84,256
801,8,par,0.242744,0.038203,0.458464,0.73941,171.029297,42.020508,570.499023,570.499023,34,84,256
801,8,weights,0.245056,0.039017,0.382498,0.66657,172.166016,40.675781,228.87793,228.87793,34,84,256
801,8,cpp_seq,0.005757,6.1e-05,0.009705,0.015524,0.0,0.0,0.0,0.0,34,84,256
801,8,cpp_par,0.003753,3.6e-05,0.00949,0.01328,0.0,0.0,0.0,0.0,34,84,256
801,8,cpp_adv,0.004017,3.7e-05,0.009324,0.013379,0.0,0.0,0.0,0.0,34,84,256
802,8,seq,0.531399,0.000981,0.038831,0.571212,167.914062,8.166016,84.445312,167.914062,27,58,45
802,8,par,0.276842,0.041041,0.290341,0.608225,182.689453,39.761719,81.006836,182.689453,27,58,45
802,8,weights,0.268622,0.042255,0.283199,0.594076,183.90332,41.744141,69.206055,183.90332,27,58,45
802,8,cpp_seq,0.004661,8.2e-05,0.00259,0.007333,0.0,0.0,0.0,0.0,27,58,45
802,8,cpp_par,0.002473,3.3e-05,0.001924,0.004431,0.0,0.0,0.0,0.0,27,58,45
802,8,cpp_adv,0.002673,3.3e-05,0.001882,0.004589,0.0,0.0,0.0,0.0,27,58,45
803,8,seq,0.407459,0.000768,0.000431,0.408657,168.995117,7.555664,6.661133,168.995117,16,8,0
803,8,par,0.17796,0.042927,0.148458,0.369345,172.273438,39.112305,43.088867,172.273438,16,8,0
803,8,weights,0.181711,0.042035,0.148595,0.37234,175.00293,40.412109,43.948242,175.00293,16,8,0
803,8,cpp_seq,0.001933,4.3e-05,3.2e-05,0.002009,0.0,0.0,0.0,0.0,16,8,0
803,8,cpp_par,0.001248,2.4e-05,2.9e-05,0.001301,0.0,0.0,0.0,0.0,16,8,0
803,8,cpp_adv,0.000955,2.3e-05,2.7e-05,0.001006,0.0,0.0,0.0,0.0,16,8,0
804,8,seq,0.452333,0.000863,0.000228,0.453424,170.789062,7.165039,5.678711,170.789062,17,3,0
804,8,par,0.2236,0.038828,0.03457,0.296998,182.249023,38.538086,33.855469,182.249023,17,3,0
804,8,weights,0.213039,0.038844,0.000685,0.252568,184.049805,38.795898,6.020508,184.049805,17,3,0
804,8,cpp_seq,0.004219,5e-05,1.5e-05,0.004285,0.0,0.0,0.0,0.0,17,3,0
804,8,cpp_par,0.002076,4.1e-05,1.3e-05,0.00213,0.0,0.0,0.0,0.0,17,3,0
804,8,cpp_adv,0.002038,2.8e-05,1.2e-05,0.002078,0.0,0.0,0.0,0.0,17,3,0
805,8,seq,0.546174,0.000868,0.000869,0.547911,192.038086,7.517578,11.012695,192.038086,17,15,1
805,8,par,0.250848,0.039126,0.251577,0.541552,181.771484,39.874023,44.862305,181.771484,17,15,1
805,8,weights,0.249792,0.041782,0.252116,0.54369,185.478516,39.975586,45.526367,185.478516,17,15,1
805,8,cpp_seq,0.005078,4.7e-05,7.8e-05,0.005204,0.0,0.0,0.0,0.0,17,15,1
805,8,cpp_par,0.002854,2.8e-05,7.5e-05,0.002958,0.0,0.0,0.0,0.0,17,15,1
805,8,cpp_adv,0.003257,3.1e-05,7.8e-05,0.003367,0.0,0.0,0.0,0.0,17,15,1
806,8,seq,0.720336,0.000766,0.000205,0.721307,204.553711,7.258789,5.678711,204.553711,17,5,0
806,8,par,0.343965,0.041944,0.035028,0.420937,193.714844,38.612305,34.511719,193.714844,17,5,0
806,8,weights,0.326939,0.041721,0.000654,0.369313,195.52832,39.733398,6.020508,195.52832,17,5,0
806,8,cpp_seq,0.011415,8e-05,1.5e-05,0.011511,0.0,0.0,0.0,0.0,17,5,0
806,8,cpp_par,0.004852,2.8e-05,1.2e-05,0.004894,0.0,0.0,0.0,0.0,17,5,0
806,8,cpp_adv,0.00479,3e-05,1.3e-05,0.004833,0.0,0.0,0.0,0.0,17,5,0
807,8,seq,0.418513,0.000755,0.000855,0.420123,170.393555,7.697266,11.856445,170.393555,16,16,1
807,8,par,0.20716,0.044159,0.26089,0.51221,164.588867,41.073242,45.47168,164.588867,16,16,1
807,8,weights,0.168187,0.03785,0.253705,0.459742,166.273438,39.494141,46.135742,166.273438,16,16,1
807,8,cpp_seq,0.002246,4.6e-05,8.9e-05,0.002383,0.0,0.0,0.0,0.0,16,16,1
807,8,cpp_par,0.001199,2.6e-05,8.2e-05,0.001308,0.0,0.0,0.0,0.0,16,16,1
807,8,cpp_adv,0.001941,3.1e-05,8.3e-05,0.002056,0.0,0.0,0.0,0.0,16,16,1
808,8,seq,0.465752,0.000839,0.021469,0.48806,178.447266,7.939453,77.273438,178.447266,27,38,33
808,8,par,0.227605,0.040174,0.2754,0.543179,188.172852,39.241211,63.280273,188.172852,27,38,33
808,8,weights,0.226045,0.040807,0.268574,0.535427,190.326172,41.533203,58.260742,190.326172,27,38,33
808,8,cpp_seq,0.004092,5.4e-05,0.001263,0.005409,0.0,0.0,0.0,0.0,27,38,33
808,8,cpp_par,0.002576,3.3e-05,0.001237,0.003847,0.0,0.0,0.0,0.0,27,38,33
808,8,cpp_adv,0.002472,3.5e-05,0.001241,0.003748,0.0,0.0,0.0,0.0,27,38,33
809,8,seq,0.748952,0.0008,0.000205,0.749957,189.897461,7.508789,5.678711,189.897461,17,8,0
809,8,par,0.31681,0.03819,0.036045,0.391046,188.429688,38.959961,33.800781,188.429688,17,8,0
809,8,weights,0.329674,0.040074,0.000603,0.370351,191.413086,40.405273,6.02832,191.413086,17,8,0
809,8,cpp_seq,0.00693,4.6e-05,1.6e-05,0.006993,0.0,0.0,0.0,0.0,17,8,0
809,8,cpp_par,0.004383,2.9e-05,1.6e-05,0.004429,0.0,0.0,0.0,0.0,17,8,0
809,8,cpp_adv,0.003977,2.8e-05,1.3e-05,0.004018,0.0,0.0,0.0,0.0,17,8,0
810,8,seq,0.359621,0.000867,0.103759,0.464247,163.789062,8.087891,121.03125,163.789062,27,52,144
810,8,par,0.213396,0.038005,0.316749,0.56815,162.352539,40.116211,155.131836,162.352539,27,52,144
810,8,weights,0.191729,0.037309,0.301187,0.530226,165.555664,41.194336,127.889648,165.555664,27,52,144
810,8,cpp_seq,0.003707,5.7e-05,0.005196,0.008961,0.0,0.0,0.0,0.0,27,52,144
810,8,cpp_par,0.002662,3.5e-05,0.004905,0.007602,0.0,0.0,0.0,0.0,27,52,144
810,8,cpp_adv,0.002126,3.5e-05,0.004981,0.007144,0.0,0.0,0.0,0.0,27,52,144
811,8,seq,0.732877,0.000788,0.000829,0.734493,196.983398,7.720703,10.817383,196.983398,17,18,1
811,8,par,0.370519,0.036955,0.255427,0.662901,184.810547,39.634766,45.135742,184.810547,17,18,1
811,8,weights,0.4643,0.04549,0.248337,0.758127,184.917969,40.522461,45.69043,184.917969,17,18,1
811,8,cpp_seq,0.006433,5.2e-05,9.4e-05,0.006581,0.0,0.0,0.0,0.0,17,18,1
811,8,cpp_par,0.003693,3.6e-05,7.1e-05,0.003801,0.0,0.0,0.0,0.0,17,18,1
811,8,cpp_adv,0.003842,2.8e-05,8.5e-05,0.003956,0.0,0.0,0.0,0.0,17,18,1
812,8,seq,0.58138,0.001264,0.603841,1.186485,140.535156,8.581055,487.492188,487.492188,44,111,1373
812,8,par,0.273976,0.039392,0.539996,0.853363,163.795898,40.141602,1167.286133,1167.286133,44,111,1373
812,8,weights,0.265871,0.041675,0.833733,1.14128,165.275391,40.556641,1066.672852,1066.672852,44,111,1373
812,8,cpp_seq,0.005146,7e-05,0.023757,0.028975,0.0,0.0,0.0,0.0,44,111,1373
812,8,cpp_par,0.006767,6.1e-05,0.024131,0.03096,0.0,0.0,0.0,0.0,44,111,1373
812,8,cpp_adv,0.002793,4e-05,0.023229,0.026063,0.0,0.0,0.0,0.0,44,111,1373
813,8,seq,0.667452,0.003445,0.14339,0.814287,173.145508,8.017578,105.257812,173.145508,27,43,76
813,8,par,2.063199,0.147473,0.918906,3.129578,184.672852,40.936523,108.194336,184.672852,27,43,76
813,8,weights,1.189219,0.064344,0.400797,1.65436,187.320312,40.234375,74.03418,187.320312,27,43,76
813,8,cpp_seq,0.004983,5.5e-05,0.002195,0.007234,0.0,0.0,0.0,0.0,27,43,76
813,8,cpp_par,0.00298,3.6e-05,0.002167,0.005183,0.0,0.0,0.0,0.0,27,43,76
813,8,cpp_adv,0.01303,8.6e-05,0.003059,0.016177,0.0,0.0,0.0,0.0,27,43,76
814,8,seq,2.072356,0.00799,0.001686,2.082032,169.860352,7.806641,11.02832,169.860352,17,17,1
814,8,par,0.54514,0.093669,0.555596,1.194405,177.450195,40.428711,45.182617,177.450195,17,17,1
814,8,weights,0.470611,0.095341,0.57285,1.138803,178.942383,40.280273,45.87793,178.942383,17,17,1
814,8,cpp_seq,0.006823,5e-05,7.8e-05,0.006951,0.0,0.0,0.0,0.0,17,17,1
814,8,cpp_par,0.004626,4.1e-05,0.000105,0.004773,0.0,0.0,0.0,0.0,17,17,1
814,8,cpp_adv,0.00346,3.6e-05,0.000105,0.003602,0.0,0.0,0.0,0.0,17,17,1
815,8,seq,1.511181,0.001018,0.000855,1.513054,241.44043,7.900391,10.637695,241.44043,17,19,1
815,8,par,1.633757,0.037838,0.272381,1.943976,184.683594,39.170898,45.198242,184.683594,17,19,1
815,8,weights,0.873158,0.04433,0.278198,1.195686,187.213867,41.119141,45.706055,187.213867,17,19,1
815,8,cpp_seq,0.00857,4.9e-05,6.7e-05,0.008687,0.0,0.0,0.0,0.0,17,19,1
815,8,cpp_par,0.005757,3e-05,6.6e-05,0.005854,0.0,0.0,0.0,0.0,17,19,1
815,8,cpp_adv,0.005135,6.6e-05,6.6e-05,0.005267,0.0,0.0,0.0,0.0,17,19,1
816,8,seq,0.514952,0.000875,0.000925,0.516752,186.893555,7.728516,12.200195,186.893555,17,23,1
816,8,par,0.184936,0.022418,0.139162,0.346517,548.675781,47.083984,47.576172,548.675781,17,23,1
816,8,weights,0.186466,0.033579,0.140463,0.360507,179.726562,39.527344,44.611328,179.726562,17,23,1
816,8,cpp_seq,0.003657,4.8e-05,0.000125,0.00383,0.0,0.0,0.0,0.0,17,23,1
816,8,cpp_par,0.002661,6.8e-05,8.8e-05,0.002819,0.0,0.0,0.0,0.0,17,23,1
816,8,cpp_adv,0.002103,3.1e-05,7.4e-05,0.002207,0.0,0.0,0.0,0.0,17,23,1
817,8,seq,0.469417,0.000801,0.000189,0.470407,175.520508,7.227539,5.678711,175.520508,27,8,0
817,8,par,0.225493,0.024057,0.020626,0.270176,189.902344,37.837891,33.694336,189.902344,27,8,0
817,8,weights,0.211735,0.023346,0.000455,0.235535,195.168945,38.541016,6.020508,195.168945,27,8,0
817,8,cpp_seq,0.004079,8.5e-05,1.7e-05,0.004181,0.0,0.0,0.0,0.0,27,8,0
817,8,cpp_par,0.002424,3e-05,1.2e-05,0.002466,0.0,0.0,0.0,0.0,27,8,0
817,8,cpp_adv,0.002148,3e-05,1.2e-05,0.002191,0.0,0.0,0.0,0.0,27,8,0
818,8,seq,0.494539,0.000778,0.000434,0.495751,174.672852,7.517578,6.65332,174.672852,17,11,0
818,8,par,0.210969,0.020001,0.082668,0.313637,180.896484,38.244141,43.223633,180.896484,17,11,0
818,8,weights,0.207389,0.020947,0.077542,0.305878,181.62793,40.001953,42.612305,181.62793,17,11,0
818,8,cpp_seq,0.003936,4.6e-05,3.1e-05,0.004013,0.0,0.0,0.0,0.0,17,11,0
818,8,cpp_par,0.003164,3.9e-05,4.1e-05,0.003246,0.0,0.0,0.0,0.0,17,11,0
818,8,cpp_adv,0.00243,2.9e-05,3e-05,0.00249,0.0,0.0,0.0,0.0,17,11,0
819,8,seq,1.009178,0.000838,0.00021,1.010225,202.941406,7.430664,5.678711,202.941406,17,8,0
819,8,par,0.394525,0.025822,0.020835,0.441183,189.209961,39.793945,33.763672,189.209961,17,8,0
819,8,weights,0.415761,0.027844,0.000456,0.444061,191.561523,38.782227,6.020508,191.561523,17,8,0
819,8,cpp_seq,0.009495,4.8e-05,1.5e-05,0.009559,0.0,0.0,0.0,0.0,17,8,0
819,8,cpp_par,0.005161,3e-05,1.3e-05,0.005205,0.0,0.0,0.0,0.0,17,8,0
819,8,cpp_adv,0.005176,2.8e-05,1.1e-05,0.005216,0.0,0.0,0.0,0.0,17,8,0
820,8,seq,0.454435,0.000739,0.000197,0.455371,179.886719,7.360352,5.678711,179.886719,17,7,0
820,8,par,0.228277,0.019669,0.019814,0.26776,181.507812,38.407227,34.064453,181.507812,17,7,0
820,8,weights,0.224264,0.038964,0.000469,0.263697,183.741211,38.926758,6.020508,183.741211,17,7,0
820,8,cpp_seq,0.003158,4.5e-05,1.3e-05,0.003216,0.0,0.0,0.0,0.0,17,7,0
820,8,cpp_par,0.00243,2.8e-05,1.3e-05,0.002471,0.0,0.0,0.0,0.0,17,7,0
820,8,cpp_adv,0.001838,2.8e-05,1.1e-05,0.001878,0.0,0.0,0.0,0.0,17,7,0
821,8,seq,1.177622,0.000803,0.000421,1.178846,247.470703,7.610352,6.270508,247.470703,16,8,0
821,8,par,0.405712,0.022591,0.037805,0.466108,186.104492,40.344727,41.077148,186.104492,16,8,0
821,8,weights,0.549819,0.02272,0.039362,0.6119,185.904297,41.290039,41.858398,185.904297,16,8,0
821,8,cpp_seq,0.013328,4.5e-05,2.4e-05,0.013398,0.0,0.0,0.0,0.0,16,8,0
821,8,cpp_par,0.006822,2.6e-05,2.2e-05,0.006872,0.0,0.0,0.0,0.0,16,8,0
821,8,cpp_adv,0.00668,2.6e-05,4.2e-05,0.006748,0.0,0.0,0.0,0.0,16,8,0
822,8,seq,0.686128,0.000981,0.006616,0.693725,210.935547,7.947266,47.263672,210.935547,24,32,37
822,8,par,0.243773,0.023126,0.15226,0.419159,184.49707,41.852539,73.282227,184.49707,24,32,37
822,8,weights,0.330836,0.024609,0.146137,0.501582,184.915039,41.735352,52.366211,184.915039,24,32,37
822,8,cpp_seq,0.006029,4.9e-05,0.000474,0.006553,0.0,0.0,0.0,0.0,24,32,37
822,8,cpp_par,0.003433,2.8e-05,0.000483,0.003944,0.0,0.0,0.0,0.0,24,32,37
822,8,cpp_adv,0.00312,2.8e-05,0.00047,0.003619,0.0,0.0,0.0,0.0,24,32,37
823,8,seq,1.677114,0.000799,0.00844,1.686353,236.203125,7.642578,69.617188,236.203125,27,25,8
823,8,par,0.706832,0.020422,0.140026,0.86728,193.636719,39.360352,64.163086,193.636719,27,25,8
823,8,weights,0.712794,0.021881,0.140136,0.874811,194.638672,39.743164,52.825195,194.638672,27,25,8
823,8,cpp_seq,0.013645,5.3e-05,0.00077,0.014469,0.0,0.0,0.0,0.0,27,25,8
823,8,cpp_par,0.007245,3e-05,0.000846,0.008122,0.0,0.0,0.0,0.0,27,25,8
823,8,cpp_adv,0.008103,4.9e-05,0.000772,0.008925,0.0,0.0,0.0,0.0,27,25,8
824,8,seq,0.319933,0.000854,0.01866,0.339447,166.307617,7.970703,77.867188,166.307617,24,37,54
824,8,par,0.128266,0.023517,0.156014,0.307796,176.802734,39.571289,78.368164,176.802734,24,37,54
824,8,weights,0.13836,0.022829,0.143566,0.304755,175.786133,40.591797,58.692383,175.786133,24,37,54
824,8,cpp_seq,0.002992,4.9e-05,0.001382,0.004424,0.0,0.0,0.0,0.0,24,37,54
824,8,cpp_par,0.001821,3e-05,0.001387,0.00324,0.0,0.0,0.0,0.0,24,37,54
824,8,cpp_adv,0.001673,2.8e-05,0.00135,0.003051,0.0,0.0,0.0,0.0,24,37,54
825,8,seq,0.467752,0.000832,0.021997,0.490581,169.135742,7.830078,82.289062,169.135742,24,40,108
825,8,par,0.188019,0.026749,0.152516,0.367285,164.023438,40.575195,103.691406,164.023438,24,40,108
825,8,weights,0.159892,0.022074,0.152122,0.334088,166.21875,39.355469,74.986328,166.21875,24,40,108
825,8,cpp_seq,0.002343,4.9e-05,0.00171,0.004102,0.0,0.0,0.0,0.0,24,40,108
825,8,cpp_par,0.001597,2.7e-05,0.001835,0.00346,0.0,0.0,0.0,0.0,24,40,108
825,8,cpp_adv,0.001392,2.8e-05,0.001686,0.003107,0.0,0.0,0.0,0.0,24,40,108
826,8,seq,0.462815,0.000745,0.00059,0.46415,185.881836,7.555664,7.68457,185.881836,16,8,1
826,8,par,0.180131,0.022229,0.134403,0.336763,183.216797,38.787109,44.819336,183.216797,16,8,1
826,8,weights,0.177916,0.023139,0.129751,0.330806,184.15918,39.700195,45.288086,184.15918,16,8,1
826,8,cpp_seq,0.004291,4.4e-05,4.9e-05,0.004385,0.0,0.0,0.0,0.0,16,8,1
826,8,cpp_par,0.002383,2.5e-05,4.6e-05,0.002454,0.0,0.0,0.0,0.0,16,8,1
826,8,cpp_adv,0.002218,2.6e-05,4.7e-05,0.002292,0.0,0.0,0.0,0.0,16,8,1
827,8,seq,0.82861,0.00082,0.0002,0.829629,199.087891,7.250977,5.678711,199.087891,24,3,0
827,8,par,0.30025,0.021397,0.017697,0.339344,192.113281,38.327148,34.248047,192.113281,24,3,0
827,8,weights,0.298696,0.023009,0.000496,0.3222,193.999023,39.145508,6.020508,193.999023,24,3,0
827,8,cpp_seq,0.009247,4.4e-05,1.4e-05,0.009306,0.0,0.0,0.0,0.0,24,3,0
827,8,cpp_par,0.004395,2.4e-05,1.1e-05,0.004431,0.0,0.0,0.0,0.0,24,3,0
827,8,cpp_adv,0.004792,2.6e-05,1.4e-05,0.004833,0.0,0.0,0.0,0.0,24,3,0
828,8,seq,0.554937,0.000906,0.252603,0.808446,179.717773,8.314453,168.53125,179.717773,34,72,256
828,8,par,0.395905,0.021512,0.239999,0.657416,188.008789,40.209961,493.329102,493.329102,34,72,256
828,8,weights,0.510809,0.023936,0.244564,0.779309,188.827148,41.169922,221.208008,221.208008,34,72,256
828,8,cpp_seq,0.004991,6.8e-05,0.009336,0.014397,0.0,0.0,0.0,0.0,34,72,256
828,8,cpp_par,0.003233,3.5e-05,0.009215,0.012483,0.0,0.0,0.0,0.0,34,72,256
828,8,cpp_adv,0.003172,3.5e-05,0.008959,0.012166,0.0,0.0,0.0,0.0,34,72,256
829,8,seq,1.216621,0.000895,0.057589,1.275104,229.469727,8.009766,91.9375,229.469727,27,56,84
829,8,par,0.659937,0.021647,0.169362,0.850946,190.833984,40.608398,88.827148,190.833984,27,56,84
829,8,weights,0.497625,0.023694,0.182986,0.704304,194.626953,39.991211,71.620117,194.626953,27,56,84
829,8,cpp_seq,0.028257,7.3e-05,0.002573,0.030906,0.0,0.0,0.0,0.0,27,56,84
829,8,cpp_par,0.008675,4.5e-05,0.002532,0.011254,0.0,0.0,0.0,0.0,27,56,84
829,8,cpp_adv,0.008654,3.8e-05,0.002566,0.011259,0.0,0.0,0.0,0.0,27,56,84
830,8,seq,0.706617,0.000845,0.000689,0.708151,199.455078,7.556641,10.098633,199.455078,16,15,1
830,8,par,0.307219,0.026463,0.130088,0.46377,181.291016,39.479492,45.09668,181.291016,16,15,1
830,8,weights,0.28418,0.022929,0.13911,0.446219,184.354492,39.320312,45.62793,184.354492,16,15,1
830,8,cpp_seq,0.004502,4.4e-05,6.3e-05,0.00461,0.0,0.0,0.0,0.0,16,15,1
830,8,cpp_par,0.00249,2.5e-05,6.1e-05,0.002576,0.0,0.0,0.0,0.0,16,15,1
830,8,cpp_adv,0.002417,2.9e-05,7.4e-05,0.002521,0.0,0.0,0.0,0.0,16,15,1
831,8,seq,0.459705,0.000822,0.000852,0.461379,170.823242,7.603516,11.856445,170.823242,16,16,1
831,8,par,0.291437,0.024067,0.129935,0.445439,165.571289,38.918945,45.331055,165.571289,16,16,1
831,8,weights,0.165344,0.022923,0.139815,0.328082,165.12793,41.207031,45.995117,165.12793,16,16,1
831,8,cpp_seq,0.005245,5.1e-05,0.000114,0.005411,0.0,0.0,0.0,0.0,16,16,1
831,8,cpp_par,0.00296,2.6e-05,8.1e-05,0.003069,0.0,0.0,0.0,0.0,16,16,1
831,8,cpp_adv,0.00262,2.4e-05,8e-05,0.002725,0.0,0.0,0.0,0.0,16,16,1
832,8,seq,0.475795,0.000772,0.000658,0.477225,173.383789,7.580078,9.387695,173.383789,17,12,0
832,8,par,0.212281,0.020677,0.135278,0.368236,183.908203,38.84082,45.073242,183.908203,17,12,0
832,8,weights,0.302105,0.02281,0.129802,0.454717,184.698242,39.923828,45.666992,184.698242,17,12,0
832,8,cpp_seq,0.003739,4.7e-05,6.1e-05,0.003848,0.0,0.0,0.0,0.0,17,12,0
832,8,cpp_par,0.002192,2.7e-05,5.9e-05,0.00228,0.0,0.0,0.0,0.0,17,12,0
832,8,cpp_adv,0.002296,2.9e-05,6e-05,0.002386,0.0,0.0,0.0,0.0,17,12,0
833,8,seq,0.839065,0.000877,0.33079,1.170731,157.499023,8.212891,189.304688,189.304688,37,67,225
833,8,par,0.597832,0.030307,0.378427,1.006566,168.474609,39.547852,388.548828,388.548828,37,67,225
833,8,weights,0.495569,0.025014,0.276834,0.797417,171.238281,42.639648,303.855469,303.855469,37,67,225
833,8,cpp_seq,0.015782,6.1e-05,0.013262,0.029106,0.0,0.0,0.0,0.0,37,67,225
833,8,cpp_par,0.010352,3.6e-05,0.012958,0.023346,0.0,0.0,0.0,0.0,37,67,225
833,8,cpp_adv,0.009207,4.7e-05,0.012948,0.022203,0.0,0.0,0.0,0.0,37,67,225
834,8,seq,0.494659,0.000729,0.000199,0.495587,183.407227,7.313477,5.678711,183.407227,17,5,0
834,8,par,0.218416,0.021969,0.018237,0.258622,173.569336,39.201172,33.5,173.569336,17,5,0
834,8,weights,0.259132,0.022568,0.000458,0.282159,177.319336,39.823242,6.020508,177.319336,17,5,0
834,8,cpp_seq,0.005433,4.6e-05,1.4e-05,0.005493,0.0,0.0,0.0,0.0,17,5,0
834,8,cpp_par,0.003596,3e-05,1.4e-05,0.00364,0.0,0.0,0.0,0.0,17,5,0
834,8,cpp_adv,0.002993,2.6e-05,1.1e-05,0.00303,0.0,0.0,0.0,0.0,17,5,0
835,8,seq,0.379585,0.000982,0.027322,0.407888,136.026367,8.025391,86.367188,136.026367,27,49,30
835,8,par,0.123454,0.023186,0.179793,0.326432,150.674805,40.826172,62.831055,150.674805,27,49,30
835,8,weights,0.214813,0.023561,0.153021,0.391396,149.203125,42.298828,56.483398,149.203125,27,49,30
835,8,cpp_seq,0.005162,5.5e-05,0.00122,0.006439,0.0,0.0,0.0,0.0,27,49,30
835,8,cpp_par,0.003059,3.3e-05,0.001219,0.004312,0.0,0.0,0.0,0.0,27,49,30
835,8,cpp_adv,0.00294,3.3e-05,0.001233,0.004205,0.0,0.0,0.0,0.0,27,49,30
836,8,seq,0.560282,0.000751,0.000551,0.561584,195.391602,7.555664,7.68457,195.391602,16,8,1
836,8,par,0.227906,0.022292,0.133318,0.383515,183.423828,39.538086,44.768555,183.423828,16,8,1
836,8,weights,0.379112,0.024405,0.131411,0.534928,186.486328,40.484375,45.40918,186.486328,16,8,1
836,8,cpp_seq,0.005292,4.3e-05,5e-05,0.005386,0.0,0.0,0.0,0.0,16,8,1
836,8,cpp_par,0.002899,4e-05,5.2e-05,0.002992,0.0,0.0,0.0,0.0,16,8,1
836,8,cpp_adv,0.002739,2.5e-05,4.8e-05,0.002812,0.0,0.0,0.0,0.0,16,8,1
837,8,seq,0.485111,0.000742,0.000428,0.486281,175.111328,7.572266,6.46582,175.111328,17,12,0
837,8,par,0.225248,0.022875,0.067721,0.315843,178.740234,39.674805,43.59668,178.740234,17,12,0
837,8,weights,0.202632,0.020658,0.058734,0.282024,183.167969,39.296875,42.510742,183.167969,17,12,0
837,8,cpp_seq,0.00534,6.4e-05,2.7e-05,0.005432,0.0,0.0,0.0,0.0,17,12,0
837,8,cpp_par,0.003109,2.9e-05,2.5e-05,0.003164,0.0,0.0,0.0,0.0,17,12,0
837,8,cpp_adv,0.002744,2.6e-05,2.4e-05,0.002795,0.0,0.0,0.0,0.0,17,12,0
838,8,seq,0.562558,0.00075,0.000427,0.563735,186.382812,7.407227,6.458008,186.382812,17,8,0
838,8,par,0.324027,0.02506,0.058276,0.407363,183.992188,38.816406,43.237305,183.992188,17,8,0
838,8,weights,0.202868,0.025066,0.057821,0.285755,183.107422,39.961914,43.166992,183.107422,17,8,0
838,8,cpp_seq,0.003657,5e-05,3.9e-05,0.003747,0.0,0.0,0.0,0.0,17,8,0
838,8,cpp_par,0.002656,2.7e-05,2.6e-05,0.00271,0.0,0.0,0.0,0.0,17,8,0
838,8,cpp_adv,0.002267,2.8e-05,2.6e-05,0.002321,0.0,0.0,0.0,0.0,17,8,0
839,8,seq,0.736928,0.000725,0.000401,0.738054,183.367188,7.149414,6.067383,183.367188,16,2,0
839,8,par,0.316514,0.024658,0.042797,0.383969,183.740234,39.049805,41.612305,183.740234,16,2,0
839,8,weights,0.344265,0.058989,0.039182,0.442437,187.40625,40.061523,41.581055,187.40625,16,2,0
839,8,cpp_seq,0.004617,4.2e-05,2.1e-05,0.004682,0.0,0.0,0.0,0.0,16,2,0
839,8,cpp_par,0.002716,2.6e-05,2.1e-05,0.002764,0.0,0.0,0.0,0.0,16,2,0
839,8,cpp_adv,0.002258,2.3e-05,1.8e-05,0.002301,0.0,0.0,0.0,0.0,16,2,0
840,8,seq,0.439532,0.000995,0.256146,0.696673,169.433594,8.291016,168.335938,169.433594,34,76,256
840,8,par,0.201808,0.021207,0.247633,0.470648,171.277344,40.113281,328.169922,328.169922,34,76,256
840,8,weights,0.159001,0.022561,0.245123,0.426686,172.763672,40.277344,226.533203,226.533203,34,76,256
840,8,cpp_seq,0.004736,6e-05,0.009408,0.014205,0.0,0.0,0.0,0.0,34,76,256
840,8,cpp_par,0.003091,3.4e-05,0.009151,0.012276,0.0,0.0,0.0,0.0,34,76,256
840,8,cpp_adv,0.003121,3.5e-05,0.009114,0.01227,0.0,0.0,0.0,0.0,34,76,256
841,8,seq,0.564647,0.00081,0.000746,0.566203,178.037109,7.580078,13.87207,178.037109,24,20,0
841,8,par,0.224079,0.02176,0.05919,0.305028,184.375977,39.212891,43.946289,184.375977,24,20,0
841,8,weights,0.222889,0.025569,0.058833,0.307291,186.604492,40.869141,46.211914,186.604492,24,20,0
841,8,cpp_seq,0.003697,4.9e-05,7.6e-05,0.003823,0.0,0.0,0.0,0.0,24,20,0
841,8,cpp_par,0.002954,3.5e-05,9.6e-05,0.003086,0.0,0.0,0.0,0.0,24,20,0
841,8,cpp_adv,0.001825,2.7e-05,7.2e-05,0.001923,0.0,0.0,0.0,0.0,24,20,0
842,8,seq,0.501208,0.000799,0.000933,0.502939,176.608398,7.681641,10.62207,176.608398,17,15,1
842,8,par,0.247392,0.025238,0.138625,0.411255,176.152344,39.883789,45.102539,176.152344,17,15,1
842,8,weights,0.508257,0.021487,0.134853,0.664597,179.270508,40.893555,45.493164,179.270508,17,15,1
842,8,cpp_seq,0.004798,5.2e-05,8.3e-05,0.004934,0.0,0.0,0.0,0.0,17,15,1
842,8,cpp_par,0.003289,2.9e-05,7.2e-05,0.003391,0.0,0.0,0.0,0.0,17,15,1
842,8,cpp_adv,0.002604,2.8e-05,6.9e-05,0.002701,0.0,0.0,0.0,0.0,17,15,1
843,8,seq,0.68374,0.000785,0.000828,0.685354,186.688477,7.642578,10.62207,186.688477,17,17,1
843,8,par,0.420812,0.022412,0.132352,0.575576,182.100586,39.59668,44.805664,182.100586,17,17,1
843,8,weights,0.326374,0.026851,0.132491,0.485717,184.369141,39.417969,45.555664,184.369141,17,17,1
843,8,cpp_seq,0.005088,4.9e-05,7e-05,0.005209,0.0,0.0,0.0,0.0,17,17,1
843,8,cpp_par,0.003559,3.1e-05,7.2e-05,0.003663,0.0,0.0,0.0,0.0,17,17,1
843,8,cpp_adv,0.002983,3e-05,8.4e-05,0.003097,0.0,0.0,0.0,0.0,17,17,1
844,8,seq,0.475912,0.000773,0.003095,0.47978,180.393555,7.587891,33.637695,180.393555,24,16,8
844,8,par,0.192333,0.025297,0.146067,0.363697,183.336914,38.811523,50.672852,183.336914,24,16,8
844,8,weights,0.211198,0.022423,0.138568,0.372189,184.891602,39.103516,49.805664,184.891602,24,16,8
844,8,cpp_seq,0.002429,4.5e-05,0.00037,0.002845,0.0,0.0,0.0,0.0,24,16,8
844,8,cpp_par,0.001471,2.6e-05,0.000376,0.001874,0.0,0.0,0.0,0.0,24,16,8
844,8,cpp_adv,0.001196,2.5e-05,0.000348,0.001569,0.0,0.0,0.0,0.0,24,16,8
845,8,seq,1.17752,0.001066,0.132541,1.311126,217.289062,8.236328,114.0625,217.289062,34,76,256
845,8,par,0.523091,0.025392,0.196714,0.745198,195.806641,40.360352,145.12207,195.806641,34,76,256
845,8,weights,0.505616,0.028389,0.197785,0.73179,195.544922,41.274414,122.276367,195.544922,34,76,256
845,8,cpp_seq,0.010227,6.3e-05,0.006042,0.016333,0.0,0.0,0.0,0.0,34,76,256
845,8,cpp_par,0.005867,3.7e-05,0.005487,0.011391,0.0,0.0,0.0,0.0,34,76,256
845,8,cpp_adv,0.006127,4.9e-05,0.005482,0.011659,0.0,0.0,0.0,0.0,34,76,256
846,8,seq,0.497791,0.000845,0.001253,0.499889,176.96582,7.923828,16.114258,176.96582,24,36,1
846,8,par,0.210329,0.023607,0.142764,0.3767,181.072266,41.016602,45.071289,181.072266,24,36,1
846,8,weights,0.274021,0.02829,0.138033,0.440344,182.701172,41.370117,45.711914,182.701172,24,36,1
846,8,cpp_seq,0.004409,5.2e-05,9.6e-05,0.004558,0.0,0.0,0.0,0.0,24,36,1
846,8,cpp_par,0.002569,3e-05,9.4e-05,0.002694,0.0,0.0,0.0,0.0,24,36,1
846,8,cpp_adv,0.002776,3.1e-05,9.5e-05,0.002903,0.0,0.0,0.0,0.0,24,36,1
847,8,seq,0.456425,0.000705,0.000198,0.457327,172.760742,7.313477,5.678711,172.760742,17,6,0
847,8,par,0.190505,0.023535,0.021071,0.235111,181.28125,38.548828,34.28418,181.28125,17,6,0
847,8,weights,0.193163,0.021263,0.000457,0.214883,183.786133,38.744141,6.020508,183.786133,17,6,0
847,8,cpp_seq,0.003171,5.5e-05,1.4e-05,0.003241,0.0,0.0,0.0,0.0,17,6,0
847,8,cpp_par,0.001918,2.8e-05,1.2e-05,0.001959,0.0,0.0,0.0,0.0,17,6,0
847,8,cpp_adv,0.001797,2.7e-05,1.1e-05,0.001835,0.0,0.0,0.0,0.0,17,6,0
848,8,seq,0.481529,0.000852,0.0907,0.573081,177.077148,8.119141,105.148438,177.077148,27,56,99
848,8,par,0.212289,0.021944,0.185713,0.419946,185.55957,39.151367,119.896484,185.55957,27,56,99
848,8,weights,0.205059,0.022272,0.1851,0.412431,186.730469,39.804688,88.326172,186.730469,27,56,99
848,8,cpp_seq,0.003595,5.9e-05,0.003862,0.007517,0.0,0.0,0.0,0.0,27,56,99
848,8,cpp_par,0.002228,7.2e-05,0.003566,0.005866,0.0,0.0,0.0,0.0,27,56,99
848,8,cpp_adv,0.002045,3.5e-05,0.003566,0.005647,0.0,0.0,0.0,0.0,27,56,99
849,8,seq,0.81428,0.000874,0.000204,0.815358,205.045898,7.611328,5.678711,205.045898,17,14,0
849,8,par,0.401603,0.023158,0.019715,0.444477,188.62793,40.110352,33.50293,188.62793,17,14,0
849,8,weights,0.389474,0.023335,0.000449,0.413258,189.354492,41.78418,6.020508,189.354492,17,14,0
849,8,cpp_seq,0.007782,4.8e-05,1.5e-05,0.007845,0.0,0.0,0.0,0.0,17,14,0
849,8,cpp_par,0.004163,2.8e-05,1.2e-05,0.004204,0.0,0.0,0.0,0.0,17,14,0
849,8,cpp_adv,0.004654,5.7e-05,1.2e-05,0.004724,0.0,0.0,0.0,0.0,17,14,0
850,8,seq,0.461356,0.000961,0.00093,0.463247,180.095703,7.603516,8.864258,180.095703,17,11,1
850,8,par,0.244414,0.024334,0.13087,0.399619,175.262695,40.144531,45.157227,175.262695,17,11,1
850,8,weights,0.208045,0.028963,0.136,0.373008,177.711914,40.040039,45.696289,177.711914,17,11,1
850,8,cpp_seq,0.004498,4.9e-05,8.6e-05,0.004634,0.0,0.0,0.0,0.0,17,11,1
850,8,cpp_par,0.002468,2.8e-05,6.1e-05,0.002558,0.0,0.0,0.0,0.0,17,11,1
850,8,cpp_adv,0.002366,2.9e-05,6.2e-05,0.002458,0.0,0.0,0.0,0.0,17,11,1
851,8,seq,0.993225,0.001004,0.118205,1.112435,214.435547,8.291016,107.3125,214.435547,37,68,131
851,8,par,0.518143,0.024393,0.202048,0.744584,198.522461,40.463867,126.154297,198.522461,37,68,131
851,8,weights,0.438307,0.026274,0.192809,0.65739,202.600586,41.736328,97.607422,202.600586,37,68,131
851,8,cpp_seq,0.009202,6.3e-05,0.004999,0.014265,0.0,0.0,0.0,0.0,37,68,131
851,8,cpp_par,0.005753,4.6e-05,0.004994,0.010794,0.0,0.0,0.0,0.0,37,68,131
851,8,cpp_adv,0.005386,5.9e-05,0.005,0.010445,0.0,0.0,0.0,0.0,37,68,131
852,8,seq,1.088269,0.000806,0.00055,1.089625,211.817383,7.759766,7.645508,211.817383,17,16,0
852,8,par,0.485595,0.023979,0.110447,0.620022,189.302734,40.635742,43.907227,189.302734,17,16,0
852,8,weights,0.494287,0.024466,0.102416,0.621168,190.702148,41.017578,43.883789,190.702148,17,16,0
852,8,cpp_seq,0.008432,4.8e-05,4e-05,0.008521,0.0,0.0,0.0,0.0,17,16,0
852,8,cpp_par,0.005211,3.1e-05,4.1e-05,0.005284,0.0,0.0,0.0,0.0,17,16,0
852,8,cpp_adv,0.005061,5.7e-05,3.7e-05,0.005155,0.0,0.0,0.0,0.0,17,16,0
853,8,seq,0.3956,0.000776,0.00082,0.397196,167.359375,7.587891,10.442383,167.359375,17,18,1
853,8,par,0.200221,0.023104,0.14039,0.363715,177.794922,38.368164,44.954102,177.794922,17,18,1
853,8,weights,0.183717,0.024895,0.14434,0.352953,176.65332,39.736328,45.321289,176.65332,17,18,1
853,8,cpp_seq,0.004116,4.8e-05,6.7e-05,0.004232,0.0,0.0,0.0,0.0,17,18,1
853,8,cpp_par,0.002402,3e-05,6.5e-05,0.002497,0.0,0.0,0.0,0.0,17,18,1
853,8,cpp_adv,0.002613,3.2e-05,6.8e-05,0.002713,0.0,0.0,0.0,0.0,17,18,1
854,8,seq,0.42947,0.000751,0.000877,0.431098,169.708008,7.564453,11.793945,169.708008,17,17,1
854,8,par,0.182686,0.02241,0.139948,0.345044,177.775391,39.021484,46.094727,177.775391,17,17,1
854,8,weights,0.182549,0.02182,0.142428,0.346797,178.552734,39.591797,46.258789,178.552734,17,17,1
854,8,cpp_seq,0.005337,4.7e-05,7.8e-05,0.005463,0.0,0.0,0.0,0.0,17,17,1
854,8,cpp_par,0.002748,2.9e-05,7.4e-05,0.002851,0.0,0.0,0.0,0.0,17,17,1
854,8,cpp_adv,0.002678,2.9e-05,7.4e-05,0.002781,0.0,0.0,0.0,0.0,17,17,1
855,8,seq,0.34975,0.000905,0.252868,0.603523,152.149414,9.462891,180.6875,180.6875,34,72,256
855,8,par,0.154493,0.02332,0.267823,0.445637,152.355469,40.638672,562.841797,562.841797,34,72,256
855,8,weights,0.145735,0.031905,0.249687,0.427327,155.686523,39.785156,230.697266,230.697266,34,72,256
855,8,cpp_seq,0.005432,6.1e-05,0.009526,0.01502,0.0,0.0,0.0,0.0,34,72,256
855,8,cpp_par,0.003167,3.5e-05,0.009094,0.012296,0.0,0.0,0.0,0.0,34,72,256
855,8,cpp_adv,0.002741,3.5e-05,0.009059,0.011835,0.0,0.0,0.0,0.0,34,72,256
856,8,seq,0.61525,0.00091,0.068338,0.684498,187.864258,8.212891,118.9375,187.864258,32,64,256
856,8,par,0.228919,0.024747,0.18899,0.442656,187.181641,40.974609,144.583008,187.181641,32,64,256
856,8,weights,0.234783,0.025967,0.188591,0.449341,189.108398,40.181641,123.338867,189.108398,32,64,256
856,8,cpp_seq,0.005503,5.5e-05,0.003643,0.009201,0.0,0.0,0.0,0.0,32,64,256
856,8,cpp_par,0.003568,3.2e-05,0.003595,0.007196,0.0,0.0,0.0,0.0,32,64,256
856,8,cpp_adv,0.003231,3.2e-05,0.003628,0.006892,0.0,0.0,0.0,0.0,32,64,256
857,8,seq,0.428857,0.000811,0.000461,0.430128,174.4375,7.313477,6.65332,174.4375,17,6,0
857,8,par,0.201737,0.021267,0.055217,0.278221,184.064453,39.048828,42.852539,184.064453,17,6,0
857,8,weights,0.197813,0.024556,0.056849,0.279218,186.070312,40.430664,43.282227,186.070312,17,6,0
857,8,cpp_seq,0.003781,4.6e-05,3e-05,0.003858,0.0,0.0,0.0,0.0,17,6,0
857,8,cpp_par,0.002699,3.3e-05,3.4e-05,0.002767,0.0,0.0,0.0,0.0,17,6,0
857,8,cpp_adv,0.002343,4.4e-05,2.9e-05,0.002418,0.0,0.0,0.0,0.0,17,6,0
858,8,seq,0.401252,0.000816,0.000203,0.40227,174.238281,7.032227,5.678711,174.238281,17,0,0
858,8,par,0.231118,0.022302,0.020265,0.273685,185.884766,38.198242,33.50293,185.884766,17,0,0
858,8,weights,0.187172,0.023308,0.000468,0.210949,189.352539,38.603516,6.020508,189.352539,17,0,0
858,8,cpp_seq,0.003532,4.6e-05,1.6e-05,0.003595,0.0,0.0,0.0,0.0,17,0,0
858,8,cpp_par,0.001998,2.6e-05,1.3e-05,0.002037,0.0,0.0,0.0,0.0,17,0,0
858,8,cpp_adv,0.001924,2.6e-05,1.1e-05,0.001961,0.0,0.0,0.0,0.0,17,0,0
859,8,seq,0.770492,0.000889,0.002513,0.773894,208.847656,7.908203,28.12207,208.847656,27,37,2
859,8,par,0.369654,0.026658,0.138032,0.534344,188.986328,40.344727,46.360352,188.986328,27,37,2
859,8,weights,0.312966,0.024733,0.140501,0.4782,190.890625,41.227539,47.360352,190.890625,27,37,2
859,8,cpp_seq,0.006616,5.4e-05,0.000147,0.006817,0.0,0.0,0.0,0.0,27,37,2
859,8,cpp_par,0.003895,3.3e-05,0.000145,0.004074,0.0,0.0,0.0,0.0,27,37,2
859,8,cpp_adv,0.003801,4.4e-05,0.000157,0.004002,0.0,0.0,0.0,0.0,27,37,2
860,8,seq,1.714118,0.000856,0.007622,1.722597,237.490234,7.697266,70.8125,237.490234,27,34,8
860,8,par,0.75158,0.022494,0.14402,0.918094,198.157227,39.873047,53.461914,198.157227,27,34,8
860,8,weights,0.754235,0.024179,0.156488,0.934902,198.088867,40.162109,51.571289,198.088867,27,34,8
860,8,cpp_seq,0.017305,5.6e-05,0.000475,0.017838,0.0,0.0,0.0,0.0,27,34,8
860,8,cpp_par,0.009629,4.2e-05,0.000656,0.010329,0.0,0.0,0.0,0.0,27,34,8
860,8,cpp_adv,0.009479,5.2e-05,0.000457,0.009988,0.0,0.0,0.0,0.0,27,34,8
861,8,seq,0.649344,0.000813,0.004348,0.654505,195.313477,7.705078,38.981445,195.313477,27,28,4
861,8,par,0.319829,0.021905,0.141607,0.483341,190.679688,39.271484,48.188477,190.679688,27,28,4
861,8,weights,0.265634,0.028535,0.147449,0.441618,191.861328,39.261719,48.688477,191.861328,27,28,4
861,8,cpp_seq,0.00564,5.4e-05,0.000237,0.005933,0.0,0.0,0.0,0.0,27,28,4
861,8,cpp_par,0.003769,3.4e-05,0.000236,0.004039,0.0,0.0,0.0,0.0,27,28,4
861,8,cpp_adv,0.00335,3.4e-05,0.00024,0.003625,0.0,0.0,0.0,0.0,27,28,4
862,8,seq,1.033641,0.000816,0.000204,1.034661,197.638672,7.462891,5.678711,197.638672,17,14,0
862,8,par,0.449514,0.021375,0.018566,0.489456,190.453125,38.87207,33.893555,190.453125,17,14,0
862,8,weights,0.44516,0.022416,0.000431,0.468007,192.621094,40.364258,6.036133,192.621094,17,14,0
862,8,cpp_seq,0.007269,4.8e-05,1.8e-05,0.007336,0.0,0.0,0.0,0.0,17,14,0
862,8,cpp_par,0.004033,2.9e-05,1.5e-05,0.004078,0.0,0.0,0.0,0.0,17,14,0
862,8,cpp_adv,0.004759,5.7e-05,1.8e-05,0.004836,0.0,0.0,0.0,0.0,17,14,0
863,8,seq,1.126402,0.000971,0.026569,1.153942,219.376953,8.025391,81.710938,219.376953,24,45,40
863,8,par,0.496667,0.021148,0.157844,0.675659,191.472656,39.220703,73.724609,191.472656,24,45,40
863,8,weights,0.497989,0.022275,0.204771,0.725035,192.68457,41.517578,65.666016,192.68457,24,45,40
863,8,cpp_seq,0.010269,5.4e-05,0.001331,0.011655,0.0,0.0,0.0,0.0,24,45,40
863,8,cpp_par,0.005627,3.1e-05,0.001314,0.006973,0.0,0.0,0.0,0.0,24,45,40
863,8,cpp_adv,0.006412,3.8e-05,0.001352,0.007803,0.0,0.0,0.0,0.0,24,45,40
864,8,seq,0.5597,0.000796,0.000672,0.561168,175.436523,7.603516,9.051758,175.436523,17,11,1
864,8,par,0.224787,0.024372,0.138777,0.387936,179.157227,39.915039,45.157227,179.157227,17,11,1
864,8,weights,0.235562,0.025898,0.139294,0.400753,181.749023,39.425781,45.750977,181.749023,17,11,1
864,8,cpp_seq,0.004056,4.7e-05,6.4e-05,0.004168,0.0,0.0,0.0,0.0,17,11,1
864,8,cpp_par,0.002455,2.7e-05,6.3e-05,0.002545,0.0,0.0,0.0,0.0,17,11,1
864,8,cpp_adv,0.003475,4e-05,8.8e-05,0.003604,0.0,0.0,0.0,0.0,17,11,1
865,8,seq,0.489392,0.000947,0.01551,0.505848,178.521484,7.853516,76.898438,178.521484,24,42,80
865,8,par,0.229968,0.023025,0.163331,0.416324,187.533203,38.945312,69.575195,187.533203,24,42,80
865,8,weights,0.210189,0.026005,0.156644,0.392838,188.603516,39.563477,63.033203,188.603516,24,42,80
865,8,cpp_seq,0.004403,5.3e-05,0.000927,0.005384,0.0,0.0,0.0,0.0,24,42,80
865,8,cpp_par,0.002584,3.1e-05,0.000889,0.003505,0.0,0.0,0.0,0.0,24,42,80
865,8,cpp_adv,0.002905,3.2e-05,0.000904,0.003842,0.0,0.0,0.0,0.0,24,42,80
866,8,seq,0.416715,0.001097,4.865347,5.283159,135.65918,8.995117,1212.546875,1212.546875,44,149,2946
866,8,par,0.172348,0.024089,1.952195,2.148632,157.875,42.779297,5347.367188,5347.367188,44,149,2946
866,8,weights,0.199566,0.029147,1.841762,2.070476,158.552734,41.834961,3442.210938,3442.210938,44,149,2946
866,8,cpp_seq,0.003079,7.3e-05,0.128908,0.132061,0.0,0.0,0.0,0.0,44,149,2946
866,8,cpp_par,0.002022,5.6e-05,0.176898,0.178978,0.0,0.0,0.0,0.0,44,149,2946
866,8,cpp_adv,0.002646,4.4e-05,0.126886,0.129577,0.0,0.0,0.0,0.0,44,149,2946
867,8,seq,0.565321,0.000808,0.000801,0.56693,178.289062,7.728516,10.426758,178.289062,17,18,1
867,8,par,0.257086,0.027678,0.146071,0.430835,177.089844,39.260742,44.954102,177.089844,17,18,1
867,8,weights,0.266539,0.027286,0.149606,0.443431,181.242188,39.140625,45.625977,181.242188,17,18,1
867,8,cpp_seq,0.00571,4.8e-05,6.6e-05,0.005826,0.0,0.0,0.0,0.0,17,18,1
867,8,cpp_par,0.003194,3.2e-05,6.7e-05,0.003293,0.0,0.0,0.0,0.0,17,18,1
867,8,cpp_adv,0.003118,3.1e-05,6.4e-05,0.003214,0.0,0.0,0.0,0.0,17,18,1
868,8,seq,1.195191,0.000788,0.000197,1.196176,222.808594,7.133789,5.678711,222.808594,17,1,0
868,8,par,0.498802,0.024002,0.020558,0.543362,195.427734,38.43457,33.59668,195.427734,17,1,0
868,8,weights,0.497862,0.025499,0.000502,0.523863,195.255859,38.626953,6.020508,195.255859,17,1,0
868,8,cpp_seq,0.009176,8.9e-05,1.8e-05,0.009284,0.0,0.0,0.0,0.0,17,1,0
868,8,cpp_par,0.00475,3.9e-05,1.3e-05,0.004802,0.0,0.0,0.0,0.0,17,1,0
868,8,cpp_adv,0.004955,5.4e-05,1.1e-05,0.005019,0.0,0.0,0.0,0.0,17,1,0
869,8,seq,1.143409,0.000837,0.000202,1.144448,214.080078,7.673828,5.678711,214.080078,27,32,0
869,8,par,0.501507,0.02658,0.020573,0.548659,200.605469,39.494141,33.87793,200.605469,27,32,0
869,8,weights,0.497905,0.02554,0.000436,0.523882,210.452148,43.490234,6.051758,210.452148,27,32,0
869,8,cpp_seq,0.012278,5.5e-05,2.1e-05,0.012355,0.0,0.0,0.0,0.0,27,32,0
869,8,cpp_par,0.006598,3.3e-05,2.1e-05,0.006653,0.0,0.0,0.0,0.0,27,32,0
869,8,cpp_adv,0.006827,4.8e-05,1.8e-05,0.006893,0.0,0.0,0.0,0.0,27,32,0
870,8,seq,0.794979,0.000822,0.001277,0.797078,211.192383,7.728516,16.87207,211.192383,27,27,1
870,8,par,0.445567,0.028723,0.14715,0.621439,193.829102,40.917969,46.297852,193.829102,27,27,1
870,8,weights,0.366019,0.026393,0.146359,0.538772,195.555664,39.339844,46.266602,195.555664,27,27,1
870,8,cpp_seq,0.006914,5.2e-05,0.0001,0.007068,0.0,0.0,0.0,0.0,27,27,1
870,8,cpp_par,0.004794,4.2e-05,0.000135,0.004973,0.0,0.0,0.0,0.0,27,27,1
870,8,cpp_adv,0.004145,3.1e-05,0.0001,0.004276,0.0,0.0,0.0,0.0,27,27,1
871,8,seq,0.612216,0.000996,0.751816,1.365028,179.831055,9.47168,704.28125,704.28125,44,120,2192
871,8,par,0.272071,0.023509,0.508784,0.804364,195.347656,41.333008,1905.24707,1905.24707,44,120,2192
871,8,weights,0.269019,0.025852,0.487712,0.782583,195.06543,40.927734,1164.0,1164.0,44,120,2192
871,8,cpp_seq,0.005976,9e-05,0.032093,0.038162,0.0,0.0,0.0,0.0,44,120,2192
871,8,cpp_par,0.007841,4.3e-05,0.030094,0.037979,0.0,0.0,0.0,0.0,44,120,2192
871,8,cpp_adv,0.003309,4.3e-05,0.028662,0.032015,0.0,0.0,0.0,0.0,44,120,2192
872,8,seq,0.501056,0.000781,0.00058,0.502417,174.257812,7.705078,8.52832,174.257812,16,10,1
872,8,par,0.206869,0.02633,0.15756,0.390759,176.037109,39.537109,45.110352,176.037109,16,10,1
872,8,weights,0.199653,0.028711,0.172488,0.400853,177.124023,39.479492,45.524414,177.124023,16,10,1
872,8,cpp_seq,0.002943,6e-05,5.5e-05,0.003059,0.0,0.0,0.0,0.0,16,10,1
872,8,cpp_par,0.001676,3.9e-05,5.3e-05,0.001768,0.0,0.0,0.0,0.0,16,10,1
872,8,cpp_adv,0.00159,2.5e-05,5.2e-05,0.001667,0.0,0.0,0.0,0.0,16,10,1
873,8,seq,0.410933,0.000788,0.000914,0.412636,171.081055,7.767578,10.833008,171.081055,17,18,1
873,8,par,0.182812,0.027046,0.160239,0.370097,177.262695,38.87793,45.329102,177.262695,17,18,1
873,8,weights,0.186983,0.029534,0.158117,0.374634,178.510742,40.290039,45.219727,178.510742,17,18,1
873,8,cpp_seq,0.004152,4.9e-05,7.3e-05,0.004275,0.0,0.0,0.0,0.0,17,18,1
873,8,cpp_par,0.002354,2.9e-05,7.1e-05,0.002454,0.0,0.0,0.0,0.0,17,18,1
873,8,cpp_adv,0.002183,2.8e-05,7e-05,0.002281,0.0,0.0,0.0,0.0,17,18,1
874,8,seq,0.432006,0.000896,0.240796,0.673699,139.939453,8.259766,172.28125,172.28125,34,72,256
874,8,par,0.227021,0.024308,0.27428,0.525609,149.046875,39.594727,545.701172,545.701172,34,72,256
874,8,weights,0.183463,0.027895,0.275522,0.48688,151.157227,39.741211,221.572266,221.572266,34,72,256
874,8,cpp_seq,0.003732,6e-05,0.008932,0.012725,0.0,0.0,0.0,0.0,34,72,256
874,8,cpp_par,0.002805,3.7e-05,0.008804,0.011647,0.0,0.0,0.0,0.0,34,72,256
874,8,cpp_adv,0.0019,3.7e-05,0.008665,0.010602,0.0,0.0,0.0,0.0,34,72,256
875,8,seq,0.386889,0.000869,0.035472,0.42323,174.387695,8.041016,87.15625,174.387695,27,41,49
875,8,par,0.204595,0.027638,0.197634,0.429867,181.871094,39.564453,83.990234,181.871094,27,41,49
875,8,weights,0.171659,0.025905,0.191186,0.388751,182.994141,40.237305,69.939453,182.994141,27,41,49
875,8,cpp_seq,0.003405,5.4e-05,0.001991,0.00545,0.0,0.0,0.0,0.0,27,41,49
875,8,cpp_par,0.002341,3.1e-05,0.001958,0.004331,0.0,0.0,0.0,0.0,27,41,49
875,8,cpp_adv,0.002052,3.3e-05,0.001899,0.003984,0.0,0.0,0.0,0.0,27,41,49
876,8,seq,0.69622,0.000947,2.808629,3.505797,150.013672,8.487305,817.375,817.375,44,101,1955
876,8,par,0.269682,0.025987,1.27499,1.570659,162.371094,40.556641,3303.212891,3303.212891,44,101,1955
876,8,weights,0.285374,0.033176,1.228282,1.546832,164.704102,42.380859,1907.600586,1907.600586,44,101,1955
876,8,cpp_seq,0.007511,0.000116,0.07664,0.084268,0.0,0.0,0.0,0.0,44,101,1955
876,8,cpp_par,0.007651,6.2e-05,0.073232,0.080947,0.0,0.0,0.0,0.0,44,101,1955
876,8,cpp_adv,0.003604,4.3e-05,0.074604,0.078253,0.0,0.0,0.0,0.0,44,101,1955
877,8,seq,1.030261,0.000959,0.016302,1.047522,207.795898,7.712891,81.71875,207.795898,27,34,16
877,8,par,0.52116,0.025271,0.167273,0.713704,194.337891,39.314453,55.657227,194.337891,27,34,16
877,8,weights,0.395029,0.028186,0.175378,0.598593,196.107422,39.447266,55.439453,196.107422,27,34,16
877,8,cpp_seq,0.006227,5.5e-05,0.000818,0.0071,0.0,0.0,0.0,0.0,27,34,16
877,8,cpp_par,0.003997,3.3e-05,0.000754,0.004785,0.0,0.0,0.0,0.0,27,34,16
877,8,cpp_adv,0.003185,3.2e-05,0.000747,0.003965,0.0,0.0,0.0,0.0,27,34,16
878,8,seq,1.514332,0.000758,0.000199,1.515289,263.476562,7.360352,5.678711,263.476562,17,6,0
878,8,par,0.770308,0.028123,0.023121,0.821552,191.454102,39.988281,34.03418,191.454102,17,6,0
878,8,weights,0.629446,0.026565,0.000516,0.656527,194.860352,39.231445,6.020508,194.860352,17,6,0
878,8,cpp_seq,0.013689,4.8e-05,1.7e-05,0.013755,0.0,0.0,0.0,0.0,17,6,0
878,8,cpp_par,0.008546,2.9e-05,1.2e-05,0.008587,0.0,0.0,0.0,0.0,17,6,0
878,8,cpp_adv,0.007524,5.8e-05,1.3e-05,0.007596,0.0,0.0,0.0,0.0,17,6,0
879,8,seq,0.741314,0.000905,0.000788,0.743007,189.942383,7.666016,10.24707,189.942383,17,17,1
879,8,par,0.351665,0.027389,0.158048,0.537102,184.166016,40.105469,44.704102,184.166016,17,17,1
879,8,weights,0.34655,0.032619,0.154532,0.533701,185.77832,41.705078,45.375977,185.77832,17,17,1
879,8,cpp_seq,0.006709,4.8e-05,6.6e-05,0.006824,0.0,0.0,0.0,0.0,17,17,1
879,8,cpp_par,0.003733,2.8e-05,6.3e-05,0.003825,0.0,0.0,0.0,0.0,17,17,1
879,8,cpp_adv,0.005142,3.8e-05,6.7e-05,0.005248,0.0,0.0,0.0,0.0,17,17,1
880,8,seq,0.483232,0.000786,0.000873,0.484891,169.630859,7.587891,11.012695,169.630859,17,17,1
880,8,par,0.22332,0.028399,0.168931,0.42065,177.982422,39.013672,44.930664,177.982422,17,17,1
880,8,weights,0.210219,0.030752,0.165948,0.406918,179.898438,39.333984,45.719727,179.898438,17,17,1
880,8,cpp_seq,0.004663,6.2e-05,7.4e-05,0.004801,0.0,0.0,0.0,0.0,17,17,1
880,8,cpp_par,0.002688,3.8e-05,7.4e-05,0.002801,0.0,0.0,0.0,0.0,17,17,1
880,8,cpp_adv,0.002653,2.9e-05,7.2e-05,0.002755,0.0,0.0,0.0,0.0,17,17,1
881,8,seq,0.927665,0.001018,1.223932,2.152615,152.041992,8.713867,1032.324219,1032.324219,44,127,2960
881,8,par,0.400491,0.030899,0.679052,1.110441,165.175781,43.375977,2608.851562,2608.851562,44,127,2960
881,8,weights,0.428707,0.026228,0.723767,1.178702,169.484375,43.478516,2260.441406,2260.441406,44,127,2960
881,8,cpp_seq,0.007388,7.5e-05,0.045764,0.053229,0.0,0.0,0.0,0.0,44,127,2960
881,8,cpp_par,0.010771,4.2e-05,0.042662,0.053477,0.0,0.0,0.0,0.0,44,127,2960
881,8,cpp_adv,0.004241,6e-05,0.042738,0.04704,0.0,0.0,0.0,0.0,44,127,2960
882,8,seq,0.757984,0.000799,0.000776,0.75956,185.907227,7.533203,10.62207,185.907227,17,17,1
882,8,par,0.332216,0.026946,0.156855,0.516017,183.871094,39.143555,44.977539,183.871094,17,17,1
882,8,weights,0.306309,0.026545,0.159819,0.492673,184.917969,39.618164,45.516602,184.917969,17,17,1
882,8,cpp_seq,0.005567,4.9e-05,6.9e-05,0.005686,0.0,0.0,0.0,0.0,17,17,1
882,8,cpp_par,0.003076,2.9e-05,6.9e-05,0.003174,0.0,0.0,0.0,0.0,17,17,1
882,8,cpp_adv,0.003529,4.4e-05,9.2e-05,0.003666,0.0,0.0,0.0,0.0,17,17,1
883,8,seq,0.389454,0.000878,0.144509,0.534841,132.897461,8.166016,123.936523,132.897461,34,64,256
883,8,par,0.163838,0.024082,0.233535,0.421455,154.054688,39.429688,164.90332,164.90332,34,64,256
883,8,weights,0.235343,0.02538,0.230377,0.491099,156.070312,39.993164,124.84668,156.070312,34,64,256
883,8,cpp_seq,0.002864,6.2e-05,0.005456,0.008384,0.0,0.0,0.0,0.0,34,64,256
883,8,cpp_par,0.0022,3.6e-05,0.005398,0.007634,0.0,0.0,0.0,0.0,34,64,256
883,8,cpp_adv,0.001563,3.4e-05,0.005274,0.006872,0.0,0.0,0.0,0.0,34,64,256
884,8,seq,0.413018,0.000956,0.000921,0.414895,157.981445,7.744141,11.223633,157.981445,17,17,1
884,8,par,0.178149,0.026014,0.14712,0.351283,157.967773,38.727539,45.282227,157.967773,17,17,1
884,8,weights,0.164595,0.026086,0.154586,0.345266,160.143555,39.360352,45.672852,160.143555,17,17,1
884,8,cpp_seq,0.002859,4.8e-05,7.6e-05,0.002983,0.0,0.0,0.0,0.0,17,17,1
884,8,cpp_par,0.001739,2.8e-05,7.4e-05,0.001842,0.0,0.0,0.0,0.0,17,17,1
884,8,cpp_adv,0.002339,3.9e-05,0.000104,0.002482,0.0,0.0,0.0,0.0,17,17,1
885,8,seq,0.39339,0.000862,0.056775,0.451027,174.618164,7.986328,90.3125,174.618164,27,42,62
885,8,par,0.22973,0.030036,0.195285,0.455052,182.555664,39.453125,92.404297,182.555664,27,42,62
885,8,weights,0.193736,0.025707,0.184418,0.403861,184.181641,40.463867,72.672852,184.181641,27,42,62
885,8,cpp_seq,0.003659,5.5e-05,0.002368,0.006082,0.0,0.0,0.0,0.0,27,42,62
885,8,cpp_par,0.002555,3.2e-05,0.002359,0.004946,0.0,0.0,0.0,0.0,27,42,62
885,8,cpp_adv,0.002276,3.4e-05,0.002302,0.004612,0.0,0.0,0.0,0.0,27,42,62
886,8,seq,0.867224,0.000923,0.037778,0.905926,209.537109,7.970703,85.125,209.537109,27,48,48
886,8,par,0.430431,0.025603,0.181654,0.637688,190.262695,39.854492,79.623047,190.262695,27,48,48
886,8,weights,0.361399,0.027246,0.179905,0.56855,193.280273,39.674805,68.642578,193.280273,27,48,48
886,8,cpp_seq,0.007882,5.6e-05,0.001716,0.009656,0.0,0.0,0.0,0.0,27,48,48
886,8,cpp_par,0.005291,3.5e-05,0.001755,0.007082,0.0,0.0,0.0,0.0,27,48,48
886,8,cpp_adv,0.004625,3.6e-05,0.001731,0.006392,0.0,0.0,0.0,0.0,27,48,48
887,8,seq,0.618145,0.000988,0.24629,0.865424,182.143555,8.197266,168.53125,182.143555,34,64,256
887,8,par,0.286663,0.030153,0.267689,0.584505,183.65332,39.705078,340.779297,340.779297,34,64,256
887,8,weights,0.26813,0.026146,0.267956,0.562232,185.227539,40.4375,226.298828,226.298828,34,64,256
887,8,cpp_seq,0.005459,6e-05,0.009269,0.014788,0.0,0.0,0.0,0.0,34,64,256
887,8,cpp_par,0.003585,3.4e-05,0.009061,0.012682,0.0,0.0,0.0,0.0,34,64,256
887,8,cpp_adv,0.002997,3.6e-05,0.009046,0.012079,0.0,0.0,0.0,0.0,34,64,256
888,8,seq,0.436369,0.000976,1.083199,1.520544,139.731445,8.495117,605.613281,605.613281,37,101,1803
888,8,par,0.175231,0.028342,0.591787,0.79536,162.573242,41.338867,1937.672852,1937.672852,37,101,1803
888,8,weights,0.194476,0.026442,0.596674,0.817592,163.480469,42.427734,1045.667969,1045.667969,37,101,1803
888,8,cpp_seq,0.004393,6.9e-05,0.03893,0.043394,0.0,0.0,0.0,0.0,37,101,1803
888,8,cpp_par,0.00252,3.9e-05,0.037072,0.039631,0.0,0.0,0.0,0.0,37,101,1803
888,8,cpp_adv,0.006067,5e-05,0.036693,0.042811,0.0,0.0,0.0,0.0,37,101,1803
889,8,seq,1.685056,0.000807,0.074232,1.760096,243.660156,7.947266,112.617188,243.660156,27,55,144
889,8,par,0.750121,0.029237,0.215318,0.994677,190.760742,40.086914,231.293945,231.293945,27,55,144
889,8,weights,0.734351,0.030459,0.202731,0.967541,192.364258,39.577148,87.50293,192.364258,27,55,144
889,8,cpp_seq,0.010462,5.7e-05,0.003545,0.014065,0.0,0.0,0.0,0.0,27,55,144
889,8,cpp_par,0.005763,3.5e-05,0.00349,0.009289,0.0,0.0,0.0,0.0,27,55,144
889,8,cpp_adv,0.00637,5.7e-05,0.003477,0.009905,0.0,0.0,0.0,0.0,27,55,144
890,8,seq,0.440061,0.000765,0.000237,0.441062,179.799805,7.211914,5.678711,179.799805,17,4,0
890,8,par,0.206904,0.027293,0.023883,0.25808,181.396484,40.46582,33.50293,181.396484,17,4,0
890,8,weights,0.163768,0.028255,0.000455,0.192477,180.375,40.677734,6.020508,180.375,17,4,0
890,8,cpp_seq,0.001895,4.8e-05,1.5e-05,0.001959,0.0,0.0,0.0,0.0,17,4,0
890,8,cpp_par,0.001294,2.6e-05,1.2e-05,0.001333,0.0,0.0,0.0,0.0,17,4,0
890,8,cpp_adv,0.001014,2.6e-05,1.3e-05,0.001053,0.0,0.0,0.0,0.0,17,4,0
891,8,seq,0.567444,0.000759,0.000198,0.568401,181.686523,7.508789,5.678711,181.686523,17,9,0
891,8,par,0.235575,0.027376,0.025815,0.288767,184.391602,39.232422,33.518555,184.391602,17,9,0
891,8,weights,0.241254,0.026547,0.000546,0.268347,183.939453,40.518555,6.036133,183.939453,17,9,0
891,8,cpp_seq,0.004987,4.6e-05,1.7e-05,0.005051,0.0,0.0,0.0,0.0,17,9,0
891,8,cpp_par,0.00276,2.7e-05,1.5e-05,0.002802,0.0,0.0,0.0,0.0,17,9,0
891,8,cpp_adv,0.002727,2.7e-05,1.3e-05,0.002766,0.0,0.0,0.0,0.0,17,9,0
892,8,seq,0.578739,0.000691,0.000207,0.579637,192.887695,7.000977,5.678711,192.887695,17,0,0
892,8,par,0.309022,0.026833,0.020621,0.356476,187.008789,38.908203,35.03418,187.008789,17,0,0
892,8,weights,0.244689,0.03031,0.000448,0.275447,188.755859,38.947266,6.020508,188.755859,17,0,0
892,8,cpp_seq,0.002406,4.3e-05,1.2e-05,0.002462,0.0,0.0,0.0,0.0,17,0,0
892,8,cpp_par,0.001843,4.1e-05,1.6e-05,0.0019,0.0,0.0,0.0,0.0,17,0,0
892,8,cpp_adv,0.001363,2.7e-05,2.8e-05,0.001419,0.0,0.0,0.0,0.0,17,0,0
893,8,seq,0.563835,0.000816,0.000894,0.565545,194.977539,7.673828,11.614258,194.977539,17,18,1
893,8,par,0.250674,0.025005,0.221341,0.49702,182.339844,40.595703,45.157227,182.339844,17,18,1
893,8,weights,0.244816,0.029124,0.155669,0.429609,184.072266,39.229492,45.758789,184.072266,17,18,1
893,8,cpp_seq,0.0051,5.1e-05,8e-05,0.005232,0.0,0.0,0.0,0.0,17,18,1
893,8,cpp_par,0.003038,3.1e-05,8.1e-05,0.00315,0.0,0.0,0.0,0.0,17,18,1
893,8,cpp_adv,0.002933,3e-05,8e-05,0.003044,0.0,0.0,0.0,0.0,17,18,1
894,8,seq,0.381947,0.000798,0.020043,0.402788,166.584961,7.712891,75.164062,166.584961,27,32,16
894,8,par,0.179096,0.02919,0.180435,0.388721,174.484375,40.416992,64.329102,174.484375,27,32,16
894,8,weights,0.153721,0.029695,0.17794,0.361357,176.613281,40.365234,58.291016,176.613281,27,32,16
894,8,cpp_seq,0.002375,5.7e-05,0.001188,0.003622,0.0,0.0,0.0,0.0,27,32,16
894,8,cpp_par,0.001449,3.2e-05,0.001125,0.002607,0.0,0.0,0.0,0.0,27,32,16
894,8,cpp_adv,0.001324,4.5e-05,0.001122,0.002492,0.0,0.0,0.0,0.0,27,32,16
895,8,seq,0.408242,0.0009,0.001146,0.410287,167.329102,7.712891,12.786133,167.329102,17,22,1
895,8,par,0.149574,0.025168,0.166617,0.341359,163.367188,39.075195,45.282227,163.367188,17,22,1
895,8,weights,0.163957,0.030998,0.220906,0.415862,165.0625,39.865234,45.782227,165.0625,17,22,1
895,8,cpp_seq,0.004417,4.9e-05,8.2e-05,0.004549,0.0,0.0,0.0,0.0,17,22,1
895,8,cpp_par,0.002494,3e-05,8e-05,0.002605,0.0,0.0,0.0,0.0,17,22,1
895,8,cpp_adv,0.002706,3.1e-05,8.2e-05,0.002819,0.0,0.0,0.0,0.0,17,22,1
896,8,seq,0.990796,0.000954,1.209346,2.201096,221.442383,8.494141,616.117188,616.117188,40,96,1336
896,8,par,0.3603,0.029231,0.651916,1.041448,175.131836,40.239258,2308.146484,2308.146484,40,96,1336
896,8,weights,0.345606,0.030334,0.677791,1.053731,175.932617,41.849609,1585.300781,1585.300781,40,96,1336
896,8,cpp_seq,0.007402,6.2e-05,0.049434,0.0569,0.0,0.0,0.0,0.0,40,96,1336
896,8,cpp_par,0.006482,3.4e-05,0.049759,0.056276,0.0,0.0,0.0,0.0,40,96,1336
896,8,cpp_adv,0.003487,3.5e-05,0.049684,0.053209,0.0,0.0,0.0,0.0,40,96,1336
897,8,seq,0.258632,0.000871,0.064182,0.323686,123.642578,7.955078,112.632812,123.642578,27,42,80
897,8,par,0.130479,0.027507,0.212986,0.370972,144.999023,39.114258,107.482422,144.999023,27,42,80
897,8,weights,0.123882,0.029919,0.202983,0.356784,146.351562,39.640625,80.326172,146.351562,27,42,80
897,8,cpp_seq,0.002639,7.2e-05,0.002976,0.005688,0.0,0.0,0.0,0.0,27,42,80
897,8,cpp_par,0.001731,3.2e-05,0.002948,0.004711,0.0,0.0,0.0,0.0,27,42,80
897,8,cpp_adv,0.001517,3.1e-05,0.003055,0.004604,0.0,0.0,0.0,0.0,27,42,80
898,8,seq,0.857234,0.000784,0.000788,0.858807,208.44043,7.626953,10.62207,208.44043,17,15,1
898,8,par,0.426693,0.025601,0.155145,0.607439,185.257812,38.678711,45.211914,185.257812,17,15,1
898,8,weights,0.349504,0.02531,0.155563,0.530378,186.018555,39.904297,45.282227,186.018555,17,15,1
898,8,cpp_seq,0.009676,5e-05,7.3e-05,0.0098,0.0,0.0,0.0,0.0,17,15,1
898,8,cpp_par,0.005894,7.3e-05,7.1e-05,0.006039,0.0,0.0,0.0,0.0,17,15,1
898,8,cpp_adv,0.00504,3e-05,7e-05,0.005141,0.0,0.0,0.0,0.0,17,15,1
899,8,seq,1.614245,0.000831,0.000207,1.615283,258.165039,7.149414,5.678711,258.165039,17,2,0
899,8,par,0.734355,0.028115,0.021938,0.784407,194.920898,38.566406,33.59668,194.920898,17,2,0
899,8,weights,0.694082,0.028531,0.000455,0.723068,198.207031,39.316406,6.020508,198.207031,17,2,0
899,8,cpp_seq,0.011916,4.4e-05,1.4e-05,0.011975,0.0,0.0,0.0,0.0,17,2,0
899,8,cpp_par,0.008588,3.5e-05,1.4e-05,0.008638,0.0,0.0,0.0,0.0,17,2,0
899,8,cpp_adv,0.007032,3.8e-05,1.2e-05,0.007082,0.0,0.0,0.0,0.0,17,2,0
900,8,seq,0.784615,0.000834,0.007126,0.792575,184.438477,8.009766,51.726562,184.438477,27,34,19
900,8,par,0.357038,0.027361,0.169561,0.553959,166.648438,41.249023,51.383789,166.648438,27,34,19
900,8,weights,0.31825,0.027826,0.169244,0.51532,169.457031,40.283203,50.821289,169.457031,27,34,19
900,8,cpp_seq,0.005187,5.6e-05,0.000515,0.005759,0.0,0.0,0.0,0.0,27,34,19
900,8,cpp_par,0.003144,3.3e-05,0.000509,0.003686,0.0,0.0,0.0,0.0,27,34,19
900,8,cpp_adv,0.002981,3.1e-05,0.00053,0.003543,0.0,0.0,0.0,0.0,27,34,19
901,8,seq,0.546344,0.000838,0.001439,0.54862,181.932617,7.978516,19.43457,181.932617,24,38,1
901,8,par,0.254042,0.027421,0.156884,0.438348,181.571289,40.080078,45.282227,181.571289,24,38,1
901,8,weights,0.245372,0.027908,0.158245,0.431525,184.650391,40.056641,45.750977,184.650391,24,38,1
901,8,cpp_seq,0.004835,5.4e-05,0.000107,0.004997,0.0,0.0,0.0,0.0,24,38,1
901,8,cpp_par,0.003468,4.3e-05,0.00011,0.003621,0.0,0.0,0.0,0.0,24,38,1
901,8,cpp_adv,0.002791,3e-05,0.000104,0.002926,0.0,0.0,0.0,0.0,24,38,1
902,8,seq,0.544491,0.000781,0.000751,0.546023,183.402344,7.697266,10.223633,183.402344,17,13,1
902,8,par,0.257702,0.023657,0.159363,0.440722,179.713867,39.326172,45.086914,179.713867,17,13,1
902,8,weights,0.220733,0.027862,0.158358,0.406953,179.582031,40.708984,45.641602,179.582031,17,13,1
902,8,cpp_seq,0.00403,4.8e-05,7.2e-05,0.004151,0.0,0.0,0.0,0.0,17,13,1
902,8,cpp_par,0.002605,3.6e-05,7.5e-05,0.002718,0.0,0.0,0.0,0.0,17,13,1
902,8,cpp_adv,0.002517,2.9e-05,7.1e-05,0.002618,0.0,0.0,0.0,0.0,17,13,1
903,8,seq,1.368695,0.000802,0.000684,1.370181,239.652344,7.767578,9.450195,239.652344,17,15,1
903,8,par,0.640901,0.025762,0.161677,0.82834,191.385742,39.610352,44.985352,191.385742,17,15,1
903,8,weights,0.661816,0.028826,0.158346,0.848987,192.84082,40.324219,45.594727,192.84082,17,15,1
903,8,cpp_seq,0.012152,4.9e-05,6.2e-05,0.012264,0.0,0.0,0.0,0.0,17,15,1
903,8,cpp_par,0.006382,2.8e-05,5.9e-05,0.00647,0.0,0.0,0.0,0.0,17,15,1
903,8,cpp_adv,0.006625,5.9e-05,6e-05,0.006744,0.0,0.0,0.0,0.0,17,15,1
904,8,seq,0.508291,0.000768,0.000201,0.509259,192.962891,7.391602,5.678711,192.962891,17,7,0
904,8,par,0.29032,0.025596,0.021022,0.336938,193.859375,41.966797,34.010742,193.859375,17,7,0
904,8,weights,0.228849,0.029149,0.000714,0.258712,188.624023,41.201172,6.02832,188.624023,17,7,0
904,8,cpp_seq,0.005492,4.6e-05,1.5e-05,0.005555,0.0,0.0,0.0,0.0,17,7,0
904,8,cpp_par,0.004061,3e-05,1.5e-05,0.004107,0.0,0.0,0.0,0.0,17,7,0
904,8,cpp_adv,0.0031,2.6e-05,1.2e-05,0.003139,0.0,0.0,0.0,0.0,17,7,0
905,8,seq,0.493152,0.000805,0.000787,0.494744,179.03418,7.775391,10.426758,179.03418,17,18,1
905,8,par,0.267232,0.027542,0.157276,0.45205,173.641602,39.513672,45.180664,173.641602,17,18,1
905,8,weights,0.229534,0.027972,0.161739,0.419246,175.181641,40.541016,45.227539,175.181641,17,18,1
905,8,cpp_seq,0.00337,4.9e-05,6.7e-05,0.003487,0.0,0.0,0.0,0.0,17,18,1
905,8,cpp_par,0.001832,2.8e-05,6.3e-05,0.001924,0.0,0.0,0.0,0.0,17,18,1
905,8,cpp_adv,0.001748,3e-05,6.5e-05,0.001844,0.0,0.0,0.0,0.0,17,18,1
906,8,seq,0.645212,0.00078,0.000904,0.646896,182.266602,7.626953,12.200195,182.266602,17,17,1
906,8,par,0.326046,0.027814,0.157594,0.511454,178.334961,40.615234,45.313477,178.334961,17,17,1
906,8,weights,0.332475,0.027635,0.162682,0.522792,180.75293,39.404297,45.915039,180.75293,17,17,1
906,8,cpp_seq,0.002884,4.7e-05,8.4e-05,0.003016,0.0,0.0,0.0,0.0,17,17,1
906,8,cpp_par,0.001847,2.9e-05,8.2e-05,0.001959,0.0,0.0,0.0,0.0,17,17,1
906,8,cpp_adv,0.001813,6.2e-05,8.5e-05,0.001962,0.0,0.0,0.0,0.0,17,17,1
907,8,seq,0.923686,0.000931,0.28998,1.214597,203.287109,8.345703,176.023438,203.287109,34,84,256
907,8,par,0.370316,0.028018,0.295455,0.69379,192.255859,40.232422,564.404297,564.404297,34,84,256
907,8,weights,0.378517,0.026781,0.277367,0.682665,195.407227,40.360352,229.236328,229.236328,34,84,256
907,8,cpp_seq,0.007389,6.1e-05,0.010144,0.017595,0.0,0.0,0.0,0.0,34,84,256
907,8,cpp_par,0.00458,3.6e-05,0.009586,0.014204,0.0,0.0,0.0,0.0,34,84,256
907,8,cpp_adv,0.004617,4e-05,0.009533,0.01419,0.0,0.0,0.0,0.0,34,84,256
908,8,seq,0.406332,0.000907,0.000491,0.40773,173.412109,7.759766,7.49707,173.412109,16,12,0
908,8,par,0.158986,0.024989,0.068276,0.252251,175.702148,39.138672,43.454102,175.702148,16,12,0
908,8,weights,0.156851,0.032843,0.072102,0.261796,179.926758,39.287109,43.344727,179.926758,16,12,0
908,8,cpp_seq,0.003148,5.5e-05,3.7e-05,0.003242,0.0,0.0,0.0,0.0,16,12,0
908,8,cpp_par,0.001942,4.9e-05,3.3e-05,0.002025,0.0,0.0,0.0,0.0,16,12,0
908,8,cpp_adv,0.001611,2.5e-05,3e-05,0.001666,0.0,0.0,0.0,0.0,16,12,0
909,8,seq,0.420266,0.000975,0.646093,1.067334,156.892578,8.604492,608.535156,608.535156,37,106,1911
909,8,par,0.187197,0.026833,0.455848,0.669879,162.5,40.571289,1444.204102,1444.204102,37,106,1911
909,8,weights,0.196104,0.026927,0.464182,0.687213,163.717773,41.589844,1012.222656,1012.222656,37,106,1911
909,8,cpp_seq,0.004124,6.8e-05,0.024853,0.029046,0.0,0.0,0.0,0.0,37,106,1911
909,8,cpp_par,0.006604,3.8e-05,0.022893,0.029537,0.0,0.0,0.0,0.0,37,106,1911
909,8,cpp_adv,0.002333,3.9e-05,0.02295,0.025323,0.0,0.0,0.0,0.0,37,106,1911
910,8,seq,0.499321,0.00073,0.000204,0.500256,176.511719,7.211914,5.678711,176.511719,17,4,0
910,8,par,0.234169,0.026567,0.021181,0.281918,182.297852,40.420898,33.50293,182.297852,17,4,0
910,8,weights,0.232042,0.030001,0.000446,0.262489,183.908203,39.12793,6.020508,183.908203,17,4,0
910,8,cpp_seq,0.002046,4.5e-05,1.2e-05,0.002103,0.0,0.0,0.0,0.0,17,4,0
910,8,cpp_par,0.001295,2.7e-05,1.1e-05,0.001334,0.0,0.0,0.0,0.0,17,4,0
910,8,cpp_adv,0.001219,2.7e-05,1.2e-05,0.001258,0.0,0.0,0.0,0.0,17,4,0
911,8,seq,0.479338,0.000917,0.133339,0.613595,173.800781,8.166016,133.639648,173.800781,34,60,256
911,8,par,0.225411,0.033095,0.249424,0.507929,188.183594,40.904297,330.458008,330.458008,34,60,256
911,8,weights,0.221391,0.026687,0.233592,0.48167,189.319336,40.181641,123.75293,189.319336,34,60,256
911,8,cpp_seq,0.004285,5.9e-05,0.005546,0.009892,0.0,0.0,0.0,0.0,34,60,256
911,8,cpp_par,0.002923,3.5e-05,0.005569,0.008527,0.0,0.0,0.0,0.0,34,60,256
911,8,cpp_adv,0.002866,3.6e-05,0.005662,0.008565,0.0,0.0,0.0,0.0,34,60,256
912,8,seq,0.558748,0.000863,0.000727,0.560338,179.889648,7.728516,10.426758,179.889648,17,15,1
912,8,par,0.241662,0.027377,0.165393,0.434432,180.283203,39.510742,45.047852,180.283203,17,15,1
912,8,weights,0.237887,0.031107,0.154059,0.423053,182.300781,39.894531,45.407227,182.300781,17,15,1
912,8,cpp_seq,0.00454,4.8e-05,6.7e-05,0.004656,0.0,0.0,0.0,0.0,17,15,1
912,8,cpp_par,0.002705,2.9e-05,6.8e-05,0.002803,0.0,0.0,0.0,0.0,17,15,1
912,8,cpp_adv,0.002639,2.9e-05,6.5e-05,0.002733,0.0,0.0,0.0,0.0,17,15,1
913,8,seq,0.945482,0.000757,0.000202,0.94644,197.308594,7.180664,5.678711,197.308594,17,2,0
913,8,par,0.370431,0.026977,0.0216,0.419008,190.679688,38.306641,33.62793,190.679688,17,2,0
913,8,weights,0.389251,0.02839,0.000436,0.418077,192.46875,39.78418,6.020508,192.46875,17,2,0
913,8,cpp_seq,0.006285,4.5e-05,1.3e-05,0.006345,0.0,0.0,0.0,0.0,17,2,0
913,8,cpp_par,0.003308,2.8e-05,1.3e-05,0.00335,0.0,0.0,0.0,0.0,17,2,0
913,8,cpp_adv,0.003299,2.7e-05,1.1e-05,0.003337,0.0,0.0,0.0,0.0,17,2,0
914,8,seq,0.818339,0.000879,0.022051,0.841269,206.371094,8.017578,76.226562,206.371094,27,45,31
914,8,par,0.383239,0.031176,0.183407,0.597822,190.579102,41.038086,60.516602,190.579102,27,45,31
914,8,weights,0.394451,0.028339,0.179618,0.602409,190.087891,39.920898,55.126953,190.087891,27,45,31
914,8,cpp_seq,0.008009,5.6e-05,0.00112,0.009186,0.0,0.0,0.0,0.0,27,45,31
914,8,cpp_par,0.004115,3.4e-05,0.001144,0.005295,0.0,0.0,0.0,0.0,27,45,31
914,8,cpp_adv,0.004771,5.4e-05,0.001174,0.006,0.0,0.0,0.0,0.0,27,45,31
915,8,seq,0.549169,0.000862,0.018599,0.56863,187.587891,8.041016,78.904297,187.587891,27,41,46
915,8,par,0.247164,0.027187,0.187435,0.461785,189.354492,40.209961,57.547852,189.354492,27,41,46
915,8,weights,0.253551,0.025319,0.180096,0.458966,190.832031,40.686523,53.822266,190.832031,27,41,46
915,8,cpp_seq,0.005649,5.4e-05,0.001193,0.006898,0.0,0.0,0.0,0.0,27,41,46
915,8,cpp_par,0.003426,3.5e-05,0.001072,0.004534,0.0,0.0,0.0,0.0,27,41,46
915,8,cpp_adv,0.003553,3.1e-05,0.001055,0.00464,0.0,0.0,0.0,0.0,27,41,46
916,8,seq,0.696753,0.000783,0.000748,0.698284,205.390625,7.533203,10.231445,205.390625,17,17,1
916,8,par,0.298663,0.026408,0.163967,0.489038,183.943359,39.052734,44.946289,183.943359,17,17,1
916,8,weights,0.29724,0.026005,0.158243,0.481488,185.245117,39.935547,44.985352,185.245117,17,17,1
916,8,cpp_seq,0.008247,4.8e-05,6.4e-05,0.00836,0.0,0.0,0.0,0.0,17,17,1
916,8,cpp_par,0.004999,3.2e-05,6.5e-05,0.005097,0.0,0.0,0.0,0.0,17,17,1
916,8,cpp_adv,0.004719,2.9e-05,6.1e-05,0.00481,0.0,0.0,0.0,0.0,17,17,1
917,8,seq,0.549255,0.001,0.702679,1.252934,138.082031,8.854492,546.480469,546.480469,44,128,1687
917,8,par,0.213862,0.029599,0.462109,0.70557,162.300781,40.349609,1365.727539,1365.727539,44,128,1687
917,8,weights,0.270257,0.02745,0.484924,0.78263,164.144531,40.806641,941.589844,941.589844,44,128,1687
917,8,cpp_seq,0.00403,7e-05,0.022542,0.026644,0.0,0.0,0.0,0.0,44,128,1687
917,8,cpp_par,0.002448,8e-05,0.020982,0.023511,0.0,0.0,0.0,0.0,44,128,1687
917,8,cpp_adv,0.006533,5.1e-05,0.020988,0.027573,0.0,0.0,0.0,0.0,44,128,1687
918,8,seq,1.034357,0.000896,0.092434,1.127688,212.864258,8.259766,119.6875,212.864258,34,72,256
918,8,par,0.465858,0.027486,0.215605,0.708949,193.791016,39.489258,144.262695,193.791016,34,72,256
918,8,weights,0.540933,0.0303,0.27391,0.845143,195.510742,40.352539,122.37793,195.510742,34,72,256
918,8,cpp_seq,0.007703,6e-05,0.003993,0.011757,0.0,0.0,0.0,0.0,34,72,256
918,8,cpp_par,0.004482,3.6e-05,0.004007,0.008526,0.0,0.0,0.0,0.0,34,72,256
918,8,cpp_adv,0.004345,3.7e-05,0.004157,0.008539,0.0,0.0,0.0,0.0,34,72,256
919,8,seq,0.55858,0.000927,0.05712,0.616628,188.711914,8.158203,89.976562,188.711914,34,60,48
919,8,par,0.395679,0.027138,0.189396,0.612212,191.09082,40.813477,86.248047,191.09082,34,60,48
919,8,weights,0.239155,0.030405,0.192624,0.462184,192.914062,39.862305,73.259766,192.914062,34,60,48
919,8,cpp_seq,0.004456,5.9e-05,0.002212,0.006728,0.0,0.0,0.0,0.0,34,60,48
919,8,cpp_par,0.003236,3.6e-05,0.002126,0.005398,0.0,0.0,0.0,0.0,34,60,48
919,8,cpp_adv,0.002658,3.5e-05,0.002135,0.004829,0.0,0.0,0.0,0.0,34,60,48
920,8,seq,1.401861,0.001162,0.08004,1.483064,232.555664,7.783203,128.702148,232.555664,24,46,192
920,8,par,0.609485,0.030962,0.244039,0.884487,185.761719,39.65332,185.388672,185.761719,24,46,192
920,8,weights,0.577475,0.030267,0.208535,0.816277,187.749023,39.361328,128.990234,187.749023,24,46,192
920,8,cpp_seq,0.014984,5.2e-05,0.005174,0.020212,0.0,0.0,0.0,0.0,24,46,192
920,8,cpp_par,0.008,5.9e-05,0.004997,0.013057,0.0,0.0,0.0,0.0,24,46,192
920,8,cpp_adv,0.008899,5e-05,0.004984,0.013935,0.0,0.0,0.0,0.0,24,46,192
921,8,seq,0.766903,0.000792,0.001093,0.768788,209.389648,7.564453,13.192383,209.389648,27,20,1
921,8,par,0.450339,0.024904,0.1575,0.632744,192.59082,40.552734,46.446289,192.59082,27,20,1
921,8,weights,0.308575,0.029468,0.161431,0.499474,194.073242,39.435547,46.633789,194.073242,27,20,1
921,8,cpp_seq,0.006023,5.1e-05,8.8e-05,0.006163,0.0,0.0,0.0,0.0,27,20,1
921,8,cpp_par,0.004611,3.3e-05,0.000109,0.004754,0.0,0.0,0.0,0.0,27,20,1
921,8,cpp_adv,0.003641,3e-05,8.6e-05,0.003757,0.0,0.0,0.0,0.0,27,20,1
922,8,seq,0.469039,0.000857,0.000865,0.470761,177.978516,7.587891,11.856445,177.978516,16,16,1
922,8,par,0.162753,0.027565,0.168199,0.358518,178.553711,39.138672,45.336914,178.553711,16,16,1
922,8,weights,0.164273,0.029506,0.163816,0.357595,180.799805,39.978516,46.172852,180.799805,16,16,1
922,8,cpp_seq,0.005649,4.4e-05,8.7e-05,0.005781,0.0,0.0,0.0,0.0,16,16,1
922,8,cpp_par,0.003395,2.7e-05,9.1e-05,0.003514,0.0,0.0,0.0,0.0,16,16,1
922,8,cpp_adv,0.002906,2.5e-05,8e-05,0.003011,0.0,0.0,0.0,0.0,16,16,1
923,8,seq,0.435211,0.000976,0.249902,0.68609,130.869141,8.720703,175.664062,175.664062,34,88,256
923,8,par,0.241946,0.024277,0.279283,0.545506,150.49707,40.650391,558.560547,558.560547,34,88,256
923,8,weights,0.212586,0.029951,0.279349,0.521885,152.787109,40.829102,226.673828,226.673828,34,88,256
923,8,cpp_seq,0.002894,6.2e-05,0.009689,0.012647,0.0,0.0,0.0,0.0,34,88,256
923,8,cpp_par,0.00219,5e-05,0.009208,0.011449,0.0,0.0,0.0,0.0,34,88,256
923,8,cpp_adv,0.002101,5.1e-05,0.009104,0.011256,0.0,0.0,0.0,0.0,34,88,256
924,8,seq,2.403075,0.000924,0.236174,2.640173,200.611328,8.306641,166.851562,200.611328,34,76,256
924,8,par,0.350886,0.026885,0.255907,0.633678,188.832031,39.5,273.927734,273.927734,34,76,256
924,8,weights,0.285393,0.028194,0.261996,0.575583,189.089844,40.53125,195.205078,195.205078,34,76,256
924,8,cpp_seq,0.003142,6e-05,0.008305,0.011509,0.0,0.0,0.0,0.0,34,76,256
924,8,cpp_par,0.002743,3.5e-05,0.00803,0.010809,0.0,0.0,0.0,0.0,34,76,256
924,8,cpp_adv,0.001715,4.2e-05,0.00777,0.009528,0.0,0.0,0.0,0.0,34,76,256
925,8,seq,0.46899,0.000806,0.000474,0.47027,174.629883,7.454102,6.848633,174.629883,24,7,0
925,8,par,0.193562,0.029547,0.13689,0.36,180.271484,38.956055,44.602539,180.271484,24,7,0
925,8,weights,0.189951,0.02911,0.14985,0.368911,183.009766,39.887695,45.243164,183.009766,24,7,0
925,8,cpp_seq,0.003456,4.4e-05,3.7e-05,0.003539,0.0,0.0,0.0,0.0,24,7,0
925,8,cpp_par,0.001908,2.7e-05,3.5e-05,0.00197,0.0,0.0,0.0,0.0,24,7,0
925,8,cpp_adv,0.00193,2.8e-05,3.7e-05,0.001996,0.0,0.0,0.0,0.0,24,7,0
926,8,seq,0.449156,0.000795,0.000718,0.450669,175.56543,7.619141,10.223633,175.56543,17,13,1
926,8,par,0.195671,0.025261,0.166691,0.387623,179.089844,39.916992,45.15332,179.089844,17,13,1
926,8,weights,0.185902,0.025893,0.164664,0.376459,181.239258,39.681641,45.645508,181.239258,17,13,1
926,8,cpp_seq,0.004518,4.8e-05,7.9e-05,0.004647,0.0,0.0,0.0,0.0,17,13,1
926,8,cpp_par,0.002326,2.7e-05,6.9e-05,0.002423,0.0,0.0,0.0,0.0,17,13,1
926,8,cpp_adv,0.002347,2.9e-05,6.9e-05,0.002445,0.0,0.0,0.0,0.0,17,13,1
927,8,seq,0.680468,0.000817,0.000202,0.681487,227.164062,7.345703,5.678711,227.164062,17,12,0
927,8,par,0.393707,0.024317,0.023688,0.441712,186.799805,38.460938,33.790039,186.799805,17,12,0
927,8,weights,0.310971,0.029246,0.000464,0.340681,190.233398,41.095703,6.020508,190.233398,17,12,0
927,8,cpp_seq,0.007368,4.6e-05,1.3e-05,0.007427,0.0,0.0,0.0,0.0,17,12,0
927,8,cpp_par,0.005104,3.3e-05,1.6e-05,0.005155,0.0,0.0,0.0,0.0,17,12,0
927,8,cpp_adv,0.004528,3.6e-05,1.2e-05,0.004577,0.0,0.0,0.0,0.0,17,12,0
928,8,seq,1.012003,0.000829,0.037288,1.050119,202.763672,8.056641,85.914062,202.763672,27,39,76
928,8,par,0.423571,0.026271,0.192809,0.642651,192.238281,39.793945,81.691406,192.238281,27,39,76
928,8,weights,0.40711,0.030135,0.185552,0.622798,192.265625,39.702148,69.640625,192.265625,27,39,76
928,8,cpp_seq,0.007213,5.5e-05,0.001998,0.009267,0.0,0.0,0.0,0.0,27,39,76
928,8,cpp_par,0.004186,4.3e-05,0.002017,0.006246,0.0,0.0,0.0,0.0,27,39,76
928,8,cpp_adv,0.004198,3.5e-05,0.001926,0.006159,0.0,0.0,0.0,0.0,27,39,76
929,8,seq,1.35061,0.000825,0.004646,1.356082,213.490234,7.642578,59.044922,213.490234,27,23,16
929,8,par,0.619402,0.027652,0.170146,0.817199,197.209961,38.430664,51.458008,197.209961,27,23,16
929,8,weights,0.598985,0.02616,0.172584,0.797728,200.450195,39.469727,50.629883,200.450195,27,23,16
929,8,cpp_seq,0.005076,5.4e-05,0.000457,0.005588,0.0,0.0,0.0,0.0,27,23,16
929,8,cpp_par,0.002733,3.1e-05,0.00047,0.003235,0.0,0.0,0.0,0.0,27,23,16
929,8,cpp_adv,0.002841,3e-05,0.00044,0.003311,0.0,0.0,0.0,0.0,27,23,16
930,8,seq,0.520897,0.000952,0.045322,0.567172,170.521484,7.994141,94.132812,170.521484,27,62,192
930,8,par,0.244297,0.027002,0.19408,0.465379,175.313477,39.118164,123.19043,175.313477,27,62,192
930,8,weights,0.255791,0.031391,0.192134,0.479316,176.868164,39.488281,104.868164,176.868164,27,62,192
930,8,cpp_seq,0.005338,5.8e-05,0.002734,0.008132,0.0,0.0,0.0,0.0,27,62,192
930,8,cpp_par,0.00318,3.3e-05,0.002689,0.005903,0.0,0.0,0.0,0.0,27,62,192
930,8,cpp_adv,0.00289,3.3e-05,0.00278,0.005703,0.0,0.0,0.0,0.0,27,62,192
931,8,seq,0.494146,0.000784,0.000879,0.495808,174.202148,7.619141,11.418945,174.202148,17,17,1
931,8,par,0.196877,0.031478,0.161052,0.389408,177.193359,39.204102,45.395508,177.193359,17,17,1
931,8,weights,0.183731,0.030017,0.159541,0.373288,178.477539,39.773438,45.833008,178.477539,17,17,1
931,8,cpp_seq,0.003427,4.7e-05,7.9e-05,0.003554,0.0,0.0,0.0,0.0,17,17,1
931,8,cpp_par,0.002353,3e-05,8.1e-05,0.002465,0.0,0.0,0.0,0.0,17,17,1
931,8,cpp_adv,0.001817,4.5e-05,7.7e-05,0.00194,0.0,0.0,0.0,0.0,17,17,1
932,8,seq,0.859845,0.000938,1.912874,2.773656,163.436523,8.59668,694.5625,694.5625,37,103,1617
932,8,par,0.363477,0.028205,1.122464,1.514146,164.336914,41.350586,2745.628906,2745.628906,37,103,1617
932,8,weights,0.376376,0.031864,0.962718,1.370959,166.458984,41.595703,1588.339844,1588.339844,37,103,1617
932,8,cpp_seq,0.016991,6.8e-05,0.060693,0.077753,0.0,0.0,0.0,0.0,37,103,1617
932,8,cpp_par,0.014225,4.2e-05,0.066897,0.081166,0.0,0.0,0.0,0.0,37,103,1617
932,8,cpp_adv,0.013795,4.8e-05,0.057891,0.071736,0.0,0.0,0.0,0.0,37,103,1617
933,8,seq,0.794597,0.00082,0.073064,0.868481,156.737305,7.798828,114.578125,156.737305,27,44,160
933,8,par,0.371119,0.027645,0.23226,0.631024,153.454102,38.969727,113.511719,153.454102,27,44,160
933,8,weights,0.354957,0.028027,0.223417,0.606401,155.297852,41.811523,92.594727,155.297852,27,44,160
933,8,cpp_seq,0.019259,5.5e-05,0.00389,0.023206,0.0,0.0,0.0,0.0,27,44,160
933,8,cpp_par,0.010614,3.6e-05,0.003967,0.014618,0.0,0.0,0.0,0.0,27,44,160
933,8,cpp_adv,0.01102,5e-05,0.003922,0.014993,0.0,0.0,0.0,0.0,27,44,160
934,8,seq,0.638922,0.000786,0.000833,0.640541,160.988281,7.814453,10.637695,160.988281,17,17,1
934,8,par,0.299192,0.027406,0.159805,0.486403,147.425781,39.264648,45.192383,147.425781,17,17,1
934,8,weights,0.277175,0.02887,0.178805,0.484849,144.806641,39.859375,45.786133,144.806641,17,17,1
934,8,cpp_seq,0.015501,4.9e-05,9.1e-05,0.015642,0.0,0.0,0.0,0.0,17,17,1
934,8,cpp_par,0.008721,5.8e-05,7.1e-05,0.008851,0.0,0.0,0.0,0.0,17,17,1
934,8,cpp_adv,0.008714,5.7e-05,7.2e-05,0.008845,0.0,0.0,0.0,0.0,17,17,1
935,8,seq,0.481574,0.000839,0.188735,0.671148,173.954102,7.939453,165.453125,173.954102,27,56,256
935,8,par,0.20492,0.030697,0.302955,0.538572,172.567383,39.171875,308.207031,308.207031,27,56,256
935,8,weights,0.17365,0.031226,0.42922,0.634096,174.385742,39.546875,350.21875,350.21875,27,56,256
935,8,cpp_seq,0.004674,6e-05,0.008193,0.012928,0.0,0.0,0.0,0.0,27,56,256
935,8,cpp_par,0.003722,6.1e-05,0.008118,0.011902,0.0,0.0,0.0,0.0,27,56,256
935,8,cpp_adv,0.002146,6e-05,0.008549,0.010756,0.0,0.0,0.0,0.0,27,56,256
936,8,seq,0.523458,0.001114,0.000276,0.524847,169.839844,7.344727,5.678711,169.839844,17,7,0
936,8,par,0.203867,0.030568,0.024808,0.259243,183.125,38.621094,34.008789,183.125,17,7,0
936,8,weights,0.200449,0.036793,0.000694,0.237936,184.011719,38.882812,6.020508,184.011719,17,7,0
936,8,cpp_seq,0.003946,4.3e-05,1.3e-05,0.004003,0.0,0.0,0.0,0.0,17,7,0
936,8,cpp_par,0.0024,2.8e-05,1.4e-05,0.002442,0.0,0.0,0.0,0.0,17,7,0
936,8,cpp_adv,0.00219,2.7e-05,1.1e-05,0.002228,0.0,0.0,0.0,0.0,17,7,0
937,8,seq,0.246,0.000821,0.000818,0.24764,120.875977,7.556641,10.68457,120.875977,16,16,1
937,8,par,0.114104,0.025007,0.169436,0.308546,138.543945,40.457031,45.418945,138.543945,16,16,1
937,8,weights,0.113577,0.027019,0.165103,0.305699,139.991211,39.523438,44.950195,139.991211,16,16,1
937,8,cpp_seq,0.005076,4.7e-05,7e-05,0.005194,0.0,0.0,0.0,0.0,16,16,1
937,8,cpp_par,0.002681,2.5e-05,6.7e-05,0.002774,0.0,0.0,0.0,0.0,16,16,1
937,8,cpp_adv,0.00242,2.4e-05,6.5e-05,0.002509,0.0,0.0,0.0,0.0,16,16,1
938,8,seq,0.806315,0.000942,0.271199,1.078456,200.610352,8.439453,175.09375,200.610352,34,88,256
938,8,par,0.377431,0.026153,0.284906,0.68849,184.587891,41.225586,377.628906,377.628906,34,88,256
938,8,weights,0.369298,0.029013,0.290203,0.688514,183.961914,41.150391,227.976562,227.976562,34,88,256
938,8,cpp_seq,0.009636,8.6e-05,0.011152,0.020875,0.0,0.0,0.0,0.0,34,88,256
938,8,cpp_par,0.005501,3.7e-05,0.009595,0.015133,0.0,0.0,0.0,0.0,34,88,256
938,8,cpp_adv,0.005452,5.3e-05,0.009644,0.015149,0.0,0.0,0.0,0.0,34,88,256
939,8,seq,0.492941,0.000878,0.354108,0.847927,179.282227,8.291016,196.710938,196.710938,37,67,329
939,8,par,0.261126,0.037544,0.321079,0.61975,193.673828,39.914062,477.582031,477.582031,37,67,329
939,8,weights,0.227164,0.02974,0.332174,0.589078,195.131836,40.5625,269.695312,269.695312,37,67,329
939,8,cpp_seq,0.004571,7.8e-05,0.014321,0.018971,0.0,0.0,0.0,0.0,37,67,329
939,8,cpp_par,0.003579,3.5e-05,0.013324,0.01694,0.0,0.0,0.0,0.0,37,67,329
939,8,cpp_adv,0.002784,3.3e-05,0.013344,0.016162,0.0,0.0,0.0,0.0,37,67,329
940,8,seq,0.396643,0.001232,0.006413,0.404288,176.166992,7.884766,45.02832,176.166992,24,23,8
940,8,par,0.156871,0.028107,0.179926,0.364903,181.774414,39.547852,51.004883,181.774414,24,23,8
940,8,weights,0.159124,0.027483,0.173104,0.35971,183.206055,42.75,50.114258,183.206055,24,23,8
940,8,cpp_seq,0.003803,5e-05,0.00039,0.004244,0.0,0.0,0.0,0.0,24,23,8
940,8,cpp_par,0.002237,2.8e-05,0.000373,0.002638,0.0,0.0,0.0,0.0,24,23,8
940,8,cpp_adv,0.002044,2.7e-05,0.00039,0.002462,0.0,0.0,0.0,0.0,24,23,8
941,8,seq,0.901876,0.000805,0.000202,0.902883,205.165039,7.243164,5.678711,205.165039,27,9,0
941,8,par,0.472658,0.026754,0.022306,0.521718,199.595703,39.143555,33.852539,199.595703,27,9,0
941,8,weights,0.371245,0.042985,0.00046,0.414689,200.636719,39.477539,6.020508,200.636719,27,9,0
941,8,cpp_seq,0.007704,0.000111,1.8e-05,0.007835,0.0,0.0,0.0,0.0,27,9,0
941,8,cpp_par,0.004995,3e-05,1.3e-05,0.005038,0.0,0.0,0.0,0.0,27,9,0
941,8,cpp_adv,0.004491,4.6e-05,1.3e-05,0.004551,0.0,0.0,0.0,0.0,27,9,0
942,8,seq,0.415475,0.000983,3.912647,4.329105,134.506836,8.745117,1113.03125,1113.03125,44,123,2608
942,8,par,0.191134,0.025855,1.611525,1.828514,157.415039,42.364258,4907.719727,4907.719727,44,123,2608
942,8,weights,0.519232,0.027793,1.589129,2.136155,157.74707,41.350586,3080.160156,3080.160156,44,123,2608
942,8,cpp_seq,0.003411,7.5e-05,0.114223,0.11771,0.0,0.0,0.0,0.0,44,123,2608
942,8,cpp_par,0.007546,6e-05,0.103143,0.11075,0.0,0.0,0.0,0.0,44,123,2608
942,8,cpp_adv,0.002126,4.1e-05,0.10891,0.111079,0.0,0.0,0.0,0.0,44,123,2608
943,8,seq,0.892274,0.000893,0.000949,0.894117,210.149414,7.775391,11.02832,210.149414,17,17,1
943,8,par,0.753871,0.029577,0.17657,0.960019,183.064453,39.172852,45.239258,183.064453,17,17,1
943,8,weights,0.353566,0.033234,0.172554,0.559355,184.016602,39.492188,45.786133,184.016602,17,17,1
943,8,cpp_seq,0.006536,5.1e-05,7.8e-05,0.006666,0.0,0.0,0.0,0.0,17,17,1
943,8,cpp_par,0.004463,3.1e-05,7.6e-05,0.004571,0.0,0.0,0.0,0.0,17,17,1
943,8,cpp_adv,0.00355,3e-05,7.2e-05,0.003652,0.0,0.0,0.0,0.0,17,17,1
944,8,seq,0.524331,0.00077,0.000204,0.525305,169.208984,7.501953,5.678711,169.208984,17,10,0
944,8,par,0.197304,0.028538,0.024698,0.250541,181.588867,39.523438,33.790039,181.588867,17,10,0
944,8,weights,0.541007,0.0319,0.000481,0.573389,183.149414,39.125,6.020508,183.149414,17,10,0
944,8,cpp_seq,0.003322,4.7e-05,1.5e-05,0.003385,0.0,0.0,0.0,0.0,17,10,0
944,8,cpp_par,0.001999,2.7e-05,1.1e-05,0.002038,0.0,0.0,0.0,0.0,17,10,0
944,8,cpp_adv,0.00201,3.1e-05,1.2e-05,0.002053,0.0,0.0,0.0,0.0,17,10,0
945,8,seq,0.312775,0.000748,0.000198,0.313722,171.362305,7.211914,5.678711,171.362305,17,4,0
945,8,par,0.148478,0.029504,0.022906,0.200888,187.65625,39.124023,33.508789,187.65625,17,4,0
945,8,weights,0.294742,0.02843,0.00054,0.323712,186.625977,38.852539,6.020508,186.625977,17,4,0
945,8,cpp_seq,0.003053,4.5e-05,1.3e-05,0.003112,0.0,0.0,0.0,0.0,17,4,0
945,8,cpp_par,0.001786,2.7e-05,1.1e-05,0.001825,0.0,0.0,0.0,0.0,17,4,0
945,8,cpp_adv,0.001932,2.7e-05,1.1e-05,0.001971,0.0,0.0,0.0,0.0,17,4,0
946,8,seq,2.212971,0.004341,0.173066,2.390379,208.750977,8.197266,170.640625,208.750977,32,64,256
946,8,par,0.317079,0.032122,0.26028,0.609481,186.869141,40.525391,316.746094,316.746094,32,64,256
946,8,weights,0.311906,0.032715,0.282809,0.627429,188.922852,41.823242,222.171875,222.171875,32,64,256
946,8,cpp_seq,0.00731,5.6e-05,0.008352,0.015718,0.0,0.0,0.0,0.0,32,64,256
946,8,cpp_par,0.004389,4.6e-05,0.011483,0.015918,0.0,0.0,0.0,0.0,32,64,256
946,8,cpp_adv,0.003628,4.1e-05,0.007963,0.011632,0.0,0.0,0.0,0.0,32,64,256
947,8,seq,0.488172,0.001013,0.115443,0.604628,175.520508,10.041016,128.382812,175.520508,34,80,256
947,8,par,0.218738,0.027733,0.246607,0.493078,190.000977,41.683594,284.00293,284.00293,34,80,256
947,8,weights,0.229097,0.034423,0.293429,0.556949,190.851562,41.813477,122.352539,190.851562,34,80,256
947,8,cpp_seq,0.004455,6.2e-05,0.004634,0.009153,0.0,0.0,0.0,0.0,34,80,256
947,8,cpp_par,0.003178,3.7e-05,0.004241,0.007456,0.0,0.0,0.0,0.0,34,80,256
947,8,cpp_adv,0.002375,3.8e-05,0.004358,0.006771,0.0,0.0,0.0,0.0,34,80,256
948,8,seq,0.503235,0.000869,0.000226,0.50433,177.696289,7.525391,5.678711,177.696289,17,12,0
948,8,par,0.216096,0.026821,0.024181,0.267098,182.727539,40.019531,33.868164,182.727539,17,12,0
948,8,weights,0.214286,0.032191,0.000448,0.246925,184.05957,40.582031,6.036133,184.05957,17,12,0
948,8,cpp_seq,0.005691,4.6e-05,1.6e-05,0.005754,0.0,0.0,0.0,0.0,17,12,0
948,8,cpp_par,0.00347,3e-05,1.7e-05,0.003518,0.0,0.0,0.0,0.0,17,12,0
948,8,cpp_adv,0.002933,8.3e-05,1.3e-05,0.00303,0.0,0.0,0.0,0.0,17,12,0
949,8,seq,0.572362,0.000788,0.000769,0.573919,176.177734,7.728516,10.426758,176.177734,17,13,1
949,8,par,0.243287,0.033851,0.177184,0.454321,180.415039,39.484375,45.176758,180.415039,17,13,1
949,8,weights,0.247843,0.031036,0.16694,0.445819,182.291992,39.618164,45.918945,182.291992,17,13,1
949,8,cpp_seq,0.004112,4.7e-05,7.6e-05,0.004236,0.0,0.0,0.0,0.0,17,13,1
949,8,cpp_par,0.002449,2.7e-05,7.3e-05,0.002549,0.0,0.0,0.0,0.0,17,13,1
949,8,cpp_adv,0.002371,2.8e-05,7.3e-05,0.002472,0.0,0.0,0.0,0.0,17,13,1
950,8,seq,0.40504,0.001041,1.558237,1.964319,133.880859,8.854492,619.429688,619.429688,44,132,1940
950,8,par,0.194745,0.025852,0.751957,0.972554,155.842773,41.273438,1987.620117,1987.620117,44,132,1940
950,8,weights,0.195881,0.031111,0.804785,1.031777,158.660156,44.152344,1779.208984,1779.208984,44,132,1940
950,8,cpp_seq,0.003434,0.000106,0.045124,0.048666,0.0,0.0,0.0,0.0,44,132,1940
950,8,cpp_par,0.002,4.5e-05,0.048044,0.05009,0.0,0.0,0.0,0.0,44,132,1940
950,8,cpp_adv,0.006418,5e-05,0.044521,0.05099,0.0,0.0,0.0,0.0,44,132,1940
951,8,seq,0.457423,0.00101,32.187463,32.645896,137.78418,9.088867,5547.140625,5547.140625,54,176,14112
951,8,par,0.256989,0.026924,10.676731,10.960644,162.361328,44.366211,21176.575195,21176.575195,54,176,14112
951,8,weights,0.227387,0.032663,10.855867,11.115916,162.416016,41.962891,14167.225586,14167.225586,54,176,14112
951,8,cpp_seq,0.004168,7.8e-05,0.646387,0.650635,0.0,0.0,0.0,0.0,54,176,14112
951,8,cpp_par,0.002458,5e-05,0.654044,0.656554,0.0,0.0,0.0,0.0,54,176,14112
951,8,cpp_adv,0.002211,6e-05,0.654215,0.656487,0.0,0.0,0.0,0.0,54,176,14112
952,8,seq,0.55827,0.000818,0.000838,0.559926,175.060547,7.689453,10.62207,175.060547,17,17,1
952,8,par,0.270807,0.031228,0.190873,0.492908,176.003906,39.691406,45.676758,176.003906,17,17,1
952,8,weights,0.261075,0.031745,0.183859,0.47668,175.696289,39.613281,45.504883,175.696289,17,17,1
952,8,cpp_seq,0.005776,4.9e-05,6.6e-05,0.005892,0.0,0.0,0.0,0.0,17,17,1
952,8,cpp_par,0.003184,2.8e-05,6.2e-05,0.003275,0.0,0.0,0.0,0.0,17,17,1
952,8,cpp_adv,0.0031,2.8e-05,0.000102,0.003231,0.0,0.0,0.0,0.0,17,17,1
953,8,seq,0.712521,0.000931,0.013284,0.726736,184.12207,7.892578,75.15625,184.12207,27,37,16
953,8,par,0.328353,0.031528,0.197793,0.557673,191.462891,39.926758,71.09082,191.462891,27,37,16
953,8,weights,0.307641,0.030395,0.211063,0.5491,192.96875,41.082031,52.867188,192.96875,27,37,16
953,8,cpp_seq,0.005627,5.3e-05,0.000703,0.006384,0.0,0.0,0.0,0.0,27,37,16
953,8,cpp_par,0.003286,3.5e-05,0.000725,0.004048,0.0,0.0,0.0,0.0,27,37,16
953,8,cpp_adv,0.003354,3.2e-05,0.000709,0.004096,0.0,0.0,0.0,0.0,27,37,16
954,8,seq,0.895083,0.000798,0.000461,0.896342,199.081055,7.408203,6.848633,199.081055,17,11,0
954,8,par,0.362234,0.031018,0.10466,0.497912,190.538086,39.339844,43.723633,190.538086,17,11,0
954,8,weights,0.372811,0.031761,0.107304,0.511876,191.041992,39.660156,44.754883,191.041992,17,11,0
954,8,cpp_seq,0.005551,5.1e-05,3.8e-05,0.005641,0.0,0.0,0.0,0.0,17,11,0
954,8,cpp_par,0.003294,2.9e-05,3.5e-05,0.003359,0.0,0.0,0.0,0.0,17,11,0
954,8,cpp_adv,0.003219,2.7e-05,3.2e-05,0.003278,0.0,0.0,0.0,0.0,17,11,0
955,8,seq,0.652209,0.000786,0.000204,0.653199,196.541016,7.000977,5.678711,196.541016,17,0,0
955,8,par,0.323515,0.030109,0.025264,0.378887,193.046875,39.167969,33.790039,193.046875,17,0,0
955,8,weights,0.311988,0.034789,0.000777,0.347553,193.318359,38.699219,6.020508,193.318359,17,0,0
955,8,cpp_seq,0.006184,4.1e-05,1.2e-05,0.006239,0.0,0.0,0.0,0.0,17,0,0
955,8,cpp_par,0.003728,2.5e-05,3.3e-05,0.003786,0.0,0.0,0.0,0.0,17,0,0
955,8,cpp_adv,0.003348,2.5e-05,1.1e-05,0.003384,0.0,0.0,0.0,0.0,17,0,0
956,8,seq,0.589212,0.000846,0.012411,0.602469,190.673828,7.830078,74.029297,190.673828,27,42,12
956,8,par,0.309166,0.029247,0.207334,0.545748,191.066406,39.695312,58.15332,191.066406,27,42,12
956,8,weights,0.285688,0.032639,0.200129,0.518457,190.807617,39.558594,53.804688,190.807617,27,42,12
956,8,cpp_seq,0.007531,5.4e-05,0.000721,0.008307,0.0,0.0,0.0,0.0,27,42,12
956,8,cpp_par,0.003988,3.2e-05,0.000736,0.004757,0.0,0.0,0.0,0.0,27,42,12
956,8,cpp_adv,0.004103,3.3e-05,0.000721,0.004857,0.0,0.0,0.0,0.0,27,42,12
957,8,seq,0.511407,0.000767,0.000202,0.512376,180.598633,7.102539,5.678711,180.598633,17,1,0
957,8,par,0.269474,0.030472,0.025301,0.325247,188.351562,38.929688,33.352539,188.351562,17,1,0
957,8,weights,0.240183,0.030867,0.000593,0.271644,189.779297,39.855469,6.020508,189.779297,17,1,0
957,8,cpp_seq,0.006764,4.3e-05,1.3e-05,0.006822,0.0,0.0,0.0,0.0,17,1,0
957,8,cpp_par,0.003417,3.1e-05,1.6e-05,0.003465,0.0,0.0,0.0,0.0,17,1,0
957,8,cpp_adv,0.003132,2.6e-05,1.1e-05,0.003169,0.0,0.0,0.0,0.0,17,1,0
958,8,seq,0.905019,0.001146,0.001138,0.907303,216.722656,7.650391,13.43457,216.722656,17,20,1
958,8,par,0.372127,0.033194,0.181894,0.587214,186.869141,39.506836,45.051758,186.869141,17,20,1
958,8,weights,0.378779,0.032422,0.175741,0.586943,188.06543,39.671875,46.145508,188.06543,17,20,1
958,8,cpp_seq,0.011136,4.8e-05,9e-05,0.011275,0.0,0.0,0.0,0.0,17,20,1
958,8,cpp_par,0.005852,2.8e-05,8.6e-05,0.005966,0.0,0.0,0.0,0.0,17,20,1
958,8,cpp_adv,0.006091,2.9e-05,8.6e-05,0.006206,0.0,0.0,0.0,0.0,17,20,1
959,8,seq,0.486304,0.000877,0.141818,0.628999,178.417969,8.244141,116.890625,178.417969,37,61,169
959,8,par,0.230921,0.030745,0.263594,0.52526,191.925781,40.512695,258.463867,258.463867,37,61,169
959,8,weights,0.225194,0.03197,0.246658,0.503822,193.595703,40.96875,98.898438,193.595703,37,61,169
959,8,cpp_seq,0.004824,6.1e-05,0.005346,0.010231,0.0,0.0,0.0,0.0,37,61,169
959,8,cpp_par,0.003094,3.7e-05,0.005374,0.008506,0.0,0.0,0.0,0.0,37,61,169
959,8,cpp_adv,0.002733,3.9e-05,0.005378,0.00815,0.0,0.0,0.0,0.0,37,61,169
960,8,seq,0.626275,0.000803,0.000285,0.627363,181.914062,7.102539,5.678711,181.914062,17,2,0
960,8,par,0.260441,0.028787,0.02689,0.316118,192.822266,39.34375,33.508789,192.822266,17,2,0
960,8,weights,0.267802,0.030894,0.000449,0.299145,192.084961,38.853516,6.020508,192.084961,17,2,0
960,8,cpp_seq,0.005346,4.8e-05,1.5e-05,0.00541,0.0,0.0,0.0,0.0,17,2,0
960,8,cpp_par,0.002909,2.6e-05,1.2e-05,0.002948,0.0,0.0,0.0,0.0,17,2,0
960,8,cpp_adv,0.002673,2.7e-05,1e-05,0.002711,0.0,0.0,0.0,0.0,17,2,0
961,8,seq,1.053624,0.000818,0.009469,1.06391,213.399414,7.947266,63.273438,213.399414,24,32,13
961,8,par,0.406672,0.031072,0.191028,0.628772,183.393555,39.359375,56.575195,183.393555,24,32,13
961,8,weights,0.389532,0.031531,0.198002,0.619064,184.111328,40.65625,54.40625,184.111328,24,32,13
961,8,cpp_seq,0.00684,4.8e-05,0.000678,0.007568,0.0,0.0,0.0,0.0,24,32,13
961,8,cpp_par,0.003863,2.9e-05,0.000678,0.004571,0.0,0.0,0.0,0.0,24,32,13
961,8,cpp_adv,0.003554,2.8e-05,0.000704,0.004287,0.0,0.0,0.0,0.0,24,32,13
962,8,seq,1.104117,0.000787,0.00021,1.105113,213.325195,7.250977,5.678711,213.325195,17,3,0
962,8,par,0.544156,0.034393,0.024969,0.603518,190.105469,39.242188,33.790039,190.105469,17,3,0
962,8,weights,0.478576,0.028845,0.000453,0.507874,191.21875,39.34375,6.020508,191.21875,17,3,0
962,8,cpp_seq,0.006145,4.9e-05,1.5e-05,0.006211,0.0,0.0,0.0,0.0,17,3,0
962,8,cpp_par,0.003523,2.7e-05,1.3e-05,0.003564,0.0,0.0,0.0,0.0,17,3,0
962,8,cpp_adv,0.003671,5.5e-05,1.1e-05,0.003737,0.0,0.0,0.0,0.0,17,3,0
963,8,seq,1.531513,0.000824,0.000941,1.533279,240.102539,7.861328,11.793945,240.102539,17,21,1
963,8,par,0.667901,0.032276,0.18578,0.885957,185.761719,40.03125,45.192383,185.761719,17,21,1
963,8,weights,0.623989,0.031379,0.179443,0.834811,188.835938,39.664062,45.637695,188.835938,17,21,1
963,8,cpp_seq,0.007925,4.9e-05,7.4e-05,0.008048,0.0,0.0,0.0,0.0,17,21,1
963,8,cpp_par,0.004232,3e-05,7.2e-05,0.004335,0.0,0.0,0.0,0.0,17,21,1
963,8,cpp_adv,0.004718,3.2e-05,7.2e-05,0.004822,0.0,0.0,0.0,0.0,17,21,1
964,8,seq,0.319355,0.000867,0.231408,0.55163,131.333984,8.111328,165.351562,165.351562,34,64,256
964,8,par,0.188726,0.029663,0.284211,0.502601,150.417969,39.646484,345.652344,345.652344,34,64,256
964,8,weights,0.1588,0.030093,0.292375,0.481268,152.015625,41.28125,196.460938,196.460938,34,64,256
964,8,cpp_seq,0.002683,7.3e-05,0.008085,0.010842,0.0,0.0,0.0,0.0,34,64,256
964,8,cpp_par,0.002205,3.5e-05,0.007905,0.010147,0.0,0.0,0.0,0.0,34,64,256
964,8,cpp_adv,0.001996,3.7e-05,0.007831,0.009865,0.0,0.0,0.0,0.0,34,64,256
965,8,seq,0.592225,0.000775,0.000205,0.593205,177.469727,7.360352,5.678711,177.469727,17,7,0
965,8,par,0.221302,0.029005,0.025225,0.275532,182.882812,38.523438,33.852539,182.882812,17,7,0
965,8,weights,0.21845,0.029631,0.000453,0.248534,185.804688,40.467773,6.020508,185.804688,17,7,0
965,8,cpp_seq,0.00621,4.5e-05,1.2e-05,0.006268,0.0,0.0,0.0,0.0,17,7,0
965,8,cpp_par,0.003558,2.9e-05,1.3e-05,0.003601,0.0,0.0,0.0,0.0,17,7,0
965,8,cpp_adv,0.002957,2.8e-05,1.1e-05,0.002997,0.0,0.0,0.0,0.0,17,7,0
966,8,seq,0.974745,0.000813,0.010147,0.985705,212.59082,7.626953,63.351562,212.59082,27,32,16
966,8,par,0.502979,0.028211,0.185801,0.716991,193.881836,38.949219,52.606445,193.881836,27,32,16
966,8,weights,0.432975,0.030255,0.19315,0.65638,196.592773,40.561523,52.12207,196.592773,27,32,16
966,8,cpp_seq,0.004722,5.4e-05,0.000631,0.005408,0.0,0.0,0.0,0.0,27,32,16
966,8,cpp_par,0.002801,3.3e-05,0.000559,0.003393,0.0,0.0,0.0,0.0,27,32,16
966,8,cpp_adv,0.002585,3.2e-05,0.000572,0.00319,0.0,0.0,0.0,0.0,27,32,16
967,8,seq,0.263526,0.000905,0.000264,0.264695,141.677734,7.000977,5.678711,141.677734,17,0,0
967,8,par,0.152387,0.031359,0.024736,0.208481,157.202148,38.882812,33.352539,157.202148,17,0,0
967,8,weights,0.146911,0.028787,0.000456,0.176155,158.310547,38.641602,6.020508,158.310547,17,0,0
967,8,cpp_seq,0.001758,4.4e-05,1.3e-05,0.001815,0.0,0.0,0.0,0.0,17,0,0
967,8,cpp_par,0.00107,2.5e-05,1.1e-05,0.001107,0.0,0.0,0.0,0.0,17,0,0
967,8,cpp_adv,0.001066,2.5e-05,1.2e-05,0.001104,0.0,0.0,0.0,0.0,17,0,0
968,8,seq,0.548831,0.000779,0.000198,0.549808,187.791016,7.494141,5.678711,187.791016,17,14,0
968,8,par,0.293629,0.027545,0.02625,0.347423,183.953125,39.140625,34.133789,183.953125,17,14,0
968,8,weights,0.237892,0.031583,0.00046,0.269936,185.108398,39.837891,6.020508,185.108398,17,14,0
968,8,cpp_seq,0.005604,4.7e-05,1.3e-05,0.005665,0.0,0.0,0.0,0.0,17,14,0
968,8,cpp_par,0.004172,3.3e-05,1.5e-05,0.004221,0.0,0.0,0.0,0.0,17,14,0
968,8,cpp_adv,0.003018,2.7e-05,1.1e-05,0.003056,0.0,0.0,0.0,0.0,17,14,0
969,8,seq,1.127439,0.000879,0.006504,1.134822,206.882812,7.751953,63.504883,206.882812,27,32,8
969,8,par,0.549789,0.03147,0.192106,0.773364,194.229492,39.191406,49.99707,194.229492,27,32,8
969,8,weights,0.447478,0.030065,0.195057,0.6726,196.742188,39.360352,51.15332,196.742188,27,32,8
969,8,cpp_seq,0.006192,5.3e-05,0.000481,0.006727,0.0,0.0,0.0,0.0,27,32,8
969,8,cpp_par,0.004302,3.6e-05,0.000428,0.004766,0.0,0.0,0.0,0.0,27,32,8
969,8,cpp_adv,0.00332,3.1e-05,0.000422,0.003772,0.0,0.0,0.0,0.0,27,32,8
970,8,seq,0.520943,0.00076,0.000202,0.521905,185.428711,7.258789,5.678711,185.428711,17,5,0
970,8,par,0.257564,0.035561,0.026825,0.319949,188.467773,38.958984,34.008789,188.467773,17,5,0
970,8,weights,0.256011,0.030961,0.000453,0.287425,189.473633,39.195312,6.020508,189.473633,17,5,0
970,8,cpp_seq,0.004821,4.6e-05,1.3e-05,0.004882,0.0,0.0,0.0,0.0,17,5,0
970,8,cpp_par,0.003088,3.6e-05,1.5e-05,0.003139,0.0,0.0,0.0,0.0,17,5,0
970,8,cpp_adv,0.002891,2.8e-05,1.1e-05,0.002931,0.0,0.0,0.0,0.0,17,5,0
971,8,seq,1.071674,0.000785,0.000718,1.073177,223.008789,7.705078,10.231445,223.008789,17,12,1
971,8,par,0.551186,0.031571,0.181051,0.763807,187.164062,39.414062,45.418945,187.164062,17,12,1
971,8,weights,0.456085,0.033239,0.210772,0.700097,188.658203,41.390625,46.012695,188.658203,17,12,1
971,8,cpp_seq,0.007706,4.8e-05,7.9e-05,0.007834,0.0,0.0,0.0,0.0,17,12,1
971,8,cpp_par,0.005271,2.9e-05,8e-05,0.00538,0.0,0.0,0.0,0.0,17,12,1
971,8,cpp_adv,0.004545,5.9e-05,7.5e-05,0.004679,0.0,0.0,0.0,0.0,17,12,1
972,8,seq,0.421464,0.000758,0.000189,0.422411,170.65332,7.274414,5.678711,170.65332,17,6,0
972,8,par,0.198342,0.028153,0.025794,0.25229,183.617188,39.967773,34.508789,183.617188,17,6,0
972,8,weights,0.39662,0.064103,0.000452,0.461175,184.819336,39.067383,6.020508,184.819336,17,6,0
972,8,cpp_seq,0.003494,4.7e-05,1.5e-05,0.003557,0.0,0.0,0.0,0.0,17,6,0
972,8,cpp_par,0.002052,2.7e-05,1.2e-05,0.002091,0.0,0.0,0.0,0.0,17,6,0
972,8,cpp_adv,0.001951,3.4e-05,1.2e-05,0.001997,0.0,0.0,0.0,0.0,17,6,0
973,8,seq,0.356742,0.001042,0.159084,0.516867,130.992188,8.478516,125.842773,130.992188,34,92,256
973,8,par,0.276872,0.028411,0.25458,0.559864,151.094727,41.378906,148.331055,151.094727,34,92,256
973,8,weights,0.305096,0.030164,0.258958,0.594219,151.988281,42.368164,122.993164,151.988281,34,92,256
973,8,cpp_seq,0.002956,6.3e-05,0.006057,0.009077,0.0,0.0,0.0,0.0,34,92,256
973,8,cpp_par,0.002168,3.7e-05,0.005987,0.008193,0.0,0.0,0.0,0.0,34,92,256
973,8,cpp_adv,0.002169,3.8e-05,0.005866,0.008074,0.0,0.0,0.0,0.0,34,92,256
974,8,seq,0.830777,0.000955,0.923294,1.755026,155.655273,8.556641,491.664062,491.664062,40,96,904
974,8,par,0.427583,0.038821,0.558976,1.025379,159.830078,41.926758,1966.464844,1966.464844,40,96,904
974,8,weights,0.264807,0.032817,0.546351,0.843975,160.338867,40.592773,963.536133,963.536133,40,96,904
974,8,cpp_seq,0.018136,0.000283,0.058643,0.077064,0.0,0.0,0.0,0.0,40,96,904
974,8,cpp_par,0.005169,3.4e-05,0.033868,0.039072,0.0,0.0,0.0,0.0,40,96,904
974,8,cpp_adv,0.004818,4.5e-05,0.034112,0.038976,0.0,0.0,0.0,0.0,40,96,904
975,8,seq,1.112691,0.000898,0.348942,1.46253,210.839844,8.322266,185.007812,210.839844,34,80,256
975,8,par,0.451757,0.033564,0.328584,0.813906,195.711914,42.316406,570.347656,570.347656,34,80,256
975,8,weights,0.693534,0.040186,0.313692,1.047413,197.172852,39.832031,232.304688,232.304688,34,80,256
975,8,cpp_seq,0.008994,6.2e-05,0.009706,0.018762,0.0,0.0,0.0,0.0,34,80,256
975,8,cpp_par,0.005212,3.8e-05,0.009494,0.014745,0.0,0.0,0.0,0.0,34,80,256
975,8,cpp_adv,0.005045,6.6e-05,0.009382,0.014493,0.0,0.0,0.0,0.0,34,80,256
976,8,seq,1.651002,0.000787,0.000919,1.652707,248.777344,7.751953,9.833008,248.777344,17,13,1
976,8,par,0.752214,0.032258,0.181804,0.966276,189.363281,39.261719,45.161133,189.363281,17,13,1
976,8,weights,0.896017,0.027782,0.198513,1.122312,190.698242,39.484375,45.59082,190.698242,17,13,1
976,8,cpp_seq,0.015116,4.9e-05,7.1e-05,0.015237,0.0,0.0,0.0,0.0,17,13,1
976,8,cpp_par,0.00815,3e-05,6.9e-05,0.008249,0.0,0.0,0.0,0.0,17,13,1
976,8,cpp_adv,0.008305,5.8e-05,7.9e-05,0.008443,0.0,0.0,0.0,0.0,17,13,1
977,8,seq,0.446939,0.000795,0.000199,0.447933,171.736328,7.360352,5.678711,171.736328,17,7,0
977,8,par,0.276631,0.027567,0.02495,0.329148,182.274414,38.367188,34.040039,182.274414,17,7,0
977,8,weights,0.185997,0.031626,0.000452,0.218075,184.102539,40.208984,6.020508,184.102539,17,7,0
977,8,cpp_seq,0.003333,4.7e-05,1.3e-05,0.003393,0.0,0.0,0.0,0.0,17,7,0
977,8,cpp_par,0.001966,2.8e-05,1.1e-05,0.002006,0.0,0.0,0.0,0.0,17,7,0
977,8,cpp_adv,0.001924,2.9e-05,1.1e-05,0.001964,0.0,0.0,0.0,0.0,17,7,0
978,8,seq,0.390092,0.000953,0.152866,0.543911,150.604492,8.345703,125.124023,150.604492,34,80,256
978,8,par,0.160142,0.028643,0.25854,0.447326,154.083984,40.176758,145.135742,154.083984,34,80,256
978,8,weights,0.155364,0.031415,0.260265,0.447044,156.102539,40.667969,125.188477,156.102539,34,80,256
978,8,cpp_seq,0.002631,6.4e-05,0.00565,0.008346,0.0,0.0,0.0,0.0,34,80,256
978,8,cpp_par,0.002022,3.8e-05,0.005647,0.007707,0.0,0.0,0.0,0.0,34,80,256
978,8,cpp_adv,0.001911,3.9e-05,0.005665,0.007615,0.0,0.0,0.0,0.0,34,80,256
979,8,seq,0.594343,0.000891,0.245564,0.840798,176.118164,8.228516,168.28125,176.118164,34,68,256
979,8,par,0.275213,0.031831,0.287241,0.594286,179.844727,39.922852,321.113281,321.113281,34,68,256
979,8,weights,0.341986,0.031273,0.295712,0.668971,183.388672,42.616211,219.0625,219.0625,34,68,256
979,8,cpp_seq,0.005297,5.8e-05,0.009252,0.014609,0.0,0.0,0.0,0.0,34,68,256
979,8,cpp_par,0.003591,3.5e-05,0.009055,0.012681,0.0,0.0,0.0,0.0,34,68,256
979,8,cpp_adv,0.003619,3.4e-05,0.010063,0.013717,0.0,0.0,0.0,0.0,34,68,256
980,8,seq,0.382368,0.000763,0.000748,0.383879,166.393555,7.767578,10.62207,166.393555,17,17,1
980,8,par,0.156594,0.029173,0.187826,0.373594,169.087891,39.444336,45.004883,169.087891,17,17,1
980,8,weights,0.164233,0.034899,0.195658,0.39479,170.306641,39.641602,45.176758,170.306641,17,17,1
980,8,cpp_seq,0.005296,4.9e-05,6.5e-05,0.005411,0.0,0.0,0.0,0.0,17,17,1
980,8,cpp_par,0.003065,2.8e-05,6.2e-05,0.003156,0.0,0.0,0.0,0.0,17,17,1
980,8,cpp_adv,0.002958,2.7e-05,6.2e-05,0.003047,0.0,0.0,0.0,0.0,17,17,1
981,8,seq,1.799426,0.000924,0.203209,2.003559,249.016602,8.306641,131.335938,249.016602,37,70,156
981,8,par,0.824729,0.033868,0.278064,1.136661,200.900391,40.336914,189.292969,200.900391,37,70,156
981,8,weights,0.784501,0.031112,0.269162,1.084775,204.546875,40.452148,156.378906,204.546875,37,70,156
981,8,cpp_seq,0.007851,6.2e-05,0.007215,0.01513,0.0,0.0,0.0,0.0,37,70,156
981,8,cpp_par,0.004678,3.8e-05,0.007119,0.011837,0.0,0.0,0.0,0.0,37,70,156
981,8,cpp_adv,0.004341,3.7e-05,0.006971,0.011349,0.0,0.0,0.0,0.0,37,70,156
982,8,seq,0.496503,0.000858,0.073075,0.570436,178.249023,8.025391,103.28125,178.249023,27,49,92
982,8,par,0.242146,0.027693,0.22396,0.493799,184.701172,40.598633,118.269531,184.701172,27,49,92
982,8,weights,0.2236,0.029793,0.222937,0.476331,185.459961,40.719727,84.449219,185.459961,27,49,92
982,8,cpp_seq,0.005602,5.7e-05,0.003373,0.009032,0.0,0.0,0.0,0.0,27,49,92
982,8,cpp_par,0.003536,3.3e-05,0.003432,0.007001,0.0,0.0,0.0,0.0,27,49,92
982,8,cpp_adv,0.003205,3.3e-05,0.003362,0.006601,0.0,0.0,0.0,0.0,27,49,92
983,8,seq,0.389854,0.000819,0.044392,0.435064,175.084961,8.009766,88.5625,175.084961,27,45,62
983,8,par,0.229548,0.034956,0.21454,0.479045,183.056641,39.805664,84.957031,183.056641,27,45,62
983,8,weights,0.189254,0.031263,0.215855,0.436372,184.085938,39.796875,71.09375,184.085938,27,45,62
983,8,cpp_seq,0.003716,5.5e-05,0.001817,0.005589,0.0,0.0,0.0,0.0,27,45,62
983,8,cpp_par,0.002637,3.4e-05,0.001796,0.004467,0.0,0.0,0.0,0.0,27,45,62
983,8,cpp_adv,0.002541,3.8e-05,0.002033,0.004613,0.0,0.0,0.0,0.0,27,45,62
984,8,seq,0.377845,0.000839,0.001012,0.379696,162.006836,7.595703,12.981445,162.006836,17,21,1
984,8,par,0.190903,0.031244,0.195502,0.417649,171.491211,41.078125,47.286133,171.491211,17,21,1
984,8,weights,0.185436,0.030778,0.195227,0.411441,171.614258,39.503906,46.37207,171.614258,17,21,1
984,8,cpp_seq,0.004918,4.8e-05,8.7e-05,0.005054,0.0,0.0,0.0,0.0,17,21,1
984,8,cpp_par,0.002645,2.9e-05,8.4e-05,0.002758,0.0,0.0,0.0,0.0,17,21,1
984,8,cpp_adv,0.002659,2.9e-05,8.4e-05,0.002772,0.0,0.0,0.0,0.0,17,21,1
985,8,seq,0.37552,0.000838,0.039158,0.415516,174.189453,7.986328,100.75,174.189453,27,40,61
985,8,par,0.211895,0.031642,0.208636,0.452173,183.839844,39.879883,146.519531,183.839844,27,40,61
985,8,weights,0.181151,0.029173,0.215445,0.425769,183.792969,41.467773,72.074219,183.792969,27,40,61
985,8,cpp_seq,0.003278,5.8e-05,0.001859,0.005197,0.0,0.0,0.0,0.0,27,40,61
985,8,cpp_par,0.002559,3.3e-05,0.001815,0.004407,0.0,0.0,0.0,0.0,27,40,61
985,8,cpp_adv,0.00198,3.2e-05,0.001826,0.003839,0.0,0.0,0.0,0.0,27,40,61
986,8,seq,0.624593,0.000839,0.00022,0.625652,205.459961,7.508789,5.678711,205.459961,17,9,0
986,8,par,0.347351,0.036087,0.024177,0.407615,188.580078,39.330078,33.860352,188.580078,17,9,0
986,8,weights,0.291789,0.035656,0.000609,0.328053,190.378906,39.306641,6.02832,190.378906,17,9,0
986,8,cpp_seq,0.006359,4.7e-05,1.7e-05,0.006424,0.0,0.0,0.0,0.0,17,9,0
986,8,cpp_par,0.003956,2.9e-05,1.6e-05,0.004002,0.0,0.0,0.0,0.0,17,9,0
986,8,cpp_adv,0.003862,4.2e-05,1.3e-05,0.003918,0.0,0.0,0.0,0.0,17,9,0
987,8,seq,0.907261,0.00107,0.665564,1.573895,159.311523,9.151367,1091.257812,1091.257812,44,166,3386
987,8,par,0.391889,0.031452,0.584576,1.007916,163.678711,40.777344,2529.81543,2529.81543,44,166,3386
987,8,weights,0.397745,0.033657,0.545371,0.976772,168.458984,43.545898,1868.904297,1868.904297,44,166,3386
987,8,cpp_seq,0.00754,7.7e-05,0.031625,0.039243,0.0,0.0,0.0,0.0,44,166,3386
987,8,cpp_par,0.004521,4.2e-05,0.031341,0.035906,0.0,0.0,0.0,0.0,44,166,3386
987,8,cpp_adv,0.004195,4.2e-05,0.030807,0.035045,0.0,0.0,0.0,0.0,44,166,3386
988,8,seq,0.465826,0.000845,0.000912,0.467583,167.4375,7.642578,11.793945,167.4375,17,21,1
988,8,par,0.245204,0.029607,0.17461,0.449421,169.705078,39.137695,45.114258,169.705078,17,21,1
988,8,weights,0.244892,0.033081,0.179102,0.457075,172.699219,39.942383,45.426758,172.699219,17,21,1
988,8,cpp_seq,0.005302,4.8e-05,7.5e-05,0.005426,0.0,0.0,0.0,0.0,17,21,1
988,8,cpp_par,0.003039,2.9e-05,7.3e-05,0.003141,0.0,0.0,0.0,0.0,17,21,1
988,8,cpp_adv,0.003232,3e-05,7.6e-05,0.003339,0.0,0.0,0.0,0.0,17,21,1
989,8,seq,0.410565,0.000921,1.184303,1.595789,132.666016,8.620117,585.351562,585.351562,44,113,1770
989,8,par,0.189292,0.028023,0.734776,0.952091,155.280273,40.451172,1708.088867,1708.088867,44,113,1770
989,8,weights,0.185839,0.02805,0.677133,0.891022,157.921875,41.811523,1134.708984,1134.708984,44,113,1770
989,8,cpp_seq,0.003183,6.8e-05,0.0382,0.041453,0.0,0.0,0.0,0.0,44,113,1770
989,8,cpp_par,0.002046,3.9e-05,0.037579,0.039665,0.0,0.0,0.0,0.0,44,113,1770
989,8,cpp_adv,0.001836,5.3e-05,0.037008,0.038898,0.0,0.0,0.0,0.0,44,113,1770
990,8,seq,0.831683,0.000784,0.000909,0.833375,199.304688,7.611328,11.46582,199.304688,16,16,1
990,8,par,0.313835,0.026829,0.187825,0.528489,178.333984,38.945312,45.426758,178.333984,16,16,1
990,8,weights,0.314805,0.031355,0.181901,0.528061,180.191406,41.327148,45.911133,180.191406,16,16,1
990,8,cpp_seq,0.008049,4.4e-05,7.8e-05,0.008172,0.0,0.0,0.0,0.0,16,16,1
990,8,cpp_par,0.004568,2.8e-05,9.9e-05,0.004696,0.0,0.0,0.0,0.0,16,16,1
990,8,cpp_adv,0.004169,2.5e-05,7.5e-05,0.00427,0.0,0.0,0.0,0.0,16,16,1
991,8,seq,0.557218,0.000807,0.005717,0.563742,178.447266,7.650391,61.21875,178.447266,24,28,4
991,8,par,0.225678,0.029181,0.215408,0.470267,177.035156,39.380859,53.786133,177.035156,24,28,4
991,8,weights,0.22609,0.031736,0.204031,0.461857,180.353516,39.867188,52.567383,180.353516,24,28,4
991,8,cpp_seq,0.002469,4.7e-05,0.000456,0.002972,0.0,0.0,0.0,0.0,24,28,4
991,8,cpp_par,0.001558,2.9e-05,0.000449,0.002037,0.0,0.0,0.0,0.0,24,28,4
991,8,cpp_adv,0.001482,2.7e-05,0.000445,0.001955,0.0,0.0,0.0,0.0,24,28,4
992,8,seq,0.352991,0.000816,0.099327,0.453134,141.866211,7.939453,117.390625,141.866211,27,45,132
992,8,par,0.182263,0.02896,0.243502,0.454724,158.779297,39.390625,141.496094,158.779297,27,45,132
992,8,weights,0.148881,0.028817,0.235566,0.413265,160.173828,42.6875,104.546875,160.173828,27,45,132
992,8,cpp_seq,0.005994,5.7e-05,0.004105,0.010156,0.0,0.0,0.0,0.0,27,45,132
992,8,cpp_par,0.004093,3.5e-05,0.004142,0.008271,0.0,0.0,0.0,0.0,27,45,132
992,8,cpp_adv,0.003463,3.3e-05,0.004079,0.007575,0.0,0.0,0.0,0.0,27,45,132
993,8,seq,0.276673,0.000785,0.000377,0.277836,143.295898,7.525391,6.067383,143.295898,17,12,0
993,8,par,0.11961,0.028207,0.050211,0.198028,150.919922,40.172852,41.348633,150.919922,17,12,0
993,8,weights,0.129963,0.031827,0.05208,0.21387,151.998047,39.263672,43.379883,151.998047,17,12,0
993,8,cpp_seq,0.002105,4.6e-05,1.8e-05,0.00217,0.0,0.0,0.0,0.0,17,12,0
993,8,cpp_par,0.001322,2.7e-05,2.9e-05,0.00138,0.0,0.0,0.0,0.0,17,12,0
993,8,cpp_adv,0.001186,2.8e-05,1.7e-05,0.001231,0.0,0.0,0.0,0.0,17,12,0
994,8,seq,1.01351,0.000849,0.680595,1.694954,207.115234,8.197266,367.0,367.0,37,50,568
994,8,par,0.44764,0.031775,0.467824,0.94724,200.084961,42.917969,1460.761719,1460.761719,37,50,568
994,8,weights,0.440219,0.031691,0.445915,0.917825,199.889648,40.086914,660.286133,660.286133,37,50,568
994,8,cpp_seq,0.009147,5.8e-05,0.026519,0.035726,0.0,0.0,0.0,0.0,37,50,568
994,8,cpp_par,0.005992,3.3e-05,0.026489,0.032516,0.0,0.0,0.0,0.0,37,50,568
994,8,cpp_adv,0.005249,4.6e-05,0.025781,0.031077,0.0,0.0,0.0,0.0,37,50,568
995,8,seq,0.477767,0.000786,0.000904,0.479458,190.854492,7.658203,11.02832,190.854492,17,15,1
995,8,par,0.271171,0.031293,0.188021,0.490485,175.860352,40.236328,45.286133,175.860352,17,15,1
995,8,weights,0.220307,0.032951,0.187083,0.440341,180.049805,39.688477,45.942383,180.049805,17,15,1
995,8,cpp_seq,0.003891,5e-05,7.8e-05,0.00402,0.0,0.0,0.0,0.0,17,15,1
995,8,cpp_par,0.003117,3.2e-05,8.1e-05,0.00323,0.0,0.0,0.0,0.0,17,15,1
995,8,cpp_adv,0.002372,2.9e-05,7.5e-05,0.002476,0.0,0.0,0.0,0.0,17,15,1
996,8,seq,0.400298,0.000785,0.000523,0.401606,171.461914,7.556641,7.629883,171.461914,17,11,0
996,8,par,0.197653,0.031155,0.138581,0.367389,183.466797,39.393555,43.942383,183.466797,17,11,0
996,8,weights,0.198666,0.031203,0.127947,0.357816,183.917969,40.366211,44.989258,183.917969,17,11,0
996,8,cpp_seq,0.003285,4.7e-05,4.2e-05,0.003376,0.0,0.0,0.0,0.0,17,11,0
996,8,cpp_par,0.001993,2.7e-05,4.1e-05,0.002061,0.0,0.0,0.0,0.0,17,11,0
996,8,cpp_adv,0.002175,3.3e-05,4.4e-05,0.002253,0.0,0.0,0.0,0.0,17,11,0
997,8,seq,0.445803,0.000774,0.000551,0.447129,173.870117,7.580078,8.27832,173.870117,16,10,0
997,8,par,0.185836,0.030065,0.107599,0.3235,177.670898,38.921875,43.87207,177.670898,16,10,0
997,8,weights,0.183297,0.032863,0.113116,0.329275,178.901367,40.24707,44.926758,178.901367,16,10,0
997,8,cpp_seq,0.00348,6.9e-05,4.6e-05,0.003597,0.0,0.0,0.0,0.0,16,10,0
997,8,cpp_par,0.001876,2.4e-05,3.8e-05,0.001938,0.0,0.0,0.0,0.0,16,10,0
997,8,cpp_adv,0.001737,2.4e-05,3.9e-05,0.001801,0.0,0.0,0.0,0.0,16,10,0
998,8,seq,0.784074,0.000769,0.000198,0.785042,218.932617,7.407227,5.678711,218.932617,17,8,0
998,8,par,0.440738,0.029455,0.024866,0.495059,185.037109,39.085938,33.352539,185.037109,17,8,0
998,8,weights,0.386498,0.03268,0.000469,0.419647,187.287109,39.033203,6.020508,187.287109,17,8,0
998,8,cpp_seq,0.007197,4.6e-05,1.3e-05,0.007257,0.0,0.0,0.0,0.0,17,8,0
998,8,cpp_par,0.004993,2.8e-05,1.3e-05,0.005035,0.0,0.0,0.0,0.0,17,8,0
998,8,cpp_adv,0.00443,6.1e-05,1.3e-05,0.004505,0.0,0.0,0.0,0.0,17,8,0
999,8,seq,0.364749,0.000829,0.000857,0.366435,178.987305,7.587891,10.637695,178.987305,17,17,1
999,8,par,0.201954,0.028661,0.183469,0.414084,180.791016,39.296875,45.129883,180.791016,17,17,1
999,8,weights,0.172552,0.030236,0.186218,0.389006,183.387695,39.523438,45.895508,183.387695,17,17,1
999,8,cpp_seq,0.003588,5e-05,7.3e-05,0.003712,0.0,0.0,0.0,0.0,17,17,1
999,8,cpp_par,0.002305,2.8e-05,6.9e-05,0.002403,0.0,0.0,0.0,0.0,17,17,1
999,8,cpp_adv,0.001924,3e-05,6.9e-05,0.002024,0.0,0.0,0.0,0.0,17,17,1
1000,8,seq,0.406979,0.000748,0.000203,0.40793,170.606445,7.352539,5.678711,170.606445,17,5,0
1000,8,par,0.19366,0.032517,0.025678,0.251854,182.71582,38.640625,33.524414,182.71582,17,5,0
1000,8,weights,0.194774,0.029956,0.000578,0.225308,186.294922,39.585938,6.036133,186.294922,17,5,0
1000,8,cpp_seq,0.003622,4.5e-05,1.6e-05,0.003684,0.0,0.0,0.0,0.0,17,5,0
1000,8,cpp_par,0.002049,2.8e-05,1.7e-05,0.002095,0.0,0.0,0.0,0.0,17,5,0
1000,8,cpp_adv,0.00197,2.7e-05,1.3e-05,0.002012,0.0,0.0,0.0,0.0,17,5,0
