sample,n_nets,perfil,t_p1,t_p2,t_p3,total_t,n_attractors,n_pairs,n_fields
1,10,seq,0.000000,0.000000,0.000000,0.000000,0,0,0
1,10,par,0.350348,0.073297,0.072389,0.496034,0,0,0
1,10,weights,0.078503,0.074933,0.000271,0.153707,0,0,0
2,10,seq,0.000000,0.000000,0.000000,0.000000,0,0,0
2,10,par,0.076496,0.075086,0.074484,0.226067,0,0,0
2,10,weights,0.085110,0.078798,0.000262,0.164170,0,0,0
3,10,seq,0.000000,0.000000,0.000000,0.000000,0,0,0
3,10,par,0.076870,0.076992,0.074752,0.228614,0,0,0
3,10,weights,0.084357,0.076948,0.000275,0.161580,0,0,0
4,10,seq,0.000000,0.000000,0.000000,0.000000,0,0,0
4,10,par,0.076392,0.076321,0.073854,0.226567,0,0,0
4,10,weights,0.089941,0.081704,0.000257,0.171903,0,0,0
5,10,seq,0.000000,0.000000,0.000000,0.000000,0,0,0
5,10,par,0.076674,0.076657,0.074535,0.227866,0,0,0
5,10,weights,0.083505,0.076587,0.000253,0.160345,0,0,0
6,10,seq,0.000000,0.000000,0.000000,0.000000,0,0,0
6,10,par,0.076973,0.074562,0.076057,0.227592,0,0,0
6,10,weights,0.085488,0.080348,0.000252,0.166088,0,0,0
7,10,seq,0.000000,0.000000,0.000000,0.000000,0,0,0
7,10,par,0.077381,0.075807,0.075290,0.228478,0,0,0
7,10,weights,0.082640,0.080708,0.000261,0.163608,0,0,0
8,10,seq,0.000000,0.000000,0.000000,0.000000,0,0,0
8,10,par,0.078332,0.076931,0.077179,0.232442,0,0,0
8,10,weights,0.082881,0.076962,0.000261,0.160104,0,0,0
9,10,seq,0.000000,0.000000,0.000000,0.000000,0,0,0
9,10,par,0.087054,0.085682,0.075419,0.248155,0,0,0
9,10,weights,0.084624,0.083935,0.000276,0.168835,0,0,0
10,10,seq,0.000000,0.000000,0.000000,0.000000,0,0,0
10,10,par,0.085613,0.078354,0.073583,0.237550,0,0,0
10,10,weights,0.083499,0.077432,0.000277,0.161209,0,0,0
11,10,seq,0.000000,0.000000,0.000000,0.000000,0,0,0
11,10,par,0.077073,0.077826,0.073766,0.228665,0,0,0
11,10,weights,0.085629,0.075659,0.000252,0.161540,0,0,0
12,10,seq,0.000000,0.000000,0.000000,0.000000,0,0,0
12,10,par,0.075884,0.073546,0.075810,0.225240,0,0,0
12,10,weights,0.089377,0.078000,0.000255,0.167632,0,0,0
13,10,seq,0.000000,0.000000,0.000000,0.000000,0,0,0
13,10,par,0.076889,0.075569,0.074022,0.226480,0,0,0
13,10,weights,0.090170,0.086457,0.000251,0.176878,0,0,0
14,10,seq,0.000000,0.000000,0.000000,0.000000,0,0,0
14,10,par,0.078626,0.076422,0.073344,0.228392,0,0,0
14,10,weights,0.090672,0.095882,0.000274,0.186828,0,0,0
15,10,seq,0.000000,0.000000,0.000000,0.000000,0,0,0
15,10,par,0.073940,0.074424,0.073312,0.221676,0,0,0
15,10,weights,0.082323,0.077252,0.000267,0.159842,0,0,0
16,10,seq,0.000000,0.000000,0.000000,0.000000,0,0,0
16,10,par,0.076014,0.073462,0.075161,0.224637,0,0,0
16,10,weights,0.082189,0.077398,0.000255,0.159842,0,0,0
17,10,seq,0.000000,0.000000,0.000000,0.000000,0,0,0
17,10,par,0.075780,0.074971,0.073189,0.223939,0,0,0
17,10,weights,0.081593,0.077097,0.000258,0.158947,0,0,0
18,10,seq,0.000000,0.000000,0.000000,0.000000,0,0,0
18,10,par,0.077258,0.075226,0.074591,0.227076,0,0,0
18,10,weights,0.085071,0.076428,0.000281,0.161781,0,0,0
19,10,seq,0.000000,0.000000,0.000000,0.000000,0,0,0
19,10,par,0.076852,0.076766,0.074218,0.227836,0,0,0
19,10,weights,0.087256,0.079193,0.000257,0.166706,0,0,0
20,10,seq,0.000000,0.000000,0.000000,0.000000,0,0,0
20,10,par,0.076785,0.076879,0.072989,0.226652,0,0,0
20,10,weights,0.084781,0.078861,0.000276,0.163918,0,0,0
21,10,seq,0.000000,0.000000,0.000000,0.000000,0,0,0
21,10,par,0.077797,0.078268,0.075316,0.231381,0,0,0
21,10,weights,0.083974,0.076587,0.000256,0.160817,0,0,0
22,10,seq,0.000000,0.000000,0.000000,0.000000,0,0,0
22,10,par,0.078517,0.073740,0.075015,0.227272,0,0,0
22,10,weights,0.090836,0.079939,0.000254,0.171029,0,0,0
23,10,seq,0.000000,0.000000,0.000000,0.000000,0,0,0
23,10,par,0.079591,0.074624,0.072927,0.227143,0,0,0
23,10,weights,0.083365,0.078692,0.000253,0.162310,0,0,0
24,10,seq,0.000000,0.000000,0.000000,0.000000,0,0,0
24,10,par,0.077365,0.075455,0.072842,0.225662,0,0,0
24,10,weights,0.090472,0.084769,0.000258,0.175499,0,0,0
25,10,seq,0.000000,0.000000,0.000000,0.000000,0,0,0
25,10,par,0.076634,0.078106,0.072968,0.227709,0,0,0
25,10,weights,0.083408,0.080918,0.000282,0.164608,0,0,0
26,10,seq,0.000000,0.000000,0.000000,0.000000,0,0,0
26,10,par,0.078708,0.078032,0.074729,0.231469,0,0,0
26,10,weights,0.085092,0.077096,0.000258,0.162446,0,0,0
27,10,seq,0.000000,0.000000,0.000000,0.000000,0,0,0
27,10,par,0.076882,0.076894,0.075156,0.228931,0,0,0
27,10,weights,0.080340,0.078089,0.000278,0.158707,0,0,0
28,10,seq,0.000000,0.000000,0.000000,0.000000,0,0,0
28,10,par,0.077031,0.074289,0.075039,0.226360,0,0,0
28,10,weights,0.086624,0.085112,0.000255,0.171991,0,0,0
29,10,seq,0.000000,0.000000,0.000000,0.000000,0,0,0
29,10,par,0.077149,0.077237,0.073042,0.227428,0,0,0
29,10,weights,0.080747,0.077776,0.000271,0.158794,0,0,0
30,10,seq,0.000000,0.000000,0.000000,0.000000,0,0,0
30,10,par,0.079970,0.076889,0.075653,0.232512,0,0,0
30,10,weights,0.081382,0.077778,0.000253,0.159413,0,0,0
31,10,seq,0.000000,0.000000,0.000000,0.000000,0,0,0
31,10,par,0.079744,0.076783,0.072723,0.229251,0,0,0
31,10,weights,0.085413,0.079520,0.000257,0.165189,0,0,0
32,10,seq,0.000000,0.000000,0.000000,0.000000,0,0,0
32,10,par,0.077754,0.076464,0.075256,0.229474,0,0,0
32,10,weights,0.086610,0.078883,0.000268,0.165761,0,0,0
33,10,seq,0.000000,0.000000,0.000000,0.000000,0,0,0
33,10,par,0.079263,0.077221,0.076035,0.232519,0,0,0
33,10,weights,0.086423,0.078099,0.000257,0.164779,0,0,0
34,10,seq,0.000000,0.000000,0.000000,0.000000,0,0,0
34,10,par,0.081553,0.077053,0.074541,0.233147,0,0,0
34,10,weights,0.084447,0.076819,0.000255,0.161522,0,0,0
35,10,seq,0.000000,0.000000,0.000000,0.000000,0,0,0
35,10,par,0.086569,0.082824,0.116956,0.286350,0,0,0
35,10,weights,0.081820,0.077788,0.000253,0.159861,0,0,0
36,10,seq,0.000000,0.000000,0.000000,0.000000,0,0,0
36,10,par,0.079620,0.074687,0.074859,0.229166,0,0,0
36,10,weights,0.084064,0.078350,0.000259,0.162673,0,0,0
37,10,seq,0.000000,0.000000,0.000000,0.000000,0,0,0
37,10,par,0.078320,0.074885,0.072537,0.225742,0,0,0
37,10,weights,0.083447,0.078429,0.000257,0.162134,0,0,0
38,10,seq,0.000000,0.000000,0.000000,0.000000,0,0,0
38,10,par,0.078813,0.077222,0.071914,0.227949,0,0,0
38,10,weights,0.083137,0.078035,0.000256,0.161428,0,0,0
39,10,seq,0.000000,0.000000,0.000000,0.000000,0,0,0
39,10,par,0.087180,0.074828,0.072539,0.234546,0,0,0
39,10,weights,0.081686,0.075841,0.000256,0.157783,0,0,0
40,10,seq,0.000000,0.000000,0.000000,0.000000,0,0,0
40,10,par,0.081462,0.074879,0.076841,0.233182,0,0,0
40,10,weights,0.079288,0.077286,0.000254,0.156827,0,0,0
41,10,seq,0.000000,0.000000,0.000000,0.000000,0,0,0
41,10,par,0.086262,0.082883,0.080356,0.249501,0,0,0
41,10,weights,0.083529,0.078093,0.000259,0.161882,0,0,0
42,10,seq,0.000000,0.000000,0.000000,0.000000,0,0,0
42,10,par,0.079514,0.077151,0.076132,0.232797,0,0,0
42,10,weights,0.085586,0.079851,0.000253,0.165691,0,0,0
43,10,seq,0.000000,0.000000,0.000000,0.000000,0,0,0
43,10,par,0.078806,0.075913,0.076604,0.231322,0,0,0
43,10,weights,0.084115,0.077632,0.000254,0.162001,0,0,0
44,10,seq,0.000000,0.000000,0.000000,0.000000,0,0,0
44,10,par,0.077682,0.077522,0.076237,0.231441,0,0,0
44,10,weights,0.085700,0.079310,0.000278,0.165288,0,0,0
45,10,seq,0.000000,0.000000,0.000000,0.000000,0,0,0
45,10,par,0.083342,0.077754,0.076101,0.237197,0,0,0
45,10,weights,0.084886,0.076509,0.000267,0.161661,0,0,0
46,10,seq,0.000000,0.000000,0.000000,0.000000,0,0,0
46,10,par,0.080373,0.075286,0.074417,0.230076,0,0,0
46,10,weights,0.088012,0.076789,0.000283,0.165084,0,0,0
47,10,seq,0.000000,0.000000,0.000000,0.000000,0,0,0
47,10,par,0.087277,0.082659,0.075371,0.245307,0,0,0
47,10,weights,0.082549,0.076800,0.000257,0.159605,0,0,0
48,10,seq,0.000000,0.000000,0.000000,0.000000,0,0,0
48,10,par,0.078465,0.078592,0.075819,0.232877,0,0,0
48,10,weights,0.084235,0.077994,0.000257,0.162486,0,0,0
49,10,seq,0.000000,0.000000,0.000000,0.000000,0,0,0
49,10,par,0.078081,0.075775,0.076117,0.229973,0,0,0
49,10,weights,0.082355,0.075744,0.000252,0.158352,0,0,0
50,10,seq,0.000000,0.000000,0.000000,0.000000,0,0,0
50,10,par,0.077946,0.076791,0.074402,0.229139,0,0,0
50,10,weights,0.083682,0.080473,0.000255,0.164410,0,0,0
51,10,seq,0.000000,0.000000,0.000000,0.000000,0,0,0
51,10,par,0.086890,0.081820,0.076365,0.245075,0,0,0
51,10,weights,0.084169,0.078704,0.000263,0.163135,0,0,0
52,10,seq,0.000000,0.000000,0.000000,0.000000,0,0,0
52,10,par,0.083681,0.083089,0.081849,0.248619,0,0,0
52,10,weights,0.085463,0.077667,0.000265,0.163394,0,0,0
53,10,seq,0.000000,0.000000,0.000000,0.000000,0,0,0
53,10,par,0.078748,0.079090,0.074667,0.232505,0,0,0
53,10,weights,0.081582,0.077055,0.000256,0.158893,0,0,0
54,10,seq,0.000000,0.000000,0.000000,0.000000,0,0,0
54,10,par,0.078951,0.074998,0.072531,0.226479,0,0,0
54,10,weights,0.082395,0.078879,0.000257,0.161530,0,0,0
55,10,seq,0.000000,0.000000,0.000000,0.000000,0,0,0
55,10,par,0.076771,0.079102,0.077688,0.233560,0,0,0
55,10,weights,0.083427,0.076954,0.000254,0.160635,0,0,0
56,10,seq,0.000000,0.000000,0.000000,0.000000,0,0,0
56,10,par,0.080343,0.076401,0.076050,0.232794,0,0,0
56,10,weights,0.085181,0.076617,0.000262,0.162060,0,0,0
57,10,seq,0.000000,0.000000,0.000000,0.000000,0,0,0
57,10,par,0.077076,0.077397,0.072510,0.226983,0,0,0
57,10,weights,0.087243,0.077217,0.000255,0.164715,0,0,0
58,10,seq,0.000000,0.000000,0.000000,0.000000,0,0,0
58,10,par,0.078164,0.079237,0.077264,0.234665,0,0,0
58,10,weights,0.081776,0.080794,0.000258,0.162827,0,0,0
59,10,seq,0.000000,0.000000,0.000000,0.000000,0,0,0
59,10,par,0.079644,0.103807,0.084986,0.268437,0,0,0
59,10,weights,0.105566,0.078224,0.000254,0.184044,0,0,0
60,10,seq,0.000000,0.000000,0.000000,0.000000,0,0,0
60,10,par,0.079320,0.077450,0.075828,0.232599,0,0,0
60,10,weights,0.091733,0.076846,0.000279,0.168858,0,0,0
61,10,seq,0.000000,0.000000,0.000000,0.000000,0,0,0
61,10,par,0.081114,0.075914,0.076813,0.233842,0,0,0
61,10,weights,0.088994,0.076423,0.000284,0.165701,0,0,0
62,10,seq,0.000000,0.000000,0.000000,0.000000,0,0,0
62,10,par,0.078246,0.078493,0.075588,0.232328,0,0,0
62,10,weights,0.082911,0.076879,0.000256,0.160046,0,0,0
63,10,seq,0.000000,0.000000,0.000000,0.000000,0,0,0
63,10,par,0.080938,0.075124,0.077021,0.233084,0,0,0
63,10,weights,0.084824,0.076204,0.000259,0.161287,0,0,0
64,10,seq,0.000000,0.000000,0.000000,0.000000,0,0,0
64,10,par,0.077633,0.075526,0.073162,0.226321,0,0,0
64,10,weights,0.086466,0.078570,0.000258,0.165294,0,0,0
65,10,seq,0.000000,0.000000,0.000000,0.000000,0,0,0
65,10,par,0.087475,0.078944,0.073510,0.239929,0,0,0
65,10,weights,0.085699,0.078191,0.000261,0.164151,0,0,0
66,10,seq,0.000000,0.000000,0.000000,0.000000,0,0,0
66,10,par,0.079480,0.079085,0.074950,0.233515,0,0,0
66,10,weights,0.082970,0.079210,0.000259,0.162439,0,0,0
67,10,seq,0.000000,0.000000,0.000000,0.000000,0,0,0
67,10,par,0.077548,0.076236,0.077658,0.231441,0,0,0
67,10,weights,0.085036,0.080953,0.000279,0.166268,0,0,0
68,10,seq,0.000000,0.000000,0.000000,0.000000,0,0,0
68,10,par,0.081995,0.075260,0.074785,0.232040,0,0,0
68,10,weights,0.085189,0.076303,0.000272,0.161765,0,0,0
69,10,seq,0.000000,0.000000,0.000000,0.000000,0,0,0
69,10,par,0.079414,0.078121,0.073972,0.231507,0,0,0
69,10,weights,0.081310,0.078544,0.000258,0.160112,0,0,0
70,10,seq,0.000000,0.000000,0.000000,0.000000,0,0,0
70,10,par,0.078956,0.078037,0.075974,0.232967,0,0,0
70,10,weights,0.084984,0.076493,0.000261,0.161738,0,0,0
71,10,seq,0.000000,0.000000,0.000000,0.000000,0,0,0
71,10,par,0.079822,0.075399,0.075161,0.230382,0,0,0
71,10,weights,0.082091,0.081036,0.000264,0.163391,0,0,0
72,10,seq,0.000000,0.000000,0.000000,0.000000,0,0,0
72,10,par,0.075554,0.075855,0.155984,0.307393,0,0,0
72,10,weights,0.079408,0.077062,0.000261,0.156730,0,0,0
73,10,seq,0.000000,0.000000,0.000000,0.000000,0,0,0
73,10,par,0.077482,0.075456,0.074016,0.226954,0,0,0
73,10,weights,0.084427,0.079571,0.000255,0.164254,0,0,0
74,10,seq,0.000000,0.000000,0.000000,0.000000,0,0,0
74,10,par,0.078284,0.074848,0.075345,0.228477,0,0,0
74,10,weights,0.082875,0.077921,0.000284,0.161080,0,0,0
75,10,seq,0.000000,0.000000,0.000000,0.000000,0,0,0
75,10,par,0.077549,0.077928,0.075316,0.230793,0,0,0
75,10,weights,0.082462,0.076503,0.000252,0.159217,0,0,0
76,10,seq,0.000000,0.000000,0.000000,0.000000,0,0,0
76,10,par,0.079612,0.074515,0.074598,0.228724,0,0,0
76,10,weights,0.083922,0.078898,0.000259,0.163079,0,0,0
77,10,seq,0.000000,0.000000,0.000000,0.000000,0,0,0
77,10,par,0.082611,0.075848,0.073173,0.231632,0,0,0
77,10,weights,0.084663,0.076899,0.000258,0.161820,0,0,0
78,10,seq,0.000000,0.000000,0.000000,0.000000,0,0,0
78,10,par,0.078189,0.074354,0.075292,0.227835,0,0,0
78,10,weights,0.083727,0.078462,0.000279,0.162468,0,0,0
79,10,seq,0.000000,0.000000,0.000000,0.000000,0,0,0
79,10,par,0.079475,0.084396,0.075515,0.239386,0,0,0
79,10,weights,0.082697,0.077038,0.000253,0.159987,0,0,0
80,10,seq,0.000000,0.000000,0.000000,0.000000,0,0,0
80,10,par,0.078249,0.074769,0.076125,0.229144,0,0,0
80,10,weights,0.083729,0.079025,0.000260,0.163014,0,0,0
81,10,seq,0.000000,0.000000,0.000000,0.000000,0,0,0
81,10,par,0.077366,0.074734,0.076646,0.228746,0,0,0
81,10,weights,0.083137,0.075353,0.000258,0.158749,0,0,0
82,10,seq,0.000000,0.000000,0.000000,0.000000,0,0,0
82,10,par,0.078677,0.077100,0.074635,0.230412,0,0,0
82,10,weights,0.081419,0.079279,0.000255,0.160952,0,0,0
83,10,seq,0.000000,0.000000,0.000000,0.000000,0,0,0
83,10,par,0.079495,0.076637,0.075251,0.231383,0,0,0
83,10,weights,0.091700,0.075940,0.000254,0.167893,0,0,0
84,10,seq,0.000000,0.000000,0.000000,0.000000,0,0,0
84,10,par,0.077889,0.074963,0.072520,0.225372,0,0,0
84,10,weights,0.085096,0.077723,0.000255,0.163074,0,0,0
85,10,seq,0.000000,0.000000,0.000000,0.000000,0,0,0
85,10,par,0.079416,0.077363,0.076405,0.233184,0,0,0
85,10,weights,0.085172,0.077068,0.000271,0.162511,0,0,0
86,10,seq,0.000000,0.000000,0.000000,0.000000,0,0,0
86,10,par,0.078134,0.076993,0.075166,0.230293,0,0,0
86,10,weights,0.084785,0.078463,0.000287,0.163536,0,0,0
87,10,seq,0.000000,0.000000,0.000000,0.000000,0,0,0
87,10,par,0.080044,0.075784,0.073939,0.229766,0,0,0
87,10,weights,0.084043,0.077669,0.000262,0.161973,0,0,0
88,10,seq,0.000000,0.000000,0.000000,0.000000,0,0,0
88,10,par,0.078229,0.076211,0.076593,0.231033,0,0,0
88,10,weights,0.084944,0.077550,0.000257,0.162751,0,0,0
89,10,seq,0.000000,0.000000,0.000000,0.000000,0,0,0
89,10,par,0.078514,0.077580,0.076451,0.232545,0,0,0
89,10,weights,0.083176,0.081431,0.000260,0.164866,0,0,0
90,10,seq,0.000000,0.000000,0.000000,0.000000,0,0,0
90,10,par,0.079216,0.076359,0.074504,0.230079,0,0,0
90,10,weights,0.082554,0.075383,0.000262,0.158199,0,0,0
91,10,seq,0.000000,0.000000,0.000000,0.000000,0,0,0
91,10,par,0.080671,0.077337,0.072541,0.230549,0,0,0
91,10,weights,0.084247,0.078049,0.000259,0.162555,0,0,0
92,10,seq,0.000000,0.000000,0.000000,0.000000,0,0,0
92,10,par,0.079481,0.076092,0.076773,0.232346,0,0,0
92,10,weights,0.086207,0.080068,0.000264,0.166538,0,0,0
93,10,seq,0.000000,0.000000,0.000000,0.000000,0,0,0
93,10,par,0.079614,0.076747,0.071570,0.227930,0,0,0
93,10,weights,0.085505,0.076438,0.000285,0.162229,0,0,0
94,10,seq,0.000000,0.000000,0.000000,0.000000,0,0,0
94,10,par,0.080182,0.078249,0.072531,0.230961,0,0,0
94,10,weights,0.084693,0.076838,0.000269,0.161801,0,0,0
95,10,seq,0.000000,0.000000,0.000000,0.000000,0,0,0
95,10,par,0.078367,0.078827,0.073676,0.230870,0,0,0
95,10,weights,0.084064,0.076821,0.000279,0.161163,0,0,0
96,10,seq,0.000000,0.000000,0.000000,0.000000,0,0,0
96,10,par,0.078010,0.077715,0.073822,0.229547,0,0,0
96,10,weights,0.154143,0.075745,0.000258,0.230146,0,0,0
97,10,seq,0.000000,0.000000,0.000000,0.000000,0,0,0
97,10,par,0.079996,0.078992,0.076930,0.235918,0,0,0
97,10,weights,0.083919,0.078802,0.000261,0.162982,0,0,0
98,10,seq,0.000000,0.000000,0.000000,0.000000,0,0,0
98,10,par,0.078429,0.078643,0.077420,0.234492,0,0,0
98,10,weights,0.084410,0.078400,0.000275,0.163084,0,0,0
99,10,seq,0.000000,0.000000,0.000000,0.000000,0,0,0
99,10,par,0.087005,0.082880,0.075962,0.245846,0,0,0
99,10,weights,0.084130,0.079009,0.000266,0.163405,0,0,0
100,10,seq,0.000000,0.000000,0.000000,0.000000,0,0,0
100,10,par,0.080241,0.075925,0.077988,0.234154,0,0,0
100,10,weights,0.084696,0.076537,0.000282,0.161515,0,0,0
101,10,seq,0.000000,0.000000,0.000000,0.000000,0,0,0
101,10,par,0.080903,0.075680,0.074714,0.231297,0,0,0
101,10,weights,0.081925,0.079078,0.000263,0.161266,0,0,0
102,10,seq,0.000000,0.000000,0.000000,0.000000,0,0,0
102,10,par,0.079792,0.077212,0.074994,0.231997,0,0,0
102,10,weights,0.085365,0.077275,0.000276,0.162916,0,0,0
103,10,seq,0.000000,0.000000,0.000000,0.000000,0,0,0
103,10,par,0.078024,0.078339,0.076024,0.232387,0,0,0
103,10,weights,0.082908,0.080333,0.000260,0.163500,0,0,0
104,10,seq,0.000000,0.000000,0.000000,0.000000,0,0,0
104,10,par,0.078377,0.076040,0.076583,0.231000,0,0,0
104,10,weights,0.080255,0.079527,0.000252,0.160034,0,0,0
105,10,seq,0.000000,0.000000,0.000000,0.000000,0,0,0
105,10,par,0.075848,0.078305,0.072316,0.226469,0,0,0
105,10,weights,0.086139,0.078894,0.000257,0.165289,0,0,0
106,10,seq,0.000000,0.000000,0.000000,0.000000,0,0,0
106,10,par,0.077960,0.076974,0.073706,0.228640,0,0,0
106,10,weights,0.083866,0.078058,0.000256,0.162180,0,0,0
107,10,seq,0.000000,0.000000,0.000000,0.000000,0,0,0
107,10,par,0.081351,0.074618,0.074631,0.230599,0,0,0
107,10,weights,0.083005,0.075687,0.000252,0.158943,0,0,0
108,10,seq,0.000000,0.000000,0.000000,0.000000,0,0,0
108,10,par,0.079460,0.078623,0.073485,0.231568,0,0,0
108,10,weights,0.288914,0.080211,0.000256,0.369381,0,0,0
109,10,seq,0.000000,0.000000,0.000000,0.000000,0,0,0
109,10,par,0.077646,0.077086,0.076524,0.231256,0,0,0
109,10,weights,0.083631,0.080730,0.000295,0.164656,0,0,0
110,10,seq,0.000000,0.000000,0.000000,0.000000,0,0,0
110,10,par,0.086790,0.080876,0.080173,0.247839,0,0,0
110,10,weights,0.092478,0.079108,0.000257,0.171842,0,0,0
111,10,seq,0.000000,0.000000,0.000000,0.000000,0,0,0
111,10,par,0.079657,0.076388,0.075493,0.231539,0,0,0
111,10,weights,0.084516,0.077022,0.000255,0.161793,0,0,0
112,10,seq,0.000000,0.000000,0.000000,0.000000,0,0,0
112,10,par,0.078390,0.078651,0.076684,0.233725,0,0,0
112,10,weights,0.083094,0.076666,0.000284,0.160044,0,0,0
113,10,seq,0.000000,0.000000,0.000000,0.000000,0,0,0
113,10,par,0.079366,0.078227,0.076490,0.234083,0,0,0
113,10,weights,0.084910,0.079645,0.000256,0.164811,0,0,0
114,10,seq,0.000000,0.000000,0.000000,0.000000,0,0,0
114,10,par,0.078741,0.075855,0.076609,0.231205,0,0,0
114,10,weights,0.084054,0.076359,0.000255,0.160667,0,0,0
115,10,seq,0.000000,0.000000,0.000000,0.000000,0,0,0
115,10,par,0.077585,0.075945,0.075900,0.229430,0,0,0
115,10,weights,0.085007,0.081669,0.000262,0.166938,0,0,0
116,10,seq,0.000000,0.000000,0.000000,0.000000,0,0,0
116,10,par,0.087400,0.081411,0.077627,0.246439,0,0,0
116,10,weights,0.083365,0.079325,0.000283,0.162972,0,0,0
117,10,seq,0.000000,0.000000,0.000000,0.000000,0,0,0
117,10,par,0.080984,0.079910,0.079070,0.239963,0,0,0
117,10,weights,0.088792,0.076677,0.000262,0.165731,0,0,0
118,10,seq,0.000000,0.000000,0.000000,0.000000,0,0,0
118,10,par,0.077407,0.076288,0.074955,0.228650,0,0,0
118,10,weights,0.083185,0.080889,0.000259,0.164333,0,0,0
119,10,seq,0.000000,0.000000,0.000000,0.000000,0,0,0
119,10,par,0.078297,0.081204,0.075268,0.234769,0,0,0
119,10,weights,0.084793,0.078490,0.000277,0.163561,0,0,0
120,10,seq,0.000000,0.000000,0.000000,0.000000,0,0,0
120,10,par,0.076867,0.079976,0.077009,0.233852,0,0,0
120,10,weights,0.086121,0.077540,0.000260,0.163921,0,0,0
121,10,seq,0.000000,0.000000,0.000000,0.000000,0,0,0
121,10,par,0.085138,0.081481,0.076196,0.242815,0,0,0
121,10,weights,0.083711,0.077894,0.000255,0.161859,0,0,0
122,10,seq,0.000000,0.000000,0.000000,0.000000,0,0,0
122,10,par,0.079071,0.080233,0.072043,0.231348,0,0,0
122,10,weights,0.087489,0.078483,0.000259,0.166231,0,0,0
123,10,seq,0.000000,0.000000,0.000000,0.000000,0,0,0
123,10,par,0.077090,0.076558,0.075836,0.229484,0,0,0
123,10,weights,0.083163,0.079774,0.000289,0.163226,0,0,0
124,10,seq,0.000000,0.000000,0.000000,0.000000,0,0,0
124,10,par,0.078202,0.078789,0.076665,0.233656,0,0,0
124,10,weights,0.083264,0.079106,0.000264,0.162634,0,0,0
125,10,seq,0.000000,0.000000,0.000000,0.000000,0,0,0
125,10,par,0.078462,0.078623,0.076829,0.233913,0,0,0
125,10,weights,0.082644,0.078687,0.000259,0.161589,0,0,0
126,10,seq,0.000000,0.000000,0.000000,0.000000,0,0,0
126,10,par,0.078595,0.080696,0.077054,0.236345,0,0,0
126,10,weights,0.084647,0.077841,0.000258,0.162746,0,0,0
127,10,seq,0.000000,0.000000,0.000000,0.000000,0,0,0
127,10,par,0.077971,0.078768,0.074918,0.231657,0,0,0
127,10,weights,0.087063,0.080338,0.000262,0.167663,0,0,0
128,10,seq,0.000000,0.000000,0.000000,0.000000,0,0,0
128,10,par,0.080160,0.075999,0.075706,0.231865,0,0,0
128,10,weights,0.085497,0.075592,0.000267,0.161355,0,0,0
129,10,seq,0.000000,0.000000,0.000000,0.000000,0,0,0
129,10,par,0.077952,0.075123,0.075873,0.228948,0,0,0
129,10,weights,0.084460,0.078562,0.000261,0.163282,0,0,0
130,10,seq,0.000000,0.000000,0.000000,0.000000,0,0,0
130,10,par,0.077638,0.076840,0.076345,0.230823,0,0,0
130,10,weights,0.086683,0.078011,0.000264,0.164959,0,0,0
131,10,seq,0.000000,0.000000,0.000000,0.000000,0,0,0
131,10,par,0.082698,0.074998,0.076714,0.234410,0,0,0
131,10,weights,0.084399,0.077272,0.000269,0.161940,0,0,0
132,10,seq,0.000000,0.000000,0.000000,0.000000,0,0,0
132,10,par,0.080201,0.078590,0.073347,0.232137,0,0,0
132,10,weights,0.082238,0.080369,0.000254,0.162861,0,0,0
133,10,seq,0.000000,0.000000,0.000000,0.000000,0,0,0
133,10,par,0.077088,0.079095,0.074055,0.230237,0,0,0
133,10,weights,0.080008,0.081313,0.000256,0.161577,0,0,0
134,10,seq,0.000000,0.000000,0.000000,0.000000,0,0,0
134,10,par,0.077245,0.074340,0.073233,0.224818,0,0,0
134,10,weights,0.085318,0.078502,0.000257,0.164077,0,0,0
135,10,seq,0.000000,0.000000,0.000000,0.000000,0,0,0
135,10,par,0.084623,0.081837,0.080552,0.247012,0,0,0
135,10,weights,0.085540,0.077082,0.000255,0.162878,0,0,0
136,10,seq,0.000000,0.000000,0.000000,0.000000,0,0,0
136,10,par,0.078775,0.079963,0.076980,0.235717,0,0,0
136,10,weights,0.084661,0.082190,0.000285,0.167136,0,0,0
137,10,seq,0.000000,0.000000,0.000000,0.000000,0,0,0
137,10,par,0.079583,0.078027,0.073367,0.230977,0,0,0
137,10,weights,0.083269,0.078890,0.000258,0.162417,0,0,0
138,10,seq,0.000000,0.000000,0.000000,0.000000,0,0,0
138,10,par,0.079149,0.077626,0.076534,0.233309,0,0,0
138,10,weights,0.084543,0.075059,0.000267,0.159870,0,0,0
139,10,seq,0.000000,0.000000,0.000000,0.000000,0,0,0
139,10,par,0.076856,0.076822,0.077298,0.230975,0,0,0
139,10,weights,0.082421,0.075578,0.000255,0.158253,0,0,0
140,10,seq,0.000000,0.000000,0.000000,0.000000,0,0,0
140,10,par,0.076139,0.077121,0.076455,0.229715,0,0,0
140,10,weights,0.086775,0.076597,0.000255,0.163627,0,0,0
141,10,seq,0.000000,0.000000,0.000000,0.000000,0,0,0
141,10,par,0.078860,0.077921,0.074774,0.231555,0,0,0
141,10,weights,0.084275,0.078621,0.000257,0.163153,0,0,0
142,10,seq,0.000000,0.000000,0.000000,0.000000,0,0,0
142,10,par,0.077992,0.079108,0.074330,0.231430,0,0,0
142,10,weights,0.084919,0.076965,0.000294,0.162178,0,0,0
143,10,seq,0.000000,0.000000,0.000000,0.000000,0,0,0
143,10,par,0.081135,0.076503,0.075868,0.233506,0,0,0
143,10,weights,0.085931,0.086078,0.000275,0.172284,0,0,0
144,10,seq,0.000000,0.000000,0.000000,0.000000,0,0,0
144,10,par,0.079169,0.076034,0.074813,0.230016,0,0,0
144,10,weights,0.090209,0.083043,0.000268,0.173520,0,0,0
145,10,seq,0.000000,0.000000,0.000000,0.000000,0,0,0
145,10,par,0.080978,0.075130,0.078284,0.234392,0,0,0
145,10,weights,0.703114,0.075641,0.000263,0.779019,0,0,0
146,10,seq,0.000000,0.000000,0.000000,0.000000,0,0,0
146,10,par,0.084073,0.080915,0.082070,0.247059,0,0,0
146,10,weights,0.083891,0.080784,0.000267,0.164941,0,0,0
147,10,seq,0.000000,0.000000,0.000000,0.000000,0,0,0
147,10,par,0.080717,0.075730,0.073486,0.229933,0,0,0
147,10,weights,0.091842,0.081493,0.000263,0.173597,0,0,0
148,10,seq,0.000000,0.000000,0.000000,0.000000,0,0,0
148,10,par,0.077724,0.073525,0.075527,0.226776,0,0,0
148,10,weights,0.083023,0.078237,0.000253,0.161513,0,0,0
149,10,seq,0.000000,0.000000,0.000000,0.000000,0,0,0
149,10,par,0.079352,0.077250,0.075013,0.231615,0,0,0
149,10,weights,0.085980,0.078882,0.000269,0.165130,0,0,0
150,10,seq,0.000000,0.000000,0.000000,0.000000,0,0,0
150,10,par,0.079383,0.078673,0.076604,0.234660,0,0,0
150,10,weights,0.084272,0.077379,0.000256,0.161908,0,0,0
151,10,seq,0.000000,0.000000,0.000000,0.000000,0,0,0
151,10,par,0.078514,0.074841,0.076098,0.229453,0,0,0
151,10,weights,0.084957,0.079170,0.000268,0.164395,0,0,0
152,10,seq,0.000000,0.000000,0.000000,0.000000,0,0,0
152,10,par,0.082812,0.078353,0.081950,0.243116,0,0,0
152,10,weights,0.084014,0.080044,0.000261,0.164319,0,0,0
153,10,seq,0.000000,0.000000,0.000000,0.000000,0,0,0
153,10,par,0.080088,0.080251,0.073448,0.233787,0,0,0
153,10,weights,0.084563,0.078451,0.000282,0.163295,0,0,0
154,10,seq,0.000000,0.000000,0.000000,0.000000,0,0,0
154,10,par,0.079292,0.077124,0.074023,0.230439,0,0,0
154,10,weights,0.083769,0.079556,0.000261,0.163585,0,0,0
155,10,seq,0.000000,0.000000,0.000000,0.000000,0,0,0
155,10,par,0.079082,0.075836,0.073998,0.228916,0,0,0
155,10,weights,0.083665,0.081631,0.000254,0.165550,0,0,0
156,10,seq,0.000000,0.000000,0.000000,0.000000,0,0,0
156,10,par,0.078239,0.075625,0.077397,0.231261,0,0,0
156,10,weights,0.082681,0.079235,0.000259,0.162176,0,0,0
157,10,seq,0.000000,0.000000,0.000000,0.000000,0,0,0
157,10,par,0.080052,0.079280,0.075085,0.234416,0,0,0
157,10,weights,0.428586,0.076182,0.000256,0.505024,0,0,0
158,10,seq,0.000000,0.000000,0.000000,0.000000,0,0,0
158,10,par,0.078829,0.078020,0.075887,0.232736,0,0,0
158,10,weights,0.083954,0.078047,0.000261,0.162261,0,0,0
159,10,seq,0.000000,0.000000,0.000000,0.000000,0,0,0
159,10,par,0.078247,0.077980,0.075930,0.232158,0,0,0
159,10,weights,0.085630,0.079381,0.000254,0.165264,0,0,0
160,10,seq,0.000000,0.000000,0.000000,0.000000,0,0,0
160,10,par,0.087547,0.083476,0.082583,0.253606,0,0,0
160,10,weights,0.085735,0.078662,0.000283,0.164679,0,0,0
161,10,seq,0.000000,0.000000,0.000000,0.000000,0,0,0
161,10,par,0.077400,0.077402,0.074083,0.228885,0,0,0
161,10,weights,0.082503,0.078357,0.000254,0.161114,0,0,0
162,10,seq,0.000000,0.000000,0.000000,0.000000,0,0,0
162,10,par,0.088899,0.082380,0.081071,0.252351,0,0,0
162,10,weights,0.083744,0.082075,0.000260,0.166079,0,0,0
163,10,seq,0.000000,0.000000,0.000000,0.000000,0,0,0
163,10,par,0.079115,0.077572,0.078318,0.235005,0,0,0
163,10,weights,0.085571,0.080693,0.000256,0.166520,0,0,0
164,10,seq,0.000000,0.000000,0.000000,0.000000,0,0,0
164,10,par,0.080860,0.079609,0.074731,0.235200,0,0,0
164,10,weights,0.083927,0.076245,0.000260,0.160432,0,0,0
165,10,seq,0.000000,0.000000,0.000000,0.000000,0,0,0
165,10,par,0.078960,0.079059,0.077642,0.235661,0,0,0
165,10,weights,0.084337,0.080176,0.000253,0.164766,0,0,0
166,10,seq,0.000000,0.000000,0.000000,0.000000,0,0,0
166,10,par,0.078833,0.076571,0.074243,0.229647,0,0,0
166,10,weights,0.087049,0.078176,0.000268,0.165494,0,0,0
167,10,seq,0.000000,0.000000,0.000000,0.000000,0,0,0
167,10,par,0.087170,0.085578,0.077722,0.250470,0,0,0
167,10,weights,0.087170,0.078149,0.000252,0.165571,0,0,0
168,10,seq,0.000000,0.000000,0.000000,0.000000,0,0,0
168,10,par,0.079963,0.074990,0.074841,0.229794,0,0,0
168,10,weights,0.086752,0.078593,0.000264,0.165610,0,0,0
169,10,seq,0.000000,0.000000,0.000000,0.000000,0,0,0
169,10,par,0.082582,0.077773,0.072587,0.232942,0,0,0
169,10,weights,0.085512,0.080854,0.000258,0.166625,0,0,0
170,10,seq,0.000000,0.000000,0.000000,0.000000,0,0,0
170,10,par,0.078570,0.077364,0.078541,0.234475,0,0,0
170,10,weights,0.085277,0.079475,0.000257,0.165009,0,0,0
171,10,seq,0.000000,0.000000,0.000000,0.000000,0,0,0
171,10,par,0.079319,0.076395,0.077860,0.233574,0,0,0
171,10,weights,0.089790,0.080891,0.000254,0.170935,0,0,0
172,10,seq,0.000000,0.000000,0.000000,0.000000,0,0,0
172,10,par,0.081851,0.078888,0.074134,0.234873,0,0,0
172,10,weights,0.083873,0.076975,0.000267,0.161115,0,0,0
173,10,seq,0.000000,0.000000,0.000000,0.000000,0,0,0
173,10,par,0.080086,0.077993,0.075765,0.233844,0,0,0
173,10,weights,0.083907,0.080215,0.000257,0.164379,0,0,0
174,10,seq,0.000000,0.000000,0.000000,0.000000,0,0,0
174,10,par,0.081149,0.077120,0.074762,0.233031,0,0,0
174,10,weights,0.085199,0.076975,0.000259,0.162432,0,0,0
175,10,seq,0.000000,0.000000,0.000000,0.000000,0,0,0
175,10,par,0.081541,0.077473,0.076375,0.235389,0,0,0
175,10,weights,0.085779,0.077515,0.000286,0.163580,0,0,0
176,10,seq,0.000000,0.000000,0.000000,0.000000,0,0,0
176,10,par,0.077580,0.077333,0.072907,0.227820,0,0,0
176,10,weights,0.084381,0.080546,0.000253,0.165181,0,0,0
177,10,seq,0.000000,0.000000,0.000000,0.000000,0,0,0
177,10,par,0.079677,0.080213,0.075936,0.235826,0,0,0
177,10,weights,0.087028,0.077450,0.000279,0.164758,0,0,0
178,10,seq,0.000000,0.000000,0.000000,0.000000,0,0,0
178,10,par,0.079968,0.076920,0.075108,0.231996,0,0,0
178,10,weights,0.085798,0.079671,0.000268,0.165737,0,0,0
179,10,seq,0.000000,0.000000,0.000000,0.000000,0,0,0
179,10,par,0.077151,0.075425,0.073826,0.226403,0,0,0
179,10,weights,0.082753,0.078671,0.000259,0.161683,0,0,0
180,10,seq,0.000000,0.000000,0.000000,0.000000,0,0,0
180,10,par,0.079073,0.077072,0.074324,0.230469,0,0,0
180,10,weights,0.159894,0.075376,0.000254,0.235524,0,0,0
181,10,seq,0.000000,0.000000,0.000000,0.000000,0,0,0
181,10,par,0.090610,0.085142,0.074931,0.250683,0,0,0
181,10,weights,0.086612,0.080448,0.000257,0.167318,0,0,0
182,10,seq,0.000000,0.000000,0.000000,0.000000,0,0,0
182,10,par,0.079373,0.076684,0.076100,0.232158,0,0,0
182,10,weights,0.085041,0.079481,0.000255,0.164777,0,0,0
183,10,seq,0.000000,0.000000,0.000000,0.000000,0,0,0
183,10,par,0.078362,0.078307,0.075494,0.232164,0,0,0
183,10,weights,0.082880,0.080007,0.000257,0.163144,0,0,0
184,10,seq,0.000000,0.000000,0.000000,0.000000,0,0,0
184,10,par,0.078853,0.074678,0.075472,0.229004,0,0,0
184,10,weights,0.085664,0.084829,0.000291,0.170784,0,0,0
185,10,seq,0.000000,0.000000,0.000000,0.000000,0,0,0
185,10,par,0.088646,0.084259,0.081038,0.253943,0,0,0
185,10,weights,0.085566,0.077769,0.000259,0.163594,0,0,0
186,10,seq,0.000000,0.000000,0.000000,0.000000,0,0,0
186,10,par,0.079261,0.077487,0.076278,0.233027,0,0,0
186,10,weights,0.083208,0.077849,0.000258,0.161314,0,0,0
187,10,seq,0.000000,0.000000,0.000000,0.000000,0,0,0
187,10,par,0.078632,0.077890,0.076931,0.233453,0,0,0
187,10,weights,0.084540,0.077394,0.000260,0.162195,0,0,0
188,10,seq,0.000000,0.000000,0.000000,0.000000,0,0,0
188,10,par,0.077391,0.078198,0.082876,0.238465,0,0,0
188,10,weights,0.091641,0.079397,0.000257,0.171296,0,0,0
189,10,seq,0.000000,0.000000,0.000000,0.000000,0,0,0
189,10,par,0.079460,0.079185,0.075211,0.233857,0,0,0
189,10,weights,0.085982,0.078690,0.000254,0.164926,0,0,0
190,10,seq,0.000000,0.000000,0.000000,0.000000,0,0,0
190,10,par,0.077702,0.077942,0.075046,0.230689,0,0,0
190,10,weights,0.080378,0.078348,0.000257,0.158983,0,0,0
191,10,seq,0.000000,0.000000,0.000000,0.000000,0,0,0
191,10,par,0.078278,0.078729,0.074259,0.231266,0,0,0
191,10,weights,0.085903,0.086658,0.000283,0.172844,0,0,0
192,10,seq,0.000000,0.000000,0.000000,0.000000,0,0,0
192,10,par,0.089664,0.078640,0.074339,0.242643,0,0,0
192,10,weights,0.238325,0.074919,0.000255,0.313500,0,0,0
193,10,seq,0.000000,0.000000,0.000000,0.000000,0,0,0
193,10,par,0.081509,0.086623,0.086000,0.254131,0,0,0
193,10,weights,0.086868,0.078543,0.000258,0.165669,0,0,0
194,10,seq,0.000000,0.000000,0.000000,0.000000,0,0,0
194,10,par,0.079128,0.078804,0.073423,0.231355,0,0,0
194,10,weights,0.084238,0.080010,0.000300,0.164548,0,0,0
195,10,seq,0.000000,0.000000,0.000000,0.000000,0,0,0
195,10,par,0.087860,0.079270,0.076206,0.243336,0,0,0
195,10,weights,0.087083,0.081438,0.000260,0.168781,0,0,0
196,10,seq,0.000000,0.000000,0.000000,0.000000,0,0,0
196,10,par,0.078013,0.076810,0.073697,0.228520,0,0,0
196,10,weights,0.082445,0.081210,0.000267,0.163922,0,0,0
197,10,seq,0.000000,0.000000,0.000000,0.000000,0,0,0
197,10,par,0.078447,0.077204,0.076178,0.231830,0,0,0
197,10,weights,0.084487,0.079116,0.000270,0.163874,0,0,0
198,10,seq,0.000000,0.000000,0.000000,0.000000,0,0,0
198,10,par,0.078176,0.078090,0.073093,0.229359,0,0,0
198,10,weights,0.082697,0.078044,0.000257,0.160998,0,0,0
199,10,seq,0.000000,0.000000,0.000000,0.000000,0,0,0
199,10,par,0.078956,0.076484,0.077262,0.232702,0,0,0
199,10,weights,0.085649,0.077244,0.000262,0.163156,0,0,0
200,10,seq,0.000000,0.000000,0.000000,0.000000,0,0,0
200,10,par,0.077706,0.076681,0.073678,0.228065,0,0,0
200,10,weights,0.093294,0.090009,0.000292,0.183595,0,0,0
201,10,seq,0.000000,0.000000,0.000000,0.000000,0,0,0
201,10,par,0.079560,0.076434,0.075270,0.231265,0,0,0
201,10,weights,0.084757,0.078067,0.000282,0.163106,0,0,0
202,10,seq,0.000000,0.000000,0.000000,0.000000,0,0,0
202,10,par,0.080819,0.076680,0.074987,0.232485,0,0,0
202,10,weights,0.084167,0.079312,0.000262,0.163740,0,0,0
203,10,seq,0.000000,0.000000,0.000000,0.000000,0,0,0
203,10,par,0.080036,0.078150,0.076456,0.234642,0,0,0
203,10,weights,0.084455,0.081174,0.000256,0.165886,0,0,0
204,10,seq,0.000000,0.000000,0.000000,0.000000,0,0,0
204,10,par,0.101450,0.078849,0.076361,0.256660,0,0,0
204,10,weights,0.080740,0.077660,0.000257,0.158657,0,0,0
205,10,seq,0.000000,0.000000,0.000000,0.000000,0,0,0
205,10,par,0.079694,0.079309,0.077872,0.236875,0,0,0
205,10,weights,0.087201,0.078857,0.000261,0.166320,0,0,0
206,10,seq,0.000000,0.000000,0.000000,0.000000,0,0,0
206,10,par,0.082429,0.075492,0.077706,0.235627,0,0,0
206,10,weights,0.095045,0.090121,0.000282,0.185448,0,0,0
207,10,seq,0.000000,0.000000,0.000000,0.000000,0,0,0
207,10,par,0.094779,0.086405,0.074067,0.255250,0,0,0
207,10,weights,0.089780,0.078776,0.000283,0.168839,0,0,0
208,10,seq,0.000000,0.000000,0.000000,0.000000,0,0,0
208,10,par,0.079633,0.078379,0.074914,0.232926,0,0,0
208,10,weights,0.084601,0.078648,0.000258,0.163507,0,0,0
209,10,seq,0.000000,0.000000,0.000000,0.000000,0,0,0
209,10,par,0.079593,0.078041,0.075580,0.233215,0,0,0
209,10,weights,0.083866,0.076534,0.000258,0.160658,0,0,0
210,10,seq,0.000000,0.000000,0.000000,0.000000,0,0,0
210,10,par,0.090153,0.077614,0.074960,0.242727,0,0,0
210,10,weights,0.083562,0.082905,0.000257,0.166724,0,0,0
211,10,seq,0.000000,0.000000,0.000000,0.000000,0,0,0
211,10,par,0.078588,0.077118,0.074067,0.229772,0,0,0
211,10,weights,0.085241,0.078132,0.000278,0.163651,0,0,0
212,10,seq,0.000000,0.000000,0.000000,0.000000,0,0,0
212,10,par,0.081042,0.079567,0.076698,0.237306,0,0,0
212,10,weights,0.085075,0.079476,0.000256,0.164808,0,0,0
213,10,seq,0.000000,0.000000,0.000000,0.000000,0,0,0
213,10,par,0.077729,0.079457,0.078609,0.235796,0,0,0
213,10,weights,0.092651,0.089475,0.000262,0.182389,0,0,0
214,10,seq,0.000000,0.000000,0.000000,0.000000,0,0,0
214,10,par,0.079505,0.076842,0.074601,0.230948,0,0,0
214,10,weights,0.086542,0.080106,0.000282,0.166930,0,0,0
215,10,seq,0.000000,0.000000,0.000000,0.000000,0,0,0
215,10,par,0.093922,0.086749,0.085427,0.266099,0,0,0
215,10,weights,0.130088,0.079982,0.000258,0.210328,0,0,0
216,10,seq,0.000000,0.000000,0.000000,0.000000,0,0,0
216,10,par,0.078097,0.077419,0.074621,0.230137,0,0,0
216,10,weights,0.083333,0.078522,0.000267,0.162121,0,0,0
217,10,seq,0.000000,0.000000,0.000000,0.000000,0,0,0
217,10,par,0.078796,0.076204,0.078130,0.233130,0,0,0
217,10,weights,0.093042,0.079763,0.000263,0.173068,0,0,0
218,10,seq,0.000000,0.000000,0.000000,0.000000,0,0,0
218,10,par,0.079299,0.079252,0.076076,0.234627,0,0,0
218,10,weights,0.086297,0.078141,0.000289,0.164727,0,0,0
219,10,seq,0.000000,0.000000,0.000000,0.000000,0,0,0
219,10,par,0.079135,0.078724,0.077154,0.235013,0,0,0
219,10,weights,0.089252,0.076213,0.000263,0.165728,0,0,0
220,10,seq,0.000000,0.000000,0.000000,0.000000,0,0,0
220,10,par,0.078243,0.078394,0.076343,0.232981,0,0,0
220,10,weights,0.084254,0.079465,0.000263,0.163983,0,0,0
221,10,seq,0.000000,0.000000,0.000000,0.000000,0,0,0
221,10,par,0.080194,0.077043,0.074430,0.231667,0,0,0
221,10,weights,0.086311,0.076828,0.000255,0.163394,0,0,0
222,10,seq,0.000000,0.000000,0.000000,0.000000,0,0,0
222,10,par,0.081049,0.075168,0.074888,0.231105,0,0,0
222,10,weights,0.086725,0.078754,0.000254,0.165733,0,0,0
223,10,seq,0.000000,0.000000,0.000000,0.000000,0,0,0
223,10,par,0.089358,0.086530,0.076826,0.252714,0,0,0
223,10,weights,0.084101,0.077773,0.000255,0.162129,0,0,0
224,10,seq,0.000000,0.000000,0.000000,0.000000,0,0,0
224,10,par,0.077535,0.076193,0.074514,0.228241,0,0,0
224,10,weights,0.084665,0.078469,0.000268,0.163401,0,0,0
225,10,seq,0.000000,0.000000,0.000000,0.000000,0,0,0
225,10,par,0.077595,0.078124,0.074746,0.230465,0,0,0
225,10,weights,0.085674,0.077465,0.000264,0.163403,0,0,0
226,10,seq,0.000000,0.000000,0.000000,0.000000,0,0,0
226,10,par,0.079455,0.074708,0.076754,0.230917,0,0,0
226,10,weights,0.086896,0.079746,0.000264,0.166906,0,0,0
227,10,seq,0.000000,0.000000,0.000000,0.000000,0,0,0
227,10,par,0.087087,0.086065,0.075024,0.248176,0,0,0
227,10,weights,0.351025,0.075719,0.000270,0.427013,0,0,0
228,10,seq,0.000000,0.000000,0.000000,0.000000,0,0,0
228,10,par,0.079640,0.077442,0.074999,0.232080,0,0,0
228,10,weights,0.084131,0.081355,0.000254,0.165740,0,0,0
229,10,seq,0.000000,0.000000,0.000000,0.000000,0,0,0
229,10,par,0.078679,0.076992,0.076367,0.232037,0,0,0
229,10,weights,0.084454,0.081222,0.000259,0.165934,0,0,0
230,10,seq,0.000000,0.000000,0.000000,0.000000,0,0,0
230,10,par,0.080145,0.077273,0.074680,0.232099,0,0,0
230,10,weights,0.085088,0.078589,0.000267,0.163944,0,0,0
231,10,seq,0.000000,0.000000,0.000000,0.000000,0,0,0
231,10,par,0.079639,0.077613,0.075120,0.232372,0,0,0
231,10,weights,0.085007,0.079063,0.000256,0.164327,0,0,0
232,10,seq,0.000000,0.000000,0.000000,0.000000,0,0,0
232,10,par,0.081402,0.078078,0.076111,0.235591,0,0,0
232,10,weights,0.085681,0.077291,0.000286,0.163258,0,0,0
233,10,seq,0.000000,0.000000,0.000000,0.000000,0,0,0
233,10,par,0.089621,0.085897,0.085280,0.260798,0,0,0
233,10,weights,0.095204,0.078764,0.000267,0.174235,0,0,0
234,10,seq,0.000000,0.000000,0.000000,0.000000,0,0,0
234,10,par,0.080369,0.077211,0.073238,0.230818,0,0,0
234,10,weights,0.084802,0.083803,0.000259,0.168864,0,0,0
235,10,seq,0.000000,0.000000,0.000000,0.000000,0,0,0
235,10,par,0.079726,0.075450,0.075312,0.230488,0,0,0
235,10,weights,0.084537,0.077075,0.000279,0.161891,0,0,0
236,10,seq,0.000000,0.000000,0.000000,0.000000,0,0,0
236,10,par,0.079360,0.079250,0.077945,0.236555,0,0,0
236,10,weights,0.084891,0.078214,0.000269,0.163375,0,0,0
237,10,seq,0.000000,0.000000,0.000000,0.000000,0,0,0
237,10,par,0.080494,0.081295,0.074034,0.235822,0,0,0
237,10,weights,0.085589,0.078081,0.000255,0.163925,0,0,0
238,10,seq,0.000000,0.000000,0.000000,0.000000,0,0,0
238,10,par,0.081005,0.080655,0.074772,0.236432,0,0,0
238,10,weights,0.085423,0.079682,0.000259,0.165364,0,0,0
239,10,seq,0.000000,0.000000,0.000000,0.000000,0,0,0
239,10,par,0.127451,0.075596,0.076366,0.279412,0,0,0
239,10,weights,0.085272,0.079183,0.000270,0.164725,0,0,0
240,10,seq,0.000000,0.000000,0.000000,0.000000,0,0,0
240,10,par,0.090644,0.087186,0.077942,0.255772,0,0,0
240,10,weights,0.087748,0.076749,0.000259,0.164756,0,0,0
241,10,seq,0.000000,0.000000,0.000000,0.000000,0,0,0
241,10,par,0.078671,0.079917,0.078020,0.236609,0,0,0
241,10,weights,0.084042,0.080894,0.000269,0.165204,0,0,0
242,10,seq,0.000000,0.000000,0.000000,0.000000,0,0,0
242,10,par,0.077855,0.079352,0.076299,0.233506,0,0,0
242,10,weights,0.086952,0.079233,0.000288,0.166474,0,0,0
243,10,seq,0.000000,0.000000,0.000000,0.000000,0,0,0
243,10,par,0.079963,0.078360,0.077514,0.235837,0,0,0
243,10,weights,0.085576,0.078990,0.000259,0.164825,0,0,0
244,10,seq,0.000000,0.000000,0.000000,0.000000,0,0,0
244,10,par,0.088759,0.084142,0.075934,0.248835,0,0,0
244,10,weights,0.085823,0.076367,0.000263,0.162453,0,0,0
245,10,seq,0.000000,0.000000,0.000000,0.000000,0,0,0
245,10,par,0.080720,0.087156,0.074970,0.242845,0,0,0
245,10,weights,0.085296,0.077937,0.000254,0.163487,0,0,0
246,10,seq,0.000000,0.000000,0.000000,0.000000,0,0,0
246,10,par,0.080059,0.076871,0.074495,0.231426,0,0,0
246,10,weights,0.095208,0.075539,0.000257,0.171004,0,0,0
247,10,seq,0.000000,0.000000,0.000000,0.000000,0,0,0
247,10,par,0.081212,0.076424,0.075969,0.233606,0,0,0
247,10,weights,0.086838,0.079323,0.000264,0.166425,0,0,0
248,10,seq,0.000000,0.000000,0.000000,0.000000,0,0,0
248,10,par,0.078203,0.077978,0.074964,0.231146,0,0,0
248,10,weights,0.085007,0.080956,0.000286,0.166249,0,0,0
249,10,seq,0.000000,0.000000,0.000000,0.000000,0,0,0
249,10,par,0.082540,0.076320,0.074886,0.233746,0,0,0
249,10,weights,0.087034,0.080186,0.000258,0.167478,0,0,0
250,10,seq,0.000000,0.000000,0.000000,0.000000,0,0,0
250,10,par,0.079012,0.079012,0.075259,0.233284,0,0,0
250,10,weights,0.145081,0.076579,0.000269,0.221929,0,0,0
251,10,seq,0.000000,0.000000,0.000000,0.000000,0,0,0
251,10,par,0.080013,0.077246,0.073962,0.231221,0,0,0
251,10,weights,0.088109,0.076197,0.000258,0.164564,0,0,0
252,10,seq,0.000000,0.000000,0.000000,0.000000,0,0,0
252,10,par,0.088338,0.086860,0.085727,0.260925,0,0,0
252,10,weights,0.092137,0.090058,0.000299,0.182494,0,0,0
253,10,seq,0.000000,0.000000,0.000000,0.000000,0,0,0
253,10,par,0.092697,0.081728,0.074763,0.249188,0,0,0
253,10,weights,0.084998,0.078246,0.000253,0.163496,0,0,0
254,10,seq,0.000000,0.000000,0.000000,0.000000,0,0,0
254,10,par,0.078245,0.080002,0.078802,0.237049,0,0,0
254,10,weights,0.086740,0.077760,0.000258,0.164758,0,0,0
255,10,seq,0.000000,0.000000,0.000000,0.000000,0,0,0
255,10,par,0.079777,0.078568,0.077081,0.235427,0,0,0
255,10,weights,0.084515,0.080270,0.000274,0.165060,0,0,0
256,10,seq,0.000000,0.000000,0.000000,0.000000,0,0,0
256,10,par,0.079772,0.077474,0.075506,0.232752,0,0,0
256,10,weights,0.085954,0.080346,0.000260,0.166560,0,0,0
257,10,seq,0.000000,0.000000,0.000000,0.000000,0,0,0
257,10,par,0.080449,0.077179,0.074580,0.232207,0,0,0
257,10,weights,0.085512,0.079388,0.000262,0.165162,0,0,0
258,10,seq,0.000000,0.000000,0.000000,0.000000,0,0,0
258,10,par,0.080840,0.079223,0.075677,0.235741,0,0,0
258,10,weights,0.086005,0.087218,0.000268,0.173491,0,0,0
259,10,seq,0.000000,0.000000,0.000000,0.000000,0,0,0
259,10,par,0.089807,0.079597,0.077574,0.246978,0,0,0
259,10,weights,0.088150,0.078690,0.000286,0.167125,0,0,0
260,10,seq,0.000000,0.000000,0.000000,0.000000,0,0,0
260,10,par,0.077860,0.079780,0.074681,0.232321,0,0,0
260,10,weights,0.085762,0.086882,0.000287,0.172931,0,0,0
261,10,seq,0.000000,0.000000,0.000000,0.000000,0,0,0
261,10,par,0.081113,0.076806,0.075894,0.233813,0,0,0
261,10,weights,0.081697,0.080670,0.000265,0.162632,0,0,0
262,10,seq,0.000000,0.000000,0.000000,0.000000,0,0,0
262,10,par,0.079262,0.078842,0.076943,0.235047,0,0,0
262,10,weights,0.549281,0.076769,0.000264,0.626313,0,0,0
263,10,seq,0.000000,0.000000,0.000000,0.000000,0,0,0
263,10,par,0.079762,0.079432,0.075880,0.235074,0,0,0
263,10,weights,0.087860,0.081304,0.000264,0.169428,0,0,0
264,10,seq,0.000000,0.000000,0.000000,0.000000,0,0,0
264,10,par,0.080706,0.076643,0.076970,0.234319,0,0,0
264,10,weights,0.096234,0.079288,0.000255,0.175777,0,0,0
265,10,seq,0.000000,0.000000,0.000000,0.000000,0,0,0
265,10,par,0.083843,0.076152,0.075858,0.235853,0,0,0
265,10,weights,0.087249,0.076873,0.000262,0.164384,0,0,0
266,10,seq,0.000000,0.000000,0.000000,0.000000,0,0,0
266,10,par,0.088021,0.079847,0.075411,0.243279,0,0,0
266,10,weights,0.082549,0.075098,0.000258,0.157905,0,0,0
267,10,seq,0.000000,0.000000,0.000000,0.000000,0,0,0
267,10,par,0.079155,0.077285,0.074262,0.230702,0,0,0
267,10,weights,0.086065,0.081025,0.000263,0.167353,0,0,0
268,10,seq,0.000000,0.000000,0.000000,0.000000,0,0,0
268,10,par,0.079686,0.079310,0.077432,0.236427,0,0,0
268,10,weights,0.082424,0.077527,0.000255,0.160206,0,0,0
269,10,seq,0.000000,0.000000,0.000000,0.000000,0,0,0
269,10,par,0.080863,0.076852,0.077491,0.235206,0,0,0
269,10,weights,0.087410,0.078699,0.000262,0.166371,0,0,0
270,10,seq,0.000000,0.000000,0.000000,0.000000,0,0,0
270,10,par,0.078377,0.079624,0.077496,0.235497,0,0,0
270,10,weights,0.084440,0.079712,0.000263,0.164415,0,0,0
271,10,seq,0.000000,0.000000,0.000000,0.000000,0,0,0
271,10,par,0.078430,0.076705,0.076457,0.231592,0,0,0
271,10,weights,0.086674,0.080426,0.000259,0.167359,0,0,0
272,10,seq,0.000000,0.000000,0.000000,0.000000,0,0,0
272,10,par,0.081256,0.079235,0.077983,0.238474,0,0,0
272,10,weights,0.087106,0.076673,0.000259,0.164038,0,0,0
273,10,seq,0.000000,0.000000,0.000000,0.000000,0,0,0
273,10,par,0.077472,0.079994,0.074254,0.231719,0,0,0
273,10,weights,0.086305,0.079832,0.000259,0.166396,0,0,0
274,10,seq,0.000000,0.000000,0.000000,0.000000,0,0,0
274,10,par,0.078345,0.079610,0.101786,0.259740,0,0,0
274,10,weights,0.080705,0.088270,0.000270,0.169245,0,0,0
275,10,seq,0.000000,0.000000,0.000000,0.000000,0,0,0
275,10,par,0.078531,0.079243,0.076171,0.233945,0,0,0
275,10,weights,0.084673,0.078655,0.000253,0.163581,0,0,0
276,10,seq,0.000000,0.000000,0.000000,0.000000,0,0,0
276,10,par,0.078240,0.077312,0.078750,0.234303,0,0,0
276,10,weights,0.084851,0.083924,0.000280,0.169055,0,0,0
277,10,seq,0.000000,0.000000,0.000000,0.000000,0,0,0
277,10,par,0.077856,0.080109,0.077808,0.235772,0,0,0
277,10,weights,0.085609,0.078764,0.000285,0.164657,0,0,0
278,10,seq,0.000000,0.000000,0.000000,0.000000,0,0,0
278,10,par,0.082544,0.077374,0.077432,0.237350,0,0,0
278,10,weights,0.086625,0.079757,0.000255,0.166637,0,0,0
279,10,seq,0.000000,0.000000,0.000000,0.000000,0,0,0
279,10,par,0.079440,0.078706,0.074073,0.232219,0,0,0
279,10,weights,0.088333,0.082247,0.000262,0.170842,0,0,0
280,10,seq,0.000000,0.000000,0.000000,0.000000,0,0,0
280,10,par,0.079114,0.076338,0.073880,0.229332,0,0,0
280,10,weights,0.085208,0.079145,0.000257,0.164610,0,0,0
281,10,seq,0.000000,0.000000,0.000000,0.000000,0,0,0
281,10,par,0.079926,0.077074,0.076740,0.233741,0,0,0
281,10,weights,0.082574,0.080269,0.000289,0.163132,0,0,0
282,10,seq,0.000000,0.000000,0.000000,0.000000,0,0,0
282,10,par,0.089291,0.077956,0.075406,0.242653,0,0,0
282,10,weights,0.085152,0.081378,0.000259,0.166789,0,0,0
283,10,seq,0.000000,0.000000,0.000000,0.000000,0,0,0
283,10,par,0.081682,0.076261,0.076032,0.233975,0,0,0
283,10,weights,0.084944,0.080041,0.000276,0.165260,0,0,0
284,10,seq,0.000000,0.000000,0.000000,0.000000,0,0,0
284,10,par,0.079246,0.076938,0.075229,0.231413,0,0,0
284,10,weights,0.086478,0.079789,0.000283,0.166550,0,0,0
285,10,seq,0.000000,0.000000,0.000000,0.000000,0,0,0
285,10,par,0.080967,0.077707,0.075010,0.233683,0,0,0
285,10,weights,0.079690,0.080327,0.000256,0.160273,0,0,0
286,10,seq,0.000000,0.000000,0.000000,0.000000,0,0,0
286,10,par,0.080763,0.121320,0.071481,0.273563,0,0,0
286,10,weights,0.086713,0.082436,0.000265,0.169414,0,0,0
287,10,seq,0.000000,0.000000,0.000000,0.000000,0,0,0
287,10,par,0.079559,0.079276,0.074354,0.233190,0,0,0
287,10,weights,0.085357,0.080928,0.000259,0.166544,0,0,0
288,10,seq,0.000000,0.000000,0.000000,0.000000,0,0,0
288,10,par,0.080032,0.075950,0.075665,0.231646,0,0,0
288,10,weights,0.085880,0.078221,0.000261,0.164363,0,0,0
289,10,seq,0.000000,0.000000,0.000000,0.000000,0,0,0
289,10,par,0.077616,0.077649,0.075860,0.231125,0,0,0
289,10,weights,0.085496,0.079899,0.000262,0.165657,0,0,0
290,10,seq,0.000000,0.000000,0.000000,0.000000,0,0,0
290,10,par,0.076081,0.077658,0.076814,0.230553,0,0,0
290,10,weights,0.087296,0.080193,0.000255,0.167745,0,0,0
291,10,seq,0.000000,0.000000,0.000000,0.000000,0,0,0
291,10,par,0.079773,0.077113,0.074424,0.231310,0,0,0
291,10,weights,0.083344,0.080859,0.000301,0.164503,0,0,0
292,10,seq,0.000000,0.000000,0.000000,0.000000,0,0,0
292,10,par,0.080651,0.083894,0.085917,0.250462,0,0,0
292,10,weights,0.091802,0.088162,0.000266,0.180231,0,0,0
293,10,seq,0.000000,0.000000,0.000000,0.000000,0,0,0
293,10,par,0.092076,0.086328,0.078161,0.256565,0,0,0
293,10,weights,0.084883,0.078009,0.000280,0.163171,0,0,0
294,10,seq,0.000000,0.000000,0.000000,0.000000,0,0,0
294,10,par,0.081413,0.080231,0.076096,0.237740,0,0,0
294,10,weights,0.087508,0.077466,0.000259,0.165232,0,0,0
295,10,seq,0.000000,0.000000,0.000000,0.000000,0,0,0
295,10,par,0.080292,0.080966,0.074782,0.236040,0,0,0
295,10,weights,0.084132,0.081265,0.000263,0.165660,0,0,0
296,10,seq,0.000000,0.000000,0.000000,0.000000,0,0,0
296,10,par,0.079572,0.077702,0.076393,0.233667,0,0,0
296,10,weights,0.082911,0.079845,0.000256,0.163012,0,0,0
297,10,seq,0.000000,0.000000,0.000000,0.000000,0,0,0
297,10,par,0.078613,0.078250,0.073722,0.230585,0,0,0
297,10,weights,0.084598,0.075304,0.000268,0.160170,0,0,0
298,10,seq,0.000000,0.000000,0.000000,0.000000,0,0,0
298,10,par,0.082406,0.078828,0.074596,0.235830,0,0,0
298,10,weights,0.085388,0.080021,0.000286,0.165695,0,0,0
299,10,seq,0.000000,0.000000,0.000000,0.000000,0,0,0
299,10,par,0.084015,0.078992,0.076728,0.239735,0,0,0
299,10,weights,0.086003,0.081058,0.000269,0.167330,0,0,0
300,10,seq,0.000000,0.000000,0.000000,0.000000,0,0,0
300,10,par,0.079371,0.079913,0.076777,0.236060,0,0,0
300,10,weights,0.083301,0.078644,0.000275,0.162220,0,0,0
301,10,seq,0.000000,0.000000,0.000000,0.000000,0,0,0
301,10,par,0.079378,0.076803,0.074970,0.231151,0,0,0
301,10,weights,0.084125,0.087521,0.000270,0.171916,0,0,0
302,10,seq,0.000000,0.000000,0.000000,0.000000,0,0,0
302,10,par,0.080083,0.077760,0.076729,0.234572,0,0,0
302,10,weights,0.084237,0.078065,0.000259,0.162561,0,0,0
303,10,seq,0.000000,0.000000,0.000000,0.000000,0,0,0
303,10,par,0.077334,0.078818,0.077869,0.234021,0,0,0
303,10,weights,0.084913,0.078690,0.000262,0.163864,0,0,0
304,10,seq,0.000000,0.000000,0.000000,0.000000,0,0,0
304,10,par,0.087829,0.083983,0.081616,0.253428,0,0,0
304,10,weights,0.084154,0.078941,0.000262,0.163357,0,0,0
305,10,seq,0.000000,0.000000,0.000000,0.000000,0,0,0
305,10,par,0.080713,0.076344,0.078161,0.235218,0,0,0
305,10,weights,0.086176,0.082962,0.000295,0.169433,0,0,0
306,10,seq,0.000000,0.000000,0.000000,0.000000,0,0,0
306,10,par,0.079392,0.080791,0.076417,0.236600,0,0,0
306,10,weights,0.086428,0.077999,0.000253,0.164679,0,0,0
307,10,seq,0.000000,0.000000,0.000000,0.000000,0,0,0
307,10,par,0.080732,0.079665,0.074426,0.234823,0,0,0
307,10,weights,0.086495,0.077693,0.000261,0.164449,0,0,0
308,10,seq,0.000000,0.000000,0.000000,0.000000,0,0,0
308,10,par,0.078625,0.074572,0.075558,0.228755,0,0,0
308,10,weights,0.084963,0.078924,0.000268,0.164155,0,0,0
309,10,seq,0.000000,0.000000,0.000000,0.000000,0,0,0
309,10,par,0.080675,0.077811,0.072755,0.231241,0,0,0
309,10,weights,0.087159,0.079353,0.000262,0.166774,0,0,0
310,10,seq,0.000000,0.000000,0.000000,0.000000,0,0,0
310,10,par,0.078841,0.083177,0.075378,0.237397,0,0,0
310,10,weights,0.084240,0.076907,0.000278,0.161426,0,0,0
311,10,seq,0.000000,0.000000,0.000000,0.000000,0,0,0
311,10,par,0.087863,0.084604,0.084323,0.256790,0,0,0
311,10,weights,0.092466,0.078601,0.000258,0.171325,0,0,0
312,10,seq,0.000000,0.000000,0.000000,0.000000,0,0,0
312,10,par,0.079548,0.080189,0.075883,0.235621,0,0,0
312,10,weights,0.085275,0.077566,0.000261,0.163102,0,0,0
313,10,seq,0.000000,0.000000,0.000000,0.000000,0,0,0
313,10,par,0.078902,0.079261,0.077852,0.236014,0,0,0
313,10,weights,0.081227,0.081349,0.000261,0.162837,0,0,0
314,10,seq,0.000000,0.000000,0.000000,0.000000,0,0,0
314,10,par,0.082100,0.079540,0.078590,0.240230,0,0,0
314,10,weights,0.082125,0.082731,0.000256,0.165112,0,0,0
315,10,seq,0.000000,0.000000,0.000000,0.000000,0,0,0
315,10,par,0.076285,0.077320,0.073352,0.226957,0,0,0
315,10,weights,0.086086,0.078640,0.000266,0.164991,0,0,0
316,10,seq,0.000000,0.000000,0.000000,0.000000,0,0,0
316,10,par,0.078098,0.077787,0.075760,0.231644,0,0,0
316,10,weights,0.084219,0.078039,0.000261,0.162519,0,0,0
317,10,seq,0.000000,0.000000,0.000000,0.000000,0,0,0
317,10,par,0.119163,0.084866,0.081541,0.285569,0,0,0
317,10,weights,0.084789,0.076583,0.000275,0.161646,0,0,0
318,10,seq,0.000000,0.000000,0.000000,0.000000,0,0,0
318,10,par,0.076965,0.080565,0.074305,0.231835,0,0,0
318,10,weights,0.085440,0.079601,0.000267,0.165307,0,0,0
319,10,seq,0.000000,0.000000,0.000000,0.000000,0,0,0
319,10,par,0.075593,0.078452,0.073357,0.227402,0,0,0
319,10,weights,0.085424,0.079733,0.000249,0.165405,0,0,0
320,10,seq,0.000000,0.000000,0.000000,0.000000,0,0,0
320,10,par,0.081243,0.076539,0.073171,0.230953,0,0,0
320,10,weights,0.086014,0.075926,0.000260,0.162200,0,0,0
321,10,seq,0.000000,0.000000,0.000000,0.000000,0,0,0
321,10,par,0.076964,0.076768,0.074483,0.228215,0,0,0
321,10,weights,0.085141,0.078349,0.000251,0.163741,0,0,0
322,10,seq,0.000000,0.000000,0.000000,0.000000,0,0,0
322,10,par,0.077043,0.076863,0.075069,0.228975,0,0,0
322,10,weights,0.082315,0.077964,0.000248,0.160527,0,0,0
323,10,seq,0.000000,0.000000,0.000000,0.000000,0,0,0
323,10,par,0.083871,0.079419,0.078130,0.241420,0,0,0
323,10,weights,0.084632,0.078800,0.000255,0.163687,0,0,0
324,10,seq,0.000000,0.000000,0.000000,0.000000,0,0,0
324,10,par,0.078270,0.076957,0.076591,0.231818,0,0,0
324,10,weights,0.085362,0.081064,0.000252,0.166678,0,0,0
325,10,seq,0.000000,0.000000,0.000000,0.000000,0,0,0
325,10,par,0.079830,0.075152,0.073923,0.228904,0,0,0
325,10,weights,0.085007,0.077622,0.000259,0.162888,0,0,0
326,10,seq,0.000000,0.000000,0.000000,0.000000,0,0,0
326,10,par,0.080805,0.078604,0.073652,0.233062,0,0,0
326,10,weights,0.091174,0.082140,0.000257,0.173571,0,0,0
327,10,seq,0.000000,0.000000,0.000000,0.000000,0,0,0
327,10,par,0.081140,0.075297,0.076553,0.232990,0,0,0
327,10,weights,0.084134,0.081877,0.000245,0.166256,0,0,0
328,10,seq,0.000000,0.000000,0.000000,0.000000,0,0,0
328,10,par,0.078712,0.075881,0.074625,0.229218,0,0,0
328,10,weights,0.085398,0.077106,0.000256,0.162760,0,0,0
329,10,seq,0.000000,0.000000,0.000000,0.000000,0,0,0
329,10,par,0.078771,0.080301,0.073331,0.232404,0,0,0
329,10,weights,0.087705,0.082075,0.000255,0.170034,0,0,0
330,10,seq,0.000000,0.000000,0.000000,0.000000,0,0,0
330,10,par,0.079803,0.079594,0.076907,0.236304,0,0,0
330,10,weights,0.082133,0.077921,0.000254,0.160308,0,0,0
331,10,seq,0.000000,0.000000,0.000000,0.000000,0,0,0
331,10,par,0.076931,0.078234,0.074812,0.229978,0,0,0
331,10,weights,0.084420,0.076383,0.000259,0.161062,0,0,0
332,10,seq,0.000000,0.000000,0.000000,0.000000,0,0,0
332,10,par,0.077154,0.077825,0.073249,0.228227,0,0,0
332,10,weights,0.085003,0.078853,0.000256,0.164112,0,0,0
333,10,seq,0.000000,0.000000,0.000000,0.000000,0,0,0
333,10,par,0.078154,0.076889,0.076759,0.231802,0,0,0
333,10,weights,0.093186,0.076692,0.000284,0.170162,0,0,0
334,10,seq,0.000000,0.000000,0.000000,0.000000,0,0,0
334,10,par,0.122392,0.074217,0.077214,0.273824,0,0,0
334,10,weights,0.083766,0.076541,0.000273,0.160580,0,0,0
335,10,seq,0.000000,0.000000,0.000000,0.000000,0,0,0
335,10,par,0.077892,0.077429,0.075971,0.231292,0,0,0
335,10,weights,0.085481,0.079005,0.000281,0.164766,0,0,0
336,10,seq,0.000000,0.000000,0.000000,0.000000,0,0,0
336,10,par,0.089671,0.085709,0.074585,0.249965,0,0,0
336,10,weights,0.085475,0.081503,0.000261,0.167238,0,0,0
337,10,seq,0.000000,0.000000,0.000000,0.000000,0,0,0
337,10,par,0.080090,0.078738,0.073795,0.232623,0,0,0
337,10,weights,0.085553,0.077915,0.000259,0.163727,0,0,0
338,10,seq,0.000000,0.000000,0.000000,0.000000,0,0,0
338,10,par,0.078395,0.076562,0.077562,0.232519,0,0,0
338,10,weights,0.082433,0.080377,0.000262,0.163072,0,0,0
339,10,seq,0.000000,0.000000,0.000000,0.000000,0,0,0
339,10,par,0.079810,0.075997,0.074204,0.230011,0,0,0
339,10,weights,0.083378,0.079896,0.000254,0.163529,0,0,0
340,10,seq,0.000000,0.000000,0.000000,0.000000,0,0,0
340,10,par,0.078473,0.077808,0.072361,0.228642,0,0,0
340,10,weights,0.085944,0.078914,0.000262,0.165120,0,0,0
341,10,seq,0.000000,0.000000,0.000000,0.000000,0,0,0
341,10,par,0.077822,0.076755,0.074658,0.229235,0,0,0
341,10,weights,0.086886,0.077115,0.000278,0.164279,0,0,0
342,10,seq,0.000000,0.000000,0.000000,0.000000,0,0,0
342,10,par,0.080576,0.078963,0.074874,0.234413,0,0,0
342,10,weights,0.087415,0.077993,0.000291,0.165699,0,0,0
343,10,seq,0.000000,0.000000,0.000000,0.000000,0,0,0
343,10,par,0.077082,0.077720,0.075084,0.229886,0,0,0
343,10,weights,0.079709,0.076846,0.000254,0.156809,0,0,0
344,10,seq,0.000000,0.000000,0.000000,0.000000,0,0,0
344,10,par,0.079747,0.078612,0.073876,0.232234,0,0,0
344,10,weights,0.086030,0.076929,0.000258,0.163216,0,0,0
345,10,seq,0.000000,0.000000,0.000000,0.000000,0,0,0
345,10,par,0.078387,0.077975,0.075035,0.231397,0,0,0
345,10,weights,0.409323,0.077493,0.000250,0.487066,0,0,0
346,10,seq,0.000000,0.000000,0.000000,0.000000,0,0,0
346,10,par,0.076376,0.078146,0.075670,0.230193,0,0,0
346,10,weights,0.085492,0.081010,0.000256,0.166757,0,0,0
347,10,seq,0.000000,0.000000,0.000000,0.000000,0,0,0
347,10,par,0.079152,0.079579,0.077139,0.235870,0,0,0
347,10,weights,0.086166,0.080030,0.000280,0.166476,0,0,0
348,10,seq,0.000000,0.000000,0.000000,0.000000,0,0,0
348,10,par,0.088450,0.084902,0.082544,0.255897,0,0,0
348,10,weights,0.082489,0.079172,0.000256,0.161918,0,0,0
349,10,seq,0.000000,0.000000,0.000000,0.000000,0,0,0
349,10,par,0.081792,0.078637,0.076301,0.236730,0,0,0
349,10,weights,0.088586,0.077497,0.000258,0.166341,0,0,0
350,10,seq,0.000000,0.000000,0.000000,0.000000,0,0,0
350,10,par,0.078033,0.077255,0.075204,0.230492,0,0,0
350,10,weights,0.092696,0.086050,0.000279,0.179026,0,0,0
351,10,seq,0.000000,0.000000,0.000000,0.000000,0,0,0
351,10,par,0.078592,0.076107,0.077011,0.231711,0,0,0
351,10,weights,0.085627,0.080210,0.000274,0.166111,0,0,0
352,10,seq,0.000000,0.000000,0.000000,0.000000,0,0,0
352,10,par,0.090404,0.083487,0.074394,0.248286,0,0,0
352,10,weights,0.082688,0.079761,0.000254,0.162704,0,0,0
353,10,seq,0.000000,0.000000,0.000000,0.000000,0,0,0
353,10,par,0.076370,0.077431,0.076586,0.230387,0,0,0
353,10,weights,0.089010,0.085995,0.000259,0.175264,0,0,0
354,10,seq,0.000000,0.000000,0.000000,0.000000,0,0,0
354,10,par,0.077476,0.079136,0.075101,0.231712,0,0,0
354,10,weights,0.083759,0.077525,0.000257,0.161541,0,0,0
355,10,seq,0.000000,0.000000,0.000000,0.000000,0,0,0
355,10,par,0.080663,0.077923,0.075462,0.234048,0,0,0
355,10,weights,0.087673,0.089570,0.000261,0.177504,0,0,0
356,10,seq,0.000000,0.000000,0.000000,0.000000,0,0,0
356,10,par,0.146944,0.087934,0.076350,0.311228,0,0,0
356,10,weights,0.084451,0.081617,0.000256,0.166323,0,0,0
357,10,seq,0.000000,0.000000,0.000000,0.000000,0,0,0
357,10,par,0.077432,0.147835,0.116536,0.341804,0,0,0
357,10,weights,0.350053,0.080232,0.000253,0.430538,0,0,0
358,10,seq,0.000000,0.000000,0.000000,0.000000,0,0,0
358,10,par,0.079959,0.077850,0.073957,0.231766,0,0,0
358,10,weights,0.086867,0.078788,0.000274,0.165929,0,0,0
359,10,seq,0.000000,0.000000,0.000000,0.000000,0,0,0
359,10,par,0.081369,0.075416,0.077817,0.234603,0,0,0
359,10,weights,0.086373,0.078590,0.000258,0.165221,0,0,0
360,10,seq,0.000000,0.000000,0.000000,0.000000,0,0,0
360,10,par,0.079760,0.074592,0.075463,0.229815,0,0,0
360,10,weights,0.086596,0.079620,0.000254,0.166470,0,0,0
361,10,seq,0.000000,0.000000,0.000000,0.000000,0,0,0
361,10,par,0.078229,0.079028,0.074593,0.231850,0,0,0
361,10,weights,0.082294,0.077020,0.000289,0.159603,0,0,0
362,10,seq,0.000000,0.000000,0.000000,0.000000,0,0,0
362,10,par,0.080086,0.078859,0.075320,0.234265,0,0,0
362,10,weights,0.083421,0.076029,0.000253,0.159703,0,0,0
363,10,seq,0.000000,0.000000,0.000000,0.000000,0,0,0
363,10,par,0.078789,0.078156,0.075701,0.232646,0,0,0
363,10,weights,0.153431,0.151409,0.000309,0.305149,0,0,0
364,10,seq,0.000000,0.000000,0.000000,0.000000,0,0,0
364,10,par,0.102209,0.078820,0.077684,0.258714,0,0,0
364,10,weights,0.087872,0.079784,0.000254,0.167910,0,0,0
365,10,seq,0.000000,0.000000,0.000000,0.000000,0,0,0
365,10,par,0.079795,0.075709,0.076128,0.231632,0,0,0
365,10,weights,0.084892,0.079143,0.000265,0.164300,0,0,0
366,10,seq,0.000000,0.000000,0.000000,0.000000,0,0,0
366,10,par,0.081312,0.077880,0.073962,0.233153,0,0,0
366,10,weights,0.090312,0.081968,0.000266,0.172545,0,0,0
367,10,seq,0.000000,0.000000,0.000000,0.000000,0,0,0
367,10,par,0.077688,0.079267,0.074562,0.231517,0,0,0
367,10,weights,0.086030,0.076438,0.000250,0.162718,0,0,0
368,10,seq,0.000000,0.000000,0.000000,0.000000,0,0,0
368,10,par,0.076265,0.078098,0.075038,0.229402,0,0,0
368,10,weights,0.083558,0.081913,0.000264,0.165736,0,0,0
369,10,seq,0.000000,0.000000,0.000000,0.000000,0,0,0
369,10,par,0.079448,0.075458,0.076185,0.231092,0,0,0
369,10,weights,0.083055,0.154908,0.000216,0.238180,0,0,0
370,10,seq,0.000000,0.000000,0.000000,0.000000,0,0,0
370,10,par,0.081092,0.077691,0.076683,0.235465,0,0,0
370,10,weights,0.088850,0.083110,0.000340,0.172301,0,0,0
371,10,seq,0.000000,0.000000,0.000000,0.000000,0,0,0
371,10,par,0.143243,0.137383,0.113790,0.394416,0,0,0
371,10,weights,0.085224,0.079485,0.000262,0.164970,0,0,0
372,10,seq,0.000000,0.000000,0.000000,0.000000,0,0,0
372,10,par,0.077534,0.078034,0.075501,0.231069,0,0,0
372,10,weights,0.087799,0.081231,0.000261,0.169290,0,0,0
373,10,seq,0.000000,0.000000,0.000000,0.000000,0,0,0
373,10,par,0.082007,0.077723,0.075663,0.235394,0,0,0
373,10,weights,0.085063,0.077658,0.000255,0.162976,0,0,0
374,10,seq,0.000000,0.000000,0.000000,0.000000,0,0,0
374,10,par,0.079568,0.076532,0.072794,0.228894,0,0,0
374,10,weights,0.154792,0.150436,0.000339,0.305567,0,0,0
375,10,seq,0.000000,0.000000,0.000000,0.000000,0,0,0
375,10,par,0.121067,0.079832,0.077003,0.277902,0,0,0
375,10,weights,0.085441,0.081865,0.000277,0.167582,0,0,0
376,10,seq,0.000000,0.000000,0.000000,0.000000,0,0,0
376,10,par,0.079684,0.078603,0.073806,0.232093,0,0,0
376,10,weights,0.086305,0.079853,0.000254,0.166412,0,0,0
377,10,seq,0.000000,0.000000,0.000000,0.000000,0,0,0
377,10,par,0.077618,0.077174,0.076545,0.231337,0,0,0
377,10,weights,0.084932,0.080379,0.000257,0.165568,0,0,0
378,10,seq,0.000000,0.000000,0.000000,0.000000,0,0,0
378,10,par,0.080346,0.077687,0.075104,0.233136,0,0,0
378,10,weights,0.086504,0.078717,0.000257,0.165478,0,0,0
379,10,seq,0.000000,0.000000,0.000000,0.000000,0,0,0
379,10,par,0.080347,0.099745,0.075434,0.255527,0,0,0
379,10,weights,0.087571,0.081332,0.000256,0.169159,0,0,0
380,10,seq,0.000000,0.000000,0.000000,0.000000,0,0,0
380,10,par,0.080895,0.078339,0.076181,0.235415,0,0,0
380,10,weights,0.085607,0.238356,0.000202,0.324165,0,0,0
381,10,seq,0.000000,0.000000,0.000000,0.000000,0,0,0
381,10,par,0.077940,0.078292,0.146472,0.302704,0,0,0
381,10,weights,0.100373,0.078378,0.000258,0.179009,0,0,0
382,10,seq,0.000000,0.000000,0.000000,0.000000,0,0,0
382,10,par,0.082225,0.075078,0.076495,0.233798,0,0,0
382,10,weights,0.104025,0.080439,0.000251,0.184715,0,0,0
383,10,seq,0.000000,0.000000,0.000000,0.000000,0,0,0
383,10,par,0.079004,0.076182,0.074888,0.230074,0,0,0
383,10,weights,0.082661,0.079083,0.000256,0.161999,0,0,0
384,10,seq,0.000000,0.000000,0.000000,0.000000,0,0,0
384,10,par,0.077682,0.079802,0.077784,0.235268,0,0,0
384,10,weights,0.085489,0.083346,0.000261,0.169097,0,0,0
385,10,seq,0.000000,0.000000,0.000000,0.000000,0,0,0
385,10,par,0.081886,0.076051,0.073852,0.231789,0,0,0
385,10,weights,0.084943,0.081448,0.000253,0.166644,0,0,0
386,10,seq,0.000000,0.000000,0.000000,0.000000,0,0,0
386,10,par,0.078610,0.080811,0.080236,0.239657,0,0,0
386,10,weights,0.087559,0.081265,0.000256,0.169079,0,0,0
387,10,seq,0.000000,0.000000,0.000000,0.000000,0,0,0
387,10,par,0.082709,0.077173,0.085978,0.245860,0,0,0
387,10,weights,0.086985,0.083506,0.000264,0.170756,0,0,0
388,10,seq,0.000000,0.000000,0.000000,0.000000,0,0,0
388,10,par,0.080451,0.079001,0.074589,0.234041,0,0,0
388,10,weights,0.091953,0.078020,0.000251,0.170223,0,0,0
389,10,seq,0.000000,0.000000,0.000000,0.000000,0,0,0
389,10,par,0.080337,0.080096,0.074347,0.234780,0,0,0
389,10,weights,0.087058,0.078354,0.000262,0.165674,0,0,0
390,10,seq,0.000000,0.000000,0.000000,0.000000,0,0,0
390,10,par,0.085700,0.074334,0.074629,0.234663,0,0,0
390,10,weights,0.083705,0.079295,0.000254,0.163254,0,0,0
391,10,seq,0.000000,0.000000,0.000000,0.000000,0,0,0
391,10,par,0.079115,0.076644,0.076149,0.231907,0,0,0
391,10,weights,0.087405,0.080643,0.000255,0.168303,0,0,0
392,10,seq,0.000000,0.000000,0.000000,0.000000,0,0,0
392,10,par,0.085081,0.079434,0.077377,0.241892,0,0,0
392,10,weights,0.087613,0.077701,0.000269,0.165583,0,0,0
393,10,seq,0.000000,0.000000,0.000000,0.000000,0,0,0
393,10,par,0.081611,0.079620,0.079666,0.240896,0,0,0
393,10,weights,0.086350,0.083963,0.000265,0.170578,0,0,0
394,10,seq,0.000000,0.000000,0.000000,0.000000,0,0,0
394,10,par,0.080805,0.078217,0.073860,0.232882,0,0,0
394,10,weights,0.085643,0.077486,0.000252,0.163381,0,0,0
395,10,seq,0.000000,0.000000,0.000000,0.000000,0,0,0
395,10,par,0.079190,0.079259,0.080043,0.238492,0,0,0
395,10,weights,0.091700,0.080248,0.000253,0.172201,0,0,0
396,10,seq,0.000000,0.000000,0.000000,0.000000,0,0,0
396,10,par,0.078948,0.074108,0.076539,0.229595,0,0,0
396,10,weights,0.082534,0.080974,0.000255,0.163763,0,0,0
397,10,seq,0.000000,0.000000,0.000000,0.000000,0,0,0
397,10,par,0.080446,0.076925,0.078767,0.236139,0,0,0
397,10,weights,0.083049,0.076813,0.000250,0.160112,0,0,0
398,10,seq,0.000000,0.000000,0.000000,0.000000,0,0,0
398,10,par,0.079296,0.078986,0.082554,0.240836,0,0,0
398,10,weights,0.084130,0.078566,0.000253,0.162949,0,0,0
399,10,seq,0.000000,0.000000,0.000000,0.000000,0,0,0
399,10,par,0.076634,0.076479,0.073973,0.227086,0,0,0
399,10,weights,0.084727,0.079322,0.000268,0.164316,0,0,0
400,10,seq,0.000000,0.000000,0.000000,0.000000,0,0,0
400,10,par,0.081041,0.074709,0.075399,0.231149,0,0,0
400,10,weights,0.086020,0.080949,0.000263,0.167232,0,0,0
401,10,seq,0.000000,0.000000,0.000000,0.000000,0,0,0
401,10,par,0.082397,0.077657,0.076373,0.236427,0,0,0
401,10,weights,0.085111,0.080688,0.000256,0.166055,0,0,0
402,10,seq,0.000000,0.000000,0.000000,0.000000,0,0,0
402,10,par,0.079253,0.077855,0.074719,0.231827,0,0,0
402,10,weights,0.086997,0.077661,0.000250,0.164908,0,0,0
403,10,seq,0.000000,0.000000,0.000000,0.000000,0,0,0
403,10,par,0.078996,0.077780,0.075167,0.231943,0,0,0
403,10,weights,0.085480,0.077898,0.000256,0.163633,0,0,0
404,10,seq,0.000000,0.000000,0.000000,0.000000,0,0,0
404,10,par,0.080680,0.079098,0.077029,0.236807,0,0,0
404,10,weights,0.088197,0.078441,0.000255,0.166892,0,0,0
405,10,seq,0.000000,0.000000,0.000000,0.000000,0,0,0
405,10,par,0.078815,0.074503,0.076802,0.230120,0,0,0
405,10,weights,0.084107,0.077156,0.000254,0.161517,0,0,0
406,10,seq,0.000000,0.000000,0.000000,0.000000,0,0,0
406,10,par,0.082099,0.079657,0.072979,0.234735,0,0,0
406,10,weights,0.084264,0.080415,0.000286,0.164966,0,0,0
407,10,seq,0.000000,0.000000,0.000000,0.000000,0,0,0
407,10,par,0.081566,0.077350,0.077102,0.236019,0,0,0
407,10,weights,0.084088,0.076921,0.000266,0.161274,0,0,0
408,10,seq,0.000000,0.000000,0.000000,0.000000,0,0,0
408,10,par,0.084844,0.079695,0.074422,0.238961,0,0,0
408,10,weights,0.084169,0.077248,0.000252,0.161669,0,0,0
409,10,seq,0.000000,0.000000,0.000000,0.000000,0,0,0
409,10,par,0.085996,0.084769,0.082908,0.253672,0,0,0
409,10,weights,0.090467,0.085282,0.000285,0.176035,0,0,0
410,10,seq,0.000000,0.000000,0.000000,0.000000,0,0,0
410,10,par,0.087787,0.082891,0.078141,0.248819,0,0,0
410,10,weights,0.084985,0.081034,0.000250,0.166268,0,0,0
411,10,seq,0.000000,0.000000,0.000000,0.000000,0,0,0
411,10,par,0.079563,0.078217,0.075853,0.233633,0,0,0
411,10,weights,0.086715,0.080502,0.000258,0.167475,0,0,0
412,10,seq,0.000000,0.000000,0.000000,0.000000,0,0,0
412,10,par,0.086077,0.079009,0.077899,0.242985,0,0,0
412,10,weights,0.088477,0.082652,0.000259,0.171389,0,0,0
413,10,seq,0.000000,0.000000,0.000000,0.000000,0,0,0
413,10,par,0.082714,0.084172,0.084072,0.250957,0,0,0
413,10,weights,0.115103,0.079050,0.000264,0.194417,0,0,0
414,10,seq,0.000000,0.000000,0.000000,0.000000,0,0,0
414,10,par,0.080224,0.075979,0.077357,0.233560,0,0,0
414,10,weights,0.085640,0.077219,0.000259,0.163118,0,0,0
415,10,seq,0.000000,0.000000,0.000000,0.000000,0,0,0
415,10,par,0.079244,0.077366,0.076459,0.233068,0,0,0
415,10,weights,0.082844,0.079470,0.000255,0.162569,0,0,0
416,10,seq,0.000000,0.000000,0.000000,0.000000,0,0,0
416,10,par,0.082240,0.079782,0.077340,0.239361,0,0,0
416,10,weights,0.090728,0.083496,0.000279,0.174503,0,0,0
417,10,seq,0.000000,0.000000,0.000000,0.000000,0,0,0
417,10,par,0.083083,0.079137,0.076700,0.238920,0,0,0
417,10,weights,0.086268,0.079780,0.000247,0.166295,0,0,0
418,10,seq,0.000000,0.000000,0.000000,0.000000,0,0,0
418,10,par,0.089785,0.076029,0.095120,0.260933,0,0,0
418,10,weights,0.127168,0.083204,0.000261,0.210634,0,0,0
419,10,seq,0.000000,0.000000,0.000000,0.000000,0,0,0
419,10,par,0.081371,0.078599,0.076874,0.236844,0,0,0
419,10,weights,0.136207,0.080912,0.000256,0.217374,0,0,0
420,10,seq,0.000000,0.000000,0.000000,0.000000,0,0,0
420,10,par,0.083200,0.079990,0.076288,0.239478,0,0,0
420,10,weights,0.085401,0.081822,0.000262,0.167485,0,0,0
421,10,seq,0.000000,0.000000,0.000000,0.000000,0,0,0
421,10,par,0.081383,0.077631,0.076699,0.235713,0,0,0
421,10,weights,0.085346,0.078345,0.000257,0.163947,0,0,0
422,10,seq,0.000000,0.000000,0.000000,0.000000,0,0,0
422,10,par,0.079723,0.079644,0.079856,0.239224,0,0,0
422,10,weights,0.084507,0.076714,0.000254,0.161475,0,0,0
423,10,seq,0.000000,0.000000,0.000000,0.000000,0,0,0
423,10,par,0.081122,0.082440,0.075025,0.238587,0,0,0
423,10,weights,0.083344,0.080948,0.000254,0.164545,0,0,0
424,10,seq,0.000000,0.000000,0.000000,0.000000,0,0,0
424,10,par,0.080424,0.075007,0.076099,0.231530,0,0,0
424,10,weights,0.083913,0.081728,0.000274,0.165915,0,0,0
425,10,seq,0.000000,0.000000,0.000000,0.000000,0,0,0
425,10,par,0.079718,0.079323,0.075247,0.234289,0,0,0
425,10,weights,0.085928,0.077043,0.000254,0.163225,0,0,0
426,10,seq,0.000000,0.000000,0.000000,0.000000,0,0,0
426,10,par,0.081307,0.079721,0.077671,0.238699,0,0,0
426,10,weights,0.085117,0.076554,0.000254,0.161925,0,0,0
427,10,seq,0.000000,0.000000,0.000000,0.000000,0,0,0
427,10,par,0.089204,0.078177,0.073979,0.241361,0,0,0
427,10,weights,0.083539,0.077240,0.000260,0.161039,0,0,0
428,10,seq,0.000000,0.000000,0.000000,0.000000,0,0,0
428,10,par,0.077134,0.078830,0.076846,0.232810,0,0,0
428,10,weights,0.083260,0.076612,0.000252,0.160125,0,0,0
429,10,seq,0.000000,0.000000,0.000000,0.000000,0,0,0
429,10,par,0.084342,0.083086,0.076508,0.243936,0,0,0
429,10,weights,0.085782,0.079596,0.000248,0.165626,0,0,0
430,10,seq,0.000000,0.000000,0.000000,0.000000,0,0,0
430,10,par,0.077257,0.075183,0.083100,0.235540,0,0,0
430,10,weights,0.085138,0.080410,0.000254,0.165802,0,0,0
431,10,seq,0.000000,0.000000,0.000000,0.000000,0,0,0
431,10,par,0.080002,0.078856,0.076462,0.235320,0,0,0
431,10,weights,0.087033,0.077211,0.000262,0.164506,0,0,0
432,10,seq,0.000000,0.000000,0.000000,0.000000,0,0,0
432,10,par,0.077006,0.077025,0.077488,0.231520,0,0,0
432,10,weights,0.141235,0.104747,0.000266,0.246248,0,0,0
433,10,seq,0.000000,0.000000,0.000000,0.000000,0,0,0
433,10,par,0.082159,0.078502,0.075604,0.236266,0,0,0
433,10,weights,0.080583,0.078930,0.000275,0.159788,0,0,0
434,10,seq,0.000000,0.000000,0.000000,0.000000,0,0,0
434,10,par,0.082364,0.088112,0.083067,0.253543,0,0,0
434,10,weights,0.088126,0.077109,0.000253,0.165489,0,0,0
435,10,seq,0.000000,0.000000,0.000000,0.000000,0,0,0
435,10,par,0.078275,0.076802,0.075393,0.230470,0,0,0
435,10,weights,0.085356,0.080200,0.000253,0.165809,0,0,0
436,10,seq,0.000000,0.000000,0.000000,0.000000,0,0,0
436,10,par,0.077727,0.078218,0.075370,0.231314,0,0,0
436,10,weights,0.082291,0.078224,0.000264,0.160780,0,0,0
437,10,seq,0.000000,0.000000,0.000000,0.000000,0,0,0
437,10,par,0.085820,0.081159,0.073905,0.240884,0,0,0
437,10,weights,0.086198,0.078785,0.000252,0.165235,0,0,0
438,10,seq,0.000000,0.000000,0.000000,0.000000,0,0,0
438,10,par,0.079704,0.077611,0.076184,0.233499,0,0,0
438,10,weights,0.088161,0.079500,0.000251,0.167912,0,0,0
439,10,seq,0.000000,0.000000,0.000000,0.000000,0,0,0
439,10,par,0.078905,0.077367,0.082103,0.238375,0,0,0
439,10,weights,0.085591,0.079191,0.000256,0.165038,0,0,0
440,10,seq,0.000000,0.000000,0.000000,0.000000,0,0,0
440,10,par,0.078711,0.074199,0.077080,0.229990,0,0,0
440,10,weights,0.085256,0.080762,0.000267,0.166284,0,0,0
441,10,seq,0.000000,0.000000,0.000000,0.000000,0,0,0
441,10,par,0.078390,0.076427,0.077418,0.232236,0,0,0
441,10,weights,0.086520,0.080408,0.000254,0.167183,0,0,0
442,10,seq,0.000000,0.000000,0.000000,0.000000,0,0,0
442,10,par,0.079183,0.078469,0.074632,0.232284,0,0,0
442,10,weights,0.082802,0.079213,0.000255,0.162269,0,0,0
443,10,seq,0.000000,0.000000,0.000000,0.000000,0,0,0
443,10,par,0.080535,0.077059,0.075667,0.233261,0,0,0
443,10,weights,0.086123,0.096457,0.000289,0.182870,0,0,0
444,10,seq,0.000000,0.000000,0.000000,0.000000,0,0,0
444,10,par,0.104412,0.099477,0.086878,0.290767,0,0,0
444,10,weights,0.085810,0.081132,0.000262,0.167204,0,0,0
445,10,seq,0.000000,0.000000,0.000000,0.000000,0,0,0
445,10,par,0.080889,0.079901,0.077873,0.238663,0,0,0
445,10,weights,0.083550,0.078600,0.000253,0.162403,0,0,0
446,10,seq,0.000000,0.000000,0.000000,0.000000,0,0,0
446,10,par,0.077222,0.077912,0.073728,0.228861,0,0,0
446,10,weights,0.086015,0.079355,0.000256,0.165626,0,0,0
447,10,seq,0.000000,0.000000,0.000000,0.000000,0,0,0
447,10,par,0.078515,0.079023,0.076269,0.233807,0,0,0
447,10,weights,0.088293,0.080125,0.000251,0.168669,0,0,0
448,10,seq,0.000000,0.000000,0.000000,0.000000,0,0,0
448,10,par,0.078606,0.079226,0.077485,0.235317,0,0,0
448,10,weights,0.085581,0.079205,0.000247,0.165033,0,0,0
449,10,seq,0.000000,0.000000,0.000000,0.000000,0,0,0
449,10,par,0.082106,0.076134,0.076542,0.234782,0,0,0
449,10,weights,0.085572,0.079575,0.000278,0.165425,0,0,0
450,10,seq,0.000000,0.000000,0.000000,0.000000,0,0,0
450,10,par,0.078142,0.078147,0.076088,0.232377,0,0,0
450,10,weights,0.307716,0.079420,0.000284,0.387420,0,0,0
451,10,seq,0.000000,0.000000,0.000000,0.000000,0,0,0
451,10,par,0.080595,0.076225,0.076434,0.233255,0,0,0
451,10,weights,0.084356,0.079865,0.000249,0.164470,0,0,0
452,10,seq,0.000000,0.000000,0.000000,0.000000,0,0,0
452,10,par,0.080372,0.077855,0.075816,0.234042,0,0,0
452,10,weights,0.084301,0.077816,0.000254,0.162370,0,0,0
453,10,seq,0.000000,0.000000,0.000000,0.000000,0,0,0
453,10,par,0.077854,0.078650,0.076988,0.233493,0,0,0
453,10,weights,0.085085,0.080319,0.000256,0.165661,0,0,0
454,10,seq,0.000000,0.000000,0.000000,0.000000,0,0,0
454,10,par,0.080779,0.079666,0.076218,0.236663,0,0,0
454,10,weights,0.085936,0.080212,0.000253,0.166401,0,0,0
455,10,seq,0.000000,0.000000,0.000000,0.000000,0,0,0
455,10,par,0.080087,0.073913,0.074016,0.228016,0,0,0
455,10,weights,0.084653,0.078306,0.000250,0.163208,0,0,0
456,10,seq,0.000000,0.000000,0.000000,0.000000,0,0,0
456,10,par,0.079416,0.079525,0.077748,0.236690,0,0,0
456,10,weights,0.088772,0.081514,0.000400,0.170686,0,0,0
457,10,seq,0.000000,0.000000,0.000000,0.000000,0,0,0
457,10,par,0.131982,0.132042,0.108344,0.372368,0,0,0
457,10,weights,0.126589,0.098627,0.000275,0.225492,0,0,0
458,10,seq,0.000000,0.000000,0.000000,0.000000,0,0,0
458,10,par,0.082011,0.076319,0.075756,0.234086,0,0,0
458,10,weights,0.085969,0.078146,0.000252,0.164367,0,0,0
459,10,seq,0.000000,0.000000,0.000000,0.000000,0,0,0
459,10,par,0.080133,0.077854,0.077726,0.235713,0,0,0
459,10,weights,0.085123,0.078138,0.000254,0.163514,0,0,0
460,10,seq,0.000000,0.000000,0.000000,0.000000,0,0,0
460,10,par,0.080588,0.077187,0.074469,0.232244,0,0,0
460,10,weights,0.087067,0.079242,0.000251,0.166560,0,0,0
461,10,seq,0.000000,0.000000,0.000000,0.000000,0,0,0
461,10,par,0.080868,0.080399,0.075461,0.236728,0,0,0
461,10,weights,0.082259,0.081956,0.000249,0.164464,0,0,0
462,10,seq,0.000000,0.000000,0.000000,0.000000,0,0,0
462,10,par,0.084171,0.078366,0.077532,0.240069,0,0,0
462,10,weights,0.092151,0.082189,0.000287,0.174627,0,0,0
463,10,seq,0.000000,0.000000,0.000000,0.000000,0,0,0
463,10,par,0.081630,0.078736,0.075893,0.236259,0,0,0
463,10,weights,0.085485,0.078891,0.000252,0.164628,0,0,0
464,10,seq,0.000000,0.000000,0.000000,0.000000,0,0,0
464,10,par,0.078695,0.080862,0.075358,0.234915,0,0,0
464,10,weights,0.083842,0.084957,0.000265,0.169065,0,0,0
465,10,seq,0.000000,0.000000,0.000000,0.000000,0,0,0
465,10,par,0.088623,0.082352,0.081179,0.252154,0,0,0
465,10,weights,0.089766,0.077385,0.000262,0.167413,0,0,0
466,10,seq,0.000000,0.000000,0.000000,0.000000,0,0,0
466,10,par,0.077034,0.076046,0.073229,0.226309,0,0,0
466,10,weights,0.084282,0.077321,0.000256,0.161858,0,0,0
467,10,seq,0.000000,0.000000,0.000000,0.000000,0,0,0
467,10,par,0.076646,0.078796,0.077426,0.232868,0,0,0
467,10,weights,0.082580,0.079040,0.000267,0.161887,0,0,0
468,10,seq,0.000000,0.000000,0.000000,0.000000,0,0,0
468,10,par,0.079619,0.078838,0.077321,0.235778,0,0,0
468,10,weights,0.085439,0.076639,0.000255,0.162333,0,0,0
469,10,seq,0.000000,0.000000,0.000000,0.000000,0,0,0
469,10,par,0.082404,0.076182,0.082592,0.241178,0,0,0
469,10,weights,0.085087,0.081672,0.000274,0.167033,0,0,0
470,10,seq,0.000000,0.000000,0.000000,0.000000,0,0,0
470,10,par,0.077451,0.079750,0.075465,0.232666,0,0,0
470,10,weights,0.083885,0.077315,0.000250,0.161449,0,0,0
471,10,seq,0.000000,0.000000,0.000000,0.000000,0,0,0
471,10,par,0.079831,0.076762,0.076897,0.233491,0,0,0
471,10,weights,0.084718,0.076253,0.000255,0.161225,0,0,0
472,10,seq,0.000000,0.000000,0.000000,0.000000,0,0,0
472,10,par,0.078968,0.075413,0.076861,0.231242,0,0,0
472,10,weights,0.083199,0.085760,0.000253,0.169212,0,0,0
473,10,seq,0.000000,0.000000,0.000000,0.000000,0,0,0
473,10,par,0.085158,0.083269,0.077774,0.246201,0,0,0
473,10,weights,0.082913,0.080668,0.000255,0.163836,0,0,0
474,10,seq,0.000000,0.000000,0.000000,0.000000,0,0,0
474,10,par,0.078865,0.079817,0.077181,0.235864,0,0,0
474,10,weights,0.083657,0.080494,0.000273,0.164424,0,0,0
475,10,seq,0.000000,0.000000,0.000000,0.000000,0,0,0
475,10,par,0.082963,0.076252,0.076181,0.235396,0,0,0
475,10,weights,0.087006,0.080633,0.000250,0.167889,0,0,0
476,10,seq,0.000000,0.000000,0.000000,0.000000,0,0,0
476,10,par,0.080794,0.078102,0.074802,0.233699,0,0,0
476,10,weights,0.085069,0.082493,0.000260,0.167821,0,0,0
477,10,seq,0.000000,0.000000,0.000000,0.000000,0,0,0
477,10,par,0.080756,0.079416,0.075210,0.235382,0,0,0
477,10,weights,0.085352,0.079227,0.000250,0.164828,0,0,0
478,10,seq,0.000000,0.000000,0.000000,0.000000,0,0,0
478,10,par,0.077842,0.077374,0.076008,0.231224,0,0,0
478,10,weights,0.084996,0.080006,0.000249,0.165251,0,0,0
479,10,seq,0.000000,0.000000,0.000000,0.000000,0,0,0
479,10,par,0.076697,0.081260,0.074677,0.232634,0,0,0
479,10,weights,0.083644,0.078935,0.000253,0.162832,0,0,0
480,10,seq,0.000000,0.000000,0.000000,0.000000,0,0,0
480,10,par,0.080654,0.078027,0.076212,0.234893,0,0,0
480,10,weights,0.087569,0.079282,0.000258,0.167109,0,0,0
481,10,seq,0.000000,0.000000,0.000000,0.000000,0,0,0
481,10,par,0.079493,0.082928,0.076358,0.238778,0,0,0
481,10,weights,0.085286,0.076779,0.000273,0.162338,0,0,0
482,10,seq,0.000000,0.000000,0.000000,0.000000,0,0,0
482,10,par,0.079630,0.075043,0.076216,0.230889,0,0,0
482,10,weights,0.085155,0.078153,0.000264,0.163572,0,0,0
483,10,seq,0.000000,0.000000,0.000000,0.000000,0,0,0
483,10,par,0.080552,0.077885,0.073490,0.231927,0,0,0
483,10,weights,0.084983,0.080268,0.000282,0.165533,0,0,0
484,10,seq,0.000000,0.000000,0.000000,0.000000,0,0,0
484,10,par,0.079357,0.078903,0.077139,0.235399,0,0,0
484,10,weights,0.085784,0.083293,0.000259,0.169335,0,0,0
485,10,seq,0.000000,0.000000,0.000000,0.000000,0,0,0
485,10,par,0.080088,0.077582,0.076136,0.233807,0,0,0
485,10,weights,0.085443,0.076606,0.000253,0.162303,0,0,0
486,10,seq,0.000000,0.000000,0.000000,0.000000,0,0,0
486,10,par,0.078398,0.078614,0.075529,0.232541,0,0,0
486,10,weights,0.082221,0.075177,0.000258,0.157656,0,0,0
487,10,seq,0.000000,0.000000,0.000000,0.000000,0,0,0
487,10,par,0.078712,0.076379,0.076000,0.231091,0,0,0
487,10,weights,0.080951,0.079624,0.000251,0.160826,0,0,0
488,10,seq,0.000000,0.000000,0.000000,0.000000,0,0,0
488,10,par,0.079941,0.074732,0.075100,0.229772,0,0,0
488,10,weights,0.086220,0.080162,0.000249,0.166631,0,0,0
489,10,seq,0.000000,0.000000,0.000000,0.000000,0,0,0
489,10,par,0.076583,0.075243,0.072267,0.224093,0,0,0
489,10,weights,0.086994,0.079987,0.000257,0.167238,0,0,0
490,10,seq,0.000000,0.000000,0.000000,0.000000,0,0,0
490,10,par,0.078520,0.079175,0.073367,0.231062,0,0,0
490,10,weights,0.090098,0.086100,0.000255,0.176453,0,0,0
491,10,seq,0.000000,0.000000,0.000000,0.000000,0,0,0
491,10,par,0.080202,0.076572,0.078040,0.234815,0,0,0
491,10,weights,0.087218,0.079149,0.000288,0.166654,0,0,0
492,10,seq,0.000000,0.000000,0.000000,0.000000,0,0,0
492,10,par,0.080116,0.074374,0.076574,0.231064,0,0,0
492,10,weights,0.085213,0.076980,0.000253,0.162446,0,0,0
493,10,seq,0.000000,0.000000,0.000000,0.000000,0,0,0
493,10,par,0.077939,0.079878,0.077820,0.235637,0,0,0
493,10,weights,0.083162,0.076680,0.000250,0.160091,0,0,0
494,10,seq,0.000000,0.000000,0.000000,0.000000,0,0,0
494,10,par,0.078941,0.076876,0.075832,0.231649,0,0,0
494,10,weights,0.086613,0.080682,0.000260,0.167554,0,0,0
495,10,seq,0.000000,0.000000,0.000000,0.000000,0,0,0
495,10,par,0.079290,0.076616,0.076639,0.232546,0,0,0
495,10,weights,0.083999,0.079009,0.000251,0.163258,0,0,0
496,10,seq,0.000000,0.000000,0.000000,0.000000,0,0,0
496,10,par,0.078390,0.075567,0.077641,0.231597,0,0,0
496,10,weights,0.084989,0.080224,0.000263,0.165476,0,0,0
497,10,seq,0.000000,0.000000,0.000000,0.000000,0,0,0
497,10,par,0.076958,0.078745,0.075385,0.231088,0,0,0
497,10,weights,0.084955,0.077016,0.000253,0.162224,0,0,0
498,10,seq,0.000000,0.000000,0.000000,0.000000,0,0,0
498,10,par,0.080791,0.078668,0.076948,0.236407,0,0,0
498,10,weights,0.085423,0.081489,0.000267,0.167179,0,0,0
499,10,seq,0.000000,0.000000,0.000000,0.000000,0,0,0
499,10,par,0.078212,0.073768,0.073223,0.225203,0,0,0
499,10,weights,0.083772,0.079444,0.000258,0.163474,0,0,0
500,10,seq,0.000000,0.000000,0.000000,0.000000,0,0,0
500,10,par,0.076273,0.075383,0.075998,0.227655,0,0,0
500,10,weights,0.080985,0.080666,0.000255,0.161906,0,0,0
501,10,seq,0.000000,0.000000,0.000000,0.000000,0,0,0
501,10,par,0.080681,0.076814,0.077069,0.234565,0,0,0
501,10,weights,0.086446,0.078086,0.000253,0.164784,0,0,0
502,10,seq,0.000000,0.000000,0.000000,0.000000,0,0,0
502,10,par,0.079651,0.081123,0.074442,0.235217,0,0,0
502,10,weights,0.089140,0.080238,0.000254,0.169632,0,0,0
503,10,seq,0.000000,0.000000,0.000000,0.000000,0,0,0
503,10,par,0.081086,0.078811,0.074964,0.234861,0,0,0
503,10,weights,0.085615,0.080792,0.000255,0.166662,0,0,0
504,10,seq,0.000000,0.000000,0.000000,0.000000,0,0,0
504,10,par,0.079180,0.078878,0.073204,0.231263,0,0,0
504,10,weights,0.084727,0.077214,0.000289,0.162230,0,0,0
505,10,seq,0.000000,0.000000,0.000000,0.000000,0,0,0
505,10,par,0.079428,0.076152,0.074092,0.229673,0,0,0
505,10,weights,0.085013,0.079824,0.000254,0.165092,0,0,0
506,10,seq,0.000000,0.000000,0.000000,0.000000,0,0,0
506,10,par,0.076658,0.077225,0.074165,0.228048,0,0,0
506,10,weights,0.085831,0.075993,0.000249,0.162073,0,0,0
507,10,seq,0.000000,0.000000,0.000000,0.000000,0,0,0
507,10,par,0.077898,0.077280,0.075301,0.230479,0,0,0
507,10,weights,0.092551,0.086832,0.000259,0.179643,0,0,0
508,10,seq,0.000000,0.000000,0.000000,0.000000,0,0,0
508,10,par,0.078966,0.078415,0.073957,0.231337,0,0,0
508,10,weights,0.083573,0.077318,0.000273,0.161164,0,0,0
509,10,seq,0.000000,0.000000,0.000000,0.000000,0,0,0
509,10,par,0.076623,0.077247,0.074711,0.228580,0,0,0
509,10,weights,0.085625,0.080849,0.000249,0.166723,0,0,0
510,10,seq,0.000000,0.000000,0.000000,0.000000,0,0,0
510,10,par,0.078747,0.077458,0.074425,0.230630,0,0,0
510,10,weights,0.083716,0.078679,0.000253,0.162648,0,0,0
511,10,seq,0.000000,0.000000,0.000000,0.000000,0,0,0
511,10,par,0.078148,0.077025,0.075499,0.230673,0,0,0
511,10,weights,0.084309,0.077478,0.000263,0.162050,0,0,0
512,10,seq,0.000000,0.000000,0.000000,0.000000,0,0,0
512,10,par,0.082827,0.076501,0.075177,0.234505,0,0,0
512,10,weights,0.084045,0.082945,0.000250,0.167239,0,0,0
513,10,seq,0.000000,0.000000,0.000000,0.000000,0,0,0
513,10,par,0.075612,0.079003,0.074199,0.228814,0,0,0
513,10,weights,0.084881,0.077944,0.000251,0.163076,0,0,0
514,10,seq,0.000000,0.000000,0.000000,0.000000,0,0,0
514,10,par,0.079429,0.077016,0.075168,0.231613,0,0,0
514,10,weights,0.086125,0.077471,0.000248,0.163844,0,0,0
515,10,seq,0.000000,0.000000,0.000000,0.000000,0,0,0
515,10,par,0.077251,0.077403,0.074751,0.229405,0,0,0
515,10,weights,0.085526,0.077651,0.000273,0.163450,0,0,0
516,10,seq,0.000000,0.000000,0.000000,0.000000,0,0,0
516,10,par,0.078706,0.074603,0.074511,0.227821,0,0,0
516,10,weights,0.081898,0.075366,0.000287,0.157550,0,0,0
517,10,seq,0.000000,0.000000,0.000000,0.000000,0,0,0
517,10,par,0.079820,0.076891,0.073264,0.229975,0,0,0
517,10,weights,0.084342,0.077492,0.000252,0.162085,0,0,0
518,10,seq,0.000000,0.000000,0.000000,0.000000,0,0,0
518,10,par,0.080009,0.079003,0.072784,0.231796,0,0,0
518,10,weights,0.084061,0.077685,0.000252,0.161999,0,0,0
519,10,seq,0.000000,0.000000,0.000000,0.000000,0,0,0
519,10,par,0.078468,0.078102,0.075329,0.231899,0,0,0
519,10,weights,0.082899,0.079146,0.000257,0.162302,0,0,0
520,10,seq,0.000000,0.000000,0.000000,0.000000,0,0,0
520,10,par,0.088878,0.076781,0.072723,0.238382,0,0,0
520,10,weights,0.087125,0.078620,0.000253,0.165998,0,0,0
521,10,seq,0.000000,0.000000,0.000000,0.000000,0,0,0
521,10,par,0.079868,0.080225,0.077277,0.237370,0,0,0
521,10,weights,0.257486,0.076024,0.000256,0.333765,0,0,0
522,10,seq,0.000000,0.000000,0.000000,0.000000,0,0,0
522,10,par,0.077939,0.075859,0.071821,0.225618,0,0,0
522,10,weights,0.085094,0.076091,0.000249,0.161434,0,0,0
523,10,seq,0.000000,0.000000,0.000000,0.000000,0,0,0
523,10,par,0.076732,0.076924,0.073512,0.227168,0,0,0
523,10,weights,0.084977,0.078727,0.000247,0.163951,0,0,0
524,10,seq,0.000000,0.000000,0.000000,0.000000,0,0,0
524,10,par,0.078099,0.075291,0.075918,0.229308,0,0,0
524,10,weights,0.082816,0.076381,0.000253,0.159450,0,0,0
525,10,seq,0.000000,0.000000,0.000000,0.000000,0,0,0
525,10,par,0.078272,0.083406,0.077585,0.239263,0,0,0
525,10,weights,0.082047,0.080528,0.000311,0.162886,0,0,0
526,10,seq,0.000000,0.000000,0.000000,0.000000,0,0,0
526,10,par,0.078886,0.077598,0.076635,0.233118,0,0,0
526,10,weights,0.086309,0.085375,0.000248,0.171933,0,0,0
527,10,seq,0.000000,0.000000,0.000000,0.000000,0,0,0
527,10,par,0.079769,0.079490,0.075239,0.234498,0,0,0
527,10,weights,0.082773,0.078897,0.000258,0.161928,0,0,0
528,10,seq,0.000000,0.000000,0.000000,0.000000,0,0,0
528,10,par,0.077114,0.082710,0.076918,0.236742,0,0,0
528,10,weights,0.084839,0.078198,0.000250,0.163287,0,0,0
529,10,seq,0.000000,0.000000,0.000000,0.000000,0,0,0
529,10,par,0.076757,0.076409,0.074027,0.227192,0,0,0
529,10,weights,0.085572,0.079746,0.000254,0.165571,0,0,0
530,10,seq,0.000000,0.000000,0.000000,0.000000,0,0,0
530,10,par,0.078791,0.079664,0.073976,0.232431,0,0,0
530,10,weights,0.083178,0.078360,0.000256,0.161794,0,0,0
531,10,seq,0.000000,0.000000,0.000000,0.000000,0,0,0
531,10,par,0.077806,0.080592,0.077681,0.236079,0,0,0
531,10,weights,0.092053,0.086625,0.000247,0.178925,0,0,0
532,10,seq,0.000000,0.000000,0.000000,0.000000,0,0,0
532,10,par,0.089908,0.086284,0.074966,0.251158,0,0,0
532,10,weights,0.087343,0.077487,0.000299,0.165128,0,0,0
533,10,seq,0.000000,0.000000,0.000000,0.000000,0,0,0
533,10,par,0.080415,0.078865,0.077888,0.237168,0,0,0
533,10,weights,0.086591,0.079468,0.000258,0.166317,0,0,0
534,10,seq,0.000000,0.000000,0.000000,0.000000,0,0,0
534,10,par,0.082353,0.079421,0.075186,0.236961,0,0,0
534,10,weights,0.086977,0.079083,0.000259,0.166318,0,0,0
535,10,seq,0.000000,0.000000,0.000000,0.000000,0,0,0
535,10,par,0.078014,0.078216,0.077384,0.233613,0,0,0
535,10,weights,0.092262,0.081053,0.000256,0.173571,0,0,0
536,10,seq,0.000000,0.000000,0.000000,0.000000,0,0,0
536,10,par,0.079711,0.080393,0.076078,0.236182,0,0,0
536,10,weights,0.087834,0.076604,0.000253,0.164691,0,0,0
537,10,seq,0.000000,0.000000,0.000000,0.000000,0,0,0
537,10,par,0.077722,0.078113,0.074706,0.230542,0,0,0
537,10,weights,0.087044,0.080060,0.000262,0.167366,0,0,0
538,10,seq,0.000000,0.000000,0.000000,0.000000,0,0,0
538,10,par,0.079974,0.075591,0.074770,0.230334,0,0,0
538,10,weights,0.086630,0.077440,0.000253,0.164323,0,0,0
539,10,seq,0.000000,0.000000,0.000000,0.000000,0,0,0
539,10,par,0.078946,0.076858,0.075117,0.230921,0,0,0
539,10,weights,0.085512,0.080556,0.000295,0.166363,0,0,0
540,10,seq,0.000000,0.000000,0.000000,0.000000,0,0,0
540,10,par,0.078696,0.077132,0.078177,0.234005,0,0,0
540,10,weights,0.083386,0.079849,0.000260,0.163495,0,0,0
541,10,seq,0.000000,0.000000,0.000000,0.000000,0,0,0
541,10,par,0.079334,0.076330,0.075068,0.230733,0,0,0
541,10,weights,0.084379,0.078286,0.000253,0.162919,0,0,0
542,10,seq,0.000000,0.000000,0.000000,0.000000,0,0,0
542,10,par,0.079005,0.077863,0.077387,0.234255,0,0,0
542,10,weights,0.085735,0.079185,0.000259,0.165179,0,0,0
543,10,seq,0.000000,0.000000,0.000000,0.000000,0,0,0
543,10,par,0.082990,0.078419,0.075892,0.237301,0,0,0
543,10,weights,0.085496,0.077383,0.000255,0.163134,0,0,0
544,10,seq,0.000000,0.000000,0.000000,0.000000,0,0,0
544,10,par,0.079562,0.078817,0.075636,0.234015,0,0,0
544,10,weights,0.085802,0.076917,0.000260,0.162979,0,0,0
545,10,seq,0.000000,0.000000,0.000000,0.000000,0,0,0
545,10,par,0.081009,0.075005,0.077691,0.233706,0,0,0
545,10,weights,0.084550,0.077880,0.000258,0.162688,0,0,0
546,10,seq,0.000000,0.000000,0.000000,0.000000,0,0,0
546,10,par,0.079794,0.078814,0.077544,0.236152,0,0,0
546,10,weights,0.084953,0.080207,0.000252,0.165412,0,0,0
547,10,seq,0.000000,0.000000,0.000000,0.000000,0,0,0
547,10,par,0.078910,0.075860,0.072281,0.227050,0,0,0
547,10,weights,0.083646,0.079435,0.000254,0.163334,0,0,0
548,10,seq,0.000000,0.000000,0.000000,0.000000,0,0,0
548,10,par,0.077156,0.077291,0.076224,0.230670,0,0,0
548,10,weights,0.082813,0.079055,0.000253,0.162121,0,0,0
549,10,seq,0.000000,0.000000,0.000000,0.000000,0,0,0
549,10,par,0.078179,0.078906,0.075152,0.232238,0,0,0
549,10,weights,0.083569,0.077370,0.000278,0.161217,0,0,0
550,10,seq,0.000000,0.000000,0.000000,0.000000,0,0,0
550,10,par,0.080427,0.078169,0.075035,0.233631,0,0,0
550,10,weights,0.083959,0.080011,0.000254,0.164224,0,0,0
551,10,seq,0.000000,0.000000,0.000000,0.000000,0,0,0
551,10,par,0.080948,0.074642,0.076761,0.232351,0,0,0
551,10,weights,0.088119,0.077256,0.000280,0.165655,0,0,0
552,10,seq,0.000000,0.000000,0.000000,0.000000,0,0,0
552,10,par,0.077826,0.076997,0.084148,0.238971,0,0,0
552,10,weights,0.091025,0.080420,0.000264,0.171710,0,0,0
553,10,seq,0.000000,0.000000,0.000000,0.000000,0,0,0
553,10,par,0.080241,0.076969,0.082787,0.239997,0,0,0
553,10,weights,0.084590,0.078199,0.000255,0.163044,0,0,0
554,10,seq,0.000000,0.000000,0.000000,0.000000,0,0,0
554,10,par,0.078493,0.079384,0.076110,0.233988,0,0,0
554,10,weights,0.084021,0.078220,0.000260,0.162501,0,0,0
555,10,seq,0.000000,0.000000,0.000000,0.000000,0,0,0
555,10,par,0.076290,0.078233,0.073449,0.227972,0,0,0
555,10,weights,0.084251,0.077867,0.000253,0.162370,0,0,0
556,10,seq,0.000000,0.000000,0.000000,0.000000,0,0,0
556,10,par,0.076081,0.079081,0.075235,0.230397,0,0,0
556,10,weights,0.084934,0.076094,0.000276,0.161304,0,0,0
557,10,seq,0.000000,0.000000,0.000000,0.000000,0,0,0
557,10,par,0.078633,0.075757,0.074439,0.228829,0,0,0
557,10,weights,0.083771,0.085000,0.000261,0.169032,0,0,0
558,10,seq,0.000000,0.000000,0.000000,0.000000,0,0,0
558,10,par,0.088166,0.085377,0.077280,0.250824,0,0,0
558,10,weights,0.087813,0.079265,0.000277,0.167356,0,0,0
559,10,seq,0.000000,0.000000,0.000000,0.000000,0,0,0
559,10,par,0.079115,0.077502,0.074836,0.231454,0,0,0
559,10,weights,0.083720,0.075897,0.000258,0.159874,0,0,0
560,10,seq,0.000000,0.000000,0.000000,0.000000,0,0,0
560,10,par,0.081218,0.077261,0.076886,0.235365,0,0,0
560,10,weights,0.088382,0.076201,0.000256,0.164838,0,0,0
561,10,seq,0.000000,0.000000,0.000000,0.000000,0,0,0
561,10,par,0.079359,0.080174,0.075537,0.235071,0,0,0
561,10,weights,0.086196,0.077635,0.000252,0.164083,0,0,0
562,10,seq,0.000000,0.000000,0.000000,0.000000,0,0,0
562,10,par,0.080031,0.077696,0.074350,0.232077,0,0,0
562,10,weights,0.082091,0.080809,0.000267,0.163167,0,0,0
563,10,seq,0.000000,0.000000,0.000000,0.000000,0,0,0
563,10,par,0.077548,0.078774,0.076369,0.232691,0,0,0
563,10,weights,0.087031,0.078103,0.000253,0.165388,0,0,0
564,10,seq,0.000000,0.000000,0.000000,0.000000,0,0,0
564,10,par,0.079037,0.079111,0.076083,0.234232,0,0,0
564,10,weights,0.084680,0.078208,0.000262,0.163151,0,0,0
565,10,seq,0.000000,0.000000,0.000000,0.000000,0,0,0
565,10,par,0.079866,0.076181,0.073464,0.229511,0,0,0
565,10,weights,0.082402,0.079015,0.000282,0.161698,0,0,0
566,10,seq,0.000000,0.000000,0.000000,0.000000,0,0,0
566,10,par,0.079554,0.078144,0.074376,0.232074,0,0,0
566,10,weights,0.084210,0.078722,0.000280,0.163211,0,0,0
567,10,seq,0.000000,0.000000,0.000000,0.000000,0,0,0
567,10,par,0.077752,0.075681,0.075079,0.228512,0,0,0
567,10,weights,0.084400,0.081198,0.000263,0.165862,0,0,0
568,10,seq,0.000000,0.000000,0.000000,0.000000,0,0,0
568,10,par,0.082113,0.080873,0.086783,0.249769,0,0,0
568,10,weights,0.094412,0.080800,0.000257,0.175469,0,0,0
569,10,seq,0.000000,0.000000,0.000000,0.000000,0,0,0
569,10,par,0.080947,0.076007,0.075473,0.232426,0,0,0
569,10,weights,0.085877,0.076692,0.000256,0.162826,0,0,0
570,10,seq,0.000000,0.000000,0.000000,0.000000,0,0,0
570,10,par,0.079182,0.077884,0.076523,0.233589,0,0,0
570,10,weights,0.086238,0.080156,0.000255,0.166649,0,0,0
571,10,seq,0.000000,0.000000,0.000000,0.000000,0,0,0
571,10,par,0.078531,0.079647,0.077002,0.235180,0,0,0
571,10,weights,0.086559,0.079807,0.000253,0.166620,0,0,0
572,10,seq,0.000000,0.000000,0.000000,0.000000,0,0,0
572,10,par,0.079467,0.077652,0.073185,0.230303,0,0,0
572,10,weights,0.084813,0.082777,0.000278,0.167868,0,0,0
573,10,seq,0.000000,0.000000,0.000000,0.000000,0,0,0
573,10,par,0.077651,0.077424,0.074036,0.229111,0,0,0
573,10,weights,0.083904,0.080844,0.000279,0.165027,0,0,0
574,10,seq,0.000000,0.000000,0.000000,0.000000,0,0,0
574,10,par,0.081097,0.077047,0.078441,0.236585,0,0,0
574,10,weights,0.085558,0.075624,0.000255,0.161436,0,0,0
575,10,seq,0.000000,0.000000,0.000000,0.000000,0,0,0
575,10,par,0.079449,0.079321,0.076758,0.235528,0,0,0
575,10,weights,0.084599,0.078381,0.000269,0.163249,0,0,0
576,10,seq,0.000000,0.000000,0.000000,0.000000,0,0,0
576,10,par,0.078751,0.078477,0.072883,0.230111,0,0,0
576,10,weights,0.084343,0.082469,0.000254,0.167066,0,0,0
577,10,seq,0.000000,0.000000,0.000000,0.000000,0,0,0
577,10,par,0.076439,0.076779,0.073985,0.227203,0,0,0
577,10,weights,0.085090,0.084002,0.000262,0.169354,0,0,0
578,10,seq,0.000000,0.000000,0.000000,0.000000,0,0,0
578,10,par,0.078799,0.076508,0.077395,0.232702,0,0,0
578,10,weights,0.085187,0.078944,0.000257,0.164388,0,0,0
579,10,seq,0.000000,0.000000,0.000000,0.000000,0,0,0
579,10,par,0.078946,0.077002,0.074467,0.230415,0,0,0
579,10,weights,0.088605,0.079507,0.000281,0.168394,0,0,0
580,10,seq,0.000000,0.000000,0.000000,0.000000,0,0,0
580,10,par,0.081460,0.078397,0.075583,0.235440,0,0,0
580,10,weights,0.084820,0.079110,0.000252,0.164182,0,0,0
581,10,seq,0.000000,0.000000,0.000000,0.000000,0,0,0
581,10,par,0.076053,0.079071,0.074636,0.229760,0,0,0
581,10,weights,0.086186,0.078275,0.000251,0.164712,0,0,0
582,10,seq,0.000000,0.000000,0.000000,0.000000,0,0,0
582,10,par,0.077438,0.080369,0.078210,0.236018,0,0,0
582,10,weights,0.081455,0.078445,0.000252,0.160152,0,0,0
583,10,seq,0.000000,0.000000,0.000000,0.000000,0,0,0
583,10,par,0.080013,0.079062,0.076004,0.235079,0,0,0
583,10,weights,0.083106,0.079545,0.000259,0.162909,0,0,0
584,10,seq,0.000000,0.000000,0.000000,0.000000,0,0,0
584,10,par,0.079004,0.077817,0.076476,0.233297,0,0,0
584,10,weights,0.085805,0.078673,0.000261,0.164739,0,0,0
585,10,seq,0.000000,0.000000,0.000000,0.000000,0,0,0
585,10,par,0.078774,0.075582,0.073332,0.227687,0,0,0
585,10,weights,0.084991,0.079162,0.000253,0.164406,0,0,0
586,10,seq,0.000000,0.000000,0.000000,0.000000,0,0,0
586,10,par,0.079168,0.079687,0.074131,0.232986,0,0,0
586,10,weights,0.083874,0.078741,0.000265,0.162880,0,0,0
587,10,seq,0.000000,0.000000,0.000000,0.000000,0,0,0
587,10,par,0.078738,0.078003,0.076971,0.233712,0,0,0
587,10,weights,0.083604,0.079888,0.000251,0.163743,0,0,0
588,10,seq,0.000000,0.000000,0.000000,0.000000,0,0,0
588,10,par,0.080524,0.079397,0.076953,0.236875,0,0,0
588,10,weights,0.085513,0.079329,0.000260,0.165103,0,0,0
589,10,seq,0.000000,0.000000,0.000000,0.000000,0,0,0
589,10,par,0.080420,0.079358,0.073089,0.232868,0,0,0
589,10,weights,0.088691,0.081227,0.000259,0.170178,0,0,0
590,10,seq,0.000000,0.000000,0.000000,0.000000,0,0,0
590,10,par,0.079065,0.079910,0.074614,0.233589,0,0,0
590,10,weights,0.084889,0.079285,0.000272,0.164446,0,0,0
591,10,seq,0.000000,0.000000,0.000000,0.000000,0,0,0
591,10,par,0.078723,0.075824,0.076753,0.231300,0,0,0
591,10,weights,0.085576,0.080444,0.000261,0.166281,0,0,0
592,10,seq,0.000000,0.000000,0.000000,0.000000,0,0,0
592,10,par,0.080279,0.079248,0.075642,0.235169,0,0,0
592,10,weights,0.085774,0.079438,0.000254,0.165466,0,0,0
593,10,seq,0.000000,0.000000,0.000000,0.000000,0,0,0
593,10,par,0.080012,0.074632,0.161086,0.315730,0,0,0
593,10,weights,0.082024,0.080119,0.000283,0.162426,0,0,0
594,10,seq,0.000000,0.000000,0.000000,0.000000,0,0,0
594,10,par,0.077887,0.079161,0.082052,0.239100,0,0,0
594,10,weights,0.085961,0.078113,0.000255,0.164330,0,0,0
595,10,seq,0.000000,0.000000,0.000000,0.000000,0,0,0
595,10,par,0.078035,0.079664,0.077755,0.235453,0,0,0
595,10,weights,0.084653,0.081092,0.000254,0.165999,0,0,0
596,10,seq,0.000000,0.000000,0.000000,0.000000,0,0,0
596,10,par,0.078384,0.077821,0.076524,0.232729,0,0,0
596,10,weights,0.086892,0.091623,0.000257,0.178772,0,0,0
597,10,seq,0.000000,0.000000,0.000000,0.000000,0,0,0
597,10,par,0.076101,0.080715,0.082643,0.239459,0,0,0
597,10,weights,0.091689,0.085417,0.000287,0.177393,0,0,0
598,10,seq,0.000000,0.000000,0.000000,0.000000,0,0,0
598,10,par,0.079081,0.076730,0.076066,0.231877,0,0,0
598,10,weights,0.084558,0.078102,0.000253,0.162913,0,0,0
599,10,seq,0.000000,0.000000,0.000000,0.000000,0,0,0
599,10,par,0.079364,0.075603,0.077518,0.232485,0,0,0
599,10,weights,0.080018,0.080676,0.000255,0.160949,0,0,0
600,10,seq,0.000000,0.000000,0.000000,0.000000,0,0,0
600,10,par,0.080602,0.077666,0.074111,0.232380,0,0,0
600,10,weights,0.088672,0.079517,0.000282,0.168471,0,0,0
601,10,seq,0.000000,0.000000,0.000000,0.000000,0,0,0
601,10,par,0.081561,0.076763,0.077009,0.235333,0,0,0
601,10,weights,0.087208,0.078834,0.000253,0.166296,0,0,0
602,10,seq,0.000000,0.000000,0.000000,0.000000,0,0,0
602,10,par,0.080339,0.079401,0.073565,0.233305,0,0,0
602,10,weights,0.085135,0.078592,0.000255,0.163982,0,0,0
603,10,seq,0.000000,0.000000,0.000000,0.000000,0,0,0
603,10,par,0.079163,0.079571,0.073364,0.232099,0,0,0
603,10,weights,0.085333,0.078788,0.000249,0.164370,0,0,0
604,10,seq,0.000000,0.000000,0.000000,0.000000,0,0,0
604,10,par,0.082158,0.080978,0.076409,0.239545,0,0,0
604,10,weights,0.088404,0.077441,0.000255,0.166100,0,0,0
605,10,seq,0.000000,0.000000,0.000000,0.000000,0,0,0
605,10,par,0.079728,0.078504,0.077276,0.235508,0,0,0
605,10,weights,0.086430,0.077156,0.000253,0.163838,0,0,0
606,10,seq,0.000000,0.000000,0.000000,0.000000,0,0,0
606,10,par,0.078170,0.077477,0.076760,0.232407,0,0,0
606,10,weights,0.083978,0.080811,0.000267,0.165056,0,0,0
607,10,seq,0.000000,0.000000,0.000000,0.000000,0,0,0
607,10,par,0.080505,0.077699,0.076354,0.234558,0,0,0
607,10,weights,0.083914,0.078548,0.000308,0.162771,0,0,0
608,10,seq,0.000000,0.000000,0.000000,0.000000,0,0,0
608,10,par,0.078107,0.078444,0.075270,0.231821,0,0,0
608,10,weights,0.085243,0.076282,0.000257,0.161783,0,0,0
609,10,seq,0.000000,0.000000,0.000000,0.000000,0,0,0
609,10,par,0.080603,0.080583,0.077556,0.238742,0,0,0
609,10,weights,0.082767,0.080262,0.000262,0.163291,0,0,0
610,10,seq,0.000000,0.000000,0.000000,0.000000,0,0,0
610,10,par,0.079205,0.075593,0.077834,0.232632,0,0,0
610,10,weights,0.086547,0.075469,0.000257,0.162273,0,0,0
611,10,seq,0.000000,0.000000,0.000000,0.000000,0,0,0
611,10,par,0.080219,0.079687,0.078189,0.238094,0,0,0
611,10,weights,0.087120,0.085841,0.000258,0.173220,0,0,0
612,10,seq,0.000000,0.000000,0.000000,0.000000,0,0,0
612,10,par,0.082699,0.077823,0.078421,0.238943,0,0,0
612,10,weights,0.086708,0.079372,0.000260,0.166339,0,0,0
613,10,seq,0.000000,0.000000,0.000000,0.000000,0,0,0
613,10,par,0.077463,0.079672,0.074483,0.231617,0,0,0
613,10,weights,0.085046,0.077475,0.000268,0.162790,0,0,0
614,10,seq,0.000000,0.000000,0.000000,0.000000,0,0,0
614,10,par,0.079989,0.078800,0.077398,0.236187,0,0,0
614,10,weights,0.084056,0.080402,0.000305,0.164763,0,0,0
615,10,seq,0.000000,0.000000,0.000000,0.000000,0,0,0
615,10,par,0.080962,0.077188,0.076040,0.234190,0,0,0
615,10,weights,0.086885,0.079620,0.000251,0.166757,0,0,0
616,10,seq,0.000000,0.000000,0.000000,0.000000,0,0,0
616,10,par,0.080528,0.080591,0.077082,0.238201,0,0,0
616,10,weights,0.082121,0.080492,0.000251,0.162864,0,0,0
617,10,seq,0.000000,0.000000,0.000000,0.000000,0,0,0
617,10,par,0.079123,0.079591,0.078684,0.237398,0,0,0
617,10,weights,0.085771,0.079220,0.000254,0.165245,0,0,0
618,10,seq,0.000000,0.000000,0.000000,0.000000,0,0,0
618,10,par,0.081208,0.079249,0.075253,0.235710,0,0,0
618,10,weights,0.089103,0.080990,0.000262,0.170355,0,0,0
619,10,seq,0.000000,0.000000,0.000000,0.000000,0,0,0
619,10,par,0.076996,0.078109,0.075731,0.230836,0,0,0
619,10,weights,0.085474,0.076324,0.000256,0.162053,0,0,0
620,10,seq,0.000000,0.000000,0.000000,0.000000,0,0,0
620,10,par,0.080212,0.078514,0.076898,0.235624,0,0,0
620,10,weights,0.085308,0.079345,0.000252,0.164905,0,0,0
621,10,seq,0.000000,0.000000,0.000000,0.000000,0,0,0
621,10,par,0.076120,0.078434,0.075566,0.230120,0,0,0
621,10,weights,0.082502,0.080979,0.000254,0.163735,0,0,0
622,10,seq,0.000000,0.000000,0.000000,0.000000,0,0,0
622,10,par,0.079901,0.078957,0.076595,0.235453,0,0,0
622,10,weights,0.086940,0.079741,0.000265,0.166947,0,0,0
623,10,seq,0.000000,0.000000,0.000000,0.000000,0,0,0
623,10,par,0.079043,0.077042,0.074762,0.230847,0,0,0
623,10,weights,0.085683,0.076876,0.000260,0.162818,0,0,0
624,10,seq,0.000000,0.000000,0.000000,0.000000,0,0,0
624,10,par,0.078685,0.076492,0.075818,0.230994,0,0,0
624,10,weights,0.084782,0.079738,0.000285,0.164806,0,0,0
625,10,seq,0.000000,0.000000,0.000000,0.000000,0,0,0
625,10,par,0.078290,0.079019,0.074387,0.231695,0,0,0
625,10,weights,0.086168,0.078961,0.000250,0.165379,0,0,0
626,10,seq,0.000000,0.000000,0.000000,0.000000,0,0,0
626,10,par,0.075959,0.078831,0.078677,0.233467,0,0,0
626,10,weights,0.085770,0.079573,0.000259,0.165602,0,0,0
627,10,seq,0.000000,0.000000,0.000000,0.000000,0,0,0
627,10,par,0.080805,0.075754,0.074267,0.230826,0,0,0
627,10,weights,0.087209,0.081750,0.000253,0.169212,0,0,0
628,10,seq,0.000000,0.000000,0.000000,0.000000,0,0,0
628,10,par,0.082945,0.080203,0.077668,0.240815,0,0,0
628,10,weights,0.085735,0.076528,0.000255,0.162518,0,0,0
629,10,seq,0.000000,0.000000,0.000000,0.000000,0,0,0
629,10,par,0.080240,0.078846,0.075953,0.235039,0,0,0
629,10,weights,0.085637,0.078379,0.000253,0.164269,0,0,0
630,10,seq,0.000000,0.000000,0.000000,0.000000,0,0,0
630,10,par,0.075439,0.079631,0.075734,0.230805,0,0,0
630,10,weights,0.088064,0.077526,0.000257,0.165847,0,0,0
631,10,seq,0.000000,0.000000,0.000000,0.000000,0,0,0
631,10,par,0.079534,0.077016,0.076435,0.232985,0,0,0
631,10,weights,0.086568,0.080532,0.000271,0.167372,0,0,0
632,10,seq,0.000000,0.000000,0.000000,0.000000,0,0,0
632,10,par,0.144846,0.093046,0.074994,0.312886,0,0,0
632,10,weights,0.085610,0.077692,0.000263,0.163565,0,0,0
633,10,seq,0.000000,0.000000,0.000000,0.000000,0,0,0
633,10,par,0.078848,0.079546,0.074351,0.232746,0,0,0
633,10,weights,0.084887,0.079415,0.000259,0.164562,0,0,0
634,10,seq,0.000000,0.000000,0.000000,0.000000,0,0,0
634,10,par,0.082022,0.079485,0.074120,0.235627,0,0,0
634,10,weights,0.084287,0.076595,0.000251,0.161133,0,0,0
635,10,seq,0.000000,0.000000,0.000000,0.000000,0,0,0
635,10,par,0.077001,0.075980,0.076501,0.229482,0,0,0
635,10,weights,0.084795,0.079061,0.000293,0.164149,0,0,0
636,10,seq,0.000000,0.000000,0.000000,0.000000,0,0,0
636,10,par,0.078346,0.079724,0.075148,0.233218,0,0,0
636,10,weights,0.084217,0.079779,0.000255,0.164252,0,0,0
637,10,seq,0.000000,0.000000,0.000000,0.000000,0,0,0
637,10,par,0.080149,0.075690,0.077273,0.233112,0,0,0
637,10,weights,0.088988,0.093819,0.000268,0.183074,0,0,0
638,10,seq,0.000000,0.000000,0.000000,0.000000,0,0,0
638,10,par,0.082993,0.075653,0.072855,0.231502,0,0,0
638,10,weights,0.083885,0.080565,0.000278,0.164728,0,0,0
639,10,seq,0.000000,0.000000,0.000000,0.000000,0,0,0
639,10,par,0.080097,0.079304,0.076999,0.236401,0,0,0
639,10,weights,0.082261,0.078273,0.000255,0.160789,0,0,0
640,10,seq,0.000000,0.000000,0.000000,0.000000,0,0,0
640,10,par,0.076826,0.079389,0.075137,0.231351,0,0,0
640,10,weights,0.081641,0.077929,0.000256,0.159825,0,0,0
641,10,seq,0.000000,0.000000,0.000000,0.000000,0,0,0
641,10,par,0.079455,0.074918,0.078526,0.232898,0,0,0
641,10,weights,0.084907,0.080424,0.000257,0.165588,0,0,0
642,10,seq,0.000000,0.000000,0.000000,0.000000,0,0,0
642,10,par,0.081046,0.075785,0.077435,0.234265,0,0,0
642,10,weights,0.087490,0.082266,0.000285,0.170040,0,0,0
643,10,seq,0.000000,0.000000,0.000000,0.000000,0,0,0
643,10,par,0.079200,0.080125,0.076058,0.235383,0,0,0
643,10,weights,0.088018,0.081275,0.000252,0.169545,0,0,0
644,10,seq,0.000000,0.000000,0.000000,0.000000,0,0,0
644,10,par,0.082755,0.079753,0.075478,0.237987,0,0,0
644,10,weights,0.084148,0.082565,0.000274,0.166988,0,0,0
645,10,seq,0.000000,0.000000,0.000000,0.000000,0,0,0
645,10,par,0.091567,0.098274,0.076631,0.266471,0,0,0
645,10,weights,0.085999,0.080753,0.000262,0.167013,0,0,0
646,10,seq,0.000000,0.000000,0.000000,0.000000,0,0,0
646,10,par,0.080108,0.078085,0.078153,0.236347,0,0,0
646,10,weights,0.086155,0.079626,0.000257,0.166039,0,0,0
647,10,seq,0.000000,0.000000,0.000000,0.000000,0,0,0
647,10,par,0.080396,0.078238,0.076386,0.235019,0,0,0
647,10,weights,0.084813,0.078944,0.000252,0.164008,0,0,0
648,10,seq,0.000000,0.000000,0.000000,0.000000,0,0,0
648,10,par,0.081198,0.080009,0.076915,0.238122,0,0,0
648,10,weights,0.087390,0.078999,0.000286,0.166675,0,0,0
649,10,seq,0.000000,0.000000,0.000000,0.000000,0,0,0
649,10,par,0.080775,0.075614,0.075046,0.231435,0,0,0
649,10,weights,0.086923,0.080120,0.000251,0.167294,0,0,0
650,10,seq,0.000000,0.000000,0.000000,0.000000,0,0,0
650,10,par,0.079248,0.076903,0.077298,0.233449,0,0,0
650,10,weights,0.086402,0.077295,0.000257,0.163953,0,0,0
651,10,seq,0.000000,0.000000,0.000000,0.000000,0,0,0
651,10,par,0.079568,0.076147,0.077434,0.233149,0,0,0
651,10,weights,0.083914,0.080276,0.000260,0.164450,0,0,0
652,10,seq,0.000000,0.000000,0.000000,0.000000,0,0,0
652,10,par,0.080914,0.077695,0.076424,0.235034,0,0,0
652,10,weights,0.084867,0.076073,0.000268,0.161208,0,0,0
653,10,seq,0.000000,0.000000,0.000000,0.000000,0,0,0
653,10,par,0.080608,0.078443,0.082157,0.241208,0,0,0
653,10,weights,0.085116,0.079162,0.000263,0.164541,0,0,0
654,10,seq,0.000000,0.000000,0.000000,0.000000,0,0,0
654,10,par,0.081885,0.081442,0.083143,0.246469,0,0,0
654,10,weights,0.092405,0.087473,0.000261,0.180139,0,0,0
655,10,seq,0.000000,0.000000,0.000000,0.000000,0,0,0
655,10,par,0.088409,0.078269,0.078426,0.245103,0,0,0
655,10,weights,0.084224,0.079345,0.000276,0.163846,0,0,0
656,10,seq,0.000000,0.000000,0.000000,0.000000,0,0,0
656,10,par,0.078852,0.075281,0.077705,0.231838,0,0,0
656,10,weights,0.084701,0.081086,0.000257,0.166044,0,0,0
657,10,seq,0.000000,0.000000,0.000000,0.000000,0,0,0
657,10,par,0.086711,0.078790,0.080534,0.246034,0,0,0
657,10,weights,0.086399,0.080785,0.000251,0.167435,0,0,0
658,10,seq,0.000000,0.000000,0.000000,0.000000,0,0,0
658,10,par,0.078274,0.079003,0.076481,0.233758,0,0,0
658,10,weights,0.085561,0.076989,0.000258,0.162808,0,0,0
659,10,seq,0.000000,0.000000,0.000000,0.000000,0,0,0
659,10,par,0.078764,0.077189,0.077265,0.233218,0,0,0
659,10,weights,0.084609,0.077775,0.000251,0.162635,0,0,0
660,10,seq,0.000000,0.000000,0.000000,0.000000,0,0,0
660,10,par,0.075891,0.076703,0.075555,0.228149,0,0,0
660,10,weights,0.083181,0.077606,0.000263,0.161050,0,0,0
661,10,seq,0.000000,0.000000,0.000000,0.000000,0,0,0
661,10,par,0.077142,0.077140,0.073821,0.228104,0,0,0
661,10,weights,0.084249,0.077763,0.000250,0.162262,0,0,0
662,10,seq,0.000000,0.000000,0.000000,0.000000,0,0,0
662,10,par,0.082994,0.079945,0.074884,0.237823,0,0,0
662,10,weights,0.087062,0.079455,0.000258,0.166775,0,0,0
663,10,seq,0.000000,0.000000,0.000000,0.000000,0,0,0
663,10,par,0.082976,0.075792,0.076397,0.235166,0,0,0
663,10,weights,0.084764,0.081158,0.000279,0.166200,0,0,0
664,10,seq,0.000000,0.000000,0.000000,0.000000,0,0,0
664,10,par,0.079673,0.080789,0.078047,0.238509,0,0,0
664,10,weights,0.087452,0.082325,0.000254,0.170031,0,0,0
665,10,seq,0.000000,0.000000,0.000000,0.000000,0,0,0
665,10,par,0.078025,0.078179,0.074746,0.230950,0,0,0
665,10,weights,0.082814,0.079290,0.000312,0.162415,0,0,0
666,10,seq,0.000000,0.000000,0.000000,0.000000,0,0,0
666,10,par,0.077696,0.077343,0.074482,0.229521,0,0,0
666,10,weights,0.086281,0.078101,0.000258,0.164641,0,0,0
667,10,seq,0.000000,0.000000,0.000000,0.000000,0,0,0
667,10,par,0.077618,0.081039,0.072736,0.231393,0,0,0
667,10,weights,0.081767,0.078253,0.000256,0.160276,0,0,0
668,10,seq,0.000000,0.000000,0.000000,0.000000,0,0,0
668,10,par,0.081883,0.079500,0.079161,0.240544,0,0,0
668,10,weights,0.088112,0.080588,0.000282,0.168981,0,0,0
669,10,seq,0.000000,0.000000,0.000000,0.000000,0,0,0
669,10,par,0.091694,0.089521,0.087511,0.268726,0,0,0
669,10,weights,0.089101,0.077431,0.000259,0.166791,0,0,0
670,10,seq,0.000000,0.000000,0.000000,0.000000,0,0,0
670,10,par,0.082769,0.074057,0.076221,0.233047,0,0,0
670,10,weights,0.086811,0.079248,0.000251,0.166310,0,0,0
671,10,seq,0.000000,0.000000,0.000000,0.000000,0,0,0
671,10,par,0.078956,0.077921,0.074668,0.231545,0,0,0
671,10,weights,0.085436,0.079453,0.000258,0.165147,0,0,0
672,10,seq,0.000000,0.000000,0.000000,0.000000,0,0,0
672,10,par,0.079323,0.078193,0.075101,0.232617,0,0,0
672,10,weights,0.083668,0.081943,0.000308,0.165919,0,0,0
673,10,seq,0.000000,0.000000,0.000000,0.000000,0,0,0
673,10,par,0.079580,0.080142,0.076816,0.236538,0,0,0
673,10,weights,0.087864,0.089835,0.000269,0.177968,0,0,0
674,10,seq,0.000000,0.000000,0.000000,0.000000,0,0,0
674,10,par,0.088084,0.078424,0.074311,0.240819,0,0,0
674,10,weights,0.084073,0.077666,0.000255,0.161993,0,0,0
675,10,seq,0.000000,0.000000,0.000000,0.000000,0,0,0
675,10,par,0.078993,0.078803,0.076915,0.234711,0,0,0
675,10,weights,0.083212,0.079798,0.000256,0.163266,0,0,0
676,10,seq,0.000000,0.000000,0.000000,0.000000,0,0,0
676,10,par,0.080977,0.078164,0.076715,0.235855,0,0,0
676,10,weights,0.085554,0.078470,0.000255,0.164279,0,0,0
677,10,seq,0.000000,0.000000,0.000000,0.000000,0,0,0
677,10,par,0.080173,0.076908,0.077641,0.234721,0,0,0
677,10,weights,0.086103,0.077911,0.000260,0.164275,0,0,0
678,10,seq,0.000000,0.000000,0.000000,0.000000,0,0,0
678,10,par,0.108381,0.076287,0.074715,0.259382,0,0,0
678,10,weights,0.085032,0.077788,0.000263,0.163084,0,0,0
679,10,seq,0.000000,0.000000,0.000000,0.000000,0,0,0
679,10,par,0.077705,0.075934,0.072858,0.226497,0,0,0
679,10,weights,0.085122,0.081502,0.000278,0.166901,0,0,0
680,10,seq,0.000000,0.000000,0.000000,0.000000,0,0,0
680,10,par,0.078342,0.076346,0.076505,0.231193,0,0,0
680,10,weights,0.084083,0.078434,0.000254,0.162771,0,0,0
681,10,seq,0.000000,0.000000,0.000000,0.000000,0,0,0
681,10,par,0.081165,0.077800,0.074338,0.233302,0,0,0
681,10,weights,0.084401,0.078943,0.000255,0.163600,0,0,0
682,10,seq,0.000000,0.000000,0.000000,0.000000,0,0,0
682,10,par,0.077969,0.079719,0.074841,0.232529,0,0,0
682,10,weights,0.082397,0.080960,0.000266,0.163623,0,0,0
683,10,seq,0.000000,0.000000,0.000000,0.000000,0,0,0
683,10,par,0.080064,0.077849,0.078612,0.236525,0,0,0
683,10,weights,0.083415,0.079327,0.000253,0.162995,0,0,0
684,10,seq,0.000000,0.000000,0.000000,0.000000,0,0,0
684,10,par,0.080246,0.079308,0.074906,0.234460,0,0,0
684,10,weights,0.086037,0.079724,0.000251,0.166012,0,0,0
685,10,seq,0.000000,0.000000,0.000000,0.000000,0,0,0
685,10,par,0.076452,0.076129,0.074643,0.227223,0,0,0
685,10,weights,0.085085,0.080989,0.000255,0.166329,0,0,0
686,10,seq,0.000000,0.000000,0.000000,0.000000,0,0,0
686,10,par,0.077707,0.078593,0.073141,0.229442,0,0,0
686,10,weights,0.086261,0.078343,0.000255,0.164858,0,0,0
687,10,seq,0.000000,0.000000,0.000000,0.000000,0,0,0
687,10,par,0.079389,0.075324,0.074138,0.228851,0,0,0
687,10,weights,0.082817,0.076745,0.000255,0.159816,0,0,0
688,10,seq,0.000000,0.000000,0.000000,0.000000,0,0,0
688,10,par,0.077609,0.076683,0.075586,0.229878,0,0,0
688,10,weights,0.085484,0.074762,0.000261,0.160507,0,0,0
689,10,seq,0.000000,0.000000,0.000000,0.000000,0,0,0
689,10,par,0.079112,0.079828,0.078803,0.237743,0,0,0
689,10,weights,0.085307,0.079542,0.000276,0.165125,0,0,0
690,10,seq,0.000000,0.000000,0.000000,0.000000,0,0,0
690,10,par,0.077781,0.074389,0.076862,0.229032,0,0,0
690,10,weights,0.083655,0.079147,0.000253,0.163055,0,0,0
691,10,seq,0.000000,0.000000,0.000000,0.000000,0,0,0
691,10,par,0.079622,0.077917,0.076863,0.234401,0,0,0
691,10,weights,0.093267,0.079383,0.000255,0.172904,0,0,0
692,10,seq,0.000000,0.000000,0.000000,0.000000,0,0,0
692,10,par,0.079753,0.078195,0.075777,0.233726,0,0,0
692,10,weights,0.085610,0.085136,0.000270,0.171016,0,0,0
693,10,seq,0.000000,0.000000,0.000000,0.000000,0,0,0
693,10,par,0.100688,0.079509,0.073717,0.253914,0,0,0
693,10,weights,0.081714,0.080447,0.000252,0.162414,0,0,0
694,10,seq,0.000000,0.000000,0.000000,0.000000,0,0,0
694,10,par,0.078741,0.076553,0.077873,0.233168,0,0,0
694,10,weights,0.081533,0.078077,0.000249,0.159859,0,0,0
695,10,seq,0.000000,0.000000,0.000000,0.000000,0,0,0
695,10,par,0.078172,0.078184,0.076941,0.233297,0,0,0
695,10,weights,0.082904,0.079190,0.000252,0.162346,0,0,0
696,10,seq,0.000000,0.000000,0.000000,0.000000,0,0,0
696,10,par,0.080809,0.078706,0.072911,0.232427,0,0,0
696,10,weights,0.083542,0.078137,0.000278,0.161957,0,0,0
697,10,seq,0.000000,0.000000,0.000000,0.000000,0,0,0
697,10,par,0.081312,0.076377,0.073400,0.231089,0,0,0
697,10,weights,0.086171,0.077859,0.000252,0.164282,0,0,0
698,10,seq,0.000000,0.000000,0.000000,0.000000,0,0,0
698,10,par,0.079009,0.077138,0.075649,0.231796,0,0,0
698,10,weights,0.082428,0.079929,0.000296,0.162653,0,0,0
699,10,seq,0.000000,0.000000,0.000000,0.000000,0,0,0
699,10,par,0.076126,0.077707,0.077372,0.231205,0,0,0
699,10,weights,0.083732,0.079313,0.000252,0.163298,0,0,0
700,10,seq,0.000000,0.000000,0.000000,0.000000,0,0,0
700,10,par,0.080583,0.076754,0.074950,0.232286,0,0,0
700,10,weights,0.084873,0.080097,0.000257,0.165227,0,0,0
701,10,seq,0.000000,0.000000,0.000000,0.000000,0,0,0
701,10,par,0.077414,0.077605,0.073663,0.228682,0,0,0
701,10,weights,0.084863,0.076676,0.000258,0.161798,0,0,0
702,10,seq,0.000000,0.000000,0.000000,0.000000,0,0,0
702,10,par,0.078780,0.078485,0.075830,0.233095,0,0,0
702,10,weights,0.085750,0.077294,0.000260,0.163304,0,0,0
703,10,seq,0.000000,0.000000,0.000000,0.000000,0,0,0
703,10,par,0.076551,0.079096,0.074451,0.230098,0,0,0
703,10,weights,0.083516,0.081243,0.000257,0.165016,0,0,0
704,10,seq,0.000000,0.000000,0.000000,0.000000,0,0,0
704,10,par,0.077768,0.076597,0.075797,0.230162,0,0,0
704,10,weights,0.087297,0.078808,0.000252,0.166357,0,0,0
705,10,seq,0.000000,0.000000,0.000000,0.000000,0,0,0
705,10,par,0.079473,0.075600,0.077976,0.233050,0,0,0
705,10,weights,0.086865,0.078973,0.000251,0.166089,0,0,0
706,10,seq,0.000000,0.000000,0.000000,0.000000,0,0,0
706,10,par,0.078952,0.077550,0.075364,0.231866,0,0,0
706,10,weights,0.084889,0.081616,0.000275,0.166780,0,0,0
707,10,seq,0.000000,0.000000,0.000000,0.000000,0,0,0
707,10,par,0.078842,0.075814,0.077819,0.232474,0,0,0
707,10,weights,0.084857,0.081104,0.000259,0.166219,0,0,0
708,10,seq,0.000000,0.000000,0.000000,0.000000,0,0,0
708,10,par,0.077545,0.080015,0.076526,0.234087,0,0,0
708,10,weights,0.084134,0.079875,0.000251,0.164261,0,0,0
709,10,seq,0.000000,0.000000,0.000000,0.000000,0,0,0
709,10,par,0.075966,0.076916,0.072742,0.225624,0,0,0
709,10,weights,0.083340,0.080508,0.000248,0.164096,0,0,0
710,10,seq,0.000000,0.000000,0.000000,0.000000,0,0,0
710,10,par,0.077217,0.076477,0.074120,0.227813,0,0,0
710,10,weights,0.083130,0.077971,0.000258,0.161359,0,0,0
711,10,seq,0.000000,0.000000,0.000000,0.000000,0,0,0
711,10,par,0.087088,0.081950,0.074477,0.243515,0,0,0
711,10,weights,0.082994,0.077726,0.000263,0.160983,0,0,0
712,10,seq,0.000000,0.000000,0.000000,0.000000,0,0,0
712,10,par,0.078460,0.076774,0.074661,0.229896,0,0,0
712,10,weights,0.083539,0.078980,0.000276,0.162795,0,0,0
713,10,seq,0.000000,0.000000,0.000000,0.000000,0,0,0
713,10,par,0.079675,0.078174,0.075888,0.233736,0,0,0
713,10,weights,0.086906,0.077472,0.000274,0.164653,0,0,0
714,10,seq,0.000000,0.000000,0.000000,0.000000,0,0,0
714,10,par,0.087803,0.081556,0.076385,0.245744,0,0,0
714,10,weights,0.086705,0.087809,0.000250,0.174763,0,0,0
715,10,seq,0.000000,0.000000,0.000000,0.000000,0,0,0
715,10,par,0.078854,0.079007,0.074318,0.232179,0,0,0
715,10,weights,0.087383,0.085059,0.000254,0.172696,0,0,0
716,10,seq,0.000000,0.000000,0.000000,0.000000,0,0,0
716,10,par,0.082898,0.078153,0.073505,0.234557,0,0,0
716,10,weights,0.085668,0.078069,0.000257,0.163994,0,0,0
717,10,seq,0.000000,0.000000,0.000000,0.000000,0,0,0
717,10,par,0.077250,0.077754,0.075458,0.230462,0,0,0
717,10,weights,0.083655,0.078684,0.000254,0.162593,0,0,0
718,10,seq,0.000000,0.000000,0.000000,0.000000,0,0,0
718,10,par,0.079744,0.075066,0.076203,0.231012,0,0,0
718,10,weights,0.082960,0.075670,0.000257,0.158887,0,0,0
719,10,seq,0.000000,0.000000,0.000000,0.000000,0,0,0
719,10,par,0.078613,0.076235,0.074825,0.229673,0,0,0
719,10,weights,0.085502,0.079208,0.000286,0.164996,0,0,0
720,10,seq,0.000000,0.000000,0.000000,0.000000,0,0,0
720,10,par,0.078462,0.075817,0.077117,0.231396,0,0,0
720,10,weights,0.087464,0.079124,0.000256,0.166845,0,0,0
721,10,seq,0.000000,0.000000,0.000000,0.000000,0,0,0
721,10,par,0.083339,0.090767,0.077835,0.251941,0,0,0
721,10,weights,0.085123,0.077003,0.000252,0.162378,0,0,0
722,10,seq,0.000000,0.000000,0.000000,0.000000,0,0,0
722,10,par,0.080128,0.078775,0.074898,0.233802,0,0,0
722,10,weights,0.085303,0.084360,0.000247,0.169910,0,0,0
723,10,seq,0.000000,0.000000,0.000000,0.000000,0,0,0
723,10,par,0.088611,0.083407,0.077215,0.249233,0,0,0
723,10,weights,0.082031,0.078028,0.000251,0.160310,0,0,0
724,10,seq,0.000000,0.000000,0.000000,0.000000,0,0,0
724,10,par,0.076633,0.078033,0.074854,0.229520,0,0,0
724,10,weights,0.087002,0.076658,0.000253,0.163913,0,0,0
725,10,seq,0.000000,0.000000,0.000000,0.000000,0,0,0
725,10,par,0.077948,0.079773,0.074596,0.232316,0,0,0
725,10,weights,0.083110,0.079429,0.000262,0.162801,0,0,0
726,10,seq,0.000000,0.000000,0.000000,0.000000,0,0,0
726,10,par,0.077798,0.076321,0.076320,0.230439,0,0,0
726,10,weights,0.085104,0.079805,0.000279,0.165187,0,0,0
727,10,seq,0.000000,0.000000,0.000000,0.000000,0,0,0
727,10,par,0.077923,0.078668,0.072888,0.229478,0,0,0
727,10,weights,0.089197,0.080570,0.000252,0.170019,0,0,0
728,10,seq,0.000000,0.000000,0.000000,0.000000,0,0,0
728,10,par,0.078898,0.077484,0.072739,0.229121,0,0,0
728,10,weights,0.085386,0.078296,0.000255,0.163938,0,0,0
729,10,seq,0.000000,0.000000,0.000000,0.000000,0,0,0
729,10,par,0.078306,0.075596,0.074850,0.228752,0,0,0
729,10,weights,0.083100,0.080532,0.000260,0.163892,0,0,0
730,10,seq,0.000000,0.000000,0.000000,0.000000,0,0,0
730,10,par,0.078546,0.079337,0.076963,0.234846,0,0,0
730,10,weights,0.086589,0.080806,0.000293,0.167688,0,0,0
731,10,seq,0.000000,0.000000,0.000000,0.000000,0,0,0
731,10,par,0.080548,0.079094,0.074793,0.234435,0,0,0
731,10,weights,0.085860,0.077652,0.000251,0.163763,0,0,0
732,10,seq,0.000000,0.000000,0.000000,0.000000,0,0,0
732,10,par,0.081909,0.079902,0.073582,0.235393,0,0,0
732,10,weights,0.085558,0.076512,0.000255,0.162325,0,0,0
733,10,seq,0.000000,0.000000,0.000000,0.000000,0,0,0
733,10,par,0.079620,0.077870,0.074561,0.232050,0,0,0
733,10,weights,0.088347,0.081603,0.000277,0.170228,0,0,0
734,10,seq,0.000000,0.000000,0.000000,0.000000,0,0,0
734,10,par,0.090153,0.085493,0.082526,0.258172,0,0,0
734,10,weights,0.085732,0.078198,0.000266,0.164196,0,0,0
735,10,seq,0.000000,0.000000,0.000000,0.000000,0,0,0
735,10,par,0.079355,0.077831,0.075936,0.233123,0,0,0
735,10,weights,0.085234,0.080421,0.000258,0.165913,0,0,0
736,10,seq,0.000000,0.000000,0.000000,0.000000,0,0,0
736,10,par,0.077192,0.079539,0.077657,0.234388,0,0,0
736,10,weights,0.081445,0.183765,0.000256,0.265467,0,0,0
737,10,seq,0.000000,0.000000,0.000000,0.000000,0,0,0
737,10,par,0.077255,0.078303,0.076276,0.231834,0,0,0
737,10,weights,0.082202,0.077534,0.000271,0.160007,0,0,0
738,10,seq,0.000000,0.000000,0.000000,0.000000,0,0,0
738,10,par,0.077187,0.078046,0.073585,0.228818,0,0,0
738,10,weights,0.082411,0.079352,0.000264,0.162027,0,0,0
739,10,seq,0.000000,0.000000,0.000000,0.000000,0,0,0
739,10,par,0.077856,0.075636,0.077114,0.230607,0,0,0
739,10,weights,0.085785,0.078531,0.000260,0.164576,0,0,0
740,10,seq,0.000000,0.000000,0.000000,0.000000,0,0,0
740,10,par,0.076381,0.072898,0.073926,0.223205,0,0,0
740,10,weights,0.083558,0.082328,0.000281,0.166167,0,0,0
741,10,seq,0.000000,0.000000,0.000000,0.000000,0,0,0
741,10,par,0.078997,0.077077,0.072300,0.228375,0,0,0
741,10,weights,0.084457,0.078182,0.000254,0.162893,0,0,0
742,10,seq,0.000000,0.000000,0.000000,0.000000,0,0,0
742,10,par,0.079355,0.076922,0.071945,0.228222,0,0,0
742,10,weights,0.082647,0.076466,0.000256,0.159368,0,0,0
743,10,seq,0.000000,0.000000,0.000000,0.000000,0,0,0
743,10,par,0.078548,0.078627,0.073692,0.230867,0,0,0
743,10,weights,0.083631,0.076832,0.000254,0.160717,0,0,0
744,10,seq,0.000000,0.000000,0.000000,0.000000,0,0,0
744,10,par,0.080522,0.077199,0.073296,0.231017,0,0,0
744,10,weights,0.082718,0.077185,0.000255,0.160158,0,0,0
745,10,seq,0.000000,0.000000,0.000000,0.000000,0,0,0
745,10,par,0.080526,0.074930,0.074048,0.229504,0,0,0
745,10,weights,0.087547,0.078475,0.000267,0.166289,0,0,0
746,10,seq,0.000000,0.000000,0.000000,0.000000,0,0,0
746,10,par,0.087826,0.085348,0.076751,0.249925,0,0,0
746,10,weights,0.085231,0.081262,0.000251,0.166744,0,0,0
747,10,seq,0.000000,0.000000,0.000000,0.000000,0,0,0
747,10,par,0.080199,0.078735,0.073454,0.232388,0,0,0
747,10,weights,0.090478,0.077923,0.000309,0.168710,0,0,0
748,10,seq,0.000000,0.000000,0.000000,0.000000,0,0,0
748,10,par,0.077938,0.077799,0.074592,0.230329,0,0,0
748,10,weights,0.084705,0.078288,0.000253,0.163246,0,0,0
749,10,seq,0.000000,0.000000,0.000000,0.000000,0,0,0
749,10,par,0.078109,0.079976,0.073493,0.231578,0,0,0
749,10,weights,0.084758,0.078957,0.000252,0.163968,0,0,0
750,10,seq,0.000000,0.000000,0.000000,0.000000,0,0,0
750,10,par,0.079753,0.077124,0.077092,0.233969,0,0,0
750,10,weights,0.085722,0.076821,0.000252,0.162795,0,0,0
751,10,seq,0.000000,0.000000,0.000000,0.000000,0,0,0
751,10,par,0.078114,0.078274,0.076175,0.232562,0,0,0
751,10,weights,0.084819,0.078410,0.000263,0.163491,0,0,0
752,10,seq,0.000000,0.000000,0.000000,0.000000,0,0,0
752,10,par,0.079088,0.076925,0.077197,0.233210,0,0,0
752,10,weights,0.085699,0.078964,0.000253,0.164916,0,0,0
753,10,seq,0.000000,0.000000,0.000000,0.000000,0,0,0
753,10,par,0.077192,0.078450,0.082874,0.238515,0,0,0
753,10,weights,0.082492,0.077428,0.000250,0.160169,0,0,0
754,10,seq,0.000000,0.000000,0.000000,0.000000,0,0,0
754,10,par,0.077793,0.076053,0.073861,0.227707,0,0,0
754,10,weights,0.083989,0.084306,0.000302,0.168597,0,0,0
755,10,seq,0.000000,0.000000,0.000000,0.000000,0,0,0
755,10,par,0.079822,0.076569,0.075630,0.232020,0,0,0
755,10,weights,0.082283,0.077325,0.000252,0.159860,0,0,0
756,10,seq,0.000000,0.000000,0.000000,0.000000,0,0,0
756,10,par,0.077862,0.077554,0.075474,0.230890,0,0,0
756,10,weights,0.086369,0.075034,0.000262,0.161666,0,0,0
757,10,seq,0.000000,0.000000,0.000000,0.000000,0,0,0
757,10,par,0.079500,0.075481,0.078028,0.233009,0,0,0
757,10,weights,0.085299,0.077721,0.000250,0.163270,0,0,0
758,10,seq,0.000000,0.000000,0.000000,0.000000,0,0,0
758,10,par,0.081175,0.078992,0.071891,0.232058,0,0,0
758,10,weights,0.086870,0.079313,0.000256,0.166439,0,0,0
759,10,seq,0.000000,0.000000,0.000000,0.000000,0,0,0
759,10,par,0.077072,0.078297,0.075982,0.231351,0,0,0
759,10,weights,0.080694,0.077284,0.000251,0.158228,0,0,0
760,10,seq,0.000000,0.000000,0.000000,0.000000,0,0,0
760,10,par,0.081323,0.077633,0.074093,0.233049,0,0,0
760,10,weights,0.084637,0.078347,0.000258,0.163242,0,0,0
761,10,seq,0.000000,0.000000,0.000000,0.000000,0,0,0
761,10,par,0.077219,0.073285,0.073834,0.224339,0,0,0
761,10,weights,0.085609,0.077272,0.000262,0.163143,0,0,0
762,10,seq,0.000000,0.000000,0.000000,0.000000,0,0,0
762,10,par,0.078081,0.079137,0.076160,0.233379,0,0,0
762,10,weights,0.084221,0.079323,0.000255,0.163799,0,0,0
763,10,seq,0.000000,0.000000,0.000000,0.000000,0,0,0
763,10,par,0.079256,0.075422,0.078277,0.232955,0,0,0
763,10,weights,0.097608,0.079969,0.000258,0.177836,0,0,0
764,10,seq,0.000000,0.000000,0.000000,0.000000,0,0,0
764,10,par,0.078890,0.079418,0.074223,0.232531,0,0,0
764,10,weights,0.084047,0.076195,0.000275,0.160517,0,0,0
765,10,seq,0.000000,0.000000,0.000000,0.000000,0,0,0
765,10,par,0.077943,0.077178,0.076666,0.231788,0,0,0
765,10,weights,0.083915,0.081146,0.000252,0.165314,0,0,0
766,10,seq,0.000000,0.000000,0.000000,0.000000,0,0,0
766,10,par,0.076918,0.077998,0.074635,0.229550,0,0,0
766,10,weights,0.151643,0.147009,0.000320,0.298972,0,0,0
767,10,seq,0.000000,0.000000,0.000000,0.000000,0,0,0
767,10,par,0.130925,0.079744,0.075772,0.286441,0,0,0
767,10,weights,0.083576,0.077711,0.000262,0.161549,0,0,0
768,10,seq,0.000000,0.000000,0.000000,0.000000,0,0,0
768,10,par,0.076258,0.075126,0.075333,0.226717,0,0,0
768,10,weights,0.082049,0.079305,0.000255,0.161609,0,0,0
769,10,seq,0.000000,0.000000,0.000000,0.000000,0,0,0
769,10,par,0.079719,0.080500,0.077192,0.237410,0,0,0
769,10,weights,0.085135,0.076551,0.000253,0.161939,0,0,0
770,10,seq,0.000000,0.000000,0.000000,0.000000,0,0,0
770,10,par,0.077647,0.078015,0.074693,0.230355,0,0,0
770,10,weights,0.082481,0.078121,0.000254,0.160855,0,0,0
771,10,seq,0.000000,0.000000,0.000000,0.000000,0,0,0
771,10,par,0.075243,0.076927,0.075929,0.228099,0,0,0
771,10,weights,0.084277,0.078475,0.000286,0.163037,0,0,0
772,10,seq,0.000000,0.000000,0.000000,0.000000,0,0,0
772,10,par,0.076171,0.077517,0.077198,0.230886,0,0,0
772,10,weights,0.083266,0.080838,0.000258,0.164362,0,0,0
773,10,seq,0.000000,0.000000,0.000000,0.000000,0,0,0
773,10,par,0.080129,0.077849,0.076352,0.234330,0,0,0
773,10,weights,0.082920,0.079747,0.000252,0.162919,0,0,0
774,10,seq,0.000000,0.000000,0.000000,0.000000,0,0,0
774,10,par,0.079937,0.078394,0.073829,0.232159,0,0,0
774,10,weights,0.083049,0.080980,0.000250,0.164280,0,0,0
775,10,seq,0.000000,0.000000,0.000000,0.000000,0,0,0
775,10,par,0.080073,0.076900,0.072751,0.229725,0,0,0
775,10,weights,0.117245,0.097569,0.000328,0.215142,0,0,0
776,10,seq,0.000000,0.000000,0.000000,0.000000,0,0,0
776,10,par,0.114969,0.085387,0.080406,0.280762,0,0,0
776,10,weights,0.087286,0.078411,0.000252,0.165950,0,0,0
777,10,seq,0.000000,0.000000,0.000000,0.000000,0,0,0
777,10,par,0.081863,0.078768,0.078208,0.238838,0,0,0
777,10,weights,0.082523,0.078278,0.000266,0.161067,0,0,0
778,10,seq,0.000000,0.000000,0.000000,0.000000,0,0,0
778,10,par,0.077782,0.078519,0.082588,0.238889,0,0,0
778,10,weights,0.089480,0.080268,0.000251,0.169999,0,0,0
779,10,seq,0.000000,0.000000,0.000000,0.000000,0,0,0
779,10,par,0.079054,0.077813,0.075176,0.232043,0,0,0
779,10,weights,0.086278,0.077295,0.000254,0.163827,0,0,0
780,10,seq,0.000000,0.000000,0.000000,0.000000,0,0,0
780,10,par,0.082225,0.077430,0.075289,0.234944,0,0,0
780,10,weights,0.081205,0.078058,0.000263,0.159526,0,0,0
781,10,seq,0.000000,0.000000,0.000000,0.000000,0,0,0
781,10,par,0.077538,0.076670,0.075248,0.229456,0,0,0
781,10,weights,0.084800,0.080913,0.000256,0.165968,0,0,0
782,10,seq,0.000000,0.000000,0.000000,0.000000,0,0,0
782,10,par,0.080193,0.076536,0.076408,0.233137,0,0,0
782,10,weights,0.083269,0.077190,0.000255,0.160713,0,0,0
783,10,seq,0.000000,0.000000,0.000000,0.000000,0,0,0
783,10,par,0.079570,0.075865,0.075854,0.231289,0,0,0
783,10,weights,0.088294,0.078467,0.000258,0.167020,0,0,0
784,10,seq,0.000000,0.000000,0.000000,0.000000,0,0,0
784,10,par,0.085232,0.076515,0.077005,0.238752,0,0,0
784,10,weights,0.085734,0.078182,0.000269,0.164186,0,0,0
785,10,seq,0.000000,0.000000,0.000000,0.000000,0,0,0
785,10,par,0.076209,0.075729,0.075944,0.227883,0,0,0
785,10,weights,0.085464,0.079742,0.000260,0.165466,0,0,0
786,10,seq,0.000000,0.000000,0.000000,0.000000,0,0,0
786,10,par,0.086256,0.082217,0.076072,0.244545,0,0,0
786,10,weights,0.084054,0.080081,0.000266,0.164401,0,0,0
787,10,seq,0.000000,0.000000,0.000000,0.000000,0,0,0
787,10,par,0.077547,0.078562,0.075528,0.231636,0,0,0
787,10,weights,0.090666,0.082267,0.000254,0.173187,0,0,0
788,10,seq,0.000000,0.000000,0.000000,0.000000,0,0,0
788,10,par,0.077605,0.078949,0.076125,0.232679,0,0,0
788,10,weights,0.084603,0.079685,0.000281,0.164568,0,0,0
789,10,seq,0.000000,0.000000,0.000000,0.000000,0,0,0
789,10,par,0.078303,0.079023,0.077352,0.234678,0,0,0
789,10,weights,0.086882,0.080173,0.000253,0.167308,0,0,0
790,10,seq,0.000000,0.000000,0.000000,0.000000,0,0,0
790,10,par,0.079769,0.076014,0.076359,0.232142,0,0,0
790,10,weights,0.084785,0.076004,0.000260,0.161048,0,0,0
791,10,seq,0.000000,0.000000,0.000000,0.000000,0,0,0
791,10,par,0.079686,0.078300,0.075845,0.233831,0,0,0
791,10,weights,0.083937,0.081263,0.000262,0.165462,0,0,0
792,10,seq,0.000000,0.000000,0.000000,0.000000,0,0,0
792,10,par,0.082119,0.077833,0.077573,0.237525,0,0,0
792,10,weights,0.084175,0.078800,0.000261,0.163237,0,0,0
793,10,seq,0.000000,0.000000,0.000000,0.000000,0,0,0
793,10,par,0.078930,0.078303,0.073883,0.231116,0,0,0
793,10,weights,0.081669,0.080854,0.000269,0.162793,0,0,0
794,10,seq,0.000000,0.000000,0.000000,0.000000,0,0,0
794,10,par,0.076868,0.076060,0.076378,0.229306,0,0,0
794,10,weights,0.083725,0.077717,0.000261,0.161703,0,0,0
795,10,seq,0.000000,0.000000,0.000000,0.000000,0,0,0
795,10,par,0.078147,0.075876,0.073821,0.227845,0,0,0
795,10,weights,0.084898,0.079082,0.000305,0.164285,0,0,0
796,10,seq,0.000000,0.000000,0.000000,0.000000,0,0,0
796,10,par,0.085620,0.075900,0.076933,0.238453,0,0,0
796,10,weights,0.086564,0.076268,0.000292,0.163125,0,0,0
797,10,seq,0.000000,0.000000,0.000000,0.000000,0,0,0
797,10,par,0.079163,0.075773,0.074125,0.229061,0,0,0
797,10,weights,0.083609,0.081704,0.000255,0.165568,0,0,0
798,10,seq,0.000000,0.000000,0.000000,0.000000,0,0,0
798,10,par,0.077744,0.078109,0.076267,0.232120,0,0,0
798,10,weights,0.083048,0.077264,0.000262,0.160574,0,0,0
799,10,seq,0.000000,0.000000,0.000000,0.000000,0,0,0
799,10,par,0.080836,0.080012,0.076870,0.237719,0,0,0
799,10,weights,0.088654,0.084636,0.000261,0.173551,0,0,0
800,10,seq,0.000000,0.000000,0.000000,0.000000,0,0,0
800,10,par,0.088442,0.083312,0.076382,0.248135,0,0,0
800,10,weights,0.083455,0.078850,0.000256,0.162560,0,0,0
801,10,seq,0.000000,0.000000,0.000000,0.000000,0,0,0
801,10,par,0.079146,0.075056,0.075563,0.229764,0,0,0
801,10,weights,0.084016,0.076775,0.000253,0.161044,0,0,0
802,10,seq,0.000000,0.000000,0.000000,0.000000,0,0,0
802,10,par,0.078894,0.078052,0.073988,0.230934,0,0,0
802,10,weights,0.081396,0.078136,0.000256,0.159788,0,0,0
803,10,seq,0.000000,0.000000,0.000000,0.000000,0,0,0
803,10,par,0.082018,0.078575,0.074106,0.234699,0,0,0
803,10,weights,0.083946,0.078487,0.000250,0.162682,0,0,0
804,10,seq,0.000000,0.000000,0.000000,0.000000,0,0,0
804,10,par,0.075692,0.078068,0.075892,0.229652,0,0,0
804,10,weights,0.083908,0.089465,0.000252,0.173625,0,0,0
805,10,seq,0.000000,0.000000,0.000000,0.000000,0,0,0
805,10,par,0.077096,0.078517,0.075909,0.231521,0,0,0
805,10,weights,0.082469,0.075795,0.000275,0.158539,0,0,0
806,10,seq,0.000000,0.000000,0.000000,0.000000,0,0,0
806,10,par,0.081801,0.078876,0.074462,0.235140,0,0,0
806,10,weights,0.083965,0.080644,0.000254,0.164862,0,0,0
807,10,seq,0.000000,0.000000,0.000000,0.000000,0,0,0
807,10,par,0.079226,0.078453,0.075504,0.233183,0,0,0
807,10,weights,0.086638,0.079189,0.000255,0.166081,0,0,0
808,10,seq,0.000000,0.000000,0.000000,0.000000,0,0,0
808,10,par,0.080670,0.078106,0.074749,0.233525,0,0,0
808,10,weights,0.125926,0.075465,0.000250,0.201641,0,0,0
809,10,seq,0.000000,0.000000,0.000000,0.000000,0,0,0
809,10,par,0.077732,0.078827,0.074866,0.231425,0,0,0
809,10,weights,0.085628,0.078097,0.000262,0.163987,0,0,0
810,10,seq,0.000000,0.000000,0.000000,0.000000,0,0,0
810,10,par,0.078153,0.075107,0.075108,0.228368,0,0,0
810,10,weights,0.083382,0.082853,0.000254,0.166490,0,0,0
811,10,seq,0.000000,0.000000,0.000000,0.000000,0,0,0
811,10,par,0.076890,0.077984,0.074009,0.228883,0,0,0
811,10,weights,0.084702,0.079933,0.000258,0.164893,0,0,0
812,10,seq,0.000000,0.000000,0.000000,0.000000,0,0,0
812,10,par,0.080311,0.076115,0.076827,0.233253,0,0,0
812,10,weights,0.085741,0.079800,0.000282,0.165823,0,0,0
813,10,seq,0.000000,0.000000,0.000000,0.000000,0,0,0
813,10,par,0.077628,0.076286,0.076000,0.229914,0,0,0
813,10,weights,0.085722,0.079283,0.000252,0.165258,0,0,0
814,10,seq,0.000000,0.000000,0.000000,0.000000,0,0,0
814,10,par,0.076696,0.077192,0.077630,0.231519,0,0,0
814,10,weights,0.084220,0.084884,0.000261,0.169365,0,0,0
815,10,seq,0.000000,0.000000,0.000000,0.000000,0,0,0
815,10,par,0.080584,0.076561,0.075450,0.232595,0,0,0
815,10,weights,0.085734,0.078102,0.000259,0.164095,0,0,0
816,10,seq,0.000000,0.000000,0.000000,0.000000,0,0,0
816,10,par,0.079341,0.078871,0.076589,0.234801,0,0,0
816,10,weights,0.090738,0.081907,0.000255,0.172899,0,0,0
817,10,seq,0.000000,0.000000,0.000000,0.000000,0,0,0
817,10,par,0.079073,0.078888,0.078391,0.236352,0,0,0
817,10,weights,0.080580,0.077043,0.000254,0.157877,0,0,0
818,10,seq,0.000000,0.000000,0.000000,0.000000,0,0,0
818,10,par,0.080354,0.076722,0.074297,0.231373,0,0,0
818,10,weights,0.086154,0.079253,0.000257,0.165664,0,0,0
819,10,seq,0.000000,0.000000,0.000000,0.000000,0,0,0
819,10,par,0.078075,0.078080,0.077069,0.233223,0,0,0
819,10,weights,0.087599,0.077127,0.000255,0.164982,0,0,0
820,10,seq,0.000000,0.000000,0.000000,0.000000,0,0,0
820,10,par,0.077010,0.078127,0.076103,0.231240,0,0,0
820,10,weights,0.084390,0.077251,0.000257,0.161898,0,0,0
821,10,seq,0.000000,0.000000,0.000000,0.000000,0,0,0
821,10,par,0.081053,0.078331,0.073409,0.232793,0,0,0
821,10,weights,0.084435,0.078891,0.000250,0.163577,0,0,0
822,10,seq,0.000000,0.000000,0.000000,0.000000,0,0,0
822,10,par,0.078503,0.079347,0.075632,0.233482,0,0,0
822,10,weights,0.086670,0.080957,0.000256,0.167883,0,0,0
823,10,seq,0.000000,0.000000,0.000000,0.000000,0,0,0
823,10,par,0.081478,0.076357,0.074982,0.232817,0,0,0
823,10,weights,0.087236,0.078640,0.000262,0.166138,0,0,0
824,10,seq,0.000000,0.000000,0.000000,0.000000,0,0,0
824,10,par,0.078203,0.076805,0.075116,0.230123,0,0,0
824,10,weights,0.084975,0.143838,0.000332,0.229145,0,0,0
825,10,seq,0.000000,0.000000,0.000000,0.000000,0,0,0
825,10,par,0.147573,0.143324,0.144742,0.435640,0,0,0
825,10,weights,0.149492,0.086404,0.000262,0.236158,0,0,0
826,10,seq,0.000000,0.000000,0.000000,0.000000,0,0,0
826,10,par,0.078684,0.081419,0.078376,0.238479,0,0,0
826,10,weights,0.085489,0.080107,0.000251,0.165848,0,0,0
827,10,seq,0.000000,0.000000,0.000000,0.000000,0,0,0
827,10,par,0.078613,0.080082,0.109038,0.267733,0,0,0
827,10,weights,0.087463,0.076988,0.000261,0.164711,0,0,0
828,10,seq,0.000000,0.000000,0.000000,0.000000,0,0,0
828,10,par,0.078491,0.078382,0.076139,0.233012,0,0,0
828,10,weights,0.085124,0.078100,0.000254,0.163478,0,0,0
829,10,seq,0.000000,0.000000,0.000000,0.000000,0,0,0
829,10,par,0.077872,0.074134,0.075570,0.227575,0,0,0
829,10,weights,0.087884,0.079932,0.000275,0.168091,0,0,0
830,10,seq,0.000000,0.000000,0.000000,0.000000,0,0,0
830,10,par,0.078805,0.077531,0.073070,0.229406,0,0,0
830,10,weights,0.085746,0.080849,0.000260,0.166856,0,0,0
831,10,seq,0.000000,0.000000,0.000000,0.000000,0,0,0
831,10,par,0.079795,0.077366,0.076590,0.233751,0,0,0
831,10,weights,0.080562,0.080064,0.000264,0.160890,0,0,0
832,10,seq,0.000000,0.000000,0.000000,0.000000,0,0,0
832,10,par,0.079649,0.077454,0.077939,0.235042,0,0,0
832,10,weights,0.086881,0.079195,0.000251,0.166326,0,0,0
833,10,seq,0.000000,0.000000,0.000000,0.000000,0,0,0
833,10,par,0.078282,0.075650,0.107851,0.261783,0,0,0
833,10,weights,0.083064,0.078915,0.000258,0.162237,0,0,0
834,10,seq,0.000000,0.000000,0.000000,0.000000,0,0,0
834,10,par,0.079944,0.082332,0.077187,0.239463,0,0,0
834,10,weights,0.083704,0.080321,0.000257,0.164281,0,0,0
835,10,seq,0.000000,0.000000,0.000000,0.000000,0,0,0
835,10,par,0.076606,0.080952,0.074800,0.232359,0,0,0
835,10,weights,0.149774,0.144810,0.000305,0.294889,0,0,0
836,10,seq,0.000000,0.000000,0.000000,0.000000,0,0,0
836,10,par,0.148737,0.142355,0.089609,0.380702,0,0,0
836,10,weights,0.086525,0.076454,0.000272,0.163251,0,0,0
837,10,seq,0.000000,0.000000,0.000000,0.000000,0,0,0
837,10,par,0.077853,0.079575,0.076644,0.234071,0,0,0
837,10,weights,0.083846,0.080394,0.000248,0.164488,0,0,0
838,10,seq,0.000000,0.000000,0.000000,0.000000,0,0,0
838,10,par,0.079883,0.088529,0.088434,0.256846,0,0,0
838,10,weights,0.089005,0.077479,0.000263,0.166747,0,0,0
839,10,seq,0.000000,0.000000,0.000000,0.000000,0,0,0
839,10,par,0.081837,0.076900,0.078097,0.236834,0,0,0
839,10,weights,0.084924,0.079520,0.000258,0.164702,0,0,0
840,10,seq,0.000000,0.000000,0.000000,0.000000,0,0,0
840,10,par,0.079582,0.079235,0.077814,0.236631,0,0,0
840,10,weights,0.086524,0.081332,0.000260,0.168116,0,0,0
841,10,seq,0.000000,0.000000,0.000000,0.000000,0,0,0
841,10,par,0.080480,0.079608,0.075029,0.235117,0,0,0
841,10,weights,0.086223,0.079013,0.000262,0.165498,0,0,0
842,10,seq,0.000000,0.000000,0.000000,0.000000,0,0,0
842,10,par,0.077865,0.077089,0.074686,0.229641,0,0,0
842,10,weights,0.085106,0.080058,0.000255,0.165418,0,0,0
843,10,seq,0.000000,0.000000,0.000000,0.000000,0,0,0
843,10,par,0.079125,0.080717,0.076741,0.236584,0,0,0
843,10,weights,0.085183,0.080943,0.000254,0.166381,0,0,0
844,10,seq,0.000000,0.000000,0.000000,0.000000,0,0,0
844,10,par,0.081156,0.079342,0.075314,0.235812,0,0,0
844,10,weights,0.081708,0.080225,0.000257,0.162190,0,0,0
845,10,seq,0.000000,0.000000,0.000000,0.000000,0,0,0
845,10,par,0.079885,0.078344,0.077587,0.235817,0,0,0
845,10,weights,0.088744,0.078857,0.000258,0.167859,0,0,0
846,10,seq,0.000000,0.000000,0.000000,0.000000,0,0,0
846,10,par,0.076422,0.079573,0.075140,0.231136,0,0,0
846,10,weights,0.084677,0.076167,0.000277,0.161121,0,0,0
847,10,seq,0.000000,0.000000,0.000000,0.000000,0,0,0
847,10,par,0.078747,0.079390,0.077047,0.235185,0,0,0
847,10,weights,0.084759,0.080430,0.000284,0.165473,0,0,0
848,10,seq,0.000000,0.000000,0.000000,0.000000,0,0,0
848,10,par,0.085612,0.077246,0.074456,0.237315,0,0,0
848,10,weights,0.086574,0.077152,0.000253,0.163978,0,0,0
849,10,seq,0.000000,0.000000,0.000000,0.000000,0,0,0
849,10,par,0.078840,0.076796,0.076314,0.231950,0,0,0
849,10,weights,0.087100,0.078581,0.000253,0.165934,0,0,0
850,10,seq,0.000000,0.000000,0.000000,0.000000,0,0,0
850,10,par,0.080009,0.075106,0.076577,0.231693,0,0,0
850,10,weights,0.083913,0.078343,0.000261,0.162517,0,0,0
851,10,seq,0.000000,0.000000,0.000000,0.000000,0,0,0
851,10,par,0.085299,0.084917,0.079102,0.249318,0,0,0
851,10,weights,0.086676,0.080263,0.000267,0.167207,0,0,0
852,10,seq,0.000000,0.000000,0.000000,0.000000,0,0,0
852,10,par,0.081776,0.080181,0.073552,0.235508,0,0,0
852,10,weights,0.085813,0.077609,0.000256,0.163678,0,0,0
853,10,seq,0.000000,0.000000,0.000000,0.000000,0,0,0
853,10,par,0.081060,0.074975,0.075276,0.231311,0,0,0
853,10,weights,0.084929,0.075681,0.000275,0.160886,0,0,0
854,10,seq,0.000000,0.000000,0.000000,0.000000,0,0,0
854,10,par,0.077420,0.079241,0.075871,0.232532,0,0,0
854,10,weights,0.085612,0.079056,0.000252,0.164920,0,0,0
855,10,seq,0.000000,0.000000,0.000000,0.000000,0,0,0
855,10,par,0.077456,0.078901,0.076130,0.232487,0,0,0
855,10,weights,0.084108,0.082065,0.000268,0.166442,0,0,0
856,10,seq,0.000000,0.000000,0.000000,0.000000,0,0,0
856,10,par,0.084612,0.075165,0.075845,0.235622,0,0,0
856,10,weights,0.089929,0.084097,0.000255,0.174281,0,0,0
857,10,seq,0.000000,0.000000,0.000000,0.000000,0,0,0
857,10,par,0.078690,0.078655,0.077526,0.234871,0,0,0
857,10,weights,0.083599,0.078833,0.000249,0.162680,0,0,0
858,10,seq,0.000000,0.000000,0.000000,0.000000,0,0,0
858,10,par,0.076338,0.076868,0.072500,0.225706,0,0,0
858,10,weights,0.085381,0.079672,0.000251,0.165305,0,0,0
859,10,seq,0.000000,0.000000,0.000000,0.000000,0,0,0
859,10,par,0.077775,0.079057,0.074625,0.231457,0,0,0
859,10,weights,0.086480,0.078459,0.000255,0.165194,0,0,0
860,10,seq,0.000000,0.000000,0.000000,0.000000,0,0,0
860,10,par,0.078529,0.078362,0.081051,0.237943,0,0,0
860,10,weights,0.084400,0.076434,0.000257,0.161090,0,0,0
861,10,seq,0.000000,0.000000,0.000000,0.000000,0,0,0
861,10,par,0.078218,0.081074,0.075293,0.234585,0,0,0
861,10,weights,0.084977,0.078121,0.000265,0.163363,0,0,0
862,10,seq,0.000000,0.000000,0.000000,0.000000,0,0,0
862,10,par,0.080278,0.076889,0.073464,0.230631,0,0,0
862,10,weights,0.085052,0.079303,0.000252,0.164608,0,0,0
863,10,seq,0.000000,0.000000,0.000000,0.000000,0,0,0
863,10,par,0.079235,0.079411,0.074235,0.232881,0,0,0
863,10,weights,0.086418,0.081249,0.000271,0.167939,0,0,0
864,10,seq,0.000000,0.000000,0.000000,0.000000,0,0,0
864,10,par,0.077075,0.077435,0.074908,0.229419,0,0,0
864,10,weights,0.084423,0.078321,0.000253,0.162996,0,0,0
865,10,seq,0.000000,0.000000,0.000000,0.000000,0,0,0
865,10,par,0.079026,0.076453,0.073768,0.229247,0,0,0
865,10,weights,0.085221,0.081631,0.000274,0.167125,0,0,0
866,10,seq,0.000000,0.000000,0.000000,0.000000,0,0,0
866,10,par,0.087477,0.083550,0.074750,0.245777,0,0,0
866,10,weights,0.082334,0.078563,0.000260,0.161156,0,0,0
867,10,seq,0.000000,0.000000,0.000000,0.000000,0,0,0
867,10,par,0.078209,0.077986,0.076622,0.232817,0,0,0
867,10,weights,0.091962,0.087427,0.000279,0.179669,0,0,0
868,10,seq,0.000000,0.000000,0.000000,0.000000,0,0,0
868,10,par,0.078281,0.075119,0.072502,0.225902,0,0,0
868,10,weights,0.088780,0.076551,0.000254,0.165586,0,0,0
869,10,seq,0.000000,0.000000,0.000000,0.000000,0,0,0
869,10,par,0.079698,0.078116,0.075039,0.232854,0,0,0
869,10,weights,0.082836,0.080630,0.000260,0.163726,0,0,0
870,10,seq,0.000000,0.000000,0.000000,0.000000,0,0,0
870,10,par,0.082003,0.079976,0.075287,0.237266,0,0,0
870,10,weights,0.085804,0.079572,0.000276,0.165652,0,0,0
871,10,seq,0.000000,0.000000,0.000000,0.000000,0,0,0
871,10,par,0.079849,0.079972,0.073233,0.233054,0,0,0
871,10,weights,0.080264,0.077160,0.000255,0.157679,0,0,0
872,10,seq,0.000000,0.000000,0.000000,0.000000,0,0,0
872,10,par,0.079992,0.074125,0.073620,0.227738,0,0,0
872,10,weights,0.084982,0.077841,0.000255,0.163078,0,0,0
873,10,seq,0.000000,0.000000,0.000000,0.000000,0,0,0
873,10,par,0.078266,0.075408,0.075358,0.229032,0,0,0
873,10,weights,0.082775,0.084440,0.000257,0.167473,0,0,0
874,10,seq,0.000000,0.000000,0.000000,0.000000,0,0,0
874,10,par,0.078611,0.079105,0.073815,0.231531,0,0,0
874,10,weights,0.084210,0.080175,0.000282,0.164667,0,0,0
875,10,seq,0.000000,0.000000,0.000000,0.000000,0,0,0
875,10,par,0.076710,0.076973,0.077012,0.230695,0,0,0
875,10,weights,0.082529,0.078800,0.000274,0.161602,0,0,0
876,10,seq,0.000000,0.000000,0.000000,0.000000,0,0,0
876,10,par,0.086856,0.081826,0.076446,0.245128,0,0,0
876,10,weights,0.084189,0.078171,0.000259,0.162619,0,0,0
877,10,seq,0.000000,0.000000,0.000000,0.000000,0,0,0
877,10,par,0.079001,0.080181,0.075708,0.234890,0,0,0
877,10,weights,0.083806,0.080707,0.000269,0.164782,0,0,0
878,10,seq,0.000000,0.000000,0.000000,0.000000,0,0,0
878,10,par,0.079137,0.077016,0.077582,0.233734,0,0,0
878,10,weights,0.085814,0.112029,0.000231,0.198074,0,0,0
879,10,seq,0.000000,0.000000,0.000000,0.000000,0,0,0
879,10,par,0.163481,0.075537,0.073111,0.312129,0,0,0
879,10,weights,0.087815,0.079257,0.000255,0.167327,0,0,0
880,10,seq,0.000000,0.000000,0.000000,0.000000,0,0,0
880,10,par,0.080379,0.078135,0.075559,0.234073,0,0,0
880,10,weights,0.084775,0.079457,0.000270,0.164501,0,0,0
881,10,seq,0.000000,0.000000,0.000000,0.000000,0,0,0
881,10,par,0.091029,0.083754,0.074386,0.249169,0,0,0
881,10,weights,0.088409,0.080168,0.000258,0.168835,0,0,0
882,10,seq,0.000000,0.000000,0.000000,0.000000,0,0,0
882,10,par,0.077809,0.079039,0.078350,0.235198,0,0,0
882,10,weights,0.084445,0.077605,0.000260,0.162309,0,0,0
883,10,seq,0.000000,0.000000,0.000000,0.000000,0,0,0
883,10,par,0.079541,0.080329,0.074698,0.234568,0,0,0
883,10,weights,0.084262,0.081635,0.000252,0.166149,0,0,0
884,10,seq,0.000000,0.000000,0.000000,0.000000,0,0,0
884,10,par,0.077675,0.075812,0.076475,0.229962,0,0,0
884,10,weights,0.083596,0.081535,0.000261,0.165392,0,0,0
885,10,seq,0.000000,0.000000,0.000000,0.000000,0,0,0
885,10,par,0.076952,0.080461,0.075673,0.233086,0,0,0
885,10,weights,0.083297,0.076667,0.000249,0.160213,0,0,0
886,10,seq,0.000000,0.000000,0.000000,0.000000,0,0,0
886,10,par,0.077918,0.076785,0.074213,0.228916,0,0,0
886,10,weights,0.084117,0.078733,0.000259,0.163110,0,0,0
887,10,seq,0.000000,0.000000,0.000000,0.000000,0,0,0
887,10,par,0.080812,0.076705,0.076697,0.234215,0,0,0
887,10,weights,0.085148,0.083522,0.000296,0.168966,0,0,0
888,10,seq,0.000000,0.000000,0.000000,0.000000,0,0,0
888,10,par,0.088364,0.088734,0.081467,0.258565,0,0,0
888,10,weights,0.085949,0.077968,0.000262,0.164179,0,0,0
889,10,seq,0.000000,0.000000,0.000000,0.000000,0,0,0
889,10,par,0.079874,0.079981,0.078685,0.238541,0,0,0
889,10,weights,0.088322,0.079688,0.000265,0.168275,0,0,0
890,10,seq,0.000000,0.000000,0.000000,0.000000,0,0,0
890,10,par,0.078819,0.077544,0.076664,0.233027,0,0,0
890,10,weights,0.083016,0.078417,0.000255,0.161688,0,0,0
891,10,seq,0.000000,0.000000,0.000000,0.000000,0,0,0
891,10,par,0.078544,0.079792,0.084843,0.243179,0,0,0
891,10,weights,0.095877,0.077237,0.000256,0.173370,0,0,0
892,10,seq,0.000000,0.000000,0.000000,0.000000,0,0,0
892,10,par,0.080761,0.077514,0.076484,0.234758,0,0,0
892,10,weights,0.083572,0.079997,0.000256,0.163825,0,0,0
893,10,seq,0.000000,0.000000,0.000000,0.000000,0,0,0
893,10,par,0.078988,0.078923,0.074470,0.232381,0,0,0
893,10,weights,0.083205,0.079490,0.000262,0.162957,0,0,0
894,10,seq,0.000000,0.000000,0.000000,0.000000,0,0,0
894,10,par,0.078363,0.078070,0.074984,0.231417,0,0,0
894,10,weights,0.084421,0.081211,0.000272,0.165904,0,0,0
895,10,seq,0.000000,0.000000,0.000000,0.000000,0,0,0
895,10,par,0.077310,0.078084,0.073012,0.228406,0,0,0
895,10,weights,0.085188,0.085813,0.000264,0.171265,0,0,0
896,10,seq,0.000000,0.000000,0.000000,0.000000,0,0,0
896,10,par,0.090414,0.081248,0.075934,0.247596,0,0,0
896,10,weights,0.086832,0.086463,0.000273,0.173568,0,0,0
897,10,seq,0.000000,0.000000,0.000000,0.000000,0,0,0
897,10,par,0.086694,0.079584,0.075517,0.241795,0,0,0
897,10,weights,0.092706,0.083877,0.000266,0.176850,0,0,0
898,10,seq,0.000000,0.000000,0.000000,0.000000,0,0,0
898,10,par,0.079353,0.077252,0.077186,0.233790,0,0,0
898,10,weights,0.087375,0.080996,0.000259,0.168629,0,0,0
899,10,seq,0.000000,0.000000,0.000000,0.000000,0,0,0
899,10,par,0.080308,0.080030,0.075611,0.235948,0,0,0
899,10,weights,0.081958,0.077479,0.000257,0.159693,0,0,0
900,10,seq,0.000000,0.000000,0.000000,0.000000,0,0,0
900,10,par,0.079389,0.079184,0.075066,0.233640,0,0,0
900,10,weights,0.087700,0.077140,0.000259,0.165099,0,0,0
901,10,seq,0.000000,0.000000,0.000000,0.000000,0,0,0
901,10,par,0.077332,0.074682,0.075443,0.227457,0,0,0
901,10,weights,0.087809,0.078384,0.000264,0.166457,0,0,0
902,10,seq,0.000000,0.000000,0.000000,0.000000,0,0,0
902,10,par,0.079761,0.077824,0.074707,0.232293,0,0,0
902,10,weights,0.084609,0.079642,0.000256,0.164506,0,0,0
903,10,seq,0.000000,0.000000,0.000000,0.000000,0,0,0
903,10,par,0.135619,0.073527,0.072587,0.281734,0,0,0
903,10,weights,0.084833,0.076902,0.000247,0.161982,0,0,0
904,10,seq,0.000000,0.000000,0.000000,0.000000,0,0,0
904,10,par,0.079495,0.076196,0.074373,0.230064,0,0,0
904,10,weights,0.083051,0.078446,0.000304,0.161800,0,0,0
905,10,seq,0.000000,0.000000,0.000000,0.000000,0,0,0
905,10,par,0.079996,0.077747,0.074605,0.232348,0,0,0
905,10,weights,0.084387,0.078348,0.000256,0.162992,0,0,0
906,10,seq,0.000000,0.000000,0.000000,0.000000,0,0,0
906,10,par,0.078232,0.075547,0.074792,0.228570,0,0,0
906,10,weights,0.092314,0.083221,0.000260,0.175796,0,0,0
907,10,seq,0.000000,0.000000,0.000000,0.000000,0,0,0
907,10,par,0.079808,0.075483,0.076781,0.232071,0,0,0
907,10,weights,0.086477,0.077621,0.000255,0.164353,0,0,0
908,10,seq,0.000000,0.000000,0.000000,0.000000,0,0,0
908,10,par,0.079136,0.078102,0.075642,0.232880,0,0,0
908,10,weights,0.085259,0.077826,0.000251,0.163337,0,0,0
909,10,seq,0.000000,0.000000,0.000000,0.000000,0,0,0
909,10,par,0.079675,0.079003,0.075240,0.233918,0,0,0
909,10,weights,0.086159,0.076326,0.000255,0.162740,0,0,0
910,10,seq,0.000000,0.000000,0.000000,0.000000,0,0,0
910,10,par,0.081742,0.077803,0.076910,0.236455,0,0,0
910,10,weights,0.085188,0.077789,0.000257,0.163234,0,0,0
911,10,seq,0.000000,0.000000,0.000000,0.000000,0,0,0
911,10,par,0.077508,0.079958,0.074584,0.232050,0,0,0
911,10,weights,0.081805,0.076794,0.000276,0.158875,0,0,0
912,10,seq,0.000000,0.000000,0.000000,0.000000,0,0,0
912,10,par,0.078704,0.081896,0.079560,0.240159,0,0,0
912,10,weights,0.084026,0.077371,0.000265,0.161662,0,0,0
913,10,seq,0.000000,0.000000,0.000000,0.000000,0,0,0
913,10,par,0.080069,0.075884,0.073915,0.229868,0,0,0
913,10,weights,0.084843,0.076585,0.000252,0.161680,0,0,0
914,10,seq,0.000000,0.000000,0.000000,0.000000,0,0,0
914,10,par,0.080229,0.077507,0.074727,0.232463,0,0,0
914,10,weights,0.085266,0.078970,0.000260,0.164497,0,0,0
915,10,seq,0.000000,0.000000,0.000000,0.000000,0,0,0
915,10,par,0.077870,0.076801,0.076748,0.231420,0,0,0
915,10,weights,0.085427,0.085690,0.000270,0.171388,0,0,0
916,10,seq,0.000000,0.000000,0.000000,0.000000,0,0,0
916,10,par,0.088011,0.081286,0.076354,0.245652,0,0,0
916,10,weights,0.086280,0.077444,0.000263,0.163986,0,0,0
917,10,seq,0.000000,0.000000,0.000000,0.000000,0,0,0
917,10,par,0.080595,0.075700,0.075607,0.231902,0,0,0
917,10,weights,0.084210,0.076016,0.000253,0.160479,0,0,0
918,10,seq,0.000000,0.000000,0.000000,0.000000,0,0,0
918,10,par,0.088290,0.085228,0.085553,0.259071,0,0,0
918,10,weights,0.086994,0.080030,0.000278,0.167302,0,0,0
919,10,seq,0.000000,0.000000,0.000000,0.000000,0,0,0
919,10,par,0.080002,0.080062,0.076800,0.236864,0,0,0
919,10,weights,0.084184,0.080002,0.000262,0.164449,0,0,0
920,10,seq,0.000000,0.000000,0.000000,0.000000,0,0,0
920,10,par,0.081794,0.078419,0.084896,0.245110,0,0,0
920,10,weights,0.086198,0.081329,0.000264,0.167791,0,0,0
921,10,seq,0.000000,0.000000,0.000000,0.000000,0,0,0
921,10,par,0.079911,0.080981,0.077905,0.238796,0,0,0
921,10,weights,0.084278,0.078179,0.000276,0.162733,0,0,0
922,10,seq,0.000000,0.000000,0.000000,0.000000,0,0,0
922,10,par,0.078382,0.076580,0.074823,0.229785,0,0,0
922,10,weights,0.086460,0.079761,0.000260,0.166481,0,0,0
923,10,seq,0.000000,0.000000,0.000000,0.000000,0,0,0
923,10,par,0.081197,0.077249,0.076559,0.235006,0,0,0
923,10,weights,0.085806,0.078957,0.000260,0.165023,0,0,0
924,10,seq,0.000000,0.000000,0.000000,0.000000,0,0,0
924,10,par,0.076743,0.074051,0.074864,0.225659,0,0,0
924,10,weights,0.086056,0.080854,0.000253,0.167163,0,0,0
925,10,seq,0.000000,0.000000,0.000000,0.000000,0,0,0
925,10,par,0.078648,0.077646,0.074900,0.231194,0,0,0
925,10,weights,0.091224,0.077602,0.000257,0.169083,0,0,0
926,10,seq,0.000000,0.000000,0.000000,0.000000,0,0,0
926,10,par,0.079479,0.078722,0.074326,0.232527,0,0,0
926,10,weights,0.084327,0.078601,0.000255,0.163183,0,0,0
927,10,seq,0.000000,0.000000,0.000000,0.000000,0,0,0
927,10,par,0.082037,0.079353,0.076024,0.237414,0,0,0
927,10,weights,0.085095,0.078923,0.000258,0.164276,0,0,0
928,10,seq,0.000000,0.000000,0.000000,0.000000,0,0,0
928,10,par,0.079054,0.078124,0.077165,0.234343,0,0,0
928,10,weights,0.084495,0.078905,0.000278,0.163679,0,0,0
929,10,seq,0.000000,0.000000,0.000000,0.000000,0,0,0
929,10,par,0.079711,0.078323,0.076150,0.234184,0,0,0
929,10,weights,0.086711,0.075848,0.000251,0.162810,0,0,0
930,10,seq,0.000000,0.000000,0.000000,0.000000,0,0,0
930,10,par,0.077672,0.086288,0.076629,0.240588,0,0,0
930,10,weights,0.084579,0.079375,0.000260,0.164215,0,0,0
931,10,seq,0.000000,0.000000,0.000000,0.000000,0,0,0
931,10,par,0.079207,0.077489,0.071320,0.228016,0,0,0
931,10,weights,0.086798,0.078399,0.000254,0.165450,0,0,0
932,10,seq,0.000000,0.000000,0.000000,0.000000,0,0,0
932,10,par,0.080522,0.074558,0.075062,0.230142,0,0,0
932,10,weights,0.085307,0.086127,0.000270,0.171704,0,0,0
933,10,seq,0.000000,0.000000,0.000000,0.000000,0,0,0
933,10,par,0.093788,0.083941,0.084181,0.261910,0,0,0
933,10,weights,0.088126,0.079639,0.000265,0.168030,0,0,0
934,10,seq,0.000000,0.000000,0.000000,0.000000,0,0,0
934,10,par,0.078989,0.078420,0.077233,0.234642,0,0,0
934,10,weights,0.088581,0.078855,0.000254,0.167690,0,0,0
935,10,seq,0.000000,0.000000,0.000000,0.000000,0,0,0
935,10,par,0.079134,0.078642,0.073048,0.230825,0,0,0
935,10,weights,0.083290,0.078546,0.000253,0.162089,0,0,0
936,10,seq,0.000000,0.000000,0.000000,0.000000,0,0,0
936,10,par,0.081053,0.077569,0.088601,0.247222,0,0,0
936,10,weights,0.083920,0.080389,0.000271,0.164581,0,0,0
937,10,seq,0.000000,0.000000,0.000000,0.000000,0,0,0
937,10,par,0.079092,0.077731,0.075843,0.232666,0,0,0
937,10,weights,0.085843,0.077934,0.000255,0.164032,0,0,0
938,10,seq,0.000000,0.000000,0.000000,0.000000,0,0,0
938,10,par,0.080189,0.077618,0.076359,0.234166,0,0,0
938,10,weights,0.084011,0.078166,0.000260,0.162437,0,0,0
939,10,seq,0.000000,0.000000,0.000000,0.000000,0,0,0
939,10,par,0.076951,0.076671,0.076692,0.230314,0,0,0
939,10,weights,0.085800,0.080114,0.000258,0.166172,0,0,0
940,10,seq,0.000000,0.000000,0.000000,0.000000,0,0,0
940,10,par,0.078839,0.078686,0.075507,0.233032,0,0,0
940,10,weights,0.081877,0.077743,0.000255,0.159875,0,0,0
941,10,seq,0.000000,0.000000,0.000000,0.000000,0,0,0
941,10,par,0.079138,0.079356,0.072292,0.230786,0,0,0
941,10,weights,0.084767,0.079473,0.000251,0.164491,0,0,0
942,10,seq,0.000000,0.000000,0.000000,0.000000,0,0,0
942,10,par,0.119178,0.090881,0.075555,0.285614,0,0,0
942,10,weights,0.083686,0.079203,0.000264,0.163152,0,0,0
943,10,seq,0.000000,0.000000,0.000000,0.000000,0,0,0
943,10,par,0.078893,0.076597,0.075169,0.230660,0,0,0
943,10,weights,0.088216,0.075918,0.000256,0.164390,0,0,0
944,10,seq,0.000000,0.000000,0.000000,0.000000,0,0,0
944,10,par,0.078547,0.077355,0.075835,0.231736,0,0,0
944,10,weights,0.081576,0.079610,0.000261,0.161447,0,0,0
945,10,seq,0.000000,0.000000,0.000000,0.000000,0,0,0
945,10,par,0.080286,0.080749,0.074334,0.235369,0,0,0
945,10,weights,0.083153,0.081340,0.000284,0.164777,0,0,0
946,10,seq,0.000000,0.000000,0.000000,0.000000,0,0,0
946,10,par,0.080261,0.077904,0.073999,0.232164,0,0,0
946,10,weights,0.084753,0.080692,0.000256,0.165701,0,0,0
947,10,seq,0.000000,0.000000,0.000000,0.000000,0,0,0
947,10,par,0.078696,0.075698,0.075156,0.229551,0,0,0
947,10,weights,0.081641,0.075887,0.000261,0.157789,0,0,0
948,10,seq,0.000000,0.000000,0.000000,0.000000,0,0,0
948,10,par,0.077241,0.078942,0.075288,0.231471,0,0,0
948,10,weights,0.086460,0.076254,0.000260,0.162973,0,0,0
949,10,seq,0.000000,0.000000,0.000000,0.000000,0,0,0
949,10,par,0.078997,0.094044,0.074451,0.247492,0,0,0
949,10,weights,0.082921,0.078837,0.000258,0.162016,0,0,0
950,10,seq,0.000000,0.000000,0.000000,0.000000,0,0,0
950,10,par,0.076459,0.916963,0.070080,1.063501,0,0,0
950,10,weights,0.083039,0.079984,0.000260,0.163284,0,0,0
951,10,seq,0.000000,0.000000,0.000000,0.000000,0,0,0
951,10,par,0.076576,0.076078,0.076941,0.229595,0,0,0
951,10,weights,0.083770,0.078620,0.000258,0.162649,0,0,0
952,10,seq,0.000000,0.000000,0.000000,0.000000,0,0,0
952,10,par,0.078756,0.074998,0.076976,0.230729,0,0,0
952,10,weights,0.085652,0.079319,0.000267,0.165239,0,0,0
953,10,seq,0.000000,0.000000,0.000000,0.000000,0,0,0
953,10,par,0.078918,0.079550,0.076397,0.234864,0,0,0
953,10,weights,0.084294,0.079689,0.000257,0.164240,0,0,0
954,10,seq,0.000000,0.000000,0.000000,0.000000,0,0,0
954,10,par,0.082786,0.079553,0.079061,0.241400,0,0,0
954,10,weights,0.085157,0.079211,0.000252,0.164620,0,0,0
955,10,seq,0.000000,0.000000,0.000000,0.000000,0,0,0
955,10,par,0.079769,0.076741,0.076282,0.232793,0,0,0
955,10,weights,0.090554,0.078138,0.000258,0.168950,0,0,0
956,10,seq,0.000000,0.000000,0.000000,0.000000,0,0,0
956,10,par,0.079225,0.077402,0.075653,0.232279,0,0,0
956,10,weights,0.083455,0.081788,0.000284,0.165527,0,0,0
957,10,seq,0.000000,0.000000,0.000000,0.000000,0,0,0
957,10,par,0.077518,0.079034,0.074298,0.230850,0,0,0
957,10,weights,0.084994,0.083112,0.000258,0.168363,0,0,0
958,10,seq,0.000000,0.000000,0.000000,0.000000,0,0,0
958,10,par,0.080850,0.080362,0.077231,0.238443,0,0,0
958,10,weights,0.084291,0.078491,0.000254,0.163036,0,0,0
959,10,seq,0.000000,0.000000,0.000000,0.000000,0,0,0
959,10,par,0.078320,0.081027,0.077147,0.236494,0,0,0
959,10,weights,0.083094,0.078926,0.000252,0.162272,0,0,0
960,10,seq,0.000000,0.000000,0.000000,0.000000,0,0,0
960,10,par,0.077693,0.076811,0.076508,0.231012,0,0,0
960,10,weights,0.082117,0.079666,0.000254,0.162038,0,0,0
961,10,seq,0.000000,0.000000,0.000000,0.000000,0,0,0
961,10,par,0.079264,0.076404,0.072529,0.228197,0,0,0
961,10,weights,0.084946,0.080050,0.000253,0.165248,0,0,0
962,10,seq,0.000000,0.000000,0.000000,0.000000,0,0,0
962,10,par,0.081733,0.077392,0.077329,0.236454,0,0,0
962,10,weights,0.089289,0.076186,0.000272,0.165747,0,0,0
963,10,seq,0.000000,0.000000,0.000000,0.000000,0,0,0
963,10,par,0.079343,0.077072,0.075427,0.231842,0,0,0
963,10,weights,0.085515,0.085649,0.000281,0.171446,0,0,0
964,10,seq,0.000000,0.000000,0.000000,0.000000,0,0,0
964,10,par,0.080988,0.079077,0.077193,0.237258,0,0,0
964,10,weights,0.081951,0.078033,0.000256,0.160240,0,0,0
965,10,seq,0.000000,0.000000,0.000000,0.000000,0,0,0
965,10,par,0.082193,0.076883,0.076897,0.235973,0,0,0
965,10,weights,0.083160,0.080304,0.000255,0.163720,0,0,0
966,10,seq,0.000000,0.000000,0.000000,0.000000,0,0,0
966,10,par,0.080869,0.080433,0.081970,0.243273,0,0,0
966,10,weights,0.085749,0.078265,0.000265,0.164279,0,0,0
967,10,seq,0.000000,0.000000,0.000000,0.000000,0,0,0
967,10,par,0.081357,0.094354,0.080947,0.256658,0,0,0
967,10,weights,0.083143,0.079180,0.000259,0.162582,0,0,0
968,10,seq,0.000000,0.000000,0.000000,0.000000,0,0,0
968,10,par,0.079074,0.074625,0.073511,0.227210,0,0,0
968,10,weights,0.086149,0.076979,0.000265,0.163393,0,0,0
969,10,seq,0.000000,0.000000,0.000000,0.000000,0,0,0
969,10,par,0.079332,0.078246,0.077895,0.235473,0,0,0
969,10,weights,0.087356,0.077607,0.000272,0.165235,0,0,0
970,10,seq,0.000000,0.000000,0.000000,0.000000,0,0,0
970,10,par,0.076607,0.077696,0.074722,0.229026,0,0,0
970,10,weights,0.086497,0.080891,0.000287,0.167675,0,0,0
971,10,seq,0.000000,0.000000,0.000000,0.000000,0,0,0
971,10,par,0.080393,0.077336,0.075543,0.233271,0,0,0
971,10,weights,0.084213,0.080625,0.000253,0.165091,0,0,0
972,10,seq,0.000000,0.000000,0.000000,0.000000,0,0,0
972,10,par,0.078903,0.078362,0.076420,0.233685,0,0,0
972,10,weights,0.083910,0.076010,0.000258,0.160178,0,0,0
973,10,seq,0.000000,0.000000,0.000000,0.000000,0,0,0
973,10,par,0.078428,0.080005,0.077431,0.235864,0,0,0
973,10,weights,0.084501,0.078913,0.000258,0.163672,0,0,0
974,10,seq,0.000000,0.000000,0.000000,0.000000,0,0,0
974,10,par,0.081465,0.077419,0.074879,0.233763,0,0,0
974,10,weights,0.084809,0.077364,0.000258,0.162430,0,0,0
975,10,seq,0.000000,0.000000,0.000000,0.000000,0,0,0
975,10,par,0.082184,0.075303,0.075519,0.233005,0,0,0
975,10,weights,0.087498,0.084332,0.000255,0.172085,0,0,0
976,10,seq,0.000000,0.000000,0.000000,0.000000,0,0,0
976,10,par,0.080696,0.079521,0.077492,0.237709,0,0,0
976,10,weights,0.087214,0.086077,0.000261,0.173552,0,0,0
977,10,seq,0.000000,0.000000,0.000000,0.000000,0,0,0
977,10,par,0.080726,0.076228,0.077185,0.234139,0,0,0
977,10,weights,0.086372,0.078896,0.000281,0.165549,0,0,0
978,10,seq,0.000000,0.000000,0.000000,0.000000,0,0,0
978,10,par,0.077775,0.077975,0.082285,0.238035,0,0,0
978,10,weights,0.093731,0.085526,0.000261,0.179518,0,0,0
979,10,seq,0.000000,0.000000,0.000000,0.000000,0,0,0
979,10,par,0.080322,0.077878,0.076852,0.235051,0,0,0
979,10,weights,0.085611,0.079375,0.000267,0.165253,0,0,0
980,10,seq,0.000000,0.000000,0.000000,0.000000,0,0,0
980,10,par,0.077278,0.078120,0.074096,0.229494,0,0,0
980,10,weights,0.082879,0.078053,0.000259,0.161192,0,0,0
981,10,seq,0.000000,0.000000,0.000000,0.000000,0,0,0
981,10,par,0.081282,0.075613,0.076462,0.233357,0,0,0
981,10,weights,0.087154,0.080871,0.000255,0.168280,0,0,0
982,10,seq,0.000000,0.000000,0.000000,0.000000,0,0,0
982,10,par,0.079341,0.077288,0.075118,0.231747,0,0,0
982,10,weights,0.085269,0.080228,0.000267,0.165764,0,0,0
983,10,seq,0.000000,0.000000,0.000000,0.000000,0,0,0
983,10,par,0.079932,0.079756,0.073061,0.232750,0,0,0
983,10,weights,0.083878,0.077337,0.000264,0.161478,0,0,0
984,10,seq,0.000000,0.000000,0.000000,0.000000,0,0,0
984,10,par,0.079460,0.077152,0.076053,0.232666,0,0,0
984,10,weights,0.083652,0.080436,0.000280,0.164368,0,0,0
985,10,seq,0.000000,0.000000,0.000000,0.000000,0,0,0
985,10,par,0.079966,0.077259,0.075615,0.232840,0,0,0
985,10,weights,0.083899,0.080298,0.000254,0.164452,0,0,0
986,10,seq,0.000000,0.000000,0.000000,0.000000,0,0,0
986,10,par,0.076446,0.077535,0.073848,0.227829,0,0,0
986,10,weights,0.086526,0.075979,0.000279,0.162784,0,0,0
987,10,seq,0.000000,0.000000,0.000000,0.000000,0,0,0
987,10,par,0.080252,0.077874,0.077976,0.236101,0,0,0
987,10,weights,0.085420,0.075071,0.000257,0.160748,0,0,0
988,10,seq,0.000000,0.000000,0.000000,0.000000,0,0,0
988,10,par,0.079402,0.076924,0.075064,0.231390,0,0,0
988,10,weights,0.083804,0.076867,0.000260,0.160931,0,0,0
989,10,seq,0.000000,0.000000,0.000000,0.000000,0,0,0
989,10,par,0.080644,0.077747,0.074880,0.233271,0,0,0
989,10,weights,0.084008,0.079053,0.000275,0.163335,0,0,0
990,10,seq,0.000000,0.000000,0.000000,0.000000,0,0,0
990,10,par,0.080641,0.078384,0.073997,0.233021,0,0,0
990,10,weights,0.086887,0.076949,0.000253,0.164089,0,0,0
991,10,seq,0.000000,0.000000,0.000000,0.000000,0,0,0
991,10,par,0.076504,0.077106,0.076869,0.230479,0,0,0
991,10,weights,0.084411,0.079930,0.000284,0.164626,0,0,0
992,10,seq,0.000000,0.000000,0.000000,0.000000,0,0,0
992,10,par,0.079555,0.078710,0.075858,0.234123,0,0,0
992,10,weights,0.083108,0.076923,0.000259,0.160290,0,0,0
993,10,seq,0.000000,0.000000,0.000000,0.000000,0,0,0
993,10,par,0.077713,0.078802,0.075848,0.232364,0,0,0
993,10,weights,0.082645,0.079871,0.000272,0.162788,0,0,0
994,10,seq,0.000000,0.000000,0.000000,0.000000,0,0,0
994,10,par,0.079291,0.079133,0.082280,0.240704,0,0,0
994,10,weights,0.092075,0.078757,0.000252,0.171084,0,0,0
995,10,seq,0.000000,0.000000,0.000000,0.000000,0,0,0
995,10,par,0.079448,0.079029,0.074949,0.233426,0,0,0
995,10,weights,0.083168,0.077610,0.000257,0.161035,0,0,0
996,10,seq,0.000000,0.000000,0.000000,0.000000,0,0,0
996,10,par,0.076459,0.079941,0.076019,0.232420,0,0,0
996,10,weights,0.083467,0.080659,0.000267,0.164394,0,0,0
997,10,seq,0.000000,0.000000,0.000000,0.000000,0,0,0
997,10,par,0.089288,0.078701,0.073857,0.241847,0,0,0
997,10,weights,0.082005,0.079082,0.000258,0.161345,0,0,0
998,10,seq,0.000000,0.000000,0.000000,0.000000,0,0,0
998,10,par,0.081411,0.078410,0.074151,0.233972,0,0,0
998,10,weights,0.085357,0.080286,0.000274,0.165916,0,0,0
999,10,seq,0.000000,0.000000,0.000000,0.000000,0,0,0
999,10,par,0.079932,0.079431,0.075329,0.234693,0,0,0
999,10,weights,0.083590,0.080913,0.000257,0.164760,0,0,0
1000,10,seq,0.000000,0.000000,0.000000,0.000000,0,0,0
1000,10,par,0.079537,0.078573,0.077687,0.235797,0,0,0
1000,10,weights,0.086286,0.078178,0.000252,0.164717,0,0,0
1,10,seq,0.399946,0.000303,0.535046,0.935295,42,100,1280
1,10,par,0.381337,0.074270,0.845727,1.301334,42,100,1280
1,10,weights,0.159819,0.081426,0.809293,1.050538,42,100,1280
2,10,seq,0.383234,0.000272,0.000094,0.383600,20,1,0
2,10,par,0.150591,0.082239,0.077355,0.310185,20,1,0
2,10,weights,0.146292,0.083055,0.000280,0.229627,20,1,0
3,10,seq,0.422880,0.000261,0.000478,0.423620,20,20,1
3,10,par,0.144802,0.078982,0.705808,0.929592,20,20,1
3,10,weights,0.145214,0.082704,0.704217,0.932135,20,20,1
4,10,seq,0.307594,0.000281,0.004029,0.311904,33,34,8
4,10,par,0.172457,0.080438,0.769679,1.022574,33,34,8
4,10,weights,0.183604,0.085232,0.742867,1.011702,33,34,8
5,10,seq,0.510433,0.000289,0.308642,0.819364,40,80,1024
5,10,par,0.150468,0.080828,0.805295,1.036590,40,80,1024
5,10,weights,0.154606,0.083693,0.820387,1.058687,40,80,1024
6,10,seq,0.352123,0.000276,0.000103,0.352502,21,9,0
6,10,par,0.193455,0.088952,0.083921,0.366329,21,9,0
6,10,weights,0.186216,0.086460,0.000219,0.272895,21,9,0
7,10,seq,0.331377,0.000272,0.000326,0.331975,21,18,0
7,10,par,0.174079,0.083684,0.576933,0.834697,21,18,0
7,10,weights,0.173289,0.085811,0.580343,0.839442,21,18,0
8,10,seq,0.348407,0.000309,0.507445,0.856161,42,108,1024
8,10,par,0.188341,0.085339,0.821240,1.094921,42,108,1024
8,10,weights,0.190416,0.082331,0.810773,1.083520,42,108,1024
9,10,seq,0.262238,0.000288,0.054527,0.317053,33,62,192
9,10,par,0.161313,0.084572,0.792387,1.038272,33,62,192
9,10,weights,0.158374,0.083627,0.774458,1.016459,33,62,192
10,10,seq,0.466115,0.000322,0.490512,0.956949,42,112,1024
10,10,par,0.206752,0.080346,0.820394,1.107491,42,112,1024
10,10,weights,0.220495,0.077528,0.779329,1.077352,42,112,1024
11,10,seq,0.277320,0.000279,0.000524,0.278123,30,41,1
11,10,par,0.162891,0.079231,0.713433,0.955555,30,41,1
11,10,weights,0.166630,0.079216,0.696057,0.941902,30,41,1
12,10,seq,0.353959,0.000296,0.147128,0.501383,42,86,576
12,10,par,0.177193,0.083922,0.748398,1.009513,42,86,576
12,10,weights,0.176580,0.079064,0.780819,1.036463,42,86,576
13,10,seq,0.352210,0.000299,0.314439,0.666948,45,70,691
13,10,par,0.185732,0.077404,0.780356,1.043491,45,70,691
13,10,weights,0.190883,0.077722,0.770714,1.039320,45,70,691
14,10,seq,0.253749,0.000294,0.000748,0.254791,30,49,1
14,10,par,0.166580,0.078233,0.776540,1.021353,30,49,1
14,10,weights,0.164400,0.080982,0.688534,0.933916,30,49,1
15,10,seq,0.341393,0.000254,0.000081,0.341728,21,0,0
15,10,par,0.167496,0.080350,0.077301,0.325147,21,0,0
15,10,weights,0.180747,0.081383,0.000249,0.262379,21,0,0
16,10,seq,0.309941,0.000259,0.000076,0.310276,21,12,0
16,10,par,0.163047,0.079462,0.073982,0.316491,21,12,0
16,10,weights,0.165739,0.077040,0.000264,0.243043,21,12,0
17,10,seq,0.320660,0.000302,0.191164,0.512126,40,70,640
17,10,par,0.132717,0.076252,0.797604,1.006574,40,70,640
17,10,weights,0.138525,0.086557,0.783649,1.008731,40,70,640
18,10,seq,0.437743,0.000259,0.000379,0.438381,20,20,1
18,10,par,0.144106,0.083823,0.723968,0.951898,20,20,1
18,10,weights,0.149301,0.081557,0.744826,0.975683,20,20,1
19,10,seq,0.483473,0.000259,0.000082,0.483814,21,6,0
19,10,par,0.207456,0.081081,0.077545,0.366081,21,6,0
19,10,weights,0.208105,0.084201,0.000252,0.292558,21,6,0
20,10,seq,0.373892,0.000294,0.723854,1.098040,45,71,1309
20,10,par,0.191787,0.078713,0.830540,1.101040,45,71,1309
20,10,weights,0.190558,0.082925,0.875386,1.148869,45,71,1309
21,10,seq,0.561039,0.000298,0.006064,0.567402,33,52,8
21,10,par,0.260462,0.088693,0.756430,1.105585,33,52,8
21,10,weights,0.263665,0.080112,0.748510,1.092287,33,52,8
22,10,seq,0.640642,0.000294,0.049613,0.690550,42,80,512
22,10,par,0.272095,0.083156,0.770669,1.125919,42,80,512
22,10,weights,0.264921,0.083581,0.773882,1.122384,42,80,512
23,10,seq,0.404068,0.000294,0.162044,0.566406,42,92,1024
23,10,par,0.176693,0.082241,0.777334,1.036268,42,92,1024
23,10,weights,0.185529,0.082859,0.802476,1.070864,42,92,1024
24,10,seq,0.285958,0.000334,0.490536,0.776828,42,108,1024
24,10,par,0.157003,0.080137,0.825126,1.062267,42,108,1024
24,10,weights,0.166646,0.082483,0.823819,1.072948,42,108,1024
25,10,seq,0.317169,0.000334,9.143281,9.460783,54,158,12688
25,10,par,0.172567,0.077447,1.636450,1.886464,54,158,12688
25,10,weights,0.187923,0.092450,1.536556,1.816930,54,158,12688
26,10,seq,0.463380,0.000317,6.409084,6.872782,54,155,8565
26,10,par,0.215031,0.082958,1.302796,1.600784,54,155,8565
26,10,weights,0.222727,0.087581,1.262973,1.573280,54,155,8565
27,10,seq,0.347492,0.000269,0.000083,0.347844,33,4,0
27,10,par,0.184125,0.083558,0.082067,0.349750,33,4,0
27,10,weights,0.189539,0.088447,0.000252,0.278238,33,4,0
28,10,seq,0.301020,0.000266,0.000513,0.301799,21,27,1
28,10,par,0.155234,0.081536,0.791115,1.027885,21,27,1
28,10,weights,0.162000,0.086770,0.761552,1.010321,21,27,1
29,10,seq,0.526833,0.000268,0.000083,0.527184,33,0,0
29,10,par,0.221805,0.086225,0.080668,0.388698,33,0,0
29,10,weights,0.221237,0.086952,0.000243,0.308432,33,0,0
30,10,seq,0.324431,0.000266,0.000362,0.325060,21,22,1
30,10,par,0.169029,0.086668,0.762659,1.018356,21,22,1
30,10,weights,0.165417,0.087207,0.751886,1.004510,21,22,1
31,10,seq,0.558254,0.000296,0.492834,1.051384,42,88,1024
31,10,par,0.219966,0.084573,0.845416,1.149955,42,88,1024
31,10,weights,0.223264,0.090076,0.884797,1.198137,42,88,1024
32,10,seq,0.280200,0.000258,0.000082,0.280539,21,3,0
32,10,par,0.168369,0.088846,0.084095,0.341310,21,3,0
32,10,weights,0.168220,0.088260,0.000257,0.256737,21,3,0
33,10,seq,0.605581,0.000306,0.111220,0.717108,42,104,1024
33,10,par,0.250971,0.088098,0.828213,1.167282,42,104,1024
33,10,weights,0.249221,0.084977,0.821486,1.155684,42,104,1024
34,10,seq,0.361310,0.000295,0.024534,0.386138,33,50,105
34,10,par,0.161662,0.084476,0.781451,1.027589,33,50,105
34,10,weights,0.165442,0.083022,0.778848,1.027312,33,50,105
35,10,seq,0.459393,0.000258,0.000162,0.459813,21,10,0
35,10,par,0.191100,0.083145,0.083489,0.357734,21,10,0
35,10,weights,0.188395,0.086019,0.085081,0.359495,21,10,0
36,10,seq,0.263811,0.000287,0.246392,0.510490,42,84,1024
36,10,par,0.159356,0.085532,0.857552,1.102440,42,84,1024
36,10,weights,0.165478,0.088522,0.849240,1.103240,42,84,1024
37,10,seq,0.303073,0.000265,0.000082,0.303420,21,7,0
37,10,par,0.162328,0.085847,0.087144,0.335319,21,7,0
37,10,weights,0.170200,0.089463,0.000278,0.259941,21,7,0
38,10,seq,0.538883,0.000298,0.468062,1.007243,42,84,1024
38,10,par,0.218771,0.087373,0.870070,1.176214,42,84,1024
38,10,weights,0.221008,0.089135,0.865603,1.175745,42,84,1024
39,10,seq,0.330725,0.000266,0.000274,0.331266,20,10,1
39,10,par,0.142910,0.092519,0.777435,1.012864,20,10,1
39,10,weights,0.141612,0.092888,0.794255,1.028755,20,10,1
40,10,seq,0.338578,0.000277,0.000161,0.339015,21,7,0
40,10,par,0.178427,0.086813,0.170308,0.435547,21,7,0
40,10,weights,0.175691,0.088517,0.169760,0.433967,21,7,0
41,10,seq,0.349036,0.000261,0.000384,0.349681,21,20,1
41,10,par,0.176003,0.091208,0.771379,1.038591,21,20,1
41,10,weights,0.180898,0.088169,0.776889,1.045957,21,20,1
42,10,seq,0.377328,0.000263,0.000172,0.377764,21,16,0
42,10,par,0.191885,0.087206,0.259043,0.538134,21,16,0
42,10,weights,0.192961,0.086523,0.256691,0.536175,21,16,0
43,10,seq,0.335876,0.000261,0.000414,0.336551,21,22,1
43,10,par,0.177727,0.087623,0.770236,1.035586,21,22,1
43,10,weights,0.186289,0.089069,0.778314,1.053672,21,22,1
44,10,seq,0.370689,0.000281,0.064318,0.435288,33,61,432
44,10,par,0.171186,0.085946,0.812918,1.070049,33,61,432
44,10,weights,0.173013,0.086950,0.808598,1.068562,33,61,432
45,10,seq,0.310037,0.000282,0.021713,0.332032,30,44,257
45,10,par,0.135455,0.089832,0.829206,1.054493,30,44,257
45,10,weights,0.139786,0.091936,0.820581,1.052302,30,44,257
46,10,seq,0.619625,0.000276,0.000083,0.619984,33,0,0
46,10,par,0.256116,0.085601,0.085970,0.427688,33,0,0
46,10,weights,0.256361,0.085027,0.000250,0.341638,33,0,0
47,10,seq,0.277615,0.000257,0.000358,0.278229,21,21,1
47,10,par,0.169871,0.085003,0.776776,1.031650,21,21,1
47,10,weights,0.172065,0.086188,0.775915,1.034168,21,21,1
48,10,seq,0.408508,0.000321,0.621202,1.030031,42,112,1024
48,10,par,0.200683,0.087491,0.859538,1.147712,42,112,1024
48,10,weights,0.200917,0.090095,0.879803,1.170815,42,112,1024
49,10,seq,0.302897,0.000291,0.164263,0.467450,42,88,1024
49,10,par,0.171380,0.085680,0.850543,1.107604,42,88,1024
49,10,weights,0.170024,0.087157,0.844835,1.102016,42,88,1024
50,10,seq,0.342464,0.000274,0.000082,0.342821,21,10,0
50,10,par,0.185273,0.085150,0.083750,0.354173,21,10,0
50,10,weights,0.188183,0.091375,0.000253,0.279811,21,10,0
51,10,seq,0.363825,0.000259,0.000165,0.364249,20,10,0
51,10,par,0.143835,0.086654,0.260246,0.490735,20,10,0
51,10,weights,0.151243,0.093289,0.254787,0.499319,20,10,0
52,10,seq,0.316090,0.000292,0.120298,0.436680,42,80,1024
52,10,par,0.170457,0.087359,0.835985,1.093801,42,80,1024
52,10,weights,0.174795,0.087543,0.841165,1.103504,42,80,1024
53,10,seq,0.242450,0.000267,0.000083,0.242799,21,2,0
53,10,par,0.162740,0.090079,0.083370,0.336189,21,2,0
53,10,weights,0.167931,0.089640,0.000251,0.257822,21,2,0
54,10,seq,0.444749,0.000253,0.000079,0.445081,21,6,0
54,10,par,0.195947,0.084823,0.085882,0.366653,21,6,0
54,10,weights,0.203895,0.087390,0.000245,0.291531,21,6,0
55,10,seq,0.288737,0.000253,0.000076,0.289065,21,2,0
55,10,par,0.158918,0.089371,0.081823,0.330112,21,2,0
55,10,weights,0.161664,0.087709,0.000245,0.249618,21,2,0
56,10,seq,0.643901,0.000248,0.000430,0.644579,21,19,1
56,10,par,0.243252,0.082829,0.767582,1.093663,21,19,1
56,10,weights,0.249435,0.085519,0.772072,1.107026,21,19,1
57,10,seq,0.276560,0.000288,0.000084,0.276932,21,8,0
57,10,par,0.162049,0.087604,0.083197,0.332850,21,8,0
57,10,weights,0.175105,0.086013,0.000263,0.261380,21,8,0
58,10,seq,0.275131,0.000284,0.022633,0.298047,33,57,74
58,10,par,0.160196,0.085118,0.793798,1.039112,33,57,74
58,10,weights,0.167042,0.086475,0.799770,1.053287,33,57,74
59,10,seq,0.309477,0.000270,0.000251,0.309998,21,18,0
59,10,par,0.174542,0.085581,0.421899,0.682023,21,18,0
59,10,weights,0.178033,0.091955,0.421671,0.691659,21,18,0
60,10,seq,0.302356,0.000287,0.000334,0.302977,21,19,0
60,10,par,0.163507,0.086666,0.676102,0.926275,21,19,0
60,10,weights,0.163974,0.087967,0.674850,0.926791,21,19,0
61,10,seq,0.612667,0.000265,0.000365,0.613297,21,16,1
61,10,par,0.240854,0.088667,0.783060,1.112582,21,16,1
61,10,weights,0.257309,0.085677,0.755396,1.098383,21,16,1
62,10,seq,0.287211,0.001424,0.000276,0.288911,21,4,0
62,10,par,0.165105,0.090985,0.085293,0.341382,21,4,0
62,10,weights,0.174192,0.089596,0.000244,0.264032,21,4,0
63,10,seq,0.305279,0.000290,0.076722,0.382292,33,72,216
63,10,par,0.170532,0.084282,0.814785,1.069600,33,72,216
63,10,weights,0.166186,0.086297,0.811508,1.063991,33,72,216
64,10,seq,0.272829,0.000274,0.006711,0.279813,33,41,13
64,10,par,0.170725,0.086788,0.798145,1.055658,33,41,13
64,10,weights,0.176389,0.086853,0.791417,1.054659,33,41,13
65,10,seq,0.270917,0.000256,0.000384,0.271557,20,20,1
65,10,par,0.128607,0.090402,0.764269,0.983277,20,20,1
65,10,weights,0.137009,0.084044,0.764575,0.985629,20,20,1
66,10,seq,0.365083,0.000268,0.000355,0.365707,21,17,1
66,10,par,0.173384,0.084506,0.774170,1.032059,21,17,1
66,10,weights,0.186198,0.085871,0.800950,1.073019,21,17,1
67,10,seq,0.332170,0.000302,0.294970,0.627442,42,88,1024
67,10,par,0.173990,0.086926,0.852286,1.113202,42,88,1024
67,10,weights,0.180911,0.084151,0.844794,1.109856,42,88,1024
68,10,seq,0.609987,0.000267,0.000376,0.610631,21,17,1
68,10,par,0.234000,0.085783,0.762304,1.082087,21,17,1
68,10,weights,0.244299,0.087942,0.755398,1.087639,21,17,1
69,10,seq,0.397249,0.000294,0.495292,0.892836,42,92,1024
69,10,par,0.196027,0.083569,0.854830,1.134426,42,92,1024
69,10,weights,0.192142,0.087231,0.861551,1.140923,42,92,1024
70,10,seq,0.504302,0.000267,0.000224,0.504794,21,20,0
70,10,par,0.204234,0.083978,0.339683,0.627895,21,20,0
70,10,weights,0.202573,0.085406,0.332266,0.620246,21,20,0
71,10,seq,0.312952,0.000265,0.000433,0.313649,21,23,1
71,10,par,0.185966,0.084778,0.769403,1.040147,21,23,1
71,10,weights,0.172819,0.085223,0.784042,1.042084,21,23,1
72,10,seq,0.320012,0.000290,0.000092,0.320394,21,9,0
72,10,par,0.173413,0.086050,0.080488,0.339951,21,9,0
72,10,weights,0.178459,0.088159,0.000252,0.266869,21,9,0
73,10,seq,0.244567,0.000256,0.000447,0.245269,20,20,1
73,10,par,0.128692,0.089527,0.758952,0.977171,20,20,1
73,10,weights,0.128010,0.085837,0.752042,0.965888,20,20,1
74,10,seq,0.534586,0.000267,0.000093,0.534946,21,9,0
74,10,par,0.215036,0.084509,0.083120,0.382665,21,9,0
74,10,weights,0.224799,0.085038,0.000258,0.310096,21,9,0
75,10,seq,0.227914,0.000276,0.055069,0.283259,33,52,164
75,10,par,0.154017,0.087784,0.795955,1.037757,33,52,164
75,10,weights,0.162382,0.086178,0.803346,1.051906,33,52,164
76,10,seq,0.358716,0.000276,0.186884,0.545877,33,60,544
76,10,par,0.152866,0.085415,0.829399,1.067680,33,60,544
76,10,weights,0.154064,0.087697,0.903083,1.144844,33,60,544
77,10,seq,0.451999,0.000302,18.722536,19.174837,54,140,27280
77,10,par,0.210978,0.085934,2.470145,2.767057,54,140,27280
77,10,weights,0.223055,0.087644,2.351290,2.661990,54,140,27280
78,10,seq,0.340413,0.000305,5.936030,6.276748,54,135,19776
78,10,par,0.186520,0.092677,1.500033,1.779230,54,135,19776
78,10,weights,0.197638,0.092710,1.466905,1.757253,54,135,19776
79,10,seq,0.352128,0.000298,0.123371,0.475798,42,100,1024
79,10,par,0.191084,0.090202,0.876472,1.157758,42,100,1024
79,10,weights,0.192392,0.093338,0.867642,1.153372,42,100,1024
80,10,seq,0.307181,0.000259,0.000405,0.307845,21,22,1
80,10,par,0.165891,0.089710,0.800533,1.056134,21,22,1
80,10,weights,0.166936,0.088455,0.795154,1.050545,21,22,1
81,10,seq,0.353991,0.000285,0.008624,0.362900,33,33,32
81,10,par,0.187813,0.092335,0.815496,1.095644,33,33,32
81,10,weights,0.200557,0.090334,0.816388,1.107279,33,33,32
82,10,seq,0.344658,0.000286,0.167820,0.512765,42,80,1024
82,10,par,0.174801,0.092001,0.886848,1.153650,42,80,1024
82,10,weights,0.180097,0.089612,0.884416,1.154124,42,80,1024
83,10,seq,0.346995,0.000295,0.509816,0.857106,42,96,1024
83,10,par,0.198530,0.091201,0.875864,1.165594,42,96,1024
83,10,weights,0.191987,0.088996,0.892106,1.173089,42,96,1024
84,10,seq,0.380222,0.000302,0.067370,0.447894,33,73,189
84,10,par,0.192389,0.086711,0.824245,1.103346,33,73,189
84,10,weights,0.196221,0.089867,0.837742,1.123831,33,73,189
85,10,seq,0.260204,0.000275,0.112933,0.373412,33,58,640
85,10,par,0.165677,0.088233,0.855739,1.109649,33,58,640
85,10,weights,0.163464,0.091673,0.850758,1.105895,33,58,640
86,10,seq,0.283292,0.000261,0.000466,0.284018,21,22,1
86,10,par,0.148818,0.085302,0.778903,1.013023,21,22,1
86,10,weights,0.157448,0.087511,0.782777,1.027736,21,22,1
87,10,seq,0.328043,0.000264,0.000531,0.328838,21,25,1
87,10,par,0.266373,0.090930,0.781307,1.138610,21,25,1
87,10,weights,0.179005,0.089287,0.789430,1.057722,21,25,1
88,10,seq,0.719039,0.000274,0.111823,0.831135,33,64,336
88,10,par,0.280437,0.087089,0.865324,1.232849,33,64,336
88,10,weights,0.284881,0.088791,0.842058,1.215730,33,64,336
89,10,seq,0.383631,0.000305,0.000472,0.384408,21,24,1
89,10,par,0.194007,0.090237,0.772617,1.056862,21,24,1
89,10,weights,0.203965,0.088123,0.782711,1.074800,21,24,1
90,10,seq,0.407810,0.000283,0.097644,0.505737,42,72,1024
90,10,par,0.202965,0.087588,0.840595,1.131148,42,72,1024
90,10,weights,0.204149,0.087171,0.851502,1.142821,42,72,1024
91,10,seq,0.483547,0.000278,0.126634,0.610460,33,60,400
91,10,par,0.203028,0.088840,0.827777,1.119645,33,60,400
91,10,weights,0.207119,0.086658,0.816319,1.110095,33,60,400
92,10,seq,0.471550,0.000269,0.000085,0.471904,21,2,0
92,10,par,0.199843,0.088496,0.086183,0.374522,21,2,0
92,10,weights,0.203389,0.089204,0.000255,0.292848,21,2,0
93,10,seq,0.568400,0.000280,0.065229,0.633909,33,56,182
93,10,par,0.226047,0.086327,0.829485,1.141858,33,56,182
93,10,weights,0.231230,0.085963,0.811963,1.129155,33,56,182
94,10,seq,0.378856,0.000299,5.322412,5.701567,50,126,11566
94,10,par,0.149185,0.088309,1.393182,1.630676,50,126,11566
94,10,weights,0.154203,0.092341,1.446285,1.692829,50,126,11566
95,10,seq,0.399421,0.000337,17.572389,17.972147,54,146,25448
95,10,par,0.209672,0.090535,2.164229,2.464436,54,146,25448
95,10,weights,0.221402,0.091799,2.348678,2.661880,54,146,25448
96,10,seq,0.295932,0.000273,0.034984,0.331189,33,62,268
96,10,par,0.190173,0.090099,0.872778,1.153050,33,62,268
96,10,weights,0.184137,0.094548,0.869458,1.148143,33,62,268
97,10,seq,0.348737,0.000321,6.945502,7.294560,45,146,12471
97,10,par,0.195383,0.092068,1.509914,1.797365,45,146,12471
97,10,weights,0.199975,0.096576,1.463998,1.760550,45,146,12471
98,10,seq,0.317399,0.000256,0.000093,0.317748,21,1,0
98,10,par,0.178928,0.089669,0.085373,0.353970,21,1,0
98,10,weights,0.174941,0.092867,0.000227,0.268035,21,1,0
99,10,seq,0.442094,0.000258,0.370618,0.812970,33,70,1024
99,10,par,0.214211,0.107292,0.978933,1.300436,33,70,1024
99,10,weights,0.204035,0.096453,0.926407,1.226894,33,70,1024
100,10,seq,0.356618,0.000281,0.000472,0.357371,33,31,1
100,10,par,0.206834,0.093862,0.840811,1.141507,33,31,1
100,10,weights,0.200761,0.093441,0.838428,1.132630,33,31,1
101,10,seq,0.239357,0.000258,0.000082,0.239697,21,8,0
101,10,par,0.163129,0.096588,0.095242,0.354959,21,8,0
101,10,weights,0.165579,0.094253,0.000245,0.260077,21,8,0
102,10,seq,0.536104,0.000293,0.065111,0.601508,33,60,152
102,10,par,0.229150,0.098778,0.885666,1.213594,33,60,152
102,10,weights,0.234051,0.097129,0.890332,1.221512,33,60,152
103,10,seq,0.206802,0.000262,0.000403,0.207467,21,22,1
103,10,par,0.154845,0.098833,0.845897,1.099575,21,22,1
103,10,weights,0.153964,0.096489,0.821530,1.071982,21,22,1
104,10,seq,0.330038,0.000311,0.304783,0.635132,40,80,1024
104,10,par,0.148080,0.097296,0.923919,1.169295,40,80,1024
104,10,weights,0.157728,0.094362,0.933225,1.185315,40,80,1024
105,10,seq,0.257137,0.000273,0.000510,0.257919,21,28,1
105,10,par,0.167889,0.094445,0.835901,1.098235,21,28,1
105,10,weights,0.174172,0.098397,0.849405,1.121973,21,28,1
106,10,seq,0.704249,0.000321,6.067907,6.772477,54,137,6980
106,10,par,0.288686,0.086158,1.431525,1.806369,54,137,6980
106,10,weights,0.298125,0.089500,1.361757,1.749382,54,137,6980
107,10,seq,0.313886,0.000281,0.307521,0.621688,40,80,1024
107,10,par,0.146997,0.090536,0.899247,1.136780,40,80,1024
107,10,weights,0.148297,0.099501,0.972564,1.220362,40,80,1024
108,10,seq,0.302206,0.000301,0.260089,0.562596,42,88,1024
108,10,par,0.176229,0.093437,0.881923,1.151590,42,88,1024
108,10,weights,0.173082,0.092607,0.887213,1.152901,42,88,1024
109,10,seq,1.508719,0.000309,7.105944,8.614972,45,126,13041
109,10,par,0.267749,0.088733,1.484015,1.840497,45,126,13041
109,10,weights,0.277530,0.091426,1.475814,1.844770,45,126,13041
110,10,seq,0.555675,0.000257,0.000082,0.556014,21,7,0
110,10,par,0.228926,0.089922,0.086030,0.404878,21,7,0
110,10,weights,0.260008,0.089096,0.000241,0.349345,21,7,0
111,10,seq,0.550029,0.000314,0.185071,0.735414,45,77,421
111,10,par,0.238443,0.086817,0.875734,1.200995,45,77,421
111,10,weights,0.241550,0.091466,0.871346,1.204362,45,77,421
112,10,seq,0.271229,0.000261,0.000393,0.271883,21,22,1
112,10,par,0.167757,0.095792,0.808790,1.072339,21,22,1
112,10,weights,0.170600,0.095341,0.792390,1.058330,21,22,1
113,10,seq,0.618139,0.000263,0.001421,0.619824,30,30,0
113,10,par,0.176544,0.091571,0.818720,1.086835,30,30,0
113,10,weights,0.176740,0.089179,0.818967,1.084886,30,30,0
114,10,seq,0.646853,0.000280,0.000083,0.647216,33,10,0
114,10,par,0.258531,0.090580,0.086534,0.435645,33,10,0
114,10,weights,0.262259,0.093160,0.000269,0.355688,33,10,0
115,10,seq,0.336319,0.000259,0.000344,0.336922,21,18,1
115,10,par,0.169652,0.089729,0.794728,1.054110,21,18,1
115,10,weights,0.169002,0.090043,0.831076,1.090121,21,18,1
116,10,seq,0.383454,0.000266,0.089566,0.473286,42,76,1024
116,10,par,0.199566,0.088835,0.857253,1.145654,42,76,1024
116,10,weights,0.201181,0.092478,0.890263,1.183922,42,76,1024
117,10,seq,0.348382,0.000281,0.000091,0.348754,21,12,0
117,10,par,0.195175,0.093136,0.087211,0.375522,21,12,0
117,10,weights,0.199974,0.090786,0.000294,0.291054,21,12,0
118,10,seq,0.296086,0.000261,0.000352,0.296699,21,23,1
118,10,par,0.152403,0.088824,0.804287,1.045514,21,23,1
118,10,weights,0.150872,0.090705,0.825903,1.067480,21,23,1
119,10,seq,0.300292,0.000313,0.000427,0.301033,21,22,1
119,10,par,0.163035,0.091222,0.808571,1.062828,21,22,1
119,10,weights,0.167272,0.093440,0.785544,1.046257,21,22,1
120,10,seq,0.359516,0.000286,0.183750,0.543552,40,80,1024
120,10,par,0.147605,0.090375,0.878769,1.116750,40,80,1024
120,10,weights,0.147677,0.087878,0.872242,1.107797,40,80,1024
121,10,seq,0.357765,0.000255,0.000197,0.358217,20,10,0
121,10,par,0.155421,0.087657,0.199190,0.442268,20,10,0
121,10,weights,0.156553,0.091117,0.177747,0.425417,20,10,0
122,10,seq,0.245530,0.000265,0.000509,0.246303,21,23,1
122,10,par,0.139823,0.089609,0.800239,1.029671,21,23,1
122,10,weights,0.144092,0.093352,0.811019,1.048464,21,23,1
123,10,seq,0.252072,0.000270,0.000437,0.252779,21,21,1
123,10,par,0.167840,0.090586,0.806066,1.064492,21,21,1
123,10,weights,0.166544,0.087595,0.819820,1.073959,21,21,1
124,10,seq,0.302282,0.000289,0.000406,0.302977,21,23,1
124,10,par,0.173290,0.086525,0.792536,1.052352,21,23,1
124,10,weights,0.174305,0.091575,0.795161,1.061041,21,23,1
125,10,seq,0.333347,0.000301,0.161850,0.495498,42,80,1024
125,10,par,0.182128,0.088093,0.858594,1.128815,42,80,1024
125,10,weights,0.182410,0.089928,0.910777,1.183114,42,80,1024
126,10,seq,0.348090,0.000263,0.000084,0.348437,21,5,0
126,10,par,0.182866,0.091907,0.085626,0.360399,21,5,0
126,10,weights,0.188133,0.088278,0.000244,0.276655,21,5,0
127,10,seq,0.481128,0.000264,0.000256,0.481648,30,37,0
127,10,par,0.215141,0.087495,0.353578,0.656214,30,37,0
127,10,weights,0.214985,0.089846,0.350403,0.655235,30,37,0
128,10,seq,0.439235,0.000293,0.161565,0.601093,42,80,1024
128,10,par,0.201816,0.091019,0.895290,1.188125,42,80,1024
128,10,weights,0.292135,0.090341,0.885504,1.267980,42,80,1024
129,10,seq,0.552262,0.000285,0.000188,0.552736,33,26,0
129,10,par,0.229415,0.090869,0.173830,0.494114,33,26,0
129,10,weights,0.234086,0.091423,0.174255,0.499764,33,26,0
130,10,seq,0.344022,0.000300,0.687784,1.032106,45,89,1037
130,10,par,0.190071,0.090895,0.940631,1.221596,45,89,1037
130,10,weights,0.190309,0.087599,0.911989,1.189897,45,89,1037
131,10,seq,0.317635,0.000266,0.000367,0.318268,21,24,1
131,10,par,0.169405,0.091025,0.793888,1.054317,21,24,1
131,10,weights,0.177228,0.089270,0.799065,1.065564,21,24,1
132,10,seq,0.287326,0.000287,0.144939,0.432552,33,56,416
132,10,par,0.170214,0.091654,0.878185,1.140053,33,56,416
132,10,weights,0.171048,0.088136,0.856270,1.115453,33,56,416
133,10,seq,0.207208,0.000262,0.000446,0.207915,21,23,1
133,10,par,0.146125,0.089948,0.798225,1.034299,21,23,1
133,10,weights,0.153421,0.090475,0.802286,1.046181,21,23,1
134,10,seq,0.347011,0.000270,0.000082,0.347363,33,8,0
134,10,par,0.180217,0.091526,0.090764,0.362506,33,8,0
134,10,weights,0.189985,0.090700,0.000246,0.280931,33,8,0
135,10,seq,0.307606,0.000257,0.000448,0.308311,21,22,1
135,10,par,0.167099,0.089128,0.793547,1.049773,21,22,1
135,10,weights,0.176909,0.089964,0.789763,1.056636,21,22,1
136,10,seq,0.303394,0.000271,0.000421,0.304086,21,23,1
136,10,par,0.140999,0.091958,0.787124,1.020082,21,23,1
136,10,weights,0.150616,0.088789,0.808083,1.047488,21,23,1
137,10,seq,0.225143,0.000276,0.075112,0.300531,33,52,224
137,10,par,0.156209,0.085211,0.940513,1.181933,33,52,224
137,10,weights,0.162387,0.090575,0.833957,1.086918,33,52,224
138,10,seq,0.264086,0.000248,0.000080,0.264414,20,0,0
138,10,par,0.138552,0.092210,0.085517,0.316279,20,0,0
138,10,weights,0.143507,0.089854,0.000248,0.233608,20,0,0
139,10,seq,0.353056,0.000289,0.468847,0.822192,42,88,1024
139,10,par,0.190624,0.093392,0.939105,1.223121,42,88,1024
139,10,weights,0.188182,0.091845,0.894509,1.174536,42,88,1024
140,10,seq,0.296790,0.000276,0.012706,0.309772,33,47,113
140,10,par,0.170332,0.087665,0.823838,1.081834,33,47,113
140,10,weights,0.174333,0.089040,0.831559,1.094932,33,47,113
141,10,seq,0.324813,0.000295,0.000718,0.325826,33,34,1
141,10,par,0.174666,0.091528,0.813827,1.080022,33,34,1
141,10,weights,0.172206,0.089681,0.795075,1.056962,33,34,1
142,10,seq,0.376652,0.000292,0.308533,0.685477,40,80,1024
142,10,par,0.149587,0.088303,0.896408,1.134297,40,80,1024
142,10,weights,0.154640,0.088653,0.885607,1.128900,40,80,1024
143,10,seq,0.365466,0.000307,0.222208,0.587981,45,73,589
143,10,par,0.243324,0.090780,0.867285,1.201388,45,73,589
143,10,weights,0.198951,0.095790,0.863319,1.158060,45,73,589
144,10,seq,0.540306,0.000294,0.064827,0.605428,42,76,288
144,10,par,0.232934,0.088327,0.845391,1.166652,42,76,288
144,10,weights,0.237920,0.088357,0.989730,1.316007,42,76,288
145,10,seq,0.478530,0.000269,0.000082,0.478881,21,5,0
145,10,par,0.205870,0.089649,0.084019,0.379538,21,5,0
145,10,weights,0.205204,0.090461,0.000248,0.295913,21,5,0
146,10,seq,0.316763,0.000270,0.000078,0.317111,21,2,0
146,10,par,0.169797,0.089017,0.086316,0.345131,21,2,0
146,10,weights,0.174399,0.088066,0.000249,0.262714,21,2,0
147,10,seq,0.566863,0.000258,0.000076,0.567197,21,0,0
147,10,par,0.224726,0.088991,0.087673,0.401390,21,0,0
147,10,weights,0.222911,0.086866,0.000246,0.310023,21,0,0
148,10,seq,0.329406,0.000381,2.529868,2.859655,54,205,22336
148,10,par,0.178321,0.086615,1.297952,1.562888,54,205,22336
148,10,weights,0.187659,0.096619,1.302417,1.586695,54,205,22336
149,10,seq,0.295609,0.000286,0.000085,0.295980,21,9,0
149,10,par,0.170315,0.085597,0.086765,0.342677,21,9,0
149,10,weights,0.169924,0.089657,0.000248,0.259829,21,9,0
150,10,seq,0.282076,0.000281,0.011341,0.293698,33,50,79
150,10,par,0.163018,0.088901,0.805638,1.057556,33,50,79
150,10,weights,0.161219,0.088459,0.820786,1.070465,33,50,79
151,10,seq,0.509230,0.000293,0.247621,0.757143,42,78,576
151,10,par,0.224300,0.083298,0.857560,1.165158,42,78,576
151,10,weights,0.233030,0.092168,0.910207,1.235405,42,78,576
152,10,seq,0.322631,0.000311,0.548389,0.871331,42,104,1024
152,10,par,0.173311,0.087611,0.864218,1.125140,42,104,1024
152,10,weights,0.172297,0.088026,0.881117,1.141441,42,104,1024
153,10,seq,0.393099,0.000259,0.000168,0.393527,21,13,0
153,10,par,0.174945,0.090130,0.259835,0.524910,21,13,0
153,10,weights,0.188050,0.086794,0.262522,0.537366,21,13,0
154,10,seq,0.366143,0.000295,0.088459,0.454897,42,74,544
154,10,par,0.187802,0.088810,0.861211,1.137823,42,74,544
154,10,weights,0.186015,0.089922,0.828103,1.104040,42,74,544
155,10,seq,0.354687,0.000269,0.000082,0.355038,33,1,0
155,10,par,0.182094,0.086394,0.087471,0.355959,33,1,0
155,10,weights,0.191227,0.087035,0.000278,0.278541,33,1,0
156,10,seq,0.295789,0.000286,0.000443,0.296518,21,21,1
156,10,par,0.173175,0.086285,0.784275,1.043734,21,21,1
156,10,weights,0.182006,0.087744,0.776295,1.046044,21,21,1
157,10,seq,0.677026,0.000338,3.658236,4.335601,54,176,22158
157,10,par,0.277038,0.087684,1.287714,1.652436,54,176,22158
157,10,weights,0.281747,0.088699,1.364028,1.734474,54,176,22158
158,10,seq,0.290420,0.000250,0.000089,0.290758,21,2,0
158,10,par,0.179437,0.097480,0.089264,0.366181,21,2,0
158,10,weights,0.175743,0.093528,0.000264,0.269535,21,2,0
159,10,seq,0.357737,0.000326,15.435038,15.793101,54,150,22608
159,10,par,0.192864,0.085576,2.043222,2.321662,54,150,22608
159,10,weights,0.202907,0.095994,2.088883,2.387785,54,150,22608
160,10,seq,0.416170,0.000265,0.000384,0.416818,21,22,1
160,10,par,0.214017,0.100391,0.843784,1.158193,21,22,1
160,10,weights,0.205993,0.098922,0.852796,1.157711,21,22,1
161,10,seq,0.296669,0.000262,0.000084,0.297015,21,8,0
161,10,par,0.166289,0.095588,0.095441,0.357318,21,8,0
161,10,weights,0.174311,0.100415,0.000248,0.274974,21,8,0
162,10,seq,0.403809,0.000262,0.000085,0.404157,21,11,0
162,10,par,0.213072,0.093401,0.090531,0.397004,21,11,0
162,10,weights,0.218844,0.094979,0.000275,0.314098,21,11,0
163,10,seq,0.573135,0.000317,0.018418,0.591870,42,64,192
163,10,par,0.243827,0.095694,0.865193,1.204714,42,64,192
163,10,weights,0.242700,0.097875,0.863212,1.203787,42,64,192
164,10,seq,0.274515,0.000255,0.000081,0.274851,21,0,0
164,10,par,0.167677,0.099251,0.093423,0.360351,21,0,0
164,10,weights,0.172335,0.098414,0.000270,0.271019,21,0,0
165,10,seq,0.385833,0.000277,0.064983,0.451092,33,51,172
165,10,par,0.189537,0.096113,0.917539,1.203190,33,51,172
165,10,weights,0.193481,0.096818,0.885184,1.175482,33,51,172
166,10,seq,0.521992,0.000289,0.000771,0.523052,33,33,1
166,10,par,0.239207,0.094157,0.841161,1.174526,33,33,1
166,10,weights,0.245917,0.098390,0.849517,1.193824,33,33,1
167,10,seq,0.265471,0.000278,0.000491,0.266240,21,26,1
167,10,par,0.216083,0.093317,0.844280,1.153679,21,26,1
167,10,weights,0.180791,0.096196,0.825908,1.102894,21,26,1
168,10,seq,0.204681,0.000264,0.000423,0.205369,21,21,1
168,10,par,0.152102,0.096039,0.829564,1.077706,21,21,1
168,10,weights,0.156356,0.099721,0.887253,1.143330,21,21,1
169,10,seq,0.885391,0.000289,0.138494,1.024174,33,59,432
169,10,par,0.271786,0.093952,0.921345,1.287083,33,59,432
169,10,weights,0.282320,0.096755,0.883538,1.262613,33,59,432
170,10,seq,0.637050,0.000284,0.000083,0.637417,33,6,0
170,10,par,0.260570,0.092309,0.094811,0.447690,33,6,0
170,10,weights,0.266789,0.093550,0.000251,0.360590,33,6,0
171,10,seq,0.308327,0.000276,0.013328,0.321931,33,42,16
171,10,par,0.165137,0.099715,0.876016,1.140869,33,42,16
171,10,weights,0.172072,0.097553,0.865544,1.135168,33,42,16
172,10,seq,0.484101,0.000287,0.000085,0.484473,21,9,0
172,10,par,0.212138,0.096871,0.097526,0.406536,21,9,0
172,10,weights,0.222202,0.099746,0.000252,0.322201,21,9,0
173,10,seq,0.311567,0.000266,0.000079,0.311912,21,8,0
173,10,par,0.173498,0.098203,0.090855,0.362556,21,8,0
173,10,weights,0.179434,0.095849,0.000250,0.275534,21,8,0
174,10,seq,0.310702,0.000261,0.000392,0.311355,21,20,1
174,10,par,0.179867,0.092464,0.846580,1.118911,21,20,1
174,10,weights,0.184953,0.097241,0.835017,1.117211,21,20,1
175,10,seq,0.288687,0.000284,0.000092,0.289063,21,9,0
175,10,par,0.177753,0.093138,0.094677,0.365568,21,9,0
175,10,weights,0.187464,0.100384,0.000251,0.288099,21,9,0
176,10,seq,0.350706,0.000294,0.248118,0.599119,42,80,1024
176,10,par,0.177971,0.095370,0.910905,1.184246,42,80,1024
176,10,weights,0.180668,0.093057,0.913568,1.187293,42,80,1024
177,10,seq,0.369618,0.000284,0.000394,0.370296,21,21,1
177,10,par,0.198393,0.093980,0.837299,1.129672,21,21,1
177,10,weights,0.195679,0.095193,0.837930,1.128802,21,21,1
178,10,seq,0.322452,0.000290,0.119465,0.442206,42,88,1024
178,10,par,0.177624,0.093660,0.919169,1.190454,42,88,1024
178,10,weights,0.182472,0.093568,0.906314,1.182354,42,88,1024
179,10,seq,0.328099,0.000300,5.387272,5.715672,45,118,9315
179,10,par,0.185551,0.088731,1.253579,1.527861,45,118,9315
179,10,weights,0.185742,0.093269,1.323981,1.602992,45,118,9315
180,10,seq,0.309579,0.000315,1.531900,1.841793,50,125,17920
180,10,par,0.159778,0.095804,1.234788,1.490369,50,125,17920
180,10,weights,0.145358,0.087825,1.183771,1.416954,50,125,17920
181,10,seq,0.710062,0.000292,0.000963,0.711317,33,33,4
181,10,par,0.267369,0.090429,0.795813,1.153610,33,33,4
181,10,weights,0.265675,0.089119,0.807478,1.162272,33,33,4
182,10,seq,0.264166,0.000250,0.000178,0.264594,20,4,0
182,10,par,0.138996,0.101439,0.354841,0.595276,20,4,0
182,10,weights,0.142723,0.093226,0.350967,0.586916,20,4,0
183,10,seq,0.267494,0.000271,0.000081,0.267847,21,8,0
183,10,par,0.174344,0.088498,0.084906,0.347749,21,8,0
183,10,weights,0.176776,0.093275,0.000250,0.270301,21,8,0
184,10,seq,0.327801,0.000262,0.000077,0.328141,21,17,0
184,10,par,0.189164,0.091042,0.088469,0.368675,21,17,0
184,10,weights,0.196646,0.089754,0.000242,0.286643,21,17,0
185,10,seq,0.497422,0.000293,0.046323,0.544038,42,68,256
185,10,par,0.228547,0.087466,0.863836,1.179849,42,68,256
185,10,weights,0.231481,0.090572,0.847474,1.169527,42,68,256
186,10,seq,0.286054,0.000263,0.000366,0.286683,21,22,1
186,10,par,0.160359,0.089347,0.801218,1.050923,21,22,1
186,10,weights,0.166207,0.094015,0.800569,1.060791,21,22,1
187,10,seq,0.253951,0.000266,0.000425,0.254642,21,22,1
187,10,par,0.169092,0.089543,0.800981,1.059616,21,22,1
187,10,weights,0.170060,0.087659,0.791681,1.049401,21,22,1
188,10,seq,0.267903,0.000303,0.080255,0.348461,33,57,256
188,10,par,0.177818,0.092582,0.850060,1.120460,33,57,256
188,10,weights,0.185973,0.087866,0.845114,1.118953,33,57,256
189,10,seq,0.354697,0.000293,0.463036,0.818027,42,88,1024
189,10,par,0.190638,0.087584,0.941991,1.220214,42,88,1024
189,10,weights,0.196240,0.090603,0.897523,1.184366,42,88,1024
190,10,seq,0.278582,0.000262,0.000090,0.278933,21,6,0
190,10,par,0.166277,0.086931,0.086378,0.339586,21,6,0
190,10,weights,0.182213,0.092203,0.000273,0.274690,21,6,0
191,10,seq,0.325263,0.000265,0.000467,0.325995,21,21,1
191,10,par,0.183061,0.086582,0.814696,1.084338,21,21,1
191,10,weights,0.183007,0.087005,0.801590,1.071602,21,21,1
192,10,seq,0.412748,0.000276,0.031738,0.444762,33,50,88
192,10,par,0.203044,0.092049,0.837362,1.132455,33,50,88
192,10,weights,0.206753,0.091391,0.835604,1.133748,33,50,88
193,10,seq,0.389827,0.000252,0.000082,0.390162,20,1,0
193,10,par,0.147892,0.088554,0.089344,0.325790,20,1,0
193,10,weights,0.154762,0.090973,0.000263,0.245998,20,1,0
194,10,seq,0.392776,0.000297,0.151786,0.544859,33,78,416
194,10,par,0.195497,0.089079,0.850173,1.134749,33,78,416
194,10,weights,0.195200,0.090551,0.855971,1.141721,33,78,416
195,10,seq,0.279505,0.000281,0.000171,0.279957,21,16,0
195,10,par,0.158762,0.088876,0.350358,0.597996,21,16,0
195,10,weights,0.171321,0.089598,0.350111,0.611031,21,16,0
196,10,seq,0.420562,0.000263,0.000091,0.420915,33,0,0
196,10,par,0.216568,0.088798,0.086546,0.391913,33,0,0
196,10,weights,0.210589,0.089454,0.000244,0.300287,33,0,0
197,10,seq,0.267146,0.000259,0.000214,0.267618,20,14,0
197,10,par,0.141580,0.091209,0.350354,0.583143,20,14,0
197,10,weights,0.140855,0.092969,0.350067,0.583891,20,14,0
198,10,seq,0.290044,0.000267,0.000082,0.290393,21,4,0
198,10,par,0.164587,0.086680,0.087546,0.338812,21,4,0
198,10,weights,0.168156,0.090821,0.000257,0.259234,21,4,0
199,10,seq,0.291308,0.000270,0.000075,0.291654,21,12,0
199,10,par,0.194692,0.090528,0.087532,0.372752,21,12,0
199,10,weights,0.180893,0.091831,0.000247,0.272971,21,12,0
200,10,seq,0.382114,0.000318,0.471817,0.854248,42,92,1024
200,10,par,0.171581,0.090325,0.913436,1.175343,42,92,1024
200,10,weights,0.194556,0.091403,0.883739,1.169698,42,92,1024
201,10,seq,0.407374,0.000264,0.000222,0.407861,21,18,0
201,10,par,0.231099,0.086522,0.438610,0.756231,21,18,0
201,10,weights,0.197341,0.094408,0.448872,0.740621,21,18,0
202,10,seq,0.542696,0.000275,0.000173,0.543144,33,18,0
202,10,par,0.233932,0.087096,0.265464,0.586492,33,18,0
202,10,weights,0.239704,0.092386,0.261203,0.593292,33,18,0
203,10,seq,0.283948,0.000295,0.121260,0.405503,42,80,1024
203,10,par,0.169358,0.090302,0.875588,1.135248,42,80,1024
203,10,weights,0.167932,0.088916,0.927038,1.183886,42,80,1024
204,10,seq,0.262476,0.000262,0.000458,0.263197,21,22,1
204,10,par,0.151770,0.090526,0.786468,1.028765,21,22,1
204,10,weights,0.159259,0.086877,0.784106,1.030242,21,22,1
205,10,seq,0.317015,0.000257,0.000449,0.317721,20,20,1
205,10,par,0.136698,0.092038,0.780871,1.009607,20,20,1
205,10,weights,0.137134,0.088952,0.776885,1.002972,20,20,1
206,10,seq,0.543555,0.000265,0.000464,0.544283,21,21,1
206,10,par,0.226010,0.091416,0.778197,1.095622,21,21,1
206,10,weights,0.234062,0.087236,0.788545,1.109843,21,21,1
207,10,seq,0.759593,0.000300,0.026568,0.786461,33,62,120
207,10,par,0.284461,0.090422,0.840321,1.215204,33,62,120
207,10,weights,0.295016,0.088200,0.826601,1.209817,33,62,120
208,10,seq,0.397300,0.000264,0.000082,0.397646,21,7,0
208,10,par,0.195328,0.088172,0.088443,0.371943,21,7,0
208,10,weights,0.199813,0.090304,0.000247,0.290365,21,7,0
209,10,seq,0.465959,0.000275,0.000079,0.466312,21,2,0
209,10,par,0.198892,0.093198,0.085016,0.377107,21,2,0
209,10,weights,0.204730,0.088231,0.000254,0.293216,21,2,0
210,10,seq,0.315715,0.000262,0.000383,0.316360,20,20,1
210,10,par,0.138700,0.087632,0.779869,1.006200,20,20,1
210,10,weights,0.142753,0.148185,0.776750,1.067688,20,20,1
211,10,seq,0.251416,0.000259,0.000080,0.251755,21,12,0
211,10,par,0.142963,0.091298,0.085294,0.319555,21,12,0
211,10,weights,0.141741,0.091521,0.000268,0.233530,21,12,0
212,10,seq,0.654143,0.000266,0.000300,0.654708,21,21,0
212,10,par,0.244104,0.093356,0.534404,0.871864,21,21,0
212,10,weights,0.252844,0.088457,0.515982,0.857284,21,21,0
213,10,seq,0.286834,0.000259,0.000383,0.287476,21,22,1
213,10,par,0.149873,0.090696,0.777766,1.018334,21,22,1
213,10,weights,0.158584,0.088039,0.774646,1.021268,21,22,1
214,10,seq,0.572589,0.000284,0.088854,0.661727,33,66,260
214,10,par,0.240683,0.092301,0.838262,1.171246,33,66,260
214,10,weights,0.245183,0.087301,0.830094,1.162578,33,66,260
215,10,seq,0.493844,0.000264,0.001600,0.495709,30,30,1
215,10,par,0.158833,0.088891,0.797050,1.044774,30,30,1
215,10,weights,0.166736,0.086711,0.799368,1.052814,30,30,1
216,10,seq,0.298527,0.000292,0.564057,0.862876,42,92,1024
216,10,par,0.175745,0.085030,0.855357,1.116132,42,92,1024
216,10,weights,0.171831,0.089203,0.895039,1.156074,42,92,1024
217,10,seq,0.307531,0.000291,0.000082,0.307904,21,7,0
217,10,par,0.177702,0.084169,0.084327,0.346199,21,7,0
217,10,weights,0.184112,0.088248,0.000265,0.272624,21,7,0
218,10,seq,0.282493,0.000314,0.128477,0.411285,42,92,1024
218,10,par,0.160323,0.087312,0.845415,1.093051,42,92,1024
218,10,weights,0.167489,0.089712,0.846308,1.103509,42,92,1024
219,10,seq,0.393827,0.000288,0.000313,0.394428,21,16,0
219,10,par,0.183905,0.087278,0.766576,1.037758,21,16,0
219,10,weights,0.188502,0.084854,0.772447,1.045803,21,16,0
220,10,seq,0.351981,0.000280,0.000170,0.352431,33,20,0
220,10,par,0.178026,0.088145,0.167845,0.434016,33,20,0
220,10,weights,0.181487,0.090724,0.167852,0.440063,33,20,0
221,10,seq,0.383298,0.000277,0.000459,0.384034,21,20,1
221,10,par,0.187230,0.090539,0.763291,1.041060,21,20,1
221,10,weights,0.190272,0.091400,0.780141,1.061812,21,20,1
222,10,seq,0.742542,0.000281,0.500042,1.242865,42,96,1024
222,10,par,0.289990,0.090631,0.861569,1.242191,42,96,1024
222,10,weights,0.285402,0.089484,0.855873,1.230759,42,96,1024
223,10,seq,0.799695,0.000341,4.309323,5.109359,45,163,13589
223,10,par,0.317149,0.084430,1.278367,1.679946,45,163,13589
223,10,weights,0.315964,0.086081,1.258039,1.660084,45,163,13589
224,10,seq,0.294576,0.000266,0.000355,0.295198,21,20,1
224,10,par,0.169691,0.086534,0.766367,1.022591,21,20,1
224,10,weights,0.170278,0.087730,0.770820,1.028828,21,20,1
225,10,seq,0.375286,0.000316,1.905208,2.280809,50,124,15776
225,10,par,0.149201,0.088014,1.133818,1.371032,50,124,15776
225,10,weights,0.155224,0.087450,1.120431,1.363104,50,124,15776
226,10,seq,0.503542,0.000275,0.000091,0.503908,33,7,0
226,10,par,0.219961,0.085280,0.085384,0.390625,33,7,0
226,10,weights,0.226871,0.086115,0.000273,0.313258,33,7,0
227,10,seq,0.326487,0.000310,0.191153,0.517950,40,50,811
227,10,par,0.136395,0.089864,0.862904,1.089163,40,50,811
227,10,weights,0.140538,0.086163,0.998180,1.224881,40,50,811
228,10,seq,0.265244,0.000261,0.000461,0.265965,21,20,1
228,10,par,0.165611,0.086553,0.755374,1.007539,21,20,1
228,10,weights,0.165869,0.088803,0.849488,1.104160,21,20,1
229,10,seq,0.441045,0.000301,0.161875,0.603221,42,92,1024
229,10,par,0.210583,0.085602,0.836105,1.132289,42,92,1024
229,10,weights,0.207405,0.084786,0.836560,1.128751,42,92,1024
230,10,seq,0.428395,0.000337,7.846257,8.274988,54,170,11297
230,10,par,0.197272,0.081485,1.438004,1.716761,54,170,11297
230,10,weights,0.215975,0.087881,1.465551,1.769407,54,170,11297
231,10,seq,0.276582,0.000260,0.000407,0.277248,21,24,1
231,10,par,0.175128,0.087813,0.792528,1.055469,21,24,1
231,10,weights,0.186534,0.090123,0.784638,1.061296,21,24,1
232,10,seq,0.255655,0.000262,0.000091,0.256008,21,9,0
232,10,par,0.163423,0.088406,0.087904,0.339733,21,9,0
232,10,weights,0.171910,0.091794,0.000248,0.263952,21,9,0
233,10,seq,0.323221,0.000266,0.000472,0.323960,21,25,1
233,10,par,0.178341,0.088220,0.787132,1.053693,21,25,1
233,10,weights,0.189406,0.088472,0.783559,1.061437,21,25,1
234,10,seq,0.388391,0.000305,19.469054,19.857750,54,140,28336
234,10,par,0.191170,0.086351,2.617894,2.895415,54,140,28336
234,10,weights,0.199572,0.087378,2.331795,2.618744,54,140,28336
235,10,seq,0.360417,0.000287,0.161403,0.522107,45,76,333
235,10,par,0.206677,0.094086,0.856727,1.157491,45,76,333
235,10,weights,0.197960,0.090222,0.863316,1.151498,45,76,333
236,10,seq,0.406813,0.000299,0.000568,0.407680,33,32,1
236,10,par,0.201699,0.088630,0.891549,1.181878,33,32,1
236,10,weights,0.215206,0.085849,0.789182,1.090236,33,32,1
237,10,seq,0.403426,0.000271,0.000082,0.403779,21,10,0
237,10,par,0.184799,0.085895,0.088652,0.359346,21,10,0
237,10,weights,0.197094,0.086812,0.000251,0.284157,21,10,0
238,10,seq,0.578170,0.000267,0.007470,0.585908,33,39,20
238,10,par,0.248979,0.086460,0.819261,1.154701,33,39,20
238,10,weights,0.252720,0.089788,0.818068,1.160576,33,39,20
239,10,seq,0.308466,0.000263,0.000515,0.309244,21,22,1
239,10,par,0.171967,0.089312,0.786151,1.047430,21,22,1
239,10,weights,0.172486,0.090323,0.785117,1.047925,21,22,1
240,10,seq,0.322296,0.000257,0.000090,0.322643,21,8,0
240,10,par,0.176467,0.088676,0.084205,0.349349,21,8,0
240,10,weights,0.180452,0.085818,0.000247,0.266517,21,8,0
241,10,seq,0.307222,0.000296,0.093889,0.401407,42,100,1024
241,10,par,0.167278,0.088665,0.853290,1.109233,42,100,1024
241,10,weights,0.189822,0.101852,0.900210,1.191884,42,100,1024
242,10,seq,0.319435,0.000261,0.000427,0.320123,21,22,1
242,10,par,0.170165,0.091152,0.775161,1.036478,21,22,1
242,10,weights,0.173469,0.091056,0.775324,1.039848,21,22,1
243,10,seq,0.720450,0.000295,0.009060,0.729805,33,44,32
243,10,par,0.260985,0.086123,0.812180,1.159288,33,44,32
243,10,weights,0.268079,0.087646,0.815171,1.170896,33,44,32
244,10,seq,0.311123,0.000283,0.000395,0.311801,21,20,1
244,10,par,0.179376,0.089353,0.784297,1.053025,21,20,1
244,10,weights,0.183663,0.084850,0.809933,1.078446,21,20,1
245,10,seq,0.314217,0.000263,0.000293,0.314773,21,12,1
245,10,par,0.175414,0.087492,0.783356,1.046261,21,12,1
245,10,weights,0.173256,0.089299,0.787170,1.049725,21,12,1
246,10,seq,0.480256,0.000258,0.000462,0.480976,21,20,1
246,10,par,0.202302,0.090226,0.804622,1.097149,21,20,1
246,10,weights,0.224827,0.095813,0.845469,1.166109,21,20,1
247,10,seq,0.283218,0.000263,0.000356,0.283837,21,18,1
247,10,par,0.152804,0.088232,0.782362,1.023398,21,18,1
247,10,weights,0.155268,0.090261,0.781443,1.026973,21,18,1
248,10,seq,0.376806,0.000274,0.000647,0.377727,33,29,1
248,10,par,0.195606,0.090092,0.788539,1.074237,33,29,1
248,10,weights,0.196874,0.090492,0.785419,1.072785,33,29,1
249,10,seq,0.544258,0.000316,3.581253,4.125826,54,137,11966
249,10,par,0.222918,0.086424,1.197843,1.507186,54,137,11966
249,10,weights,0.233211,0.087801,1.231636,1.552648,54,137,11966
250,10,seq,0.286307,0.000262,0.000394,0.286963,21,22,1
250,10,par,0.160124,0.083646,0.769471,1.013241,21,22,1
250,10,weights,0.161976,0.088279,0.787477,1.037732,21,22,1
251,10,seq,0.423118,0.000260,0.000091,0.423468,21,4,0
251,10,par,0.188714,0.090643,0.082965,0.362322,21,4,0
251,10,weights,0.198135,0.086574,0.000272,0.284981,21,4,0
252,10,seq,0.365230,0.000277,0.000078,0.365586,33,16,0
252,10,par,0.183977,0.090001,0.085904,0.359883,33,16,0
252,10,weights,0.195454,0.086202,0.000250,0.281906,33,16,0
253,10,seq,0.552036,0.000287,0.487890,1.040213,42,84,1024
253,10,par,0.236406,0.083954,0.837607,1.157967,42,84,1024
253,10,weights,0.241202,0.087548,0.847381,1.176131,42,84,1024
254,10,seq,0.272716,0.000259,0.000435,0.273410,21,21,1
254,10,par,0.159677,0.084041,0.762680,1.006398,21,21,1
254,10,weights,0.164058,0.087547,0.764104,1.015708,21,21,1
255,10,seq,0.322407,0.000281,0.470219,0.792907,42,72,1024
255,10,par,0.171628,0.085923,0.988659,1.246210,42,72,1024
255,10,weights,0.173756,0.085048,0.855073,1.113876,42,72,1024
256,10,seq,0.304611,0.000256,0.000269,0.305136,20,13,1
256,10,par,0.139643,0.086960,0.778804,1.005407,20,13,1
256,10,weights,0.145969,0.082954,0.758037,0.986960,20,13,1
257,10,seq,0.578227,0.000264,0.185471,0.763963,40,64,576
257,10,par,0.172587,0.090197,0.880840,1.143624,40,64,576
257,10,weights,0.166054,0.085429,0.815164,1.066647,40,64,576
258,10,seq,0.486728,0.000301,0.086797,0.573826,42,92,1024
258,10,par,0.229377,0.085997,0.814456,1.129830,42,92,1024
258,10,weights,0.226088,0.085856,0.819379,1.131322,42,92,1024
259,10,seq,0.511238,0.000279,0.000204,0.511722,33,24,0
259,10,par,0.219973,0.088076,0.329380,0.637429,33,24,0
259,10,weights,0.225225,0.083695,0.340486,0.649406,33,24,0
260,10,seq,0.408642,0.000304,0.043428,0.452374,33,49,133
260,10,par,0.204077,0.092068,0.807069,1.103214,33,49,133
260,10,weights,0.200575,0.087344,0.802687,1.090606,33,49,133
261,10,seq,0.292064,0.000262,0.000090,0.292415,21,6,0
261,10,par,0.165289,0.085966,0.081145,0.332401,21,6,0
261,10,weights,0.167905,0.086379,0.000272,0.254556,21,6,0
262,10,seq,0.339505,0.000324,0.489930,0.829760,42,100,1024
262,10,par,0.182570,0.084543,0.850009,1.117123,42,100,1024
262,10,weights,0.186308,0.084101,0.928069,1.198478,42,100,1024
263,10,seq,0.427528,0.000291,0.027216,0.455035,33,57,60
263,10,par,0.197684,0.092541,0.828416,1.118641,33,57,60
263,10,weights,0.204557,0.089649,0.817781,1.111987,33,57,60
264,10,seq,0.516068,0.000297,6.977865,7.494229,45,106,12591
264,10,par,0.211006,0.085144,1.447928,1.744078,45,106,12591
264,10,weights,0.221927,0.086153,1.577428,1.885508,45,106,12591
265,10,seq,0.667470,0.000275,0.105670,0.773416,33,60,300
265,10,par,0.270313,0.089673,0.880778,1.240764,33,60,300
265,10,weights,0.275311,0.084753,0.852062,1.212126,33,60,300
266,10,seq,0.359319,0.000300,0.322482,0.682100,42,86,512
266,10,par,0.190656,0.088085,0.848322,1.127064,42,86,512
266,10,weights,0.184084,0.091609,0.855494,1.131187,42,86,512
267,10,seq,0.412417,0.000281,0.008954,0.421652,33,40,64
267,10,par,0.183952,0.089825,0.793703,1.067480,33,40,64
267,10,weights,0.191505,0.086934,0.789867,1.068306,33,40,64
268,10,seq,0.381255,0.000294,0.471839,0.853389,42,88,1024
268,10,par,0.198197,0.085537,0.880324,1.164058,42,88,1024
268,10,weights,0.194030,0.086199,0.889327,1.169556,42,88,1024
269,10,seq,0.431212,0.000276,0.018771,0.450259,30,47,104
269,10,par,0.204539,0.087221,0.810443,1.102203,30,47,104
269,10,weights,0.213363,0.086819,0.805248,1.105430,30,47,104
270,10,seq,0.315185,0.000270,0.000195,0.315649,21,21,0
270,10,par,0.170408,0.084895,0.257297,0.512600,21,21,0
270,10,weights,0.174891,0.085859,0.258931,0.519681,21,21,0
271,10,seq,0.352068,0.000257,0.000091,0.352416,21,0,0
271,10,par,0.206911,0.088086,0.084371,0.379368,21,0,0
271,10,weights,0.181113,0.088483,0.000258,0.269855,21,0,0
272,10,seq,0.318916,0.000254,0.000077,0.319246,21,9,0
272,10,par,0.158651,0.094002,0.082607,0.335260,21,9,0
272,10,weights,0.165324,0.082246,0.000266,0.247836,21,9,0
273,10,seq,0.309009,0.000261,0.000409,0.309679,21,22,1
273,10,par,0.174192,0.085364,0.765584,1.025140,21,22,1
273,10,weights,0.170132,0.082607,0.760610,1.013348,21,22,1
274,10,seq,0.292262,0.000273,0.000164,0.292699,21,5,0
274,10,par,0.166877,0.084659,0.084406,0.335942,21,5,0
274,10,weights,0.178492,0.086748,0.085161,0.350401,21,5,0
275,10,seq,0.353936,0.000277,0.000370,0.354584,21,21,1
275,10,par,0.179259,0.087023,0.757760,1.024043,21,21,1
275,10,weights,0.179002,0.084726,0.755426,1.019155,21,21,1
276,10,seq,0.357875,0.000282,0.004798,0.362955,33,36,32
276,10,par,0.191360,0.087323,0.772815,1.051498,33,36,32
276,10,weights,0.191883,0.087010,0.770732,1.049625,33,36,32
277,10,seq,0.294038,0.000295,0.474949,0.769281,42,88,1024
277,10,par,0.164337,0.086737,0.867049,1.118123,42,88,1024
277,10,weights,0.161639,0.085662,0.876943,1.124244,42,88,1024
278,10,seq,0.526611,0.000270,0.000470,0.527351,21,23,1
278,10,par,0.216674,0.088064,0.770340,1.075078,21,23,1
278,10,weights,0.222540,0.088375,0.763490,1.074405,21,23,1
279,10,seq,0.500877,0.000306,7.787434,8.288616,54,142,11760
279,10,par,0.196280,0.086590,1.416343,1.699213,54,142,11760
279,10,weights,0.197334,0.082476,1.360436,1.640246,54,142,11760
280,10,seq,0.366482,0.000268,0.000090,0.366840,21,3,0
280,10,par,0.184495,0.084373,0.082771,0.351638,21,3,0
280,10,weights,0.188299,0.087118,0.000243,0.275659,21,3,0
281,10,seq,0.664900,0.000329,3.586162,4.251391,54,159,9152
281,10,par,0.207861,0.082801,1.152538,1.443200,54,159,9152
281,10,weights,0.224701,0.092985,1.179048,1.496734,54,159,9152
282,10,seq,0.366912,0.000292,0.051078,0.418281,33,64,576
282,10,par,0.186168,0.083518,0.803424,1.073110,33,64,576
282,10,weights,0.197388,0.085686,0.810762,1.093837,33,64,576
283,10,seq,0.496367,0.000264,0.000506,0.497137,21,24,1
283,10,par,0.145513,0.083693,0.775851,1.005057,21,24,1
283,10,weights,0.156953,0.083482,0.746034,0.986469,21,24,1
284,10,seq,0.351851,0.000282,0.000668,0.352801,30,41,1
284,10,par,0.174051,0.086496,0.750638,1.011186,30,41,1
284,10,weights,0.168193,0.085567,0.750944,1.004704,30,41,1
285,10,seq,0.336363,0.000275,0.000484,0.337122,21,32,1
285,10,par,0.173596,0.080542,0.753975,1.008113,21,32,1
285,10,weights,0.179232,0.080678,0.746126,1.006036,21,32,1
286,10,seq,0.431244,0.000323,14.686006,15.117573,54,164,19680
286,10,par,0.199523,0.080483,1.968259,2.248266,54,164,19680
286,10,weights,0.215848,0.092674,1.997151,2.305673,54,164,19680
287,10,seq,0.487227,0.000259,0.000276,0.487762,20,14,1
287,10,par,0.170158,0.091802,0.848477,1.110437,20,14,1
287,10,weights,0.170764,0.094907,0.862518,1.128188,20,14,1
288,10,seq,0.370733,0.000280,0.000082,0.371094,33,18,0
288,10,par,0.189683,0.096849,0.093028,0.379559,33,18,0
288,10,weights,0.198666,0.094082,0.000267,0.293015,33,18,0
289,10,seq,0.429903,0.000274,0.000587,0.430764,33,31,1
289,10,par,0.212892,0.092769,0.824280,1.129940,33,31,1
289,10,weights,0.219320,0.095541,0.825983,1.140844,33,31,1
290,10,seq,0.303925,0.000297,0.000084,0.304307,21,5,0
290,10,par,0.181655,0.098374,0.097021,0.377050,21,5,0
290,10,weights,0.183034,0.092515,0.000251,0.275799,21,5,0
291,10,seq,0.347107,0.000272,0.000413,0.347792,21,22,1
291,10,par,0.191258,0.092595,0.816087,1.099940,21,22,1
291,10,weights,0.191506,0.093197,0.824092,1.108795,21,22,1
292,10,seq,0.401884,0.000294,0.472221,0.874398,42,88,1024
292,10,par,0.171046,0.091452,0.913549,1.176046,42,88,1024
292,10,weights,0.176939,0.097125,0.928093,1.202157,42,88,1024
293,10,seq,0.338397,0.000286,0.489092,0.827775,42,80,1024
293,10,par,0.190861,0.091250,0.909257,1.191367,42,80,1024
293,10,weights,0.194641,0.094242,0.901962,1.190844,42,80,1024
294,10,seq,0.354940,0.000294,0.086527,0.441761,33,60,200
294,10,par,0.191493,0.094274,0.876270,1.162036,33,60,200
294,10,weights,0.188292,0.095465,0.879121,1.162879,33,60,200
295,10,seq,0.276086,0.000278,0.000422,0.276786,20,20,1
295,10,par,0.140231,0.092361,0.912887,1.145478,20,20,1
295,10,weights,0.152023,0.094267,0.820291,1.066581,20,20,1
296,10,seq,0.369304,0.000291,0.053656,0.423251,33,61,120
296,10,par,0.192521,0.094884,0.858699,1.146104,33,61,120
296,10,weights,0.193970,0.093729,0.847078,1.134777,33,61,120
297,10,seq,0.265812,0.000271,1.214857,1.480940,30,50,292
297,10,par,0.153433,0.089198,0.867224,1.109855,30,50,292
297,10,weights,0.144381,0.092152,0.872762,1.109295,30,50,292
298,10,seq,0.566972,0.000285,0.465504,1.032761,42,84,1024
298,10,par,0.263354,0.088948,0.938183,1.290486,42,84,1024
298,10,weights,0.273098,0.097376,0.920100,1.290573,42,84,1024
299,10,seq,0.512522,0.000273,0.000458,0.513253,21,22,1
299,10,par,0.234564,0.091725,0.828595,1.154885,21,22,1
299,10,weights,0.234527,0.090312,0.820515,1.145355,21,22,1
300,10,seq,0.275275,0.000278,0.000252,0.275806,20,12,0
300,10,par,0.141118,0.094619,0.451832,0.687569,20,12,0
300,10,weights,0.143572,0.093163,0.458812,0.695547,20,12,0
301,10,seq,0.271799,0.000278,0.000340,0.272418,21,22,0
301,10,par,0.169415,0.090430,0.725787,0.985632,21,22,0
301,10,weights,0.178113,0.094412,0.733128,1.005653,21,22,0
302,10,seq,0.402916,0.000316,7.039748,7.442979,54,144,10364
302,10,par,0.197465,0.086702,1.437997,1.722163,54,144,10364
302,10,weights,0.199294,0.091203,1.345573,1.636070,54,144,10364
303,10,seq,0.340561,0.000294,0.168605,0.509459,42,66,224
303,10,par,0.183689,0.085461,0.820805,1.089955,42,66,224
303,10,weights,0.180723,0.085338,0.825368,1.091430,42,66,224
304,10,seq,0.290127,0.000262,0.000330,0.290718,21,21,1
304,10,par,0.139622,0.091271,0.761265,0.992157,21,21,1
304,10,weights,0.147072,0.087060,0.768355,1.002486,21,21,1
305,10,seq,0.472565,0.000288,0.000092,0.472944,21,4,0
305,10,par,0.207480,0.087525,0.085857,0.380861,21,4,0
305,10,weights,0.211900,0.087637,0.000254,0.299791,21,4,0
306,10,seq,0.479931,0.000288,0.041206,0.521425,33,57,170
306,10,par,0.217094,0.086978,0.817181,1.121253,33,57,170
306,10,weights,0.210060,0.091356,0.824065,1.125481,33,57,170
307,10,seq,0.628963,0.000305,0.435835,1.065103,42,92,1024
307,10,par,0.255773,0.088311,0.858456,1.202540,42,92,1024
307,10,weights,0.255463,0.110863,0.879407,1.245732,42,92,1024
308,10,seq,0.399969,0.000295,0.038061,0.438325,33,56,148
308,10,par,0.206683,0.085853,0.815943,1.108479,33,56,148
308,10,weights,0.206237,0.087926,0.820559,1.114723,33,56,148
309,10,seq,0.611299,0.000301,0.200725,0.812325,42,100,1024
309,10,par,0.252760,0.088481,0.963808,1.305050,42,100,1024
309,10,weights,0.263589,0.086541,0.848304,1.198434,42,100,1024
310,10,seq,0.445315,0.000263,0.000083,0.445661,21,3,0
310,10,par,0.200643,0.086371,0.085620,0.372635,21,3,0
310,10,weights,0.202013,0.086771,0.000272,0.289056,21,3,0
311,10,seq,0.341446,0.000261,0.000099,0.341805,33,0,0
311,10,par,0.186486,0.087338,0.080936,0.354760,33,0,0
311,10,weights,0.198788,0.088135,0.000281,0.287204,33,0,0
312,10,seq,0.345686,0.000260,0.000076,0.346022,33,4,0
312,10,par,0.184924,0.086828,0.086548,0.358301,33,4,0
312,10,weights,0.192941,0.085077,0.000278,0.278296,33,4,0
313,10,seq,0.426674,0.000291,0.303923,0.730887,42,74,768
313,10,par,0.197145,0.083501,0.842954,1.123600,42,74,768
313,10,weights,0.190998,0.084500,0.848598,1.124096,42,74,768
314,10,seq,0.390391,0.000338,8.363315,8.754044,54,147,11848
314,10,par,0.177117,0.085836,1.571759,1.834712,54,147,11848
314,10,weights,0.198087,0.095913,1.626529,1.920529,54,147,11848
315,10,seq,0.333821,0.000267,0.000084,0.334171,21,8,0
315,10,par,0.183428,0.089938,0.088401,0.361767,21,8,0
315,10,weights,0.188887,0.091522,0.000271,0.280680,21,8,0
316,10,seq,0.359931,0.000283,0.076444,0.436659,42,68,768
316,10,par,0.188974,0.089602,0.850239,1.128814,42,68,768
316,10,weights,0.202036,0.091823,0.869412,1.163271,42,68,768
317,10,seq,0.219838,0.000263,0.000488,0.220589,21,23,1
317,10,par,0.153350,0.092054,0.795507,1.040911,21,23,1
317,10,weights,0.156874,0.091892,0.811178,1.059944,21,23,1
318,10,seq,0.342459,0.000296,0.022818,0.365572,33,54,16
318,10,par,0.160070,0.094388,0.837503,1.091961,33,54,16
318,10,weights,0.168508,0.091374,0.841458,1.101340,33,54,16
319,10,seq,0.308781,0.000276,0.000503,0.309560,21,23,1
319,10,par,0.167606,0.091325,0.805398,1.064329,21,23,1
319,10,weights,0.202492,0.091992,0.805472,1.099956,21,23,1
320,10,seq,0.377448,0.000280,0.000554,0.378281,33,30,1
320,10,par,0.205253,0.092602,0.789323,1.087178,33,30,1
320,10,weights,0.213532,0.095779,0.799534,1.108845,33,30,1
321,10,seq,0.320581,0.000286,0.000081,0.320948,21,4,0
321,10,par,0.175105,0.089583,0.089658,0.354347,21,4,0
321,10,weights,0.178958,0.093970,0.000276,0.273205,21,4,0
322,10,seq,0.278897,0.000257,0.000076,0.279231,21,4,0
322,10,par,0.173286,0.088580,0.086344,0.348211,21,4,0
322,10,weights,0.172799,0.093271,0.000265,0.266335,21,4,0
323,10,seq,0.466188,0.000256,0.000078,0.466522,20,10,0
323,10,par,0.155757,0.093733,0.088764,0.338254,20,10,0
323,10,weights,0.160715,0.090391,0.000273,0.251379,20,10,0
324,10,seq,0.281843,0.000272,0.000323,0.282437,21,18,1
324,10,par,0.167277,0.094341,0.794227,1.055844,21,18,1
324,10,weights,0.171719,0.093384,0.797878,1.062981,21,18,1
325,10,seq,0.290121,0.000263,0.000428,0.290812,20,20,1
325,10,par,0.140982,0.091560,0.797522,1.030064,20,20,1
325,10,weights,0.146872,0.092418,0.791084,1.030375,20,20,1
326,10,seq,0.446604,0.000300,0.493671,0.940575,42,80,1024
326,10,par,0.214462,0.087569,0.884343,1.186374,42,80,1024
326,10,weights,0.210531,0.093557,0.894431,1.198519,42,80,1024
327,10,seq,0.545966,0.000274,0.000144,0.546384,21,8,0
327,10,par,0.216451,0.092454,0.086278,0.395184,21,8,0
327,10,weights,0.222182,0.090288,0.088232,0.400702,21,8,0
328,10,seq,0.300124,0.000285,0.000433,0.300842,20,20,1
328,10,par,0.141590,0.087841,0.806490,1.035922,20,20,1
328,10,weights,0.147044,0.089066,0.803853,1.039964,20,20,1
329,10,seq,0.526327,0.000285,0.003957,0.530569,33,38,4
329,10,par,0.221845,0.285667,0.817833,1.325345,33,38,4
329,10,weights,0.224775,0.088463,0.815039,1.128276,33,38,4
330,10,seq,0.305892,0.000272,0.000387,0.306551,21,21,1
330,10,par,0.172620,0.086699,0.797494,1.056813,21,21,1
330,10,weights,0.171541,0.091285,0.797055,1.059880,21,21,1
331,10,seq,0.270642,0.000263,0.000386,0.271291,21,21,1
331,10,par,0.172094,0.089948,0.808333,1.070376,21,21,1
331,10,weights,0.167220,0.089347,0.795542,1.052109,21,21,1
332,10,seq,0.397080,0.000279,0.000083,0.397442,21,12,0
332,10,par,0.201715,0.087547,0.086802,0.376064,21,12,0
332,10,weights,0.206008,0.091724,0.000271,0.298003,21,12,0
333,10,seq,0.297128,0.000267,0.000431,0.297826,21,22,1
333,10,par,0.169479,0.088972,0.807015,1.065466,21,22,1
333,10,weights,0.175343,0.091507,0.809416,1.076266,21,22,1
334,10,seq,0.408822,0.000269,0.000425,0.409517,20,20,1
334,10,par,0.150993,0.091868,0.802008,1.044868,20,20,1
334,10,weights,0.155391,0.093774,0.789109,1.038274,20,20,1
335,10,seq,0.357304,0.000273,0.000391,0.357968,21,16,1
335,10,par,0.184371,0.092485,0.790128,1.066984,21,16,1
335,10,weights,0.192154,0.090850,0.797072,1.080077,21,16,1
336,10,seq,0.358225,0.000271,0.000386,0.358882,21,23,1
336,10,par,0.177872,0.089727,0.794727,1.062327,21,23,1
336,10,weights,0.185950,0.089093,0.801171,1.076214,21,23,1
337,10,seq,0.390573,0.000289,0.261529,0.652391,42,84,1024
337,10,par,0.200481,0.090802,0.867320,1.158603,42,84,1024
337,10,weights,0.198315,0.091440,0.934025,1.223780,42,84,1024
338,10,seq,0.309177,0.000262,0.000439,0.309878,21,23,1
338,10,par,0.175631,0.088479,0.767933,1.032044,21,23,1
338,10,weights,0.176983,0.085644,0.774671,1.037298,21,23,1
339,10,seq,0.584447,0.000256,0.000092,0.584794,21,3,0
339,10,par,0.232681,0.085822,0.083599,0.402102,21,3,0
339,10,weights,0.238150,0.085012,0.000246,0.323408,21,3,0
340,10,seq,0.260711,0.000313,0.000081,0.261104,21,9,0
340,10,par,0.162440,0.086910,0.082210,0.331559,21,9,0
340,10,weights,0.166826,0.091514,0.000256,0.258596,21,9,0
341,10,seq,0.314795,0.000261,0.000382,0.315439,21,23,1
341,10,par,0.177481,0.088778,0.766183,1.032442,21,23,1
341,10,weights,0.174235,0.086143,0.766945,1.027324,21,23,1
342,10,seq,0.547657,0.000276,0.000092,0.548024,33,6,0
342,10,par,0.228325,0.088268,0.084642,0.401235,33,6,0
342,10,weights,0.235379,0.088612,0.000244,0.324236,33,6,0
343,10,seq,0.273637,0.000269,0.000362,0.274268,21,15,1
343,10,par,0.161649,0.092049,0.767198,1.020896,21,15,1
343,10,weights,0.171026,0.085521,0.765772,1.022318,21,15,1
344,10,seq,0.408351,0.000269,0.000439,0.409059,21,21,1
344,10,par,0.202679,0.085969,0.769365,1.058013,21,21,1
344,10,weights,0.205191,0.085604,0.765552,1.056348,21,21,1
345,10,seq,0.321899,0.000272,0.000388,0.322559,33,23,1
345,10,par,0.177472,0.085063,0.762584,1.025119,33,23,1
345,10,weights,0.181417,0.086306,0.764768,1.032490,33,23,1
346,10,seq,0.297099,0.000330,0.129700,0.427129,42,116,1024
346,10,par,0.164497,0.090849,0.838385,1.093731,42,116,1024
346,10,weights,0.171802,0.083533,0.827626,1.082962,42,116,1024
347,10,seq,0.517414,0.000296,0.000082,0.517792,33,13,0
347,10,par,0.227779,0.083831,0.084535,0.396146,33,13,0
347,10,weights,0.223869,0.086913,0.000257,0.311039,33,13,0
348,10,seq,0.311590,0.000259,0.000342,0.312191,21,20,1
348,10,par,0.173246,0.089406,0.763522,1.026174,21,20,1
348,10,weights,0.178642,0.083700,0.771246,1.033589,21,20,1
349,10,seq,0.524857,0.000259,0.000353,0.525469,20,18,0
349,10,par,0.163529,0.087242,0.781312,1.032084,20,18,0
349,10,weights,0.164478,0.086680,0.763162,1.014320,20,18,0
350,10,seq,0.394531,0.000262,0.000309,0.395102,21,13,1
350,10,par,0.188557,0.086155,0.761109,1.035822,21,13,1
350,10,weights,0.199691,0.087612,0.767426,1.054729,21,13,1
351,10,seq,0.365156,0.000284,0.257607,0.623047,42,76,1024
351,10,par,0.176294,0.084570,0.843199,1.104062,42,76,1024
351,10,weights,0.172206,0.087873,0.930137,1.190216,42,76,1024
352,10,seq,0.255179,0.000255,0.000082,0.255517,21,4,0
352,10,par,0.162104,0.087694,0.081338,0.331136,21,4,0
352,10,weights,0.161428,0.089073,0.000263,0.250765,21,4,0
353,10,seq,0.551751,0.000313,0.517331,1.069395,45,98,1470
353,10,par,0.239214,0.079749,0.864872,1.183835,45,98,1470
353,10,weights,0.236529,0.091464,0.858080,1.186073,45,98,1470
354,10,seq,0.298219,0.000264,0.000284,0.298767,21,12,1
354,10,par,0.162858,0.085812,0.797808,1.046479,21,12,1
354,10,weights,0.163966,0.085898,0.746239,0.996102,21,12,1
355,10,seq,0.284959,0.000290,0.027163,0.312412,42,64,48
355,10,par,0.160980,0.085749,0.775904,1.022633,42,64,48
355,10,weights,0.169006,0.086753,0.782102,1.037861,42,64,48
356,10,seq,0.369821,0.000274,0.047437,0.417532,30,47,176
356,10,par,0.182507,0.084755,0.878522,1.145784,30,47,176
356,10,weights,0.178736,0.086934,0.800397,1.066067,30,47,176
357,10,seq,0.270334,0.000267,0.000080,0.270682,20,2,0
357,10,par,0.129379,0.083224,0.083843,0.296447,20,2,0
357,10,weights,0.135684,0.091924,0.000253,0.227861,20,2,0
358,10,seq,0.476254,0.000310,16.618167,17.094732,54,150,24156
358,10,par,0.213195,0.083616,2.144923,2.441733,54,150,24156
358,10,weights,0.228985,0.098532,2.193551,2.521068,54,150,24156
359,10,seq,0.428488,0.000271,0.018015,0.446773,33,50,67
359,10,par,0.219157,0.091512,0.822658,1.133326,33,50,67
359,10,weights,0.212828,0.089759,0.833265,1.135853,33,50,67
360,10,seq,0.471080,0.000316,6.883561,7.354956,54,154,9351
360,10,par,0.218060,0.085699,1.483382,1.787140,54,154,9351
360,10,weights,0.224749,0.088011,1.332525,1.645284,54,154,9351
361,10,seq,0.341383,0.000297,6.557902,6.899581,45,116,11691
361,10,par,0.175864,0.088937,1.469817,1.734618,45,116,11691
361,10,weights,0.186036,0.088603,1.533834,1.808473,45,116,11691
362,10,seq,0.286294,0.000261,0.000368,0.286923,30,22,2
362,10,par,0.144868,0.090690,0.799677,1.035235,30,22,2
362,10,weights,0.149562,0.092603,0.789991,1.032157,30,22,2
363,10,seq,0.380066,0.000302,0.482256,0.862624,42,92,1024
363,10,par,0.187356,0.088504,0.925294,1.201154,42,92,1024
363,10,weights,0.204002,0.090938,0.900735,1.195675,42,92,1024
364,10,seq,0.389666,0.000261,0.000080,0.390008,21,4,0
364,10,par,0.189865,0.089480,0.089303,0.368648,21,4,0
364,10,weights,0.194462,0.093610,0.000255,0.288327,21,4,0
365,10,seq,0.311962,0.000321,0.257945,0.570228,42,92,1024
365,10,par,0.171526,0.089469,0.883946,1.144942,42,92,1024
365,10,weights,0.171132,0.088107,0.889713,1.148952,42,92,1024
366,10,seq,0.672350,0.000270,0.000418,0.673038,21,25,1
366,10,par,0.254655,0.091132,0.801681,1.147468,21,25,1
366,10,weights,0.257260,0.089739,0.794768,1.141767,21,25,1
367,10,seq,0.460074,0.000281,0.021224,0.481579,33,55,89
367,10,par,0.221014,0.088024,0.833705,1.142742,33,55,89
367,10,weights,0.221538,0.088866,0.824280,1.134684,33,55,89
368,10,seq,0.320413,0.000289,0.000427,0.321129,21,25,1
368,10,par,0.162617,0.091675,0.790349,1.044641,21,25,1
368,10,weights,0.168218,0.088750,0.796176,1.053145,21,25,1
369,10,seq,0.270539,0.000253,0.000236,0.271028,20,10,1
369,10,par,0.133625,0.088865,0.796034,1.018524,20,10,1
369,10,weights,0.143024,0.089260,0.797299,1.029584,20,10,1
370,10,seq,0.526760,0.000265,0.000083,0.527107,20,5,0
370,10,par,0.169319,0.086225,0.083252,0.338797,20,5,0
370,10,weights,0.180050,0.086090,0.000276,0.266416,20,5,0
371,10,seq,0.301842,0.000294,0.053048,0.355184,30,56,168
371,10,par,0.183604,0.087989,0.841376,1.112968,30,56,168
371,10,weights,0.173540,0.088866,0.830216,1.092621,30,56,168
372,10,seq,0.341734,0.000294,0.029385,0.371413,30,59,164
372,10,par,0.174152,0.085298,0.829997,1.089446,30,59,164
372,10,weights,0.178985,0.089880,0.826325,1.095190,30,59,164
373,10,seq,0.469288,0.000272,0.000161,0.469721,30,14,0
373,10,par,0.161603,0.089398,0.172961,0.423962,30,14,0
373,10,weights,0.166567,0.093281,0.172419,0.432266,30,14,0
374,10,seq,0.626269,0.000323,8.101511,8.728104,54,145,10168
374,10,par,0.255394,0.091032,1.578924,1.925349,54,145,10168
374,10,weights,0.266902,0.093131,1.533347,1.893380,54,145,10168
375,10,seq,0.332253,0.000304,0.314711,0.647267,40,80,1024
375,10,par,0.150216,0.092049,0.905495,1.147760,40,80,1024
375,10,weights,0.154123,0.094375,0.923304,1.171801,40,80,1024
376,10,seq,0.392718,0.000265,0.000083,0.393066,21,6,0
376,10,par,0.198428,0.092140,0.093627,0.384195,21,6,0
376,10,weights,0.200918,0.094080,0.000253,0.295251,21,6,0
377,10,seq,0.367500,0.000294,0.032651,0.400444,42,76,256
377,10,par,0.190199,0.089554,0.858272,1.138025,42,76,256
377,10,weights,0.199366,0.095787,0.858878,1.154031,42,76,256
378,10,seq,0.330812,0.000264,0.000085,0.331160,21,8,0
378,10,par,0.175936,0.090117,0.089608,0.355662,21,8,0
378,10,weights,0.178348,0.092458,0.000250,0.271056,21,8,0
379,10,seq,0.692858,0.000342,8.965794,9.658995,54,162,10802
379,10,par,0.300759,0.087239,1.555312,1.943309,54,162,10802
379,10,weights,0.312277,0.091035,1.557311,1.960623,54,162,10802
380,10,seq,0.449912,0.000272,0.000083,0.450267,21,9,0
380,10,par,0.206285,0.090489,0.087251,0.384026,21,9,0
380,10,weights,0.270098,0.089126,0.000256,0.359480,21,9,0
381,10,seq,0.311215,0.000278,0.014565,0.326058,30,52,108
381,10,par,0.162612,0.084132,0.799332,1.046076,30,52,108
381,10,weights,0.167839,0.087617,0.817790,1.073246,30,52,108
382,10,seq,0.229622,0.000258,0.000083,0.229962,21,0,0
382,10,par,0.147594,0.085925,0.086215,0.319734,21,0,0
382,10,weights,0.156986,0.085513,0.000247,0.242746,21,0,0
383,10,seq,0.280816,0.000282,0.000476,0.281574,21,21,1
383,10,par,0.170041,0.088284,0.774970,1.033296,21,21,1
383,10,weights,0.175368,0.087178,0.777309,1.039854,21,21,1
384,10,seq,0.297422,0.000263,0.000083,0.297768,21,14,0
384,10,par,0.168172,0.086805,0.084098,0.339074,21,14,0
384,10,weights,0.163932,0.090694,0.000248,0.254874,21,14,0
385,10,seq,0.324910,0.000258,0.000384,0.325552,21,20,1
385,10,par,0.163903,0.086359,0.834003,1.084265,21,20,1
385,10,weights,0.171304,0.087234,0.773762,1.032300,21,20,1
386,10,seq,0.560742,0.000336,3.299097,3.860175,54,177,24632
386,10,par,0.244424,0.083478,1.368891,1.696793,54,177,24632
386,10,weights,0.259651,0.091000,1.396704,1.747356,54,177,24632
387,10,seq,0.288813,0.000254,0.000177,0.289243,21,5,0
387,10,par,0.174177,0.091054,0.351484,0.616715,21,5,0
387,10,weights,0.172346,0.090940,0.363260,0.626546,21,5,0
388,10,seq,0.474621,0.000271,0.000083,0.474975,21,16,0
388,10,par,0.211123,0.089126,0.092977,0.393227,21,16,0
388,10,weights,0.217380,0.093630,0.000251,0.311261,21,16,0
389,10,seq,0.348076,0.000266,0.000522,0.348864,21,24,1
389,10,par,0.195769,0.091209,0.809698,1.096676,21,24,1
389,10,weights,0.198842,0.091858,0.824186,1.114885,21,24,1
390,10,seq,0.266538,0.000232,0.000250,0.267020,20,10,1
390,10,par,0.153033,0.103194,0.842394,1.098620,20,10,1
390,10,weights,0.144722,0.093440,0.824638,1.062800,20,10,1
391,10,seq,0.328622,0.000302,0.495494,0.824418,42,88,1024
391,10,par,0.185511,0.091662,0.895461,1.172634,42,88,1024
391,10,weights,0.183956,0.093122,0.953458,1.230537,42,88,1024
392,10,seq,0.515434,0.000259,0.000164,0.515857,21,11,0
392,10,par,0.214847,0.092850,0.267268,0.574965,21,11,0
392,10,weights,0.216709,0.097364,0.274525,0.588598,21,11,0
393,10,seq,0.299204,0.000286,0.000403,0.299893,21,22,1
393,10,par,0.183928,0.094252,0.828955,1.107136,21,22,1
393,10,weights,0.185867,0.093224,0.824169,1.103260,21,22,1
394,10,seq,0.481439,0.000276,0.000082,0.481796,21,1,0
394,10,par,0.217288,0.087758,0.089150,0.394197,21,1,0
394,10,weights,0.222629,0.091948,0.000270,0.314847,21,1,0
395,10,seq,0.286588,0.000258,0.000472,0.287319,21,19,1
395,10,par,0.173132,0.094799,0.808263,1.076194,21,19,1
395,10,weights,0.181458,0.090020,0.814747,1.086225,21,19,1
396,10,seq,0.329080,0.000265,0.000180,0.329525,21,18,0
396,10,par,0.179325,0.094588,0.361885,0.635798,21,18,0
396,10,weights,0.182199,0.092204,0.363195,0.637597,21,18,0
397,10,seq,0.520956,0.000302,0.024873,0.546132,33,63,38
397,10,par,0.196640,0.094476,0.847078,1.138195,33,63,38
397,10,weights,0.203120,0.094425,0.844812,1.142357,33,63,38
398,10,seq,0.322470,0.000301,0.469401,0.792171,42,84,1024
398,10,par,0.167413,0.092734,0.921156,1.181302,42,84,1024
398,10,weights,0.169355,0.089637,0.918010,1.177001,42,84,1024
399,10,seq,0.303461,0.000289,0.091771,0.395521,33,66,208
399,10,par,0.178216,0.095690,0.887251,1.161156,33,66,208
399,10,weights,0.176355,0.092210,0.875659,1.144224,33,66,208
400,10,seq,0.630515,0.000332,0.554034,1.184881,42,124,1024
400,10,par,0.270539,0.090205,0.914613,1.275358,42,124,1024
400,10,weights,0.269284,0.088376,0.922298,1.279958,42,124,1024
401,10,seq,0.288171,0.000300,0.130400,0.418871,42,76,1024
401,10,par,0.168344,0.092567,0.876514,1.137425,42,76,1024
401,10,weights,0.172559,0.091604,0.886301,1.150464,42,76,1024
402,10,seq,0.538825,0.000337,4.622788,5.161951,54,158,11860
402,10,par,0.241413,0.087180,1.449568,1.778160,54,158,11860
402,10,weights,0.248246,0.084639,1.266525,1.599410,54,158,11860
403,10,seq,0.408883,0.000336,11.901890,12.311109,54,139,17318
403,10,par,0.190886,0.083848,1.820645,2.095379,54,139,17318
403,10,weights,0.209990,0.091427,1.854523,2.155941,54,139,17318
404,10,seq,0.746854,0.000277,0.009304,0.756434,33,28,16
404,10,par,0.271066,0.089811,0.845262,1.206138,33,28,16
404,10,weights,0.270117,0.095650,0.853163,1.218929,33,28,16
405,10,seq,0.688146,0.000281,0.002343,0.690770,33,34,16
405,10,par,0.270513,0.096669,0.831243,1.198425,33,34,16
405,10,weights,0.273847,0.093821,0.823035,1.190703,33,34,16
406,10,seq,0.346862,0.000290,0.069971,0.417123,42,74,768
406,10,par,0.187580,0.089749,0.888145,1.165474,42,74,768
406,10,weights,0.194975,0.091108,0.919124,1.205207,42,74,768
407,10,seq,0.338080,0.000283,0.014737,0.353100,33,52,109
407,10,par,0.192660,0.102609,0.856009,1.151278,33,52,109
407,10,weights,0.185760,0.096218,0.851684,1.133662,33,52,109
408,10,seq,0.295323,0.000265,0.000434,0.296022,21,20,1
408,10,par,0.163594,0.090388,0.808632,1.062615,21,20,1
408,10,weights,0.164613,0.092045,0.822787,1.079445,21,20,1
409,10,seq,0.338289,0.000282,0.000082,0.338653,21,2,0
409,10,par,0.181466,0.091134,0.090801,0.363400,21,2,0
409,10,weights,0.190940,0.334651,0.000236,0.525828,21,2,0
410,10,seq,0.462867,0.000258,0.000405,0.463529,21,22,1
410,10,par,0.206721,0.091029,0.813390,1.111139,21,22,1
410,10,weights,0.208956,0.094487,0.808724,1.112167,21,22,1
411,10,seq,0.306471,0.000298,0.000627,0.307397,30,48,1
411,10,par,0.170042,0.089558,0.808989,1.068589,30,48,1
411,10,weights,0.168025,0.092032,0.817095,1.077152,30,48,1
412,10,seq,0.462672,0.000269,0.000384,0.463324,21,25,1
412,10,par,0.209304,0.092382,0.813726,1.115412,21,25,1
412,10,weights,0.213194,0.092377,0.804591,1.110163,21,25,1
413,10,seq,0.348037,0.000260,0.000091,0.348387,21,4,0
413,10,par,0.182141,0.091557,0.088040,0.361738,21,4,0
413,10,weights,0.186738,0.091179,0.000262,0.278178,21,4,0
414,10,seq,0.455652,0.000274,0.000076,0.456003,21,9,0
414,10,par,0.210527,0.091526,0.086798,0.388851,21,9,0
414,10,weights,0.220949,0.089508,0.000251,0.310709,21,9,0
415,10,seq,0.349943,0.000285,0.000078,0.350306,30,37,0
415,10,par,0.175201,0.085934,0.084750,0.345885,30,37,0
415,10,weights,0.177919,0.094745,0.000256,0.272920,30,37,0
416,10,seq,0.275378,0.000270,0.105505,0.381152,30,56,576
416,10,par,0.145226,0.088845,0.855847,1.089918,30,56,576
416,10,weights,0.145652,0.090782,0.846496,1.082929,30,56,576
417,10,seq,0.385983,0.000282,0.077965,0.464229,33,59,232
417,10,par,0.191122,0.088553,0.901166,1.180840,33,59,232
417,10,weights,0.198356,0.087796,0.825809,1.111961,33,59,232
418,10,seq,0.648075,0.000283,0.054888,0.703246,33,56,164
418,10,par,0.251419,0.088015,0.815988,1.155423,33,56,164
418,10,weights,0.250532,0.086362,0.825568,1.162463,33,56,164
419,10,seq,0.381101,0.000304,0.477895,0.859299,42,92,1024
419,10,par,0.179854,0.091168,0.867750,1.138772,42,92,1024
419,10,weights,0.189912,0.086785,0.916492,1.193189,42,92,1024
420,10,seq,0.336022,0.000255,0.000081,0.336358,21,6,0
420,10,par,0.183796,0.091891,0.089817,0.365504,21,6,0
420,10,weights,0.184803,0.093778,0.000272,0.278854,21,6,0
421,10,seq,0.328925,0.000263,0.000089,0.329277,21,8,0
421,10,par,0.175247,0.092819,0.088847,0.356913,21,8,0
421,10,weights,0.185610,0.090979,0.000287,0.276875,21,8,0
422,10,seq,0.534511,0.000270,0.000079,0.534860,21,1,0
422,10,par,0.235325,0.090300,0.089430,0.415055,21,1,0
422,10,weights,0.237604,0.094016,0.000251,0.331872,21,1,0
423,10,seq,0.357450,0.000295,0.000080,0.357825,33,9,0
423,10,par,0.187487,0.092611,0.089072,0.369169,33,9,0
423,10,weights,0.191289,0.091105,0.000252,0.282645,33,9,0
424,10,seq,0.268229,0.000273,0.000080,0.268581,21,0,0
424,10,par,0.167265,0.089867,0.086568,0.343700,21,0,0
424,10,weights,0.170614,0.090022,0.000250,0.260886,21,0,0
425,10,seq,0.524768,0.000303,0.364956,0.890027,42,90,768
425,10,par,0.229261,0.088846,0.922359,1.240467,42,90,768
425,10,weights,0.244894,0.091401,0.882950,1.219245,42,90,768
426,10,seq,0.266881,0.000277,0.000083,0.267240,21,1,0
426,10,par,0.167951,0.090868,0.085998,0.344817,21,1,0
426,10,weights,0.174145,0.092345,0.000247,0.266737,21,1,0
427,10,seq,0.337922,0.000248,0.000234,0.338404,20,10,1
427,10,par,0.143843,0.093243,0.811152,1.048239,20,10,1
427,10,weights,0.148975,0.093619,0.815113,1.057707,20,10,1
428,10,seq,0.372793,0.000265,0.000426,0.373484,21,22,1
428,10,par,0.171406,0.088577,0.808647,1.068630,21,22,1
428,10,weights,0.169316,0.089787,0.815686,1.074789,21,22,1
429,10,seq,0.250601,0.000264,0.000386,0.251251,21,23,1
429,10,par,0.163583,0.091493,0.815674,1.070750,21,23,1
429,10,weights,0.167843,0.094756,0.813978,1.076576,21,23,1
430,10,seq,0.331854,0.000268,0.000432,0.332554,21,22,1
430,10,par,0.165308,0.091868,0.823358,1.080534,21,22,1
430,10,weights,0.175891,0.089961,0.815819,1.081672,21,22,1
431,10,seq,0.449389,0.000274,0.069108,0.518770,33,60,768
431,10,par,0.208491,0.089071,0.870509,1.168070,33,60,768
431,10,weights,0.213673,0.088384,0.865650,1.167707,33,60,768
432,10,seq,0.287780,0.000258,0.000082,0.288121,21,3,0
432,10,par,0.161768,0.095518,0.088761,0.346046,21,3,0
432,10,weights,0.173579,0.094910,0.000248,0.268737,21,3,0
433,10,seq,0.263850,0.000270,0.000365,0.264485,21,19,1
433,10,par,0.170960,0.090381,0.809111,1.070451,21,19,1
433,10,weights,0.175614,0.090411,0.807167,1.073192,21,19,1
434,10,seq,0.451821,0.000317,0.090834,0.542971,42,88,1024
434,10,par,0.210920,0.091139,0.909434,1.211494,42,88,1024
434,10,weights,0.207474,0.085800,0.844759,1.138034,42,88,1024
435,10,seq,0.501454,0.000281,0.000171,0.501907,33,17,0
435,10,par,0.217505,0.086103,0.263512,0.567120,33,17,0
435,10,weights,0.225875,0.084484,0.257990,0.568349,33,17,0
436,10,seq,0.390224,0.000257,0.000090,0.390571,21,3,0
436,10,par,0.184805,0.085130,0.082817,0.352752,21,3,0
436,10,weights,0.199653,0.087358,0.000246,0.287257,21,3,0
437,10,seq,0.569596,0.000278,0.000078,0.569953,21,2,0
437,10,par,0.262174,0.084233,0.086596,0.433003,21,2,0
437,10,weights,0.246771,0.084721,0.000246,0.331739,21,2,0
438,10,seq,0.465284,0.000270,0.000077,0.465631,21,2,0
438,10,par,0.196859,0.086060,0.082114,0.365034,21,2,0
438,10,weights,0.201953,0.087647,0.000246,0.289846,21,2,0
439,10,seq,0.457034,0.000298,0.000622,0.457954,30,47,1
439,10,par,0.210406,0.087757,0.796308,1.094471,30,47,1
439,10,weights,0.225042,0.093319,0.816722,1.135083,30,47,1
440,10,seq,0.417229,0.000255,0.000173,0.417656,20,10,0
440,10,par,0.148986,0.087643,0.168276,0.404905,20,10,0
440,10,weights,0.151063,0.089627,0.173787,0.414477,20,10,0
441,10,seq,0.313027,0.000295,0.000776,0.314099,33,30,4
441,10,par,0.171609,0.083604,0.774194,1.029407,33,30,4
441,10,weights,0.177032,0.084501,0.777789,1.039322,33,30,4
442,10,seq,0.276587,0.000272,0.000554,0.277413,21,28,1
442,10,par,0.154902,0.082505,0.778894,1.016301,21,28,1
442,10,weights,0.166394,0.085165,0.776587,1.028146,21,28,1
443,10,seq,0.374706,0.000287,0.465362,0.840355,45,68,931
443,10,par,0.193351,0.084464,0.876375,1.154190,45,68,931
443,10,weights,0.198298,0.085937,0.876609,1.160844,45,68,931
444,10,seq,0.372850,0.000325,7.858759,8.231933,54,165,22474
444,10,par,0.199699,0.086093,1.557620,1.843412,54,165,22474
444,10,weights,0.203454,0.088327,1.581062,1.872843,54,165,22474
445,10,seq,0.498836,0.000298,0.309332,0.808466,42,96,1024
445,10,par,0.232412,0.092225,0.841120,1.165757,42,96,1024
445,10,weights,0.225200,0.089128,0.857064,1.171391,42,96,1024
446,10,seq,0.369228,0.000320,7.283994,7.653543,54,153,10240
446,10,par,0.190086,0.084949,1.457246,1.732281,54,153,10240
446,10,weights,0.198535,0.086710,1.537547,1.822792,54,153,10240
447,10,seq,0.299778,0.000276,0.000410,0.300463,20,20,1
447,10,par,0.141656,0.094878,0.782380,1.018913,20,20,1
447,10,weights,0.142449,0.091010,0.789144,1.022603,20,20,1
448,10,seq,0.584804,0.000254,0.000303,0.585362,21,13,1
448,10,par,0.248927,0.088212,0.776018,1.113157,21,13,1
448,10,weights,0.256290,0.086097,0.781765,1.124152,21,13,1
449,10,seq,0.689007,0.000285,0.005066,0.694358,33,39,16
449,10,par,0.263522,0.088851,0.798317,1.150691,33,39,16
449,10,weights,0.272864,0.086596,0.799609,1.159069,33,39,16
450,10,seq,0.302754,0.000264,0.000082,0.303100,21,7,0
450,10,par,0.171314,0.090141,0.084396,0.345851,21,7,0
450,10,weights,0.174699,0.087703,0.000248,0.262650,21,7,0
451,10,seq,0.527157,0.000312,0.027916,0.555384,45,85,183
451,10,par,0.233343,0.086906,0.821531,1.141779,45,85,183
451,10,weights,0.244928,0.088810,0.882336,1.216073,45,85,183
452,10,seq,0.375453,0.000333,133.188854,133.564640,66,204,133376
452,10,par,0.194845,0.087322,9.958600,10.240767,66,204,133376
452,10,weights,0.202982,0.089998,10.354089,10.647070,66,204,133376
453,10,seq,0.325430,0.000246,0.000089,0.325765,21,2,0
453,10,par,0.177766,0.090177,0.093626,0.361570,21,2,0
453,10,weights,0.187517,0.090113,0.000250,0.277880,21,2,0
454,10,seq,0.410228,0.000259,0.000078,0.410565,21,10,0
454,10,par,0.199852,0.096108,0.089693,0.385653,21,10,0
454,10,weights,0.206418,0.092145,0.000303,0.298866,21,10,0
455,10,seq,0.599228,0.000298,0.560550,1.160076,42,96,1024
455,10,par,0.236620,0.090700,0.901249,1.228569,42,96,1024
455,10,weights,0.238507,0.094695,0.913062,1.246263,42,96,1024
456,10,seq,0.659300,0.000298,0.217798,0.877396,42,74,480
456,10,par,0.281026,0.091711,0.856934,1.229671,42,74,480
456,10,weights,0.281314,0.092444,0.867573,1.241332,42,74,480
457,10,seq,0.368733,0.000307,0.158284,0.527324,42,104,1024
457,10,par,0.196420,0.090981,0.872955,1.160356,42,104,1024
457,10,weights,0.194663,0.090722,0.870932,1.156317,42,104,1024
458,10,seq,0.534512,0.000279,0.000094,0.534884,21,9,0
458,10,par,0.218657,0.088297,0.086804,0.393758,21,9,0
458,10,weights,0.229718,0.089404,0.000264,0.319387,21,9,0
459,10,seq,0.420737,0.000278,0.087946,0.508961,33,62,360
459,10,par,0.181272,0.092935,0.998350,1.272557,33,62,360
459,10,weights,0.182826,0.090964,0.841134,1.114924,33,62,360
460,10,seq,0.485569,0.000317,0.002242,0.488128,42,68,0
460,10,par,0.224770,0.091825,0.361396,0.677991,42,68,0
460,10,weights,0.224083,0.091917,0.376575,0.692575,42,68,0
461,10,seq,0.327360,0.000275,0.000153,0.327789,33,8,0
461,10,par,0.188628,0.090305,0.088993,0.367926,33,8,0
461,10,weights,0.186244,0.092769,0.086925,0.365937,33,8,0
462,10,seq,0.550752,0.000261,0.000164,0.551177,21,7,0
462,10,par,0.218238,0.090289,0.259189,0.567716,21,7,0
462,10,weights,0.211838,0.093070,0.267126,0.572034,21,7,0
463,10,seq,0.282910,0.000307,0.319891,0.603108,42,100,1024
463,10,par,0.161659,0.089939,0.852651,1.104249,42,100,1024
463,10,weights,0.163753,0.091875,0.862301,1.117928,42,100,1024
464,10,seq,0.357519,0.000262,0.000083,0.357863,21,15,0
464,10,par,0.197102,0.088668,0.084776,0.370546,21,15,0
464,10,weights,0.195493,0.141670,0.000199,0.337363,21,15,0
465,10,seq,0.645015,0.000263,0.000450,0.645729,21,27,1
465,10,par,0.240898,0.088810,0.792712,1.122420,21,27,1
465,10,weights,0.251465,0.087605,0.784460,1.123531,21,27,1
466,10,seq,0.444476,0.000312,0.494835,0.939623,42,92,1024
466,10,par,0.222087,0.085391,0.888084,1.195562,42,92,1024
466,10,weights,0.222132,0.089146,0.866411,1.177688,42,92,1024
467,10,seq,0.229338,0.000259,0.000366,0.229963,20,20,1
467,10,par,0.157900,0.085274,0.788233,1.031408,20,20,1
467,10,weights,0.145741,0.095829,0.781358,1.022928,20,20,1
468,10,seq,0.578594,0.000295,0.001178,0.580067,33,45,1
468,10,par,0.255046,0.089030,0.775810,1.119886,33,45,1
468,10,weights,0.262707,0.087639,0.763680,1.114026,33,45,1
469,10,seq,0.328042,0.000283,0.069833,0.398159,33,59,182
469,10,par,0.184396,0.086657,0.808036,1.079089,33,59,182
469,10,weights,0.194252,0.088787,0.804299,1.087338,33,59,182
470,10,seq,0.298962,0.000292,0.161469,0.460724,42,88,1024
470,10,par,0.165305,0.084368,0.841294,1.090968,42,88,1024
470,10,weights,0.156571,0.088095,0.842981,1.087647,42,88,1024
471,10,seq,0.309035,0.000283,0.124172,0.433490,40,68,603
471,10,par,0.144936,0.089620,0.848022,1.082578,40,68,603
471,10,weights,0.142713,0.087566,0.849681,1.079960,40,68,603
472,10,seq,0.398727,0.000244,0.000400,0.399371,21,24,1
472,10,par,0.196568,0.095864,0.784398,1.076830,21,24,1
472,10,weights,0.184438,0.089201,0.781019,1.054657,21,24,1
473,10,seq,0.277526,0.000264,0.000082,0.277873,21,7,0
473,10,par,0.171156,0.089333,0.086652,0.347142,21,7,0
473,10,weights,0.175697,0.089847,0.000245,0.265789,21,7,0
474,10,seq,0.310851,0.000255,0.000077,0.311182,21,3,0
474,10,par,0.171491,0.090962,0.084911,0.347364,21,3,0
474,10,weights,0.184994,0.086590,0.000256,0.271840,21,3,0
475,10,seq,0.482762,0.000257,0.000076,0.483096,21,4,0
475,10,par,0.202393,0.089882,0.084252,0.376528,21,4,0
475,10,weights,0.214799,0.086855,0.000243,0.301897,21,4,0
476,10,seq,0.509994,0.000254,0.000077,0.510324,21,0,0
476,10,par,0.214182,0.086030,0.082178,0.382390,21,0,0
476,10,weights,0.226449,0.087392,0.000268,0.314109,21,0,0
477,10,seq,0.379857,0.000282,0.000078,0.380217,21,1,0
477,10,par,0.195138,0.086458,0.086220,0.367817,21,1,0
477,10,weights,0.203707,0.085865,0.000247,0.289819,21,1,0
478,10,seq,0.341019,0.000289,0.260466,0.601774,42,84,1024
478,10,par,0.186430,0.086657,0.867522,1.140609,42,84,1024
478,10,weights,0.184209,0.085364,0.859013,1.128586,42,84,1024
479,10,seq,0.283151,0.000294,0.146533,0.429978,42,92,1024
479,10,par,0.158581,0.085435,0.836529,1.080545,42,92,1024
479,10,weights,0.167996,0.088902,0.851054,1.107952,42,92,1024
480,10,seq,0.299345,0.000249,0.000081,0.299675,21,0,0
480,10,par,0.171444,0.085818,0.087033,0.344295,21,0,0
480,10,weights,0.176828,0.089716,0.000255,0.266798,21,0,0
481,10,seq,0.560266,0.000283,0.000426,0.560975,21,25,1
481,10,par,0.223520,0.088116,0.772322,1.083957,21,25,1
481,10,weights,0.223639,0.088070,0.781518,1.093227,21,25,1
482,10,seq,0.307814,0.000286,0.087211,0.395311,42,80,1024
482,10,par,0.188462,0.088602,0.849001,1.126064,42,80,1024
482,10,weights,0.188644,0.089629,0.840267,1.118540,42,80,1024
483,10,seq,0.258831,0.000247,0.000082,0.259160,20,1,0
483,10,par,0.135157,0.086590,0.084442,0.306189,20,1,0
483,10,weights,0.141920,0.089634,0.000267,0.231820,20,1,0
484,10,seq,0.220089,0.000257,0.000174,0.220520,20,10,0
484,10,par,0.127112,0.088225,0.347341,0.562679,20,10,0
484,10,weights,0.131743,0.086912,0.343731,0.562387,20,10,0
485,10,seq,0.458996,0.000249,0.000083,0.459328,21,0,0
485,10,par,0.201786,0.087179,0.084001,0.372966,21,0,0
485,10,weights,0.198363,0.089204,0.000246,0.287813,21,0,0
486,10,seq,0.325307,0.000261,0.000453,0.326022,21,22,1
486,10,par,0.174049,0.087739,0.778727,1.040515,21,22,1
486,10,weights,0.175083,0.091383,0.776207,1.042673,21,22,1
487,10,seq,0.298807,0.000267,0.000284,0.299358,21,14,1
487,10,par,0.180378,0.086788,0.774488,1.041655,21,14,1
487,10,weights,0.186298,0.087895,0.770778,1.044971,21,14,1
488,10,seq,0.403944,0.000263,0.000165,0.404371,30,5,0
488,10,par,0.152153,0.091710,0.263062,0.506926,30,5,0
488,10,weights,0.157260,0.089158,0.262210,0.508628,30,5,0
489,10,seq,0.338051,0.000289,0.000502,0.338842,21,25,1
489,10,par,0.179974,0.093466,0.772284,1.045724,21,25,1
489,10,weights,0.188410,0.087449,0.773270,1.049130,21,25,1
490,10,seq,0.393061,0.000276,0.014840,0.408177,33,39,32
490,10,par,0.190479,0.087683,0.804984,1.083145,33,39,32
490,10,weights,0.198781,0.086993,0.791399,1.077173,33,39,32
491,10,seq,0.539999,0.000326,0.079654,0.619979,42,72,512
491,10,par,0.230287,0.089140,0.833157,1.152584,42,72,512
491,10,weights,0.230985,0.087957,0.822532,1.141475,42,72,512
492,10,seq,0.292643,0.000264,0.000351,0.293258,20,20,1
492,10,par,0.136199,0.087665,0.771023,0.994887,20,20,1
492,10,weights,0.139394,0.092377,0.846685,1.078456,20,20,1
493,10,seq,0.364733,0.000263,0.000298,0.365294,21,12,1
493,10,par,0.191669,0.094170,0.796473,1.082312,21,12,1
493,10,weights,0.177306,0.091655,0.820285,1.089246,21,12,1
494,10,seq,0.382508,0.000274,0.000660,0.383442,30,44,1
494,10,par,0.192636,0.094084,0.796524,1.083244,30,44,1
494,10,weights,0.186971,0.086797,0.780407,1.054176,30,44,1
495,10,seq,0.415788,0.000258,0.000092,0.416138,21,4,0
495,10,par,0.190000,0.085996,0.086347,0.362343,21,4,0
495,10,weights,0.206493,0.086146,0.000249,0.292887,21,4,0
496,10,seq,0.414485,0.000267,0.000173,0.414925,21,7,0
496,10,par,0.192017,0.086999,0.262860,0.541876,21,7,0
496,10,weights,0.198004,0.089856,0.258941,0.546801,21,7,0
497,10,seq,0.258876,0.000279,0.001188,0.260343,33,43,2
497,10,par,0.156610,0.088241,0.825350,1.070201,33,43,2
497,10,weights,0.164842,0.088659,0.780646,1.034147,33,43,2
498,10,seq,0.387794,0.000286,0.017812,0.405892,33,56,79
498,10,par,0.198838,0.091005,0.799796,1.089639,33,56,79
498,10,weights,0.199516,0.089245,0.811498,1.100259,33,56,79
499,10,seq,0.435882,0.000321,0.204249,0.640452,42,104,384
499,10,par,0.218632,0.086811,0.829319,1.134762,42,104,384
499,10,weights,0.207171,0.090905,0.837961,1.136037,42,104,384
500,10,seq,0.257153,0.000296,0.304748,0.562196,42,96,1024
500,10,par,0.163382,0.088405,0.863084,1.114872,42,96,1024
500,10,weights,0.163983,0.091560,0.860110,1.115654,42,96,1024
501,10,seq,0.249310,0.000271,0.000083,0.249663,21,4,0
501,10,par,0.159974,0.086336,0.084363,0.330674,21,4,0
501,10,weights,0.166272,0.087989,0.000251,0.254511,21,4,0
502,10,seq,0.443134,0.000265,0.003804,0.447202,30,30,17
502,10,par,0.152117,0.087930,0.798829,1.038877,30,30,17
502,10,weights,0.160573,0.090032,0.803706,1.054310,30,30,17
503,10,seq,0.320222,0.000278,0.000366,0.320866,21,23,1
503,10,par,0.173917,0.086305,0.775298,1.035520,21,23,1
503,10,weights,0.170784,0.088078,0.771842,1.030705,21,23,1
504,10,seq,0.292860,0.000265,0.000472,0.293597,21,26,1
504,10,par,0.143742,0.087698,0.764985,0.996424,21,26,1
504,10,weights,0.154421,0.090900,0.784402,1.029723,21,26,1
505,10,seq,0.306896,0.000247,0.000469,0.307612,21,24,1
505,10,par,0.172885,0.097102,0.781913,1.051900,21,24,1
505,10,weights,0.167765,0.087262,0.779439,1.034467,21,24,1
506,10,seq,0.275801,0.000292,0.000087,0.276180,21,6,0
506,10,par,0.167014,0.087263,0.087258,0.341536,21,6,0
506,10,weights,0.173810,0.091617,0.000253,0.265679,21,6,0
507,10,seq,0.356141,0.000270,0.003424,0.359835,33,24,16
507,10,par,0.186470,0.088968,0.829220,1.104658,33,24,16
507,10,weights,0.180673,0.085809,0.812057,1.078539,33,24,16
508,10,seq,0.435829,0.000288,0.000328,0.436446,33,23,0
508,10,par,0.208382,0.085722,0.623055,0.917158,33,23,0
508,10,weights,0.206367,0.086410,0.593862,0.886640,33,23,0
509,10,seq,0.226620,0.000285,0.082648,0.309553,33,55,232
509,10,par,0.160020,0.084932,0.839048,1.083999,33,55,232
509,10,weights,0.149684,0.088608,0.826574,1.064865,33,55,232
510,10,seq,0.303360,0.000260,0.000480,0.304100,21,22,1
510,10,par,0.178784,0.091126,0.777512,1.047422,21,22,1
510,10,weights,0.184326,0.087200,0.773764,1.045290,21,22,1
511,10,seq,0.334382,0.000272,0.000423,0.335078,21,21,1
511,10,par,0.179905,0.090071,0.775479,1.045455,21,21,1
511,10,weights,0.187256,0.086573,0.771952,1.045781,21,21,1
512,10,seq,0.510964,0.000280,0.003809,0.515053,33,40,16
512,10,par,0.216920,0.086348,0.783570,1.086838,33,40,16
512,10,weights,0.224381,0.171062,0.784685,1.180128,33,40,16
513,10,seq,0.252278,0.000271,0.000083,0.252632,21,8,0
513,10,par,0.147821,0.087724,0.085652,0.321197,21,8,0
513,10,weights,0.157163,0.085740,0.000258,0.243161,21,8,0
514,10,seq,0.440737,0.000260,0.000469,0.441465,21,22,1
514,10,par,0.211938,0.086803,0.771014,1.069755,21,22,1
514,10,weights,0.218362,0.086565,0.773796,1.078723,21,22,1
515,10,seq,0.353100,0.000272,0.064957,0.418330,30,56,640
515,10,par,0.151278,0.087803,0.872696,1.111777,30,56,640
515,10,weights,0.153874,0.088905,0.821389,1.064168,30,56,640
516,10,seq,0.450102,0.000259,0.000090,0.450451,21,3,0
516,10,par,0.189727,0.086894,0.081736,0.358357,21,3,0
516,10,weights,0.197891,0.086669,0.000244,0.284804,21,3,0
517,10,seq,0.317962,0.000266,0.000078,0.318306,21,4,0
517,10,par,0.170354,0.087551,0.080693,0.338597,21,4,0
517,10,weights,0.177624,0.090253,0.000247,0.268125,21,4,0
518,10,seq,0.293528,0.000257,0.000434,0.294218,21,22,1
518,10,par,0.170102,0.086602,0.766247,1.022951,21,22,1
518,10,weights,0.182327,0.086957,0.767251,1.036535,21,22,1
519,10,seq,0.260894,0.000268,0.000437,0.261599,21,22,1
519,10,par,0.163778,0.087087,0.770829,1.021693,21,22,1
519,10,weights,0.168547,0.086847,0.777495,1.032889,21,22,1
520,10,seq,0.429484,0.000246,0.000085,0.429814,21,3,0
520,10,par,0.192992,0.086121,0.083018,0.362130,21,3,0
520,10,weights,0.192132,0.088062,0.000245,0.280440,21,3,0
521,10,seq,0.529569,0.000294,0.460026,0.989889,42,80,1024
521,10,par,0.228777,0.087421,0.870794,1.186991,42,80,1024
521,10,weights,0.240908,0.088717,0.856565,1.186190,42,80,1024
522,10,seq,0.273190,0.000279,0.000391,0.273859,21,21,1
522,10,par,0.167741,0.089475,0.769220,1.026435,21,21,1
522,10,weights,0.170688,0.084128,0.781451,1.036268,21,21,1
523,10,seq,0.259597,0.000300,0.030624,0.290521,33,51,86
523,10,par,0.166333,0.085209,0.807292,1.058833,33,51,86
523,10,weights,0.173394,0.088163,0.827629,1.089186,33,51,86
524,10,seq,0.494444,0.000270,0.000243,0.494956,21,18,0
524,10,par,0.200859,0.087677,0.513143,0.801679,21,18,0
524,10,weights,0.207372,0.085610,0.516149,0.809130,21,18,0
525,10,seq,0.384685,0.000313,0.280858,0.665856,42,84,1024
525,10,par,0.192988,0.084849,0.822601,1.100438,42,84,1024
525,10,weights,0.199309,0.087967,0.841288,1.128564,42,84,1024
526,10,seq,0.413496,0.000333,6.094693,6.508521,54,149,20752
526,10,par,0.179340,0.083777,1.444101,1.707218,54,149,20752
526,10,weights,0.200265,0.095924,1.502490,1.798679,54,149,20752
527,10,seq,0.317398,0.000320,0.489531,0.807249,42,100,1024
527,10,par,0.188875,0.091555,0.920411,1.200841,42,100,1024
527,10,weights,0.185900,0.092464,0.902797,1.181161,42,100,1024
528,10,seq,0.252426,0.000269,0.000083,0.252778,21,6,0
528,10,par,0.166745,0.088501,0.086110,0.341357,21,6,0
528,10,weights,0.158597,0.090328,0.000247,0.249172,21,6,0
529,10,seq,0.291246,0.000259,0.000480,0.291985,21,22,1
529,10,par,0.162929,0.085066,0.787029,1.035024,21,22,1
529,10,weights,0.162491,0.087637,0.788615,1.038743,21,22,1
530,10,seq,0.379429,0.000293,0.093155,0.472877,42,92,1024
530,10,par,0.196948,0.086937,0.865171,1.149056,42,92,1024
530,10,weights,0.209603,0.087991,0.849197,1.146791,42,92,1024
531,10,seq,0.362166,0.000327,0.572655,0.935149,42,100,1024
531,10,par,0.171083,0.093597,0.915548,1.180228,42,100,1024
531,10,weights,0.177144,0.092787,0.889241,1.159172,42,100,1024
532,10,seq,0.612664,0.000261,0.000084,0.613009,21,1,0
532,10,par,0.233009,0.083910,0.085063,0.401982,21,1,0
532,10,weights,0.239673,0.089607,0.000258,0.329538,21,1,0
533,10,seq,0.568979,0.000256,0.000388,0.569623,21,21,1
533,10,par,0.227662,0.086456,0.764192,1.078309,21,21,1
533,10,weights,0.244785,0.086349,0.764359,1.095493,21,21,1
534,10,seq,0.381790,0.000322,9.899875,10.281987,54,164,12167
534,10,par,0.190546,0.084271,1.568205,1.843022,54,164,12167
534,10,weights,0.187479,0.087241,1.698234,1.972954,54,164,12167
535,10,seq,0.593858,0.000306,0.095095,0.689258,42,78,384
535,10,par,0.256281,0.095028,0.878090,1.229399,42,78,384
535,10,weights,0.254761,0.097575,0.879136,1.231472,42,78,384
536,10,seq,0.323361,0.000280,0.032339,0.355980,30,48,114
536,10,par,0.182676,0.095422,0.863588,1.141685,30,48,114
536,10,weights,0.186284,0.093428,0.866903,1.146615,30,48,114
537,10,seq,0.485756,0.000281,0.000429,0.486466,21,20,1
537,10,par,0.214296,0.095279,0.827678,1.137253,21,20,1
537,10,weights,0.218657,0.097608,0.836076,1.152342,21,20,1
538,10,seq,0.441468,0.000275,0.000586,0.442329,33,32,1
538,10,par,0.213617,0.096858,0.836964,1.147439,33,32,1
538,10,weights,0.215650,0.096392,0.834155,1.146196,33,32,1
539,10,seq,0.275026,0.000287,0.479364,0.754678,42,84,1024
539,10,par,0.162973,0.088870,0.893141,1.144985,42,84,1024
539,10,weights,0.162911,0.095008,0.894213,1.152133,42,84,1024
540,10,seq,0.312382,0.000259,0.000354,0.312995,21,18,1
540,10,par,0.175319,0.089798,0.825548,1.090665,21,18,1
540,10,weights,0.205689,0.095822,0.835939,1.137450,21,18,1
541,10,seq,0.277198,0.000292,0.000560,0.278050,21,29,1
541,10,par,0.170150,0.098161,0.831592,1.099902,21,29,1
541,10,weights,0.178758,0.095892,0.814411,1.089061,21,29,1
542,10,seq,0.342459,0.000272,0.037801,0.380532,30,44,192
542,10,par,0.184561,0.089718,0.846980,1.121259,30,44,192
542,10,weights,0.188466,0.090511,0.853404,1.132381,30,44,192
543,10,seq,0.261750,0.000273,0.000093,0.262115,21,10,0
543,10,par,0.174551,0.091587,0.089618,0.355757,21,10,0
543,10,weights,0.178799,0.093030,0.000247,0.272076,21,10,0
544,10,seq,0.424603,0.000270,0.064914,0.489787,30,48,321
544,10,par,0.151073,0.092039,0.866566,1.109678,30,48,321
544,10,weights,0.170999,0.092456,0.861623,1.125078,30,48,321
545,10,seq,0.406910,0.000267,0.000091,0.407268,21,17,0
545,10,par,0.216441,0.093168,0.089392,0.399000,21,17,0
545,10,weights,0.215275,0.094847,0.000249,0.310371,21,17,0
546,10,seq,0.476268,0.000257,0.000396,0.476921,21,20,1
546,10,par,0.208945,0.091142,0.809069,1.109156,21,20,1
546,10,weights,0.209428,0.094371,0.812407,1.116206,21,20,1
547,10,seq,0.305439,0.000295,0.260333,0.566067,42,92,1024
547,10,par,0.179014,0.091022,0.879728,1.149764,42,92,1024
547,10,weights,0.186015,0.097037,0.885663,1.168715,42,92,1024
548,10,seq,0.359644,0.000295,0.028802,0.388740,42,66,48
548,10,par,0.203736,0.089861,0.830782,1.124380,42,66,48
548,10,weights,0.199873,0.092607,0.843836,1.136315,42,66,48
549,10,seq,0.395175,0.000255,0.000082,0.395512,21,0,0
549,10,par,0.191528,0.091225,0.089298,0.372050,21,0,0
549,10,weights,0.202370,0.092652,0.000255,0.295278,21,0,0
550,10,seq,0.309458,0.000255,0.000077,0.309790,20,4,0
550,10,par,0.139158,0.095153,0.090739,0.325051,20,4,0
550,10,weights,0.148615,0.092993,0.000245,0.241853,20,4,0
551,10,seq,0.576918,0.000288,0.127368,0.704573,42,80,1024
551,10,par,0.253006,0.088468,0.867861,1.209336,42,80,1024
551,10,weights,0.263397,0.092658,0.961356,1.317412,42,80,1024
552,10,seq,0.299743,0.000287,0.000418,0.300448,21,19,1
552,10,par,0.170725,0.093578,0.807808,1.072111,21,19,1
552,10,weights,0.176565,0.092479,0.807607,1.076650,21,19,1
553,10,seq,0.458937,0.000286,0.012943,0.472166,33,56,44
553,10,par,0.224811,0.093753,0.848601,1.167166,33,56,44
553,10,weights,0.239596,0.090233,0.848904,1.178733,33,56,44
554,10,seq,0.356191,0.000279,0.000090,0.356560,20,3,0
554,10,par,0.148906,0.093543,0.088553,0.331002,20,3,0
554,10,weights,0.155697,0.094883,0.000253,0.250833,20,3,0
555,10,seq,0.432541,0.000330,7.514594,7.947465,54,137,11072
555,10,par,0.209797,0.091798,1.488614,1.790208,54,137,11072
555,10,weights,0.214554,0.084547,1.472129,1.771229,54,137,11072
556,10,seq,0.301526,0.000293,0.278284,0.580103,42,84,1024
556,10,par,0.169792,0.084858,0.860783,1.115433,42,84,1024
556,10,weights,0.171702,0.084534,0.848411,1.104647,42,84,1024
557,10,seq,0.339113,0.000263,0.002061,0.341437,30,24,16
557,10,par,0.155920,0.089756,0.814079,1.059755,30,24,16
557,10,weights,0.146928,0.089069,0.795546,1.031543,30,24,16
558,10,seq,0.394312,0.000267,0.000512,0.395091,21,26,1
558,10,par,0.197425,0.088281,0.776888,1.062595,21,26,1
558,10,weights,0.203398,0.088147,0.776397,1.067943,21,26,1
559,10,seq,0.282713,0.000258,0.000432,0.283403,21,18,1
559,10,par,0.166452,0.086774,0.779095,1.032322,21,18,1
559,10,weights,0.174165,0.088819,0.787088,1.050072,21,18,1
560,10,seq,0.420078,0.000293,0.466274,0.886644,42,88,1024
560,10,par,0.211350,0.086616,0.874571,1.172537,42,88,1024
560,10,weights,0.219449,0.087364,0.865863,1.172676,42,88,1024
561,10,seq,0.289015,0.000279,0.000218,0.289512,20,10,0
561,10,par,0.137465,0.090570,0.690401,0.918437,20,10,0
561,10,weights,0.139975,0.089961,0.697290,0.927226,20,10,0
562,10,seq,0.358644,0.000293,0.275193,0.634130,42,88,1024
562,10,par,0.188853,0.085882,0.844679,1.119414,42,88,1024
562,10,weights,0.195280,0.087988,0.866565,1.149832,42,88,1024
563,10,seq,0.250909,0.000264,0.000525,0.251697,21,25,1
563,10,par,0.140174,0.084902,0.780882,1.005958,21,25,1
563,10,weights,0.146178,0.088126,0.778449,1.012753,21,25,1
564,10,seq,0.353698,0.000276,0.009634,0.363608,33,33,32
564,10,par,0.185379,0.089266,0.817627,1.092272,33,33,32
564,10,weights,0.195181,0.089786,0.807123,1.092089,33,33,32
565,10,seq,0.324190,0.000288,0.124729,0.449207,42,80,1024
565,10,par,0.160110,0.090199,0.853388,1.103697,42,80,1024
565,10,weights,0.168624,0.087732,0.844348,1.100704,42,80,1024
566,10,seq,0.283966,0.000257,0.000420,0.284643,20,20,1
566,10,par,0.139441,0.089955,0.785871,1.015267,20,20,1
566,10,weights,0.142442,0.093650,0.803599,1.039690,20,20,1
567,10,seq,0.185635,0.000253,0.000412,0.186300,21,19,1
567,10,par,0.140584,0.087030,0.791563,1.019177,21,19,1
567,10,weights,0.145318,0.097840,0.845055,1.088213,21,19,1
568,10,seq,0.294581,0.000260,0.000243,0.295084,20,10,1
568,10,par,0.139407,0.089358,0.814642,1.043407,20,10,1
568,10,weights,0.139293,0.086182,0.784832,1.010307,20,10,1
569,10,seq,0.842009,0.000276,0.003657,0.845942,33,38,8
569,10,par,0.300562,0.086568,0.801089,1.188220,33,38,8
569,10,weights,0.308137,0.088929,0.808742,1.205808,33,38,8
570,10,seq,0.315118,0.000265,0.000321,0.315704,21,15,0
570,10,par,0.203355,0.093528,0.782809,1.079692,21,15,0
570,10,weights,0.174155,0.090720,0.792701,1.057576,21,15,0
571,10,seq,0.400896,0.000292,0.256109,0.657297,42,76,1024
571,10,par,0.204440,0.089940,0.854122,1.148502,42,76,1024
571,10,weights,0.197122,0.087312,0.860544,1.144979,42,76,1024
572,10,seq,0.499968,0.000259,0.000083,0.500310,21,5,0
572,10,par,0.213652,0.090033,0.086155,0.389840,21,5,0
572,10,weights,0.217979,0.090126,0.000246,0.308350,21,5,0
573,10,seq,0.283559,0.000263,0.000078,0.283899,21,3,0
573,10,par,0.169610,0.087217,0.083904,0.340732,21,3,0
573,10,weights,0.176642,0.090260,0.000247,0.267149,21,3,0
574,10,seq,0.353496,0.000283,0.000077,0.353857,21,6,0
574,10,par,0.185187,0.087468,0.087006,0.359661,21,6,0
574,10,weights,0.188186,0.088259,0.000264,0.276709,21,6,0
575,10,seq,0.449866,0.000275,0.013588,0.463728,33,39,32
575,10,par,0.213758,0.087477,0.821803,1.123038,33,39,32
575,10,weights,0.218855,0.086793,0.836008,1.141656,33,39,32
576,10,seq,0.336025,0.000241,0.000378,0.336644,21,19,1
576,10,par,0.181914,0.094071,0.776459,1.052444,21,19,1
576,10,weights,0.174423,0.088380,0.778104,1.040907,21,19,1
577,10,seq,0.357068,0.000268,0.000082,0.357418,21,4,0
577,10,par,0.175113,0.085106,0.084280,0.344499,21,4,0
577,10,weights,0.184080,0.087218,0.000245,0.271543,21,4,0
578,10,seq,0.328751,0.000271,0.000266,0.329288,21,14,1
578,10,par,0.200893,0.084686,0.769579,1.055159,21,14,1
578,10,weights,0.187013,0.086887,0.767895,1.041795,21,14,1
579,10,seq,0.544441,0.000277,0.000766,0.545484,30,46,1
579,10,par,0.232642,0.089147,0.767512,1.089301,30,46,1
579,10,weights,0.230937,0.085222,0.777036,1.093195,30,46,1
580,10,seq,0.355114,0.000318,4.943354,5.298786,54,146,16274
580,10,par,0.181932,0.083610,1.398495,1.664038,54,146,16274
580,10,weights,0.185036,0.085517,1.388369,1.658922,54,146,16274
581,10,seq,0.346673,0.000293,10.484756,10.831721,45,109,18549
581,10,par,0.183274,0.087993,1.818302,2.089569,45,109,18549
581,10,weights,0.194020,0.093498,1.782703,2.070220,45,109,18549
582,10,seq,0.205849,0.000280,0.020479,0.226609,30,45,74
582,10,par,0.134248,0.090943,0.852240,1.077431,30,45,74
582,10,weights,0.137572,0.092901,0.870410,1.100883,30,45,74
583,10,seq,0.585224,0.000275,0.000474,0.585973,21,25,1
583,10,par,0.242786,0.096950,0.823299,1.163035,21,25,1
583,10,weights,0.246178,0.091492,0.826329,1.164000,21,25,1
584,10,seq,0.486046,0.000273,0.000084,0.486403,33,11,0
584,10,par,0.229146,0.095254,0.090887,0.415286,33,11,0
584,10,weights,0.231409,0.092088,0.000251,0.323748,33,11,0
585,10,seq,0.389699,0.000257,0.000174,0.390130,21,11,0
585,10,par,0.188236,0.092541,0.462039,0.742815,21,11,0
585,10,weights,0.211676,0.093283,0.462408,0.767366,21,11,0
586,10,seq,0.366906,0.000280,0.000082,0.367268,21,15,0
586,10,par,0.198845,0.091856,0.091517,0.382218,21,15,0
586,10,weights,0.213835,0.091853,0.000259,0.305946,21,15,0
587,10,seq,0.313702,0.000267,0.000455,0.314423,21,24,1
587,10,par,0.175215,0.097508,0.860885,1.133608,21,24,1
587,10,weights,0.199678,0.091684,0.832693,1.124056,21,24,1
588,10,seq,0.517679,0.000254,0.000081,0.518013,21,3,0
588,10,par,0.214590,0.091641,0.094190,0.400421,21,3,0
588,10,weights,0.223972,0.094014,0.000247,0.318234,21,3,0
589,10,seq,0.394988,0.000285,0.000954,0.396226,33,32,4
589,10,par,0.174990,0.094442,0.826815,1.096247,33,32,4
589,10,weights,0.184344,0.091970,0.833613,1.109928,33,32,4
590,10,seq,0.438429,0.000263,0.000379,0.439071,21,16,1
590,10,par,0.215543,0.091218,0.821460,1.128220,21,16,1
590,10,weights,0.216850,0.090283,0.813009,1.120143,21,16,1
591,10,seq,0.209996,0.000253,0.000081,0.210330,21,7,0
591,10,par,0.141500,0.093686,0.084989,0.320175,21,7,0
591,10,weights,0.143697,0.162958,0.000238,0.306893,21,7,0
592,10,seq,0.372036,0.000273,0.002127,0.374436,33,34,2
592,10,par,0.213330,0.100124,0.819790,1.133244,33,34,2
592,10,weights,0.202683,0.092211,0.810104,1.104998,33,34,2
593,10,seq,0.852527,0.000335,2.507292,3.360153,54,148,3484
593,10,par,0.322497,0.092757,1.078610,1.493864,54,148,3484
593,10,weights,0.323711,0.092800,1.061802,1.478312,54,148,3484
594,10,seq,0.353587,0.000297,0.195317,0.549201,45,71,367
594,10,par,0.199959,0.089352,0.850892,1.140203,45,71,367
594,10,weights,0.293822,0.092621,0.863394,1.249837,45,71,367
595,10,seq,0.364991,0.000265,0.000439,0.365696,30,24,1
595,10,par,0.150527,0.088561,0.796132,1.035220,30,24,1
595,10,weights,0.151218,0.089770,0.797274,1.038263,30,24,1
596,10,seq,0.291509,0.000257,0.000302,0.292068,20,15,1
596,10,par,0.136594,0.089320,0.797974,1.023888,20,15,1
596,10,weights,0.143258,0.098563,0.796254,1.038075,20,15,1
597,10,seq,0.396602,0.000286,0.020580,0.417468,33,49,112
597,10,par,0.201288,0.092624,0.839274,1.133186,33,49,112
597,10,weights,0.195583,0.088401,0.826932,1.110916,33,49,112
598,10,seq,0.318015,0.000283,0.231707,0.550005,33,68,512
598,10,par,0.192696,0.085550,0.830710,1.108956,33,68,512
598,10,weights,0.193220,0.087380,0.845727,1.126328,33,68,512
599,10,seq,0.415427,0.000255,0.000082,0.415764,21,4,0
599,10,par,0.205692,0.087771,0.085134,0.378597,21,4,0
599,10,weights,0.217939,0.089679,0.000250,0.307868,21,4,0
600,10,seq,0.592056,0.000258,0.000477,0.592791,21,21,1
600,10,par,0.235879,0.089048,0.781033,1.105960,21,21,1
600,10,weights,0.240829,0.088452,0.811098,1.140379,21,21,1
601,10,seq,0.709636,0.000281,0.019286,0.729204,33,32,64
601,10,par,0.262168,0.084710,0.809730,1.156608,33,32,64
601,10,weights,0.270235,0.090578,0.807720,1.168533,33,32,64
602,10,seq,0.274759,0.000303,0.023968,0.299030,33,47,97
602,10,par,0.155609,0.092621,0.814547,1.062777,33,47,97
602,10,weights,0.164355,0.088606,0.823661,1.076622,33,47,97
603,10,seq,0.251468,0.000279,0.000407,0.252154,20,20,1
603,10,par,0.134255,0.086708,0.771129,0.992092,20,20,1
603,10,weights,0.150359,0.085559,0.781701,1.017619,20,20,1
604,10,seq,0.694416,0.000324,14.499830,15.194570,54,149,20924
604,10,par,0.287485,0.085758,2.029243,2.402486,54,149,20924
604,10,weights,0.294998,0.093759,1.923972,2.312729,54,149,20924
605,10,seq,0.537879,0.000260,0.000082,0.538221,21,0,0
605,10,par,0.222070,0.093022,0.087425,0.402516,21,0,0
605,10,weights,0.226834,0.090203,0.000253,0.317290,21,0,0
606,10,seq,0.358915,0.000262,0.000461,0.359638,21,24,1
606,10,par,0.184240,0.091174,0.797412,1.072826,21,24,1
606,10,weights,0.185267,0.089006,0.786812,1.061085,21,24,1
607,10,seq,0.276956,0.000298,0.068962,0.346216,33,66,157
607,10,par,0.163059,0.091921,0.836930,1.091910,33,66,157
607,10,weights,0.171480,0.088639,0.841070,1.101189,33,66,157
608,10,seq,0.326885,0.000264,0.000082,0.327231,21,14,0
608,10,par,0.182080,0.087018,0.087902,0.357000,21,14,0
608,10,weights,0.192551,0.090259,0.000256,0.283066,21,14,0
609,10,seq,0.345856,0.000259,0.000243,0.346358,21,16,0
609,10,par,0.176170,0.090409,0.604094,0.870673,21,16,0
609,10,weights,0.189342,0.090394,0.612815,0.892551,21,16,0
610,10,seq,0.293014,0.000258,0.000295,0.293566,21,13,1
610,10,par,0.172025,0.088111,0.828758,1.088894,21,13,1
610,10,weights,0.175236,0.087108,0.791382,1.053726,21,13,1
611,10,seq,0.429130,0.000322,0.514427,0.943879,42,104,1024
611,10,par,0.197688,0.086085,0.885463,1.169236,42,104,1024
611,10,weights,0.204812,0.088029,0.888276,1.181117,42,104,1024
612,10,seq,0.566726,0.000267,0.000090,0.567082,21,9,0
612,10,par,0.226729,0.086503,0.090074,0.403307,21,9,0
612,10,weights,0.234742,0.085466,0.000279,0.320487,21,9,0
613,10,seq,0.249976,0.000257,0.000083,0.250317,21,4,0
613,10,par,0.162460,0.086200,0.084997,0.333657,21,4,0
613,10,weights,0.171383,0.089665,0.000252,0.261300,21,4,0
614,10,seq,0.345828,0.000255,0.000439,0.346522,21,20,1
614,10,par,0.198021,0.089040,0.796361,1.083422,21,20,1
614,10,weights,0.214040,0.091613,0.792005,1.097657,21,20,1
615,10,seq,0.389430,0.000305,12.081139,12.470873,54,135,17264
615,10,par,0.196041,0.087706,1.768002,2.051749,54,135,17264
615,10,weights,0.207789,0.090251,1.884388,2.182428,54,135,17264
616,10,seq,0.474810,0.000249,0.000370,0.475429,20,20,1
616,10,par,0.143250,0.089677,0.798618,1.031545,20,20,1
616,10,weights,0.139918,0.094259,0.806527,1.040704,20,20,1
617,10,seq,0.472029,0.000263,0.000081,0.472373,21,4,0
617,10,par,0.202949,0.087228,0.088132,0.378309,21,4,0
617,10,weights,0.209029,0.094746,0.000257,0.304031,21,4,0
618,10,seq,0.307681,0.000257,0.000078,0.308017,21,10,0
618,10,par,0.170922,0.093274,0.089931,0.354126,21,10,0
618,10,weights,0.177770,0.090938,0.000260,0.268967,21,10,0
619,10,seq,0.293150,0.000253,0.000432,0.293834,20,20,1
619,10,par,0.139507,0.091684,0.796917,1.028109,20,20,1
619,10,weights,0.147041,0.090491,0.795076,1.032608,20,20,1
620,10,seq,0.326304,0.000313,0.295518,0.622135,42,84,1024
620,10,par,0.178357,0.088870,0.889610,1.156837,42,84,1024
620,10,weights,0.187301,0.091792,0.895499,1.174592,42,84,1024
621,10,seq,0.392864,0.000320,1.630190,2.023374,45,113,12747
621,10,par,0.178271,0.088160,1.100601,1.367033,45,113,12747
621,10,weights,0.176785,0.088194,1.125490,1.390469,45,113,12747
622,10,seq,0.720610,0.000320,0.630670,1.351601,45,98,1162
622,10,par,0.275177,0.086315,0.930791,1.292283,45,98,1162
622,10,weights,0.265518,0.096744,0.933742,1.296004,45,98,1162
623,10,seq,0.323235,0.000270,0.000392,0.323896,21,24,1
623,10,par,0.175393,0.091131,0.793984,1.060508,21,24,1
623,10,weights,0.179829,0.088168,0.786732,1.054729,21,24,1
624,10,seq,0.406776,0.000298,0.000242,0.407317,33,17,0
624,10,par,0.196189,0.090156,0.268347,0.554692,33,17,0
624,10,weights,0.202453,0.091222,0.265553,0.559229,33,17,0
625,10,seq,0.295183,0.000273,0.000474,0.295931,21,23,1
625,10,par,0.173411,0.085766,0.783078,1.042256,21,23,1
625,10,weights,0.175020,0.091226,0.786287,1.052532,21,23,1
626,10,seq,0.266354,0.000264,0.000414,0.267032,21,18,1
626,10,par,0.160326,0.087857,0.790336,1.038520,21,18,1
626,10,weights,0.164660,0.091224,0.779772,1.035657,21,18,1
627,10,seq,0.401257,0.000278,0.000699,0.402235,30,46,1
627,10,par,0.202462,0.086927,0.792491,1.081880,30,46,1
627,10,weights,0.209464,0.091097,0.779810,1.080372,30,46,1
628,10,seq,0.500786,0.000273,0.051296,0.552355,30,48,192
628,10,par,0.213116,0.088805,0.831502,1.133423,30,48,192
628,10,weights,0.211741,0.092753,0.849603,1.154097,30,48,192
629,10,seq,0.284971,0.000281,0.087911,0.373163,40,80,1024
629,10,par,0.146106,0.089616,0.853005,1.088727,40,80,1024
629,10,weights,0.146136,0.088426,0.831920,1.066483,40,80,1024
630,10,seq,0.352881,0.000270,0.000081,0.353231,33,0,0
630,10,par,0.186929,0.088453,0.088242,0.363624,33,0,0
630,10,weights,0.193511,0.089536,0.000250,0.283298,33,0,0
631,10,seq,0.357014,0.000259,0.000163,0.357436,21,8,0
631,10,par,0.165361,0.090390,0.171238,0.426990,21,8,0
631,10,weights,0.170537,0.089555,0.179925,0.440016,21,8,0
632,10,seq,0.631906,0.000299,0.722386,1.354591,45,82,808
632,10,par,0.247497,0.087420,0.919040,1.253957,45,82,808
632,10,weights,0.258558,0.091426,0.901839,1.251823,45,82,808
633,10,seq,0.279137,0.000317,0.473755,0.753209,42,100,1024
633,10,par,0.157120,0.085777,0.883309,1.126205,42,100,1024
633,10,weights,0.164666,0.095361,0.880028,1.140054,42,100,1024
634,10,seq,0.307087,0.000291,0.437847,0.745224,42,92,1024
634,10,par,0.167310,0.087005,1.003800,1.258114,42,92,1024
634,10,weights,0.175643,0.094951,1.001900,1.272494,42,92,1024
635,10,seq,0.330140,0.000269,0.000504,0.330913,21,26,1
635,10,par,0.187404,0.093582,0.815349,1.096335,21,26,1
635,10,weights,0.193620,0.090894,0.814886,1.099400,21,26,1
636,10,seq,0.223018,0.000263,0.000082,0.223363,21,6,0
636,10,par,0.139393,0.093303,0.089092,0.321788,21,6,0
636,10,weights,0.146363,0.099935,0.000257,0.246555,21,6,0
637,10,seq,0.335245,0.000262,0.000089,0.335595,21,9,0
637,10,par,0.192428,0.093021,0.091837,0.377286,21,9,0
637,10,weights,0.184649,0.095013,0.000251,0.279913,21,9,0
638,10,seq,0.680834,0.000313,3.741119,4.422267,54,150,23872
638,10,par,0.279972,0.085872,1.465870,1.831714,54,150,23872
638,10,weights,0.281306,0.089681,1.411129,1.782116,54,150,23872
639,10,seq,0.533646,0.000273,0.000369,0.534288,33,16,0
639,10,par,0.226043,0.090092,0.355156,0.671291,33,16,0
639,10,weights,0.224513,0.090287,0.355045,0.669845,33,16,0
640,10,seq,0.271643,0.000267,0.000082,0.271991,21,9,0
640,10,par,0.168089,0.091305,0.085909,0.345302,21,9,0
640,10,weights,0.181241,0.090595,0.000251,0.272087,21,9,0
641,10,seq,0.424127,0.000276,0.001959,0.426362,33,25,0
641,10,par,0.205005,0.089134,0.729906,1.024045,33,25,0
641,10,weights,0.207218,0.091969,0.721592,1.020780,33,25,0
642,10,seq,0.439028,0.000261,0.000154,0.439443,21,12,0
642,10,par,0.218604,0.091145,0.084442,0.394192,21,12,0
642,10,weights,0.215888,0.087419,0.089793,0.393101,21,12,0
643,10,seq,0.495690,0.000274,0.000093,0.496057,33,14,0
643,10,par,0.223050,0.088353,0.089014,0.400417,33,14,0
643,10,weights,0.226614,0.088520,0.000253,0.315387,33,14,0
644,10,seq,0.500215,0.000254,0.000075,0.500544,21,14,0
644,10,par,0.226435,0.089669,0.086897,0.403001,21,14,0
644,10,weights,0.232192,0.088794,0.000252,0.321238,21,14,0
645,10,seq,0.621155,0.000304,19.009094,19.630552,54,135,28594
645,10,par,0.278561,0.085318,2.291245,2.655124,54,135,28594
645,10,weights,0.297053,0.095050,2.339654,2.731757,54,135,28594
646,10,seq,0.396644,0.000270,0.000092,0.397006,21,5,0
646,10,par,0.209960,0.096687,0.094527,0.401174,21,5,0
646,10,weights,0.198349,0.094119,0.000259,0.292727,21,5,0
647,10,seq,0.293450,0.000258,0.000451,0.294159,21,22,1
647,10,par,0.173860,0.090513,0.837647,1.102020,21,22,1
647,10,weights,0.177577,0.092342,0.823175,1.093095,21,22,1
648,10,seq,0.539300,0.000259,0.000082,0.539641,21,5,0
648,10,par,0.220164,0.095060,0.089944,0.405167,21,5,0
648,10,weights,0.229203,0.093403,0.000247,0.322853,21,5,0
649,10,seq,0.334898,0.000294,0.259065,0.594257,42,80,1024
649,10,par,0.184314,0.093669,0.918278,1.196261,42,80,1024
649,10,weights,0.187641,0.091215,0.909836,1.188692,42,80,1024
650,10,seq,0.303427,0.000261,0.000411,0.304099,21,22,1
650,10,par,0.174734,0.093651,0.814843,1.083228,21,22,1
650,10,weights,0.179311,0.578718,0.824702,1.582731,21,22,1
651,10,seq,0.269751,0.000265,0.000347,0.270363,20,20,1
651,10,par,0.135358,0.091056,0.809344,1.035758,20,20,1
651,10,weights,0.137752,0.092485,0.822065,1.052303,20,20,1
652,10,seq,0.592187,0.000290,0.477324,1.069800,42,84,1024
652,10,par,0.253574,0.094774,0.916680,1.265028,42,84,1024
652,10,weights,0.255049,0.090362,0.941279,1.286689,42,84,1024
653,10,seq,0.436812,0.000279,0.015799,0.452890,30,52,128
653,10,par,0.209127,0.091969,0.847088,1.148183,30,52,128
653,10,weights,0.215957,0.097009,0.853987,1.166954,30,52,128
654,10,seq,0.425865,0.000306,15.580731,16.006901,54,150,23357
654,10,par,0.214070,0.093143,2.033899,2.341111,54,150,23357
654,10,weights,0.212785,0.090349,1.957546,2.260680,54,150,23357
655,10,seq,0.296668,0.000299,0.450350,0.747317,42,84,1024
655,10,par,0.177368,0.097404,0.926306,1.201077,42,84,1024
655,10,weights,0.175296,0.096088,0.974125,1.245509,42,84,1024
656,10,seq,0.374991,0.000310,0.058754,0.434055,33,70,154
656,10,par,0.198284,0.090479,0.858496,1.147259,33,70,154
656,10,weights,0.202403,0.091910,0.866614,1.160927,33,70,154
657,10,seq,0.454845,0.000254,0.000185,0.455284,20,6,0
657,10,par,0.158363,0.093468,0.537893,0.789725,20,6,0
657,10,weights,0.159060,0.089332,0.558057,0.806449,20,6,0
658,10,seq,0.255623,0.000265,0.000085,0.255973,21,8,0
658,10,par,0.170758,0.088591,0.090040,0.349389,21,8,0
658,10,weights,0.167367,0.093850,0.000269,0.261487,21,8,0
659,10,seq,0.447441,0.000248,0.000078,0.447767,21,0,0
659,10,par,0.201363,0.087664,0.089296,0.378324,21,0,0
659,10,weights,0.205376,0.089433,0.000246,0.295054,21,0,0
660,10,seq,0.231186,0.000271,0.000086,0.231543,21,9,0
660,10,par,0.160848,0.091661,0.086168,0.338677,21,9,0
660,10,weights,0.165354,0.090809,0.000276,0.256439,21,9,0
661,10,seq,0.299454,0.000260,0.000442,0.300156,21,19,1
661,10,par,0.170262,0.088949,0.805524,1.064735,21,19,1
661,10,weights,0.168658,0.091476,0.823673,1.083806,21,19,1
662,10,seq,0.447330,0.000272,0.000082,0.447683,21,13,0
662,10,par,0.203804,0.088501,0.084564,0.376869,21,13,0
662,10,weights,0.209628,0.092447,0.000244,0.302318,21,13,0
663,10,seq,0.299074,0.000255,0.000406,0.299736,21,20,1
663,10,par,0.206254,0.094453,0.809425,1.110132,21,20,1
663,10,weights,0.175187,0.091873,0.821529,1.088590,21,20,1
664,10,seq,0.468541,0.000278,0.000082,0.468901,33,4,0
664,10,par,0.214091,0.094237,0.088309,0.396637,33,4,0
664,10,weights,0.207883,0.090729,0.000263,0.298875,33,4,0
665,10,seq,0.381036,0.000316,0.116375,0.497727,33,60,320
665,10,par,0.195324,0.093753,0.866554,1.155631,33,60,320
665,10,weights,0.248880,0.090957,0.866125,1.205962,33,60,320
666,10,seq,0.311125,0.000265,0.000464,0.311854,21,23,1
666,10,par,0.176950,0.090766,0.793958,1.061673,21,23,1
666,10,weights,0.184114,0.091058,0.805639,1.080811,21,23,1
667,10,seq,0.176586,0.000257,0.000416,0.177259,21,17,1
667,10,par,0.142389,0.087868,0.800496,1.030752,21,17,1
667,10,weights,0.146512,0.090269,0.801611,1.038392,21,17,1
668,10,seq,0.626663,0.000307,0.037658,0.664629,33,50,192
668,10,par,0.213960,0.090280,0.844379,1.148618,33,50,192
668,10,weights,0.221579,0.091220,0.847319,1.160118,33,50,192
669,10,seq,0.541890,0.000298,0.464216,1.006405,42,92,1024
669,10,par,0.230782,0.090773,0.893218,1.214772,42,92,1024
669,10,weights,0.230447,0.088887,0.905727,1.225061,42,92,1024
670,10,seq,0.624795,0.000265,0.001435,0.626495,30,32,4
670,10,par,0.185896,0.093730,0.812510,1.092137,30,32,4
670,10,weights,0.182916,0.087266,0.801321,1.071503,30,32,4
671,10,seq,0.784442,0.000271,0.000139,0.784852,33,11,0
671,10,par,0.283678,0.087640,0.086535,0.457853,33,11,0
671,10,weights,0.291387,0.090358,0.085565,0.467310,33,11,0
672,10,seq,0.276241,0.000266,0.000084,0.276590,21,8,0
672,10,par,0.165957,0.086779,0.085833,0.338569,21,8,0
672,10,weights,0.172649,0.087691,0.000246,0.260585,21,8,0
673,10,seq,0.344525,0.000265,0.000088,0.344878,33,8,0
673,10,par,0.190444,0.088150,0.087070,0.365663,33,8,0
673,10,weights,0.195350,0.091945,0.000258,0.287553,33,8,0
674,10,seq,0.288168,0.000265,0.000078,0.288512,21,19,0
674,10,par,0.170921,0.090699,0.084504,0.346124,21,19,0
674,10,weights,0.173050,0.087476,0.000246,0.260772,21,19,0
675,10,seq,0.304251,0.000260,0.000432,0.304943,21,20,1
675,10,par,0.181229,0.089411,0.790478,1.061118,21,20,1
675,10,weights,0.185234,0.089778,0.807008,1.082020,21,20,1
676,10,seq,0.826508,0.000309,1.568050,2.394866,54,140,8780
676,10,par,0.326967,0.087429,1.036814,1.451209,54,140,8780
676,10,weights,0.333157,0.090839,1.040466,1.464462,54,140,8780
677,10,seq,0.470963,0.000288,0.486054,0.957305,42,88,1024
677,10,par,0.200869,0.089265,0.864648,1.154782,42,88,1024
677,10,weights,0.207122,0.085779,0.860800,1.153701,42,88,1024
678,10,seq,0.263887,0.000268,0.000488,0.264642,21,21,1
678,10,par,0.172358,0.083053,0.781688,1.037099,21,21,1
678,10,weights,0.168242,0.087428,0.772934,1.028604,21,21,1
679,10,seq,0.386754,0.000302,0.185792,0.572849,42,100,1024
679,10,par,0.187426,0.085613,0.840480,1.113520,42,100,1024
679,10,weights,0.192957,0.087570,0.856438,1.136965,42,100,1024
680,10,seq,0.426534,0.000336,6.700632,7.127501,54,174,22424
680,10,par,0.215427,0.087456,1.687206,1.990089,54,174,22424
680,10,weights,0.223610,0.097019,1.576047,1.896677,54,174,22424
681,10,seq,0.295267,0.000260,0.000082,0.295609,21,8,0
681,10,par,0.173967,0.091047,0.090411,0.355425,21,8,0
681,10,weights,0.178671,0.093749,0.000247,0.272667,21,8,0
682,10,seq,0.549669,0.000319,0.000185,0.550173,33,25,0
682,10,par,0.234511,0.090260,0.271129,0.595899,33,25,0
682,10,weights,0.240361,0.091386,0.268928,0.600675,33,25,0
683,10,seq,0.303467,0.000297,0.014556,0.318320,33,38,24
683,10,par,0.181019,0.090213,0.847949,1.119181,33,38,24
683,10,weights,0.189056,0.090335,0.862487,1.141878,33,38,24
684,10,seq,0.390202,0.000259,0.000083,0.390544,20,3,0
684,10,par,0.438034,0.095626,0.088406,0.622066,20,3,0
684,10,weights,0.158903,0.092720,0.000265,0.251887,20,3,0
685,10,seq,0.311687,0.000265,0.000485,0.312437,21,23,1
685,10,par,0.146578,0.091930,0.800169,1.038676,21,23,1
685,10,weights,0.150162,0.093378,0.816731,1.060270,21,23,1
686,10,seq,0.313550,0.000278,0.000218,0.314046,21,8,0
686,10,par,0.169326,0.092383,0.452616,0.714324,21,8,0
686,10,weights,0.169615,0.093756,0.452049,0.715419,21,8,0
687,10,seq,0.543491,0.000717,0.465775,1.009983,42,88,1024
687,10,par,0.238688,0.090670,0.910143,1.239501,42,88,1024
687,10,weights,0.242119,0.093448,0.927758,1.263325,42,88,1024
688,10,seq,0.363206,0.000293,0.099609,0.463109,42,88,1024
688,10,par,0.194250,0.095126,0.884181,1.173557,42,88,1024
688,10,weights,0.197388,0.097518,0.875848,1.170754,42,88,1024
689,10,seq,0.276767,0.000263,0.000438,0.277468,21,20,1
689,10,par,0.178256,0.089474,0.889663,1.157392,21,20,1
689,10,weights,0.197790,0.100121,0.824432,1.122343,21,20,1
690,10,seq,0.290596,0.000270,0.000154,0.291020,21,10,0
690,10,par,0.181766,0.095636,0.092760,0.370162,21,10,0
690,10,weights,0.181589,0.097105,0.091595,0.370289,21,10,0
691,10,seq,0.395342,0.000268,0.000082,0.395692,21,9,0
691,10,par,0.202861,0.093287,0.092164,0.388311,21,9,0
691,10,weights,0.201288,0.096978,0.000253,0.298519,21,9,0
692,10,seq,0.491506,0.000276,0.000451,0.492234,21,24,1
692,10,par,0.228468,0.094169,0.811731,1.134368,21,24,1
692,10,weights,0.237627,0.096203,0.817222,1.151052,21,24,1
693,10,seq,0.278600,0.000274,0.032413,0.311288,30,56,360
693,10,par,0.137907,0.094242,0.878932,1.111081,30,56,360
693,10,weights,0.146456,0.093417,0.858712,1.098585,30,56,360
694,10,seq,0.279805,0.000278,0.050010,0.330093,33,50,216
694,10,par,0.159060,0.098017,0.868521,1.125598,33,50,216
694,10,weights,0.163724,0.095634,0.858350,1.117708,33,50,216
695,10,seq,0.294742,0.000262,0.000450,0.295454,21,21,1
695,10,par,0.171797,0.090101,0.815304,1.077202,21,21,1
695,10,weights,0.235659,0.089977,0.827245,1.152881,21,21,1
696,10,seq,0.250616,0.000266,0.000082,0.250964,21,2,0
696,10,par,0.167078,0.094244,0.090109,0.351430,21,2,0
696,10,weights,0.170669,0.091022,0.000271,0.261962,21,2,0
697,10,seq,0.294465,0.000261,0.000076,0.294802,21,9,0
697,10,par,0.170926,0.088247,0.088635,0.347808,21,9,0
697,10,weights,0.181331,0.093130,0.000246,0.274707,21,9,0
698,10,seq,0.281980,0.000251,0.000076,0.282307,21,0,0
698,10,par,0.171461,0.092308,0.089884,0.353653,21,0,0
698,10,weights,0.179179,0.093920,0.000256,0.273355,21,0,0
699,10,seq,0.310062,0.000259,0.000406,0.310726,21,21,1
699,10,par,0.180166,0.093324,0.809833,1.083323,21,21,1
699,10,weights,0.185069,0.093934,0.810471,1.089473,21,21,1
700,10,seq,0.517655,0.000281,0.000201,0.518137,33,22,0
700,10,par,0.227984,0.090296,0.457381,0.775660,33,22,0
700,10,weights,0.225497,0.095104,0.455408,0.776009,33,22,0
701,10,seq,0.524547,0.000268,0.000478,0.525293,21,23,1
701,10,par,0.217800,0.091503,0.776474,1.085778,21,23,1
701,10,weights,0.243273,0.084473,0.796391,1.124137,21,23,1
702,10,seq,0.414945,0.000268,0.000505,0.415718,21,27,1
702,10,par,0.195410,0.089587,0.773461,1.058458,21,27,1
702,10,weights,0.194643,0.085665,0.778842,1.059151,21,27,1
703,10,seq,0.302916,0.000267,0.000447,0.303630,21,21,1
703,10,par,0.161475,0.090957,0.778242,1.030674,21,21,1
703,10,weights,0.163474,0.089509,0.811765,1.064748,21,21,1
704,10,seq,0.431837,0.000282,0.028427,0.460546,30,58,192
704,10,par,0.202993,0.086815,0.808779,1.098587,30,58,192
704,10,weights,0.197218,0.088258,0.804849,1.090325,30,58,192
705,10,seq,0.631280,0.000269,0.000327,0.631876,21,15,1
705,10,par,0.244363,0.088133,0.780554,1.113050,21,15,1
705,10,weights,0.251188,0.086731,0.785236,1.123155,21,15,1
706,10,seq,0.280729,0.000318,0.446009,0.727056,42,84,1024
706,10,par,0.159042,0.087054,0.861996,1.108092,42,84,1024
706,10,weights,0.162763,0.087009,0.866645,1.116417,42,84,1024
707,10,seq,0.607198,0.000254,0.000080,0.607532,21,2,0
707,10,par,0.231141,0.087021,0.085122,0.403284,21,2,0
707,10,weights,0.242153,0.086678,0.000249,0.329080,21,2,0
708,10,seq,0.413549,0.000287,0.245904,0.659740,42,80,1024
708,10,par,0.206584,0.087872,0.855113,1.149570,42,80,1024
708,10,weights,0.212048,0.090166,0.858160,1.160373,42,80,1024
709,10,seq,0.349885,0.000286,0.017463,0.367634,33,55,85
709,10,par,0.191524,0.090036,0.824488,1.106048,33,55,85
709,10,weights,0.188723,0.087645,0.811278,1.087647,33,55,85
710,10,seq,0.315965,0.000276,0.000389,0.316629,21,22,1
710,10,par,0.170802,0.087316,0.787471,1.045589,21,22,1
710,10,weights,0.173097,0.088725,0.779299,1.041121,21,22,1
711,10,seq,0.462812,0.000278,0.000513,0.463603,33,25,0
711,10,par,0.213440,0.086331,0.519291,0.819061,33,25,0
711,10,weights,0.217007,0.089910,0.520277,0.827194,33,25,0
712,10,seq,0.385056,0.000290,0.002593,0.387939,33,32,16
712,10,par,0.196393,0.091439,0.788193,1.076024,33,32,16
712,10,weights,0.201940,0.089541,0.781350,1.072830,33,32,16
713,10,seq,0.334958,0.000266,0.000431,0.335655,21,22,1
713,10,par,0.185860,0.088172,0.770795,1.044827,21,22,1
713,10,weights,0.189169,0.092915,0.762920,1.045005,21,22,1
714,10,seq,0.606051,0.000286,0.000081,0.606418,33,6,0
714,10,par,0.251224,0.085383,0.087728,0.424335,33,6,0
714,10,weights,0.247499,0.085790,0.000242,0.333530,33,6,0
715,10,seq,0.445063,0.000289,0.159089,0.604441,42,88,1024
715,10,par,0.200147,0.085362,0.850477,1.135987,42,88,1024
715,10,weights,0.204893,0.085501,0.839946,1.130340,42,88,1024
716,10,seq,0.601181,0.000290,0.084036,0.685507,42,64,256
716,10,par,0.253092,0.085960,0.833226,1.172278,42,64,256
716,10,weights,0.252364,0.086389,0.827239,1.165993,42,64,256
717,10,seq,0.295900,0.000256,0.000388,0.296543,21,19,1
717,10,par,0.163766,0.085759,0.774012,1.023538,21,19,1
717,10,weights,0.168374,0.089238,0.868488,1.126100,21,19,1
718,10,seq,0.291102,0.000258,0.000082,0.291442,21,8,0
718,10,par,0.169638,0.086130,0.081494,0.337262,21,8,0
718,10,weights,0.179871,0.089658,0.000249,0.269778,21,8,0
719,10,seq,0.343385,0.000287,0.779861,1.123533,40,96,8715
719,10,par,0.145934,0.085506,0.988357,1.219797,40,96,8715
719,10,weights,0.147830,0.087787,0.979824,1.215442,40,96,8715
720,10,seq,0.538641,0.000283,0.002311,0.541234,33,25,0
720,10,par,0.232876,0.091610,0.706889,1.031375,33,25,0
720,10,weights,0.228513,0.093251,0.707903,1.029667,33,25,0
721,10,seq,0.285798,0.000267,0.000417,0.286481,21,22,1
721,10,par,0.161272,0.087013,0.766595,1.014880,21,22,1
721,10,weights,0.169451,0.085834,0.777823,1.033108,21,22,1
722,10,seq,0.413894,0.000316,2.397807,2.812016,54,143,22200
722,10,par,0.214754,0.083738,1.395612,1.694104,54,143,22200
722,10,weights,0.218933,0.092125,1.339176,1.650233,54,143,22200
723,10,seq,0.319904,0.000285,3.088999,3.409187,40,90,10695
723,10,par,0.142633,0.090929,1.242015,1.475577,40,90,10695
723,10,weights,0.146926,0.087113,1.268857,1.502896,40,90,10695
724,10,seq,0.464403,0.000368,0.061346,0.526117,33,50,109
724,10,par,0.226578,0.091804,0.802498,1.120880,33,50,109
724,10,weights,0.222566,0.092534,0.824262,1.139362,33,50,109
725,10,seq,0.270688,0.000265,0.000510,0.271463,21,24,1
725,10,par,0.165351,0.086518,0.781371,1.033240,21,24,1
725,10,weights,0.177329,0.085988,0.790682,1.053999,21,24,1
726,10,seq,0.408444,0.000264,0.000372,0.409080,21,18,1
726,10,par,0.176958,0.091197,0.811577,1.079732,21,18,1
726,10,weights,0.177809,0.090483,0.814841,1.083134,21,18,1
727,10,seq,0.361339,0.000370,0.000076,0.361785,21,1,0
727,10,par,0.192410,0.098050,0.094056,0.384517,21,1,0
727,10,weights,0.188481,0.097998,0.000235,0.286715,21,1,0
728,10,seq,0.591786,0.000301,0.043969,0.636056,33,53,184
728,10,par,0.246907,0.087505,0.831841,1.166253,33,53,184
728,10,weights,0.247965,0.086912,0.827794,1.162671,33,53,184
729,10,seq,0.340021,0.000284,0.049600,0.389905,33,48,141
729,10,par,0.187665,0.088288,0.829398,1.105351,33,48,141
729,10,weights,0.188648,0.087690,0.814640,1.090979,33,48,141
730,10,seq,0.357791,0.000264,0.000372,0.358426,21,24,1
730,10,par,0.181472,0.089560,0.772107,1.043139,21,24,1
730,10,weights,0.180119,0.087337,0.772181,1.039637,21,24,1
731,10,seq,0.294719,0.000301,0.469945,0.764965,42,96,1024
731,10,par,0.165458,0.087395,0.879163,1.132015,42,96,1024
731,10,weights,0.173652,0.088803,0.870722,1.133177,42,96,1024
732,10,seq,0.454136,0.000304,0.509586,0.964026,45,71,1237
732,10,par,0.221930,0.087718,0.874594,1.184241,45,71,1237
732,10,weights,0.225123,0.089758,0.871870,1.186751,45,71,1237
733,10,seq,0.405127,0.000280,0.462888,0.868295,42,76,1024
733,10,par,0.199716,0.085812,0.884519,1.170047,42,76,1024
733,10,weights,0.198282,0.088381,0.860048,1.146711,42,76,1024
734,10,seq,0.496001,0.000257,0.000090,0.496349,21,9,0
734,10,par,0.168017,0.086127,0.084410,0.338554,21,9,0
734,10,weights,0.175383,0.085257,0.000270,0.260910,21,9,0
735,10,seq,0.363989,0.000287,0.257717,0.621993,42,84,1024
735,10,par,0.185423,0.087402,0.858031,1.130855,42,84,1024
735,10,weights,0.189841,0.089201,0.868025,1.147066,42,84,1024
736,10,seq,0.264758,0.000255,0.000171,0.265185,20,5,0
736,10,par,0.140262,0.089242,0.351012,0.580515,20,5,0
736,10,weights,0.139338,0.089892,0.342661,0.571891,20,5,0
737,10,seq,0.258575,0.000269,0.000423,0.259267,21,25,1
737,10,par,0.164964,0.085364,0.778834,1.029163,21,25,1
737,10,weights,0.166197,0.089411,0.783480,1.039087,21,25,1
738,10,seq,0.263605,0.000269,0.000551,0.264425,21,30,1
738,10,par,0.144572,0.088397,0.774620,1.007588,21,30,1
738,10,weights,0.154189,0.087740,0.776418,1.018347,21,30,1
739,10,seq,0.278747,0.000256,0.000090,0.279093,21,2,0
739,10,par,0.164992,0.089427,0.084577,0.338996,21,2,0
739,10,weights,0.173598,0.085240,0.000244,0.259081,21,2,0
740,10,seq,0.280395,0.000290,0.473978,0.754662,42,92,1024
740,10,par,0.169137,0.089267,0.897993,1.156397,42,92,1024
740,10,weights,0.167547,0.086946,0.874575,1.129068,42,92,1024
741,10,seq,0.306721,0.000299,0.485224,0.792244,42,92,1024
741,10,par,0.168568,0.090306,0.858403,1.117277,42,92,1024
741,10,weights,0.185170,0.086391,0.871451,1.143012,42,92,1024
742,10,seq,0.476692,0.000302,0.306379,0.783373,42,104,1024
742,10,par,0.214875,0.087282,0.884281,1.186438,42,104,1024
742,10,weights,0.192555,0.086530,0.848590,1.127676,42,104,1024
743,10,seq,0.314514,0.000263,0.000164,0.314941,21,5,0
743,10,par,0.171515,0.084226,0.250948,0.506689,21,5,0
743,10,weights,0.174960,0.089471,0.259407,0.523838,21,5,0
744,10,seq,0.509228,0.000312,0.479181,0.988721,42,116,1024
744,10,par,0.222359,0.085978,0.879178,1.187515,42,116,1024
744,10,weights,0.223607,0.083852,0.874441,1.181900,42,116,1024
745,10,seq,0.483003,0.000262,0.000079,0.483344,21,4,0
745,10,par,0.221353,0.096282,0.083257,0.400893,21,4,0
745,10,weights,0.220353,0.089171,0.000267,0.309792,21,4,0
746,10,seq,0.446735,0.000254,0.000077,0.447066,21,0,0
746,10,par,0.204920,0.090449,0.081435,0.376804,21,0,0
746,10,weights,0.203082,0.085356,0.000241,0.288680,21,0,0
747,10,seq,0.587870,0.000283,0.011772,0.599925,33,50,85
747,10,par,0.251199,0.088786,0.811160,1.151145,33,50,85
747,10,weights,0.258460,0.086674,0.799816,1.144950,33,50,85
748,10,seq,0.447343,0.000271,0.007820,0.455434,30,40,33
748,10,par,0.148676,0.089366,0.802979,1.041022,30,40,33
748,10,weights,0.167139,0.086727,0.802688,1.056555,30,40,33
749,10,seq,0.378213,0.000267,0.000082,0.378562,21,3,0
749,10,par,0.171484,0.084035,0.083994,0.339513,21,3,0
749,10,weights,0.173522,0.084111,0.000264,0.257897,21,3,0
750,10,seq,0.639705,0.000248,0.000075,0.640029,21,7,0
750,10,par,0.236024,0.085819,0.081778,0.403621,21,7,0
750,10,weights,0.251903,0.087083,0.000246,0.339231,21,7,0
751,10,seq,0.454268,0.000267,0.000390,0.454925,21,23,1
751,10,par,0.201715,0.084173,0.781150,1.067038,21,23,1
751,10,weights,0.205129,0.091601,0.763123,1.059854,21,23,1
752,10,seq,0.406464,0.000257,0.000082,0.406803,21,0,0
752,10,par,0.194162,0.085561,0.085731,0.365454,21,0,0
752,10,weights,0.196735,0.087904,0.000247,0.284886,21,0,0
753,10,seq,0.331540,0.000293,0.000079,0.331912,21,18,0
753,10,par,0.181454,0.086076,0.087422,0.354953,21,18,0
753,10,weights,0.189659,0.089114,0.000243,0.279016,21,18,0
754,10,seq,0.479106,0.000287,0.321410,0.800803,42,88,1024
754,10,par,0.214100,0.083914,0.856260,1.154275,42,88,1024
754,10,weights,0.221682,0.086342,0.888833,1.196858,42,88,1024
755,10,seq,0.499878,0.000326,208.191166,208.691370,66,206,206720
755,10,par,0.213882,0.086121,15.106609,15.406612,66,206,206720
755,10,weights,0.226146,0.084929,14.802658,15.113733,66,206,206720
756,10,seq,0.373607,0.000281,0.000364,0.374252,21,14,1
756,10,par,0.192088,0.086297,0.778344,1.056728,21,14,1
756,10,weights,0.196274,0.088858,0.771084,1.056216,21,14,1
757,10,seq,0.318826,0.000257,0.000409,0.319492,21,18,1
757,10,par,0.160031,0.085152,0.786208,1.031391,21,18,1
757,10,weights,0.167177,0.089592,0.801716,1.058485,21,18,1
758,10,seq,0.458936,0.000274,0.000197,0.459407,33,23,0
758,10,par,0.219132,0.088366,0.340533,0.648031,33,23,0
758,10,weights,0.226164,0.089534,0.338222,0.653919,33,23,0
759,10,seq,0.288395,0.000259,0.000082,0.288735,21,5,0
759,10,par,0.170555,0.087976,0.086999,0.345531,21,5,0
759,10,weights,0.165731,0.087457,0.000247,0.253435,21,5,0
760,10,seq,0.245511,0.000261,0.000472,0.246244,21,23,1
760,10,par,0.190660,0.084236,0.772920,1.047816,21,23,1
760,10,weights,0.151886,0.132446,0.767461,1.051792,21,23,1
761,10,seq,0.329703,0.000295,0.147813,0.477811,42,88,1024
761,10,par,0.180199,0.085985,0.840104,1.106288,42,88,1024
761,10,weights,0.186315,0.094070,0.830204,1.110589,42,88,1024
762,10,seq,0.330128,0.000250,0.000189,0.330567,20,4,0
762,10,par,0.142142,0.084458,0.337290,0.563890,20,4,0
762,10,weights,0.145704,0.090747,0.342715,0.579166,20,4,0
763,10,seq,0.282679,0.000277,0.036534,0.319490,33,48,151
763,10,par,0.184915,0.086593,0.819170,1.090678,33,48,151
763,10,weights,0.183705,0.086376,0.836605,1.106685,33,48,151
764,10,seq,0.493282,0.000337,161.103892,161.597511,66,204,164992
764,10,par,0.227599,0.091874,12.700544,13.020017,66,204,164992
764,10,weights,0.225993,0.089919,12.357409,12.673321,66,204,164992
765,10,seq,0.528257,0.000246,0.000080,0.528583,21,6,0
765,10,par,0.212765,0.092235,0.087943,0.392944,21,6,0
765,10,weights,0.222589,0.089908,0.000271,0.312768,21,6,0
766,10,seq,0.315458,0.000265,0.000238,0.315961,20,10,1
766,10,par,0.139288,0.088629,0.883542,1.111458,20,10,1
766,10,weights,0.155638,0.102560,0.909051,1.167250,20,10,1
767,10,seq,0.362846,0.000290,0.155648,0.518785,42,84,1024
767,10,par,0.202054,0.097317,0.884811,1.184182,42,84,1024
767,10,weights,0.187700,0.090224,0.896795,1.174718,42,84,1024
768,10,seq,0.293282,0.000302,0.735274,1.028857,45,83,1413
768,10,par,0.171123,0.092052,0.954265,1.217441,45,83,1413
768,10,weights,0.176684,0.093178,0.930112,1.199974,45,83,1413
769,10,seq,0.373169,0.000289,0.350467,0.723925,42,72,768
769,10,par,0.192924,0.089993,0.926122,1.209039,42,72,768
769,10,weights,0.199027,0.088451,0.884315,1.171793,42,72,768
770,10,seq,0.296266,0.000309,0.265450,0.562026,42,100,1024
770,10,par,0.166463,0.092383,0.898046,1.156892,42,100,1024
770,10,weights,0.172889,0.092494,0.895528,1.160911,42,100,1024
771,10,seq,0.272912,0.000284,0.185266,0.458462,40,80,1024
771,10,par,0.142117,0.097091,0.930766,1.169973,40,80,1024
771,10,weights,0.146094,0.093054,0.898555,1.137703,40,80,1024
772,10,seq,0.326783,0.000299,0.265163,0.592246,45,79,516
772,10,par,0.173707,0.090562,0.931849,1.196119,45,79,516
772,10,weights,0.180230,0.088369,0.877125,1.145724,45,79,516
773,10,seq,0.338176,0.000293,0.161161,0.499630,42,84,1024
773,10,par,0.184850,0.092502,0.879243,1.156595,42,84,1024
773,10,weights,0.186031,0.092464,0.863290,1.141786,42,84,1024
774,10,seq,0.428357,0.000257,0.000339,0.428953,21,14,1
774,10,par,0.177219,0.090094,0.816812,1.084125,21,14,1
774,10,weights,0.178539,0.089543,0.810988,1.079070,21,14,1
775,10,seq,0.322098,0.000295,0.464897,0.787290,42,92,1024
775,10,par,0.187702,0.091553,0.915422,1.194677,42,92,1024
775,10,weights,0.186173,0.092836,0.932582,1.211591,42,92,1024
776,10,seq,0.510541,0.000269,0.000456,0.511266,21,23,1
776,10,par,0.212188,0.090521,0.796384,1.099093,21,23,1
776,10,weights,0.213299,0.090290,0.798778,1.102366,21,23,1
777,10,seq,0.345238,0.000293,0.035942,0.381474,33,61,97
777,10,par,0.188924,0.089234,0.845455,1.123613,33,61,97
777,10,weights,0.193121,0.092057,0.852029,1.137207,33,61,97
778,10,seq,0.320883,0.000265,0.000163,0.321311,21,7,0
778,10,par,0.177679,0.089464,0.274502,0.541646,21,7,0
778,10,weights,0.184335,0.090206,0.275260,0.549801,21,7,0
779,10,seq,0.513428,0.000276,0.000800,0.514504,33,39,1
779,10,par,0.235144,0.092375,0.814072,1.141591,33,39,1
779,10,weights,0.240644,0.089434,0.801571,1.131649,33,39,1
780,10,seq,0.381013,0.000302,3.704280,4.085595,50,120,9952
780,10,par,0.155026,0.089607,1.326903,1.571536,50,120,9952
780,10,weights,0.152044,0.087481,1.231165,1.470690,50,120,9952
781,10,seq,0.465922,0.000262,0.000528,0.466711,21,21,1
781,10,par,0.204476,0.089812,0.788001,1.082289,21,21,1
781,10,weights,0.206039,0.090451,0.795709,1.092200,21,21,1
782,10,seq,0.309476,0.000252,0.000081,0.309808,21,7,0
782,10,par,0.178667,0.096299,0.088666,0.363632,21,7,0
782,10,weights,0.191479,0.090953,0.000277,0.282708,21,7,0
783,10,seq,0.646374,0.000298,0.493307,1.139979,42,84,1024
783,10,par,0.271283,0.084567,0.884149,1.239999,42,84,1024
783,10,weights,0.266849,0.087740,0.896934,1.251523,42,84,1024
784,10,seq,0.495675,0.000262,0.000414,0.496351,21,22,1
784,10,par,0.203900,0.086973,0.776876,1.067749,21,22,1
784,10,weights,0.215396,0.091618,0.795058,1.102072,21,22,1
785,10,seq,0.453251,0.000293,0.259007,0.712551,42,88,1024
785,10,par,0.212010,0.089479,0.900199,1.201689,42,88,1024
785,10,weights,0.218631,0.090834,0.873820,1.183285,42,88,1024
786,10,seq,0.257869,0.000263,0.000378,0.258510,21,21,1
786,10,par,0.166885,0.091197,0.785517,1.043598,21,21,1
786,10,weights,0.172538,0.091402,0.785800,1.049741,21,21,1
787,10,seq,0.394440,0.000282,0.010993,0.405715,33,35,32
787,10,par,0.197575,0.093518,0.815805,1.106897,33,35,32
787,10,weights,0.198347,0.090249,0.824685,1.113281,33,35,32
788,10,seq,0.347598,0.000263,0.000112,0.347973,21,2,0
788,10,par,0.171617,0.085739,0.086123,0.343479,21,2,0
788,10,weights,0.171635,0.092254,0.000243,0.264132,21,2,0
789,10,seq,0.259838,0.000256,0.000098,0.260193,21,8,0
789,10,par,0.151818,0.088157,0.088510,0.328486,21,8,0
789,10,weights,0.153177,0.089629,0.000239,0.243046,21,8,0
790,10,seq,0.532954,0.000272,0.000077,0.533304,21,2,0
790,10,par,0.213407,0.084845,0.085579,0.383831,21,2,0
790,10,weights,0.225825,0.088566,0.000247,0.314638,21,2,0
791,10,seq,0.744121,0.000299,1.635132,2.379551,45,130,9597
791,10,par,0.283474,0.086308,1.029383,1.399165,45,130,9597
791,10,weights,0.286155,0.086294,1.079487,1.451936,45,130,9597
792,10,seq,0.690103,0.000306,1.955009,2.645418,45,69,3108
792,10,par,0.259950,0.084785,1.025391,1.370126,45,69,3108
792,10,weights,0.265455,0.087051,1.021429,1.373936,45,69,3108
793,10,seq,0.368619,0.000298,0.529448,0.898365,42,96,1024
793,10,par,0.186560,0.086682,0.862292,1.135535,42,96,1024
793,10,weights,0.187302,0.087899,0.879278,1.154479,42,96,1024
794,10,seq,0.432918,0.000257,0.000090,0.433265,21,1,0
794,10,par,0.208455,0.087174,0.089005,0.384634,21,1,0
794,10,weights,0.209399,0.087610,0.000267,0.297276,21,1,0
795,10,seq,0.459722,0.000271,0.001256,0.461249,30,31,0
795,10,par,0.154084,0.091070,0.801127,1.046281,30,31,0
795,10,weights,0.164614,0.089091,0.797121,1.050826,30,31,0
796,10,seq,0.489242,0.000286,0.001236,0.490764,33,52,1
796,10,par,0.220982,0.085872,0.781287,1.088141,33,52,1
796,10,weights,0.222806,0.091760,0.767798,1.082363,33,52,1
797,10,seq,0.277588,0.000267,0.000403,0.278258,21,22,1
797,10,par,0.161784,0.087645,0.792079,1.041508,21,22,1
797,10,weights,0.165848,0.087640,0.771539,1.025027,21,22,1
798,10,seq,0.287654,0.000296,0.258286,0.546236,42,92,1024
798,10,par,0.160178,0.090328,0.872320,1.122827,42,92,1024
798,10,weights,0.167915,0.093451,0.849027,1.110394,42,92,1024
799,10,seq,0.591169,0.000286,0.067430,0.658885,33,66,170
799,10,par,0.198423,0.085608,0.831142,1.115173,33,66,170
799,10,weights,0.201914,0.090398,0.830956,1.123269,33,66,170
800,10,seq,0.300988,0.000259,0.000436,0.301683,21,21,1
800,10,par,0.170633,0.088681,0.771665,1.030979,21,21,1
800,10,weights,0.166789,0.089267,0.787607,1.043662,21,21,1
801,10,seq,0.397912,0.000279,0.092919,0.491110,33,62,256
801,10,par,0.200646,0.086777,0.827662,1.115085,33,62,256
801,10,weights,0.204450,0.087213,0.835753,1.127417,33,62,256
802,10,seq,0.695529,0.000278,0.015571,0.711378,33,48,75
802,10,par,0.189142,0.088352,0.821135,1.098629,33,48,75
802,10,weights,0.189267,0.086926,0.821266,1.097459,33,48,75
803,10,seq,0.273324,0.000270,0.000083,0.273677,21,9,0
803,10,par,0.157628,0.091676,0.086340,0.335644,21,9,0
803,10,weights,0.160271,0.091794,0.000250,0.252315,21,9,0
804,10,seq,0.267312,0.000267,0.000137,0.267715,21,4,0
804,10,par,0.166426,0.085965,0.089352,0.341744,21,4,0
804,10,weights,0.170140,0.089828,0.086441,0.346408,21,4,0
805,10,seq,0.387319,0.000280,0.440409,0.828008,42,80,1024
805,10,par,0.193324,0.088286,0.852506,1.134115,42,80,1024
805,10,weights,0.193492,0.089491,0.886116,1.169099,42,80,1024
806,10,seq,0.576220,0.000274,0.005489,0.581983,33,24,16
806,10,par,0.237019,0.087131,0.827289,1.151440,33,24,16
806,10,weights,0.245239,0.092107,0.805710,1.143056,33,24,16
807,10,seq,0.340980,0.000261,0.000468,0.341710,21,22,1
807,10,par,0.180796,0.089242,0.780085,1.050123,21,22,1
807,10,weights,0.188507,0.087979,0.790816,1.067302,21,22,1
808,10,seq,0.432323,0.000317,0.286965,0.719605,42,80,1024
808,10,par,0.203238,0.089712,0.907476,1.200426,42,80,1024
808,10,weights,0.205709,0.092202,0.900361,1.198272,42,80,1024
809,10,seq,0.314566,0.000240,0.000158,0.314964,20,10,0
809,10,par,0.148068,0.097155,0.286390,0.531613,20,10,0
809,10,weights,0.143957,0.088861,0.265771,0.498590,20,10,0
810,10,seq,0.279856,0.000270,0.000434,0.280560,21,26,1
810,10,par,0.152536,0.088838,0.798674,1.040049,21,26,1
810,10,weights,0.155729,0.090582,0.778682,1.024992,21,26,1
811,10,seq,0.329026,0.000270,0.000090,0.329386,21,3,0
811,10,par,0.175881,0.090458,0.120187,0.386526,21,3,0
811,10,weights,0.181806,0.088966,0.000248,0.271019,21,3,0
812,10,seq,0.515923,0.000282,0.002142,0.518347,33,40,16
812,10,par,0.233367,0.088780,0.782774,1.104920,33,40,16
812,10,weights,0.239120,0.086548,0.781202,1.106870,33,40,16
813,10,seq,0.329750,0.000300,0.001269,0.331319,33,34,2
813,10,par,0.181873,0.091466,0.781368,1.054708,33,34,2
813,10,weights,0.188464,0.087045,0.887547,1.163056,33,34,2
814,10,seq,0.323412,0.000265,0.000172,0.323849,21,11,0
814,10,par,0.174682,0.087935,0.260727,0.523345,21,11,0
814,10,weights,0.178320,0.088172,0.261111,0.527604,21,11,0
815,10,seq,0.595751,0.000277,0.014831,0.610859,33,58,165
815,10,par,0.254461,0.088037,0.820564,1.163061,33,58,165
815,10,weights,0.261449,0.088445,0.818982,1.168876,33,58,165
816,10,seq,0.305424,0.000258,0.000393,0.306075,21,22,1
816,10,par,0.170328,0.086114,0.777942,1.034383,21,22,1
816,10,weights,0.177342,0.089136,0.775756,1.042234,21,22,1
817,10,seq,0.229835,0.000258,0.000091,0.230184,20,1,0
817,10,par,0.133979,0.087635,0.085186,0.306801,20,1,0
817,10,weights,0.150519,0.087362,0.000305,0.238185,20,1,0
818,10,seq,0.265233,0.000258,0.000423,0.265914,21,20,1
818,10,par,0.164043,0.088775,0.772391,1.025209,21,20,1
818,10,weights,0.453348,0.092564,0.773349,1.319261,21,20,1
819,10,seq,0.284686,0.000263,0.000407,0.285356,21,23,1
819,10,par,0.171313,0.086022,0.788370,1.045705,21,23,1
819,10,weights,0.171627,0.088632,0.776926,1.037184,21,23,1
820,10,seq,0.308279,0.000263,0.000104,0.308646,21,9,0
820,10,par,0.162620,0.086088,0.089323,0.338031,21,9,0
820,10,weights,0.170336,0.088585,0.000241,0.259162,21,9,0
821,10,seq,0.593532,0.000264,0.000087,0.593883,21,7,0
821,10,par,0.226022,0.085921,0.086077,0.398020,21,7,0
821,10,weights,0.277395,0.090607,0.000267,0.368269,21,7,0
822,10,seq,0.352221,0.000295,0.193344,0.545859,42,80,768
822,10,par,0.175102,0.087294,0.857493,1.119888,42,80,768
822,10,weights,0.183910,0.087537,0.848382,1.119829,42,80,768
823,10,seq,0.749246,0.000279,0.038618,0.788143,33,56,228
823,10,par,0.285511,0.084631,0.815628,1.185769,33,56,228
823,10,weights,0.290768,0.087531,0.820661,1.198959,33,56,228
824,10,seq,0.295651,0.000278,0.027218,0.323146,33,49,158
824,10,par,0.173022,0.086282,0.820316,1.079620,33,49,158
824,10,weights,0.177408,0.088724,0.826002,1.092134,33,49,158
825,10,seq,0.276173,0.000264,0.000365,0.276803,20,20,1
825,10,par,0.137039,0.089891,0.772413,0.999344,20,20,1
825,10,weights,0.142570,0.086555,0.777319,1.006445,20,20,1
826,10,seq,0.292977,0.000265,0.000082,0.293324,21,6,0
826,10,par,0.171179,0.088650,0.085939,0.345768,21,6,0
826,10,weights,0.178315,0.087949,0.000243,0.266507,21,6,0
827,10,seq,0.337399,0.000289,0.000531,0.338219,21,26,2
827,10,par,0.183048,0.090737,0.786197,1.059982,21,26,2
827,10,weights,0.179946,0.085649,0.835625,1.101219,21,26,2
828,10,seq,0.418832,0.000288,0.155602,0.574721,42,88,1024
828,10,par,0.236483,0.098161,0.903273,1.237917,42,88,1024
828,10,weights,0.197630,0.093330,0.869718,1.160678,42,88,1024
829,10,seq,0.484214,0.000291,0.456235,0.940740,42,84,1024
829,10,par,0.217851,0.089472,0.911723,1.219047,42,84,1024
829,10,weights,0.220673,0.087595,0.911965,1.220232,42,84,1024
830,10,seq,0.381323,0.000268,0.000082,0.381672,21,9,0
830,10,par,0.200852,0.090466,0.089556,0.380874,21,9,0
830,10,weights,0.209379,0.093566,0.000246,0.303190,21,9,0
831,10,seq,0.302804,0.000254,0.000429,0.303487,21,21,1
831,10,par,0.181944,0.093863,0.800325,1.076133,21,21,1
831,10,weights,0.189414,0.096550,0.812545,1.098509,21,21,1
832,10,seq,0.323869,0.000263,0.000302,0.324434,21,13,0
832,10,par,0.179473,0.090722,0.784794,1.054989,21,13,0
832,10,weights,0.180206,0.095710,0.728232,1.004148,21,13,0
833,10,seq,0.623660,0.000288,0.014922,0.638870,33,50,16
833,10,par,0.259253,0.090094,0.832221,1.181567,33,50,16
833,10,weights,0.268906,0.095117,0.843255,1.207278,33,50,16
834,10,seq,0.349960,0.000253,0.000091,0.350304,21,2,0
834,10,par,0.180853,0.090139,0.090737,0.361729,21,2,0
834,10,weights,0.186239,0.089185,0.000290,0.275713,21,2,0
835,10,seq,0.266137,0.000284,0.031827,0.298248,33,63,132
835,10,par,0.157699,0.089453,0.843614,1.090767,33,63,132
835,10,weights,0.164849,0.092872,0.837624,1.095346,33,63,132
836,10,seq,0.382924,0.000262,0.000083,0.383269,21,10,0
836,10,par,0.198587,0.089955,0.088038,0.376581,21,10,0
836,10,weights,0.208458,0.093865,0.000250,0.302573,21,10,0
837,10,seq,0.319783,0.000250,0.000075,0.320107,20,5,0
837,10,par,0.138855,0.089702,0.095385,0.323943,20,5,0
837,10,weights,0.141871,0.091588,0.000248,0.233706,20,5,0
838,10,seq,0.231026,0.000257,0.000445,0.231727,20,20,2
838,10,par,0.133376,0.088237,0.808011,1.029624,20,20,2
838,10,weights,0.134482,0.091902,0.808592,1.034976,20,20,2
839,10,seq,0.394096,0.000259,0.000162,0.394517,21,3,0
839,10,par,0.183810,0.090648,0.276218,0.550676,21,3,0
839,10,weights,0.180687,0.092841,0.265883,0.539412,21,3,0
840,10,seq,0.373430,0.000300,0.299809,0.673539,42,96,1024
840,10,par,0.185475,0.137629,0.864271,1.187375,42,96,1024
840,10,weights,0.189531,0.092629,0.877867,1.160027,42,96,1024
841,10,seq,0.308536,0.000261,0.000142,0.308938,21,5,0
841,10,par,0.168373,0.095264,0.092216,0.355852,21,5,0
841,10,weights,0.176461,0.090190,0.087046,0.353696,21,5,0
842,10,seq,0.314398,0.000261,0.000388,0.315047,21,19,1
842,10,par,0.177722,0.088047,0.792833,1.058601,21,19,1
842,10,weights,0.178539,0.089790,0.809584,1.077913,21,19,1
843,10,seq,0.388859,0.000257,0.000462,0.389577,21,24,1
843,10,par,0.158246,0.091479,0.794929,1.044654,21,24,1
843,10,weights,0.149281,0.093486,0.788347,1.031113,21,24,1
844,10,seq,0.374344,0.000303,0.219136,0.593783,33,94,576
844,10,par,0.185534,0.090215,0.878281,1.154030,33,94,576
844,10,weights,0.194144,0.086863,0.863337,1.144344,33,94,576
845,10,seq,0.554217,0.000302,0.528279,1.082798,42,100,1024
845,10,par,0.235918,0.089692,0.884982,1.210592,42,100,1024
845,10,weights,0.236155,0.091279,0.895845,1.223279,42,100,1024
846,10,seq,0.325384,0.000305,0.000738,0.326427,30,48,1
846,10,par,0.176164,0.089841,0.794639,1.060644,30,48,1
846,10,weights,0.184734,0.090988,0.799692,1.075415,30,48,1
847,10,seq,0.322851,0.000283,0.000082,0.323216,21,7,0
847,10,par,0.170298,0.091854,0.089729,0.351881,21,7,0
847,10,weights,0.167920,0.089181,0.000246,0.257346,21,7,0
848,10,seq,0.278037,0.000266,0.000392,0.278695,21,22,1
848,10,par,0.162441,0.090648,0.816047,1.069135,21,22,1
848,10,weights,0.171408,0.092304,0.798287,1.062000,21,22,1
849,10,seq,0.275558,0.000265,0.000084,0.275907,21,15,0
849,10,par,0.159127,0.091840,0.086888,0.337855,21,15,0
849,10,weights,0.160749,0.093530,0.000270,0.254549,21,15,0
850,10,seq,0.288012,0.000282,0.000558,0.288851,30,46,1
850,10,par,0.162990,0.092076,0.801295,1.056361,30,46,1
850,10,weights,0.177374,0.095531,0.795495,1.068400,30,46,1
851,10,seq,0.486319,0.000331,7.665205,8.151856,54,181,24798
851,10,par,0.207207,0.087065,1.628290,1.922562,54,181,24798
851,10,weights,0.219561,0.093216,1.677373,1.990151,54,181,24798
852,10,seq,0.356753,0.000249,0.000168,0.357169,20,10,0
852,10,par,0.159454,0.090339,0.275740,0.525533,20,10,0
852,10,weights,0.158174,0.092419,0.273107,0.523700,20,10,0
853,10,seq,0.276695,0.000264,0.000081,0.277040,21,0,0
853,10,par,0.172904,0.091120,0.088690,0.352714,21,0,0
853,10,weights,0.182877,0.093923,0.000261,0.277062,21,0,0
854,10,seq,0.310088,0.000260,0.000364,0.310712,21,20,1
854,10,par,0.176847,0.093543,0.863038,1.133428,21,20,1
854,10,weights,0.181899,0.096127,0.809345,1.087371,21,20,1
855,10,seq,0.285452,0.000288,0.257103,0.542843,42,88,1024
855,10,par,0.285935,0.095802,0.891817,1.273554,42,88,1024
855,10,weights,0.169113,0.096962,0.903378,1.169452,42,88,1024
856,10,seq,0.434823,0.000276,0.249546,0.684644,42,76,1024
856,10,par,0.209914,0.091423,0.892286,1.193623,42,76,1024
856,10,weights,0.211643,0.091560,0.871927,1.175130,42,76,1024
857,10,seq,0.292973,0.000261,0.000175,0.293410,21,5,0
857,10,par,0.176801,0.089109,0.271021,0.536931,21,5,0
857,10,weights,0.177951,0.093973,0.274061,0.545984,21,5,0
858,10,seq,0.306947,0.000259,0.000472,0.307679,21,19,1
858,10,par,0.162147,0.091129,0.805916,1.059192,21,19,1
858,10,weights,0.163730,0.095429,0.807393,1.066551,21,19,1
859,10,seq,0.578917,0.000290,0.461024,1.040231,42,88,1024
859,10,par,0.233473,0.087984,0.888020,1.209476,42,88,1024
859,10,weights,0.224180,0.094669,0.894043,1.212892,42,88,1024
860,10,seq,0.626877,0.000290,0.158063,0.785230,42,96,1024
860,10,par,0.244353,0.090486,0.861710,1.196549,42,96,1024
860,10,weights,0.242777,0.094200,0.896347,1.233325,42,96,1024
861,10,seq,0.325004,0.000268,0.000493,0.325764,21,27,1
861,10,par,0.167276,0.092721,0.795823,1.055821,21,27,1
861,10,weights,0.174196,0.091977,0.798073,1.064247,21,27,1
862,10,seq,0.471227,0.000265,0.000426,0.471917,21,23,1
862,10,par,0.207551,0.093511,0.800058,1.101120,21,23,1
862,10,weights,0.206372,0.092230,0.799877,1.098480,21,23,1
863,10,seq,0.521555,0.000255,0.000082,0.521892,20,10,0
863,10,par,0.164095,0.089496,0.090817,0.344408,20,10,0
863,10,weights,0.172991,0.090351,0.000269,0.263612,20,10,0
864,10,seq,0.295642,0.000262,0.000310,0.296214,21,14,1
864,10,par,0.178880,0.091383,0.817625,1.087888,21,14,1
864,10,weights,0.182097,0.090339,0.788639,1.061074,21,14,1
865,10,seq,0.392174,0.000305,0.501860,0.894338,42,88,1024
865,10,par,0.196525,0.112884,0.880746,1.190155,42,88,1024
865,10,weights,0.200993,0.088883,0.897476,1.187352,42,88,1024
866,10,seq,0.319425,0.000308,8.766128,9.085861,54,139,12476
866,10,par,0.183662,0.087289,1.583014,1.853965,54,139,12476
866,10,weights,0.192541,0.091532,1.617823,1.901896,54,139,12476
867,10,seq,0.297616,0.000260,0.000388,0.298264,21,22,1
867,10,par,0.176077,0.088686,0.827613,1.092376,21,22,1
867,10,weights,0.177623,0.089815,0.806815,1.074252,21,22,1
868,10,seq,0.440495,0.000267,0.000081,0.440843,21,8,0
868,10,par,0.216975,0.089210,0.090846,0.397031,21,8,0
868,10,weights,0.218843,0.090771,0.000264,0.309878,21,8,0
869,10,seq,0.396281,0.000275,0.000079,0.396634,21,10,0
869,10,par,0.194789,0.090737,0.088494,0.374020,21,10,0
869,10,weights,0.207625,0.092858,0.000285,0.300768,21,10,0
870,10,seq,0.433011,0.000258,0.000078,0.433348,21,7,0
870,10,par,0.217230,0.091561,0.090009,0.398800,21,7,0
870,10,weights,0.224758,0.091650,0.000244,0.316652,21,7,0
871,10,seq,0.465473,0.000323,1.270113,1.735909,54,142,10589
871,10,par,0.212971,0.089656,1.118587,1.421214,54,142,10589
871,10,weights,0.225313,0.095160,1.092021,1.412495,54,142,10589
872,10,seq,0.313143,0.000255,0.000272,0.313670,21,12,1
872,10,par,0.173705,0.091730,0.834969,1.100403,21,12,1
872,10,weights,0.175818,0.091780,0.840713,1.108311,21,12,1
873,10,seq,0.282276,0.000270,0.000388,0.282934,21,20,1
873,10,par,0.176614,0.095298,0.843100,1.115011,21,20,1
873,10,weights,0.181163,0.096898,0.843617,1.121677,21,20,1
874,10,seq,0.314057,0.000261,0.000389,0.314707,21,22,1
874,10,par,0.182240,0.098165,0.838738,1.119143,21,22,1
874,10,weights,0.183984,0.096706,0.836813,1.117503,21,22,1
875,10,seq,0.369048,0.000366,149.455219,149.824633,66,214,148320
875,10,par,0.199708,0.089891,12.190355,12.479954,66,214,148320
875,10,weights,0.214349,0.102866,11.578125,11.895340,66,214,148320
876,10,seq,0.539477,0.000272,0.159065,0.698813,42,72,1024
876,10,par,0.235028,0.098012,0.950458,1.283498,42,72,1024
876,10,weights,0.232585,0.102215,0.953664,1.288464,42,72,1024
877,10,seq,0.273186,0.000277,0.003424,0.276887,30,38,16
877,10,par,0.149337,0.098555,0.886441,1.134333,30,38,16
877,10,weights,0.150425,0.101704,0.903202,1.155332,30,38,16
878,10,seq,0.534359,0.000274,0.000532,0.535165,21,21,1
878,10,par,0.239369,0.099631,0.891823,1.230823,21,21,1
878,10,weights,0.246152,0.099767,0.880397,1.226317,21,21,1
879,10,seq,0.346323,0.000249,0.000080,0.346652,20,1,0
879,10,par,0.156320,0.101991,0.097814,0.356125,20,1,0
879,10,weights,0.157905,0.098464,0.000251,0.256620,20,1,0
880,10,seq,0.298083,0.000273,0.000077,0.298432,21,4,0
880,10,par,0.170007,0.103259,0.098063,0.371329,21,4,0
880,10,weights,0.181049,0.098308,0.000271,0.279628,21,4,0
881,10,seq,0.614050,0.000293,0.491777,1.106120,42,84,1024
881,10,par,0.279308,0.098060,0.961958,1.339326,42,84,1024
881,10,weights,0.284148,0.097907,0.961480,1.343535,42,84,1024
882,10,seq,0.403976,0.000267,0.000417,0.404660,21,24,1
882,10,par,0.203450,0.100827,0.874450,1.178728,21,24,1
882,10,weights,0.206747,0.096161,0.855720,1.158629,21,24,1
883,10,seq,0.258390,0.000266,0.000460,0.259117,21,20,1
883,10,par,0.170798,0.098334,0.893440,1.162572,21,20,1
883,10,weights,0.263630,0.095612,0.870329,1.229570,21,20,1
884,10,seq,0.238975,0.000266,0.000496,0.239736,21,23,1
884,10,par,0.161057,0.100727,0.861228,1.123012,21,23,1
884,10,weights,0.165959,0.100915,0.868414,1.135287,21,23,1
885,10,seq,0.330446,0.000282,0.001094,0.331821,33,20,0
885,10,par,0.194931,0.097446,0.494414,0.786791,33,20,0
885,10,weights,0.196886,0.098821,0.488444,0.784151,33,20,0
886,10,seq,0.463918,0.000394,18.005991,18.470304,66,302,154368
886,10,par,0.226483,0.098026,4.016000,4.340508,66,302,154368
886,10,weights,0.242694,0.105689,3.928889,4.277273,66,302,154368
887,10,seq,0.378276,0.000302,0.793947,1.172525,50,120,9408
887,10,par,0.171812,0.102689,1.126376,1.400877,50,120,9408
887,10,weights,0.181422,0.103950,1.101017,1.386389,50,120,9408
888,10,seq,0.361863,0.000334,0.513082,0.875280,42,108,1024
888,10,par,0.206405,0.097669,0.974545,1.278619,42,108,1024
888,10,weights,0.199894,0.101719,0.968036,1.269649,42,108,1024
889,10,seq,0.563293,0.000298,0.008753,0.572345,33,37,40
889,10,par,0.237380,0.100634,0.887025,1.225039,33,37,40
889,10,weights,0.249223,0.098554,0.916193,1.263970,33,37,40
890,10,seq,0.286552,0.000281,0.000083,0.286916,21,6,0
890,10,par,0.185019,0.103488,0.095401,0.383908,21,6,0
890,10,weights,0.272534,0.099515,0.000254,0.372303,21,6,0
891,10,seq,0.244632,0.000251,0.000328,0.245211,20,20,1
891,10,par,0.147335,0.099246,0.872613,1.119195,20,20,1
891,10,weights,0.150994,0.101769,0.881952,1.134715,20,20,1
892,10,seq,0.356760,0.000270,0.000091,0.357120,21,3,0
892,10,par,0.191749,0.100560,0.095818,0.388127,21,3,0
892,10,weights,0.196103,0.100587,0.000251,0.296941,21,3,0
893,10,seq,0.337532,0.000263,0.000435,0.338230,21,24,1
893,10,par,0.196126,0.096228,0.886758,1.179112,21,24,1
893,10,weights,0.198032,0.101206,0.877547,1.176785,21,24,1
894,10,seq,0.351032,0.000282,0.007597,0.358912,33,40,8
894,10,par,0.194695,0.102457,0.910171,1.207323,33,40,8
894,10,weights,0.197063,0.100629,0.924980,1.222671,33,40,8
895,10,seq,0.334514,0.000279,0.005492,0.340286,33,34,16
895,10,par,0.183083,0.098988,0.913613,1.195685,33,34,16
895,10,weights,0.188538,0.101165,0.908080,1.197782,33,34,16
896,10,seq,0.477644,0.000261,0.000083,0.477987,21,11,0
896,10,par,0.219305,0.096285,0.098945,0.414535,21,11,0
896,10,weights,0.223602,0.098491,0.000248,0.322341,21,11,0
897,10,seq,0.221534,0.000293,0.075325,0.297152,33,52,256
897,10,par,0.166060,0.101192,0.920862,1.188114,33,52,256
897,10,weights,0.167970,0.101037,0.933449,1.202456,33,52,256
898,10,seq,0.398862,0.000268,0.000090,0.399221,21,7,0
898,10,par,0.208048,0.099691,0.094384,0.402123,21,7,0
898,10,weights,0.213072,0.102746,0.000253,0.316071,21,7,0
899,10,seq,0.743233,0.000310,1.466018,2.209561,45,132,9799
899,10,par,0.291577,0.091192,1.108742,1.491511,45,132,9799
899,10,weights,0.295464,0.095650,1.123432,1.514545,45,132,9799
900,10,seq,0.458353,0.000281,0.000085,0.458720,21,11,0
900,10,par,0.228124,0.098673,0.091765,0.418562,21,11,0
900,10,weights,0.231376,0.097317,0.000269,0.328962,21,11,0
901,10,seq,0.285513,0.000279,0.000578,0.286371,30,45,1
901,10,par,0.177138,0.096202,0.843207,1.116547,30,45,1
901,10,weights,0.182781,0.099150,0.858209,1.140140,30,45,1
902,10,seq,0.268711,0.000262,0.000421,0.269394,21,21,1
902,10,par,0.168389,0.093635,0.816589,1.078614,21,21,1
902,10,weights,0.156193,0.090124,0.809683,1.056000,21,21,1
903,10,seq,0.369007,0.000267,0.000093,0.369367,21,13,0
903,10,par,0.196503,0.090038,0.088775,0.375316,21,13,0
903,10,weights,0.202248,0.090414,0.000245,0.292907,21,13,0
904,10,seq,0.307318,0.000263,0.000162,0.307743,21,20,0
904,10,par,0.226440,0.093299,0.090136,0.409875,21,20,0
904,10,weights,0.174847,0.093896,0.091143,0.359886,21,20,0
905,10,seq,0.371374,0.000288,0.072712,0.444374,33,74,400
905,10,par,0.192409,0.095556,0.864477,1.152442,33,74,400
905,10,weights,0.200990,0.093759,0.862572,1.157322,33,74,400
906,10,seq,0.328036,0.000262,0.000376,0.328674,21,21,1
906,10,par,0.189032,0.090265,0.817102,1.096399,21,21,1
906,10,weights,0.198607,0.098412,0.810365,1.107384,21,21,1
907,10,seq,0.462405,0.000301,0.352409,0.815115,42,90,768
907,10,par,0.217008,0.090972,0.894993,1.202973,42,90,768
907,10,weights,0.219697,0.090379,0.900583,1.210658,42,90,768
908,10,seq,0.254681,0.000258,0.000384,0.255323,21,20,1
908,10,par,0.171044,0.094564,0.849858,1.115466,21,20,1
908,10,weights,0.177630,0.092322,0.820440,1.090393,21,20,1
909,10,seq,0.304237,0.000327,3.723544,4.028107,45,156,13965
909,10,par,0.183492,0.088989,1.326146,1.598627,45,156,13965
909,10,weights,0.195385,0.099729,1.347557,1.642671,45,156,13965
910,10,seq,0.315049,0.000303,0.000086,0.315437,21,5,0
910,10,par,0.175463,0.096850,0.090857,0.363171,21,5,0
910,10,weights,0.178945,0.095162,0.000264,0.274371,21,5,0
911,10,seq,0.266416,0.000284,0.298618,0.565318,42,84,1024
911,10,par,0.165473,0.093431,0.922023,1.180927,42,84,1024
911,10,weights,0.168394,0.096429,0.906404,1.171227,42,84,1024
912,10,seq,0.318927,0.000256,0.000422,0.319605,20,20,1
912,10,par,0.143967,0.093654,0.838536,1.076158,20,20,1
912,10,weights,0.150324,0.095722,0.836902,1.082948,20,20,1
913,10,seq,0.533215,0.000262,0.000357,0.533835,21,15,1
913,10,par,0.223256,0.093883,0.831277,1.148417,21,15,1
913,10,weights,0.225930,0.091836,0.827132,1.144898,21,15,1
914,10,seq,0.444912,0.000301,0.024502,0.469714,33,47,67
914,10,par,0.215728,0.091657,0.863084,1.170470,33,47,67
914,10,weights,0.221418,0.092740,0.924286,1.238445,33,47,67
915,10,seq,0.368153,0.000277,0.000677,0.369107,33,33,1
915,10,par,0.198570,0.092018,0.831813,1.122402,33,33,1
915,10,weights,0.207547,0.094860,0.836601,1.139008,33,33,1
916,10,seq,0.626007,0.000284,0.090299,0.716590,33,60,320
916,10,par,0.258069,0.093982,0.888960,1.241011,33,60,320
916,10,weights,0.261178,0.090712,0.878495,1.230385,33,60,320
917,10,seq,0.375728,0.000285,0.330571,0.706584,40,80,1024
917,10,par,0.157275,0.103938,0.991973,1.253186,40,80,1024
917,10,weights,0.167436,0.100976,0.907831,1.176242,40,80,1024
918,10,seq,0.450849,0.000281,0.020175,0.471306,33,49,73
918,10,par,0.216390,0.091838,0.860396,1.168624,33,49,73
918,10,weights,0.227094,0.099155,0.861220,1.187469,33,49,73
919,10,seq,0.354272,0.000300,0.143391,0.497964,42,76,288
919,10,par,0.191948,0.095260,0.881882,1.169090,42,76,288
919,10,weights,0.196244,0.098196,0.880589,1.175029,42,76,288
920,10,seq,0.496869,0.000267,0.000508,0.497644,21,24,1
920,10,par,0.214097,0.094354,0.826779,1.135231,21,24,1
920,10,weights,0.216487,0.091439,0.834609,1.142534,21,24,1
921,10,seq,0.388024,0.000252,0.000083,0.388359,21,0,0
921,10,par,0.194074,0.092848,0.092789,0.379712,21,0,0
921,10,weights,0.192121,0.093505,0.000248,0.285874,21,0,0
922,10,seq,0.268738,0.000253,0.000359,0.269350,20,20,1
922,10,par,0.135792,0.090498,0.817510,1.043799,20,20,1
922,10,weights,0.145671,0.097327,0.823456,1.066454,20,20,1
923,10,seq,0.280558,0.000304,0.526910,0.807772,42,100,1024
923,10,par,0.169796,0.093518,0.922359,1.185673,42,100,1024
923,10,weights,0.169206,0.094774,0.922290,1.186270,42,100,1024
924,10,seq,0.352316,0.000322,8.369945,8.722583,54,136,12190
924,10,par,0.195603,0.095437,1.648066,1.939106,54,136,12190
924,10,weights,0.212665,0.111223,1.607850,1.931738,54,136,12190
925,10,seq,0.333170,0.000280,0.000084,0.333533,33,7,0
925,10,par,0.225739,0.099650,0.093902,0.419291,33,7,0
925,10,weights,0.193764,0.098232,0.000244,0.292241,33,7,0
926,10,seq,0.333533,0.000264,0.000352,0.334149,21,15,1
926,10,par,0.180785,0.102008,0.857540,1.140333,21,15,1
926,10,weights,0.188913,0.101030,0.844281,1.134224,21,15,1
927,10,seq,0.398012,0.000262,0.000089,0.398363,21,8,0
927,10,par,0.207766,0.095460,0.094306,0.397532,21,8,0
927,10,weights,0.209304,0.098181,0.000250,0.307735,21,8,0
928,10,seq,0.304715,0.000255,0.000077,0.305046,21,4,0
928,10,par,0.184517,0.095015,0.091014,0.370547,21,4,0
928,10,weights,0.199778,0.095580,0.000239,0.295598,21,4,0
929,10,seq,0.319922,0.000266,0.000424,0.320612,20,20,1
929,10,par,0.144307,0.094295,0.859595,1.098196,20,20,1
929,10,weights,0.148296,0.100694,0.852661,1.101651,20,20,1
930,10,seq,0.282515,0.000264,0.000454,0.283233,21,22,1
930,10,par,0.176590,0.094679,0.841787,1.113056,21,22,1
930,10,weights,0.173063,0.097260,0.865441,1.135764,21,22,1
931,10,seq,0.321486,0.000282,0.000438,0.322206,21,21,1
931,10,par,0.183810,0.098778,0.855717,1.138304,21,21,1
931,10,weights,0.186676,0.102846,0.851183,1.140706,21,21,1
932,10,seq,0.392303,0.000267,0.000414,0.392983,21,24,1
932,10,par,0.206369,0.093326,0.865374,1.165069,21,24,1
932,10,weights,0.208030,0.092200,0.875216,1.175446,21,24,1
933,10,seq,0.512580,0.000284,0.103871,0.616734,33,56,387
933,10,par,0.202059,0.094509,0.914446,1.211014,33,56,387
933,10,weights,0.201836,0.100613,0.950221,1.252670,33,56,387
934,10,seq,0.345855,0.000253,0.000270,0.346379,20,13,1
934,10,par,0.148661,0.098814,0.846497,1.093972,20,13,1
934,10,weights,0.156027,0.101641,0.849247,1.106916,20,13,1
935,10,seq,0.296877,0.000274,0.000091,0.297241,21,2,0
935,10,par,0.179395,0.099695,0.091090,0.370180,21,2,0
935,10,weights,0.182187,0.098291,0.000249,0.280727,21,2,0
936,10,seq,0.281910,0.000265,0.000078,0.282253,21,14,0
936,10,par,0.171000,0.096750,0.092545,0.360295,21,14,0
936,10,weights,0.177871,0.098674,0.000258,0.276803,21,14,0
937,10,seq,0.260779,0.000254,0.000406,0.261438,21,20,1
937,10,par,0.171056,0.097836,0.845724,1.114616,21,20,1
937,10,weights,0.195678,0.096037,0.852782,1.144496,21,20,1
938,10,seq,0.407922,0.000281,0.018220,0.426424,30,58,152
938,10,par,0.202949,0.094979,0.889559,1.187486,30,58,152
938,10,weights,0.203240,0.097121,0.895264,1.195626,30,58,152
939,10,seq,0.364991,0.000310,0.284479,0.649780,45,77,561
939,10,par,0.203846,0.093635,0.919646,1.217126,45,77,561
939,10,weights,0.202941,0.094163,0.926013,1.223118,45,77,561
940,10,seq,0.347286,0.000274,0.008678,0.356239,33,34,32
940,10,par,0.194036,0.096358,0.899354,1.189748,33,34,32
940,10,weights,0.195833,0.097557,0.950092,1.243482,33,34,32
941,10,seq,0.489981,0.000261,0.000500,0.490743,21,21,1
941,10,par,0.212754,0.095330,0.865445,1.173529,21,21,1
941,10,weights,0.216311,0.093553,0.871717,1.181581,21,21,1
942,10,seq,0.326586,0.000339,6.452221,6.779146,54,146,17480
942,10,par,0.185981,0.098077,1.540829,1.824886,54,146,17480
942,10,weights,0.192737,0.100750,1.475980,1.769466,54,146,17480
943,10,seq,0.410473,0.000262,0.000344,0.411078,21,22,1
943,10,par,0.209731,0.097284,0.841277,1.148292,21,22,1
943,10,weights,0.209296,0.095091,0.857099,1.161486,21,22,1
944,10,seq,0.291699,0.000283,0.000083,0.292065,21,6,0
944,10,par,0.173520,0.097269,0.095407,0.366196,21,6,0
944,10,weights,0.174775,0.096848,0.000268,0.271892,21,6,0
945,10,seq,0.333533,0.000285,0.477301,0.811119,42,80,1024
945,10,par,0.187394,0.096882,0.944908,1.229183,42,80,1024
945,10,weights,0.194638,0.097079,0.955679,1.247396,42,80,1024
946,10,seq,0.412074,0.000282,0.464424,0.876780,42,72,1024
946,10,par,0.197049,0.100047,0.969658,1.266755,42,72,1024
946,10,weights,0.205733,0.095098,0.954809,1.255639,42,72,1024
947,10,seq,0.267413,0.000292,0.108896,0.376601,42,92,1024
947,10,par,0.160601,0.095512,0.914550,1.170663,42,92,1024
947,10,weights,0.172185,0.098438,0.914491,1.185114,42,92,1024
948,10,seq,0.304006,0.000259,0.000410,0.304675,21,22,1
948,10,par,0.183457,0.100550,0.850682,1.134690,21,22,1
948,10,weights,0.187513,0.104686,0.979700,1.271899,21,22,1
949,10,seq,0.292891,0.000279,0.000869,0.294039,30,58,1
949,10,par,0.171209,0.104282,0.906203,1.181694,30,58,1
949,10,weights,0.166672,0.101324,0.890718,1.158714,30,58,1
950,10,seq,0.408093,0.000286,0.194693,0.603073,42,96,1024
950,10,par,0.211371,0.109138,0.991377,1.311885,42,96,1024
950,10,weights,0.213262,0.110537,0.970389,1.294188,42,96,1024
951,10,seq,0.349376,0.000285,0.454634,0.804296,42,84,1024
951,10,par,0.186758,0.102431,0.966502,1.255692,42,84,1024
951,10,weights,0.189813,0.099085,0.938990,1.227889,42,84,1024
952,10,seq,0.322364,0.000270,0.000472,0.323107,21,27,1
952,10,par,0.178083,0.092954,0.861248,1.132284,21,27,1
952,10,weights,0.183573,0.102183,0.855634,1.141390,21,27,1
953,10,seq,0.297402,0.000290,0.000691,0.298383,30,46,1
953,10,par,0.170400,0.093453,0.855810,1.119662,30,46,1
953,10,weights,0.184343,0.095445,0.860443,1.140231,30,46,1
954,10,seq,0.477314,0.000276,0.000083,0.477674,21,4,0
954,10,par,0.211574,0.094481,0.095747,0.401802,21,4,0
954,10,weights,0.215974,0.097137,0.000251,0.313363,21,4,0
955,10,seq,0.371320,0.000269,0.000078,0.371666,21,6,0
955,10,par,0.208057,0.092643,0.095088,0.395788,21,6,0
955,10,weights,0.205980,0.100527,0.000260,0.306767,21,6,0
956,10,seq,0.292913,0.000264,0.000365,0.293542,21,21,1
956,10,par,0.168854,0.092877,0.853812,1.115544,21,21,1
956,10,weights,0.173244,0.099754,0.858529,1.131527,21,21,1
957,10,seq,0.367258,0.000302,0.015086,0.382646,33,58,136
957,10,par,0.196236,0.095414,0.895327,1.186977,33,58,136
957,10,weights,0.198872,0.098006,0.905647,1.202524,33,58,136
958,10,seq,0.657514,0.000268,0.000388,0.658170,21,21,1
958,10,par,0.259007,0.099194,0.851808,1.210009,21,21,1
958,10,weights,0.257521,0.095799,0.859644,1.212964,21,21,1
959,10,seq,0.354488,0.000316,0.245058,0.599862,45,90,436
959,10,par,0.200750,0.096761,0.922063,1.219574,45,90,436
959,10,weights,0.208066,0.100305,0.930191,1.238562,45,90,436
960,10,seq,0.334051,0.000278,0.000187,0.334517,20,12,0
960,10,par,0.148088,0.094275,0.288179,0.530542,20,12,0
960,10,weights,0.151122,0.097490,0.284307,0.532919,20,12,0
961,10,seq,0.384266,0.000290,0.257956,0.642512,42,88,1024
961,10,par,0.810309,0.105810,0.930370,1.846489,42,88,1024
961,10,weights,0.222252,0.097506,0.923616,1.243373,42,88,1024
962,10,seq,0.500205,0.000260,0.000091,0.500556,21,4,0
962,10,par,0.223158,0.094409,0.092606,0.410173,21,4,0
962,10,weights,0.234429,0.101658,0.000264,0.336350,21,4,0
963,10,seq,0.567297,0.000305,0.145647,0.713249,42,108,1024
963,10,par,0.235497,0.094001,0.959807,1.289306,42,108,1024
963,10,weights,0.252169,0.098848,0.920619,1.271636,42,108,1024
964,10,seq,0.275631,0.000284,0.455402,0.731317,42,76,1024
964,10,par,0.169184,0.099842,0.926347,1.195373,42,76,1024
964,10,weights,0.168873,0.097890,0.942697,1.209460,42,76,1024
965,10,seq,0.299605,0.000256,0.000092,0.299953,21,0,0
965,10,par,0.186945,0.094550,0.094535,0.376030,21,0,0
965,10,weights,0.188834,0.091855,0.000252,0.280940,21,0,0
966,10,seq,0.504998,0.000280,0.000207,0.505486,33,22,0
966,10,par,0.223549,0.099164,0.371542,0.694254,33,22,0
966,10,weights,0.214429,0.091843,0.373624,0.679897,33,22,0
967,10,seq,0.291433,0.000284,0.000091,0.291808,21,2,0
967,10,par,0.170259,0.095205,0.090184,0.355648,21,2,0
967,10,weights,0.182532,0.094352,0.000247,0.277132,21,2,0
968,10,seq,0.310319,0.000291,0.000159,0.310769,21,17,0
968,10,par,0.171179,0.216712,0.183672,0.571563,21,17,0
968,10,weights,0.174581,0.094998,0.183923,0.453502,21,17,0
969,10,seq,0.433627,0.000265,0.000082,0.433974,21,2,0
969,10,par,0.203968,0.094698,0.091022,0.389688,21,2,0
969,10,weights,0.208996,0.095615,0.000254,0.304865,21,2,0
970,10,seq,0.308173,0.000257,0.000077,0.308507,21,8,0
970,10,par,0.183025,0.092683,0.091366,0.367074,21,8,0
970,10,weights,0.179907,0.095556,0.000247,0.275711,21,8,0
971,10,seq,0.395656,0.000277,0.000079,0.396012,21,9,0
971,10,par,0.199491,0.093451,0.094118,0.387060,21,9,0
971,10,weights,0.205910,0.099527,0.000252,0.305689,21,9,0
972,10,seq,0.294754,0.000265,0.000077,0.295096,21,6,0
972,10,par,0.178288,0.095784,0.092278,0.366350,21,6,0
972,10,weights,0.182431,0.227768,0.000218,0.410417,21,6,0
973,10,seq,0.258281,0.000290,0.333194,0.591765,40,80,1024
973,10,par,0.142445,0.096510,0.919565,1.158520,40,80,1024
973,10,weights,0.136746,0.091131,0.903685,1.131561,40,80,1024
974,10,seq,0.472175,0.000300,6.181145,6.653621,50,128,15248
974,10,par,0.170076,0.094450,1.550941,1.815468,50,128,15248
974,10,weights,0.183341,0.098742,1.592790,1.874872,50,128,15248
975,10,seq,0.533407,0.000280,0.448696,0.982383,42,80,1024
975,10,par,0.236822,0.100904,0.943849,1.281574,42,80,1024
975,10,weights,0.232349,0.095381,0.953364,1.281094,42,80,1024
976,10,seq,0.665256,0.000275,0.009908,0.675439,33,33,32
976,10,par,0.271841,0.100827,0.880015,1.252683,33,33,32
976,10,weights,0.275336,0.097246,0.896298,1.268880,33,33,32
977,10,seq,0.307260,0.000268,0.000082,0.307610,21,5,0
977,10,par,0.175570,0.100341,0.089530,0.365441,21,5,0
977,10,weights,0.182912,0.100292,0.000254,0.283458,21,5,0
978,10,seq,0.271941,0.000300,0.487808,0.760048,42,88,1024
978,10,par,0.175216,0.094717,0.927262,1.197196,42,88,1024
978,10,weights,0.178158,0.097509,0.947554,1.223221,42,88,1024
979,10,seq,0.421671,0.000308,2.736749,3.158729,54,141,8708
979,10,par,0.252327,0.103895,1.204168,1.560390,54,141,8708
979,10,weights,0.223009,0.097375,1.250351,1.570736,54,141,8708
980,10,seq,0.261966,0.000258,0.000426,0.262649,21,22,1
980,10,par,0.158407,0.093234,0.844877,1.096518,21,22,1
980,10,weights,0.160503,0.096098,0.842756,1.099357,21,22,1
981,10,seq,0.811391,0.000291,0.178924,0.990606,45,72,337
981,10,par,0.307026,0.098716,0.962398,1.368140,45,72,337
981,10,weights,0.313135,0.095079,0.908286,1.316501,45,72,337
982,10,seq,0.247786,0.000298,0.096656,0.344739,33,71,260
982,10,par,0.162675,0.091881,0.906462,1.161018,33,71,260
982,10,weights,0.173968,0.101338,0.883208,1.158514,33,71,260
983,10,seq,0.332752,0.000268,0.023143,0.356163,33,58,115
983,10,par,0.176873,0.093486,0.895107,1.165465,33,58,115
983,10,weights,0.182847,0.095302,0.883450,1.161599,33,58,115
984,10,seq,0.264162,0.000265,0.000467,0.264894,21,23,1
984,10,par,0.174076,0.097880,0.834658,1.106614,21,23,1
984,10,weights,0.185349,0.096858,0.851361,1.133567,21,23,1
985,10,seq,0.372874,0.000299,0.355863,0.729035,45,80,721
985,10,par,0.201375,0.096105,0.916517,1.213996,45,80,721
985,10,weights,0.200177,0.092544,0.950975,1.243696,45,80,721
986,10,seq,0.346184,0.000260,0.000082,0.346526,21,9,0
986,10,par,0.194971,0.094113,0.090519,0.379603,21,9,0
986,10,weights,0.200966,0.091878,0.000245,0.293088,21,9,0
987,10,seq,0.602875,0.000345,16.192634,16.795854,54,164,20520
987,10,par,0.256915,0.094071,2.100101,2.451088,54,164,20520
987,10,weights,0.266587,0.098552,2.124704,2.489843,54,164,20520
988,10,seq,0.257559,0.000267,0.000498,0.258324,21,25,1
988,10,par,0.189101,0.096034,0.879982,1.165117,21,25,1
988,10,weights,0.189119,0.102148,0.880458,1.171725,21,25,1
989,10,seq,0.339607,0.000305,0.310393,0.650306,42,92,1024
989,10,par,0.201227,0.097675,0.943297,1.242199,42,92,1024
989,10,weights,0.196642,0.098342,0.949878,1.244862,42,92,1024
990,10,seq,0.429830,0.000251,0.000431,0.430512,20,20,1
990,10,par,0.164920,0.096250,0.876565,1.137735,20,20,1
990,10,weights,0.165247,0.098556,0.875860,1.139664,20,20,1
991,10,seq,0.343338,0.000280,0.000091,0.343709,21,4,0
991,10,par,0.190354,0.097273,0.098887,0.386514,21,4,0
991,10,weights,0.201920,0.098194,0.000256,0.300369,21,4,0
992,10,seq,0.254623,0.000275,0.056817,0.311715,33,55,392
992,10,par,0.174394,0.102766,0.912154,1.189315,33,55,392
992,10,weights,0.178437,0.102507,0.911390,1.192335,33,55,392
993,10,seq,0.281724,0.000261,0.000379,0.282364,21,19,1
993,10,par,0.183746,0.095992,0.881294,1.161032,21,19,1
993,10,weights,0.175052,0.100031,0.875995,1.151077,21,19,1
994,10,seq,0.568749,0.000275,0.256355,0.825379,42,72,1024
994,10,par,0.247989,0.098075,0.966424,1.312488,42,72,1024
994,10,weights,0.248566,0.100185,0.960526,1.309277,42,72,1024
995,10,seq,0.291958,0.000264,0.000082,0.292305,21,13,0
995,10,par,0.184530,0.101925,0.095031,0.381486,21,13,0
995,10,weights,0.216908,0.097506,0.000248,0.314662,21,13,0
996,10,seq,0.281955,0.000262,0.000198,0.282415,21,11,0
996,10,par,0.175124,0.100498,0.381256,0.656879,21,11,0
996,10,weights,0.184773,0.095338,0.388199,0.668310,21,11,0
997,10,seq,0.260309,0.000258,0.000091,0.260658,21,8,0
997,10,par,0.176123,0.097167,0.096276,0.369566,21,8,0
997,10,weights,0.181082,0.100009,0.000253,0.281344,21,8,0
998,10,seq,0.438171,0.000273,0.000077,0.438522,21,11,0
998,10,par,0.224429,0.100267,0.098899,0.423595,21,11,0
998,10,weights,0.226360,0.093078,0.000249,0.319688,21,11,0
999,10,seq,0.287163,0.000261,0.000517,0.287941,21,25,1
999,10,par,0.178010,0.099854,0.902986,1.180849,21,25,1
999,10,weights,0.177534,0.097100,0.871862,1.146496,21,25,1
1000,10,seq,0.261410,0.000256,0.000080,0.261745,21,3,0
1000,10,par,0.173962,0.102388,0.093528,0.369878,21,3,0
1000,10,weights,0.171204,0.095127,0.000249,0.266580,21,3,0
